1 1
2 1
3 2
4 1
5 2
6 1
7 4
8 2
9 2
10 1
11 2
12 1
13 4
14 2
15 2
16 1
17 6
18 1
19 10
20 2
21 2
22 1
23 2
24 3
25 4
26 2
27 4
28 1
29 2
30 1
31 10
32 3
33 2
34 3
35 2
36 1
37 4
38 5
39 2
40 1
41 2
42 1
43 4
44 2
45 4
46 1
47 6
48 2
49 4
50 2
51 2
52 1
53 2
54 2
55 6
56 2
57 4
58 1
59 12
60 1
61 6
62 5
63 2
64 3
65 2
66 1
67 4
68 2
69 2
70 1
71 8
72 1
73 4
74 2
75 2
76 3
77 6
78 1
79 4
80 3
81 2
82 1
83 2
84 4
85 12
86 2
87 4
88 1
89 2
90 2
91 6
92 3
93 4
94 3
95 2
96 1
97 4
98 2
99 2
100 1
101 6
102 1
103 6
104 3
105 2
106 1
107 6
108 1
109 10
110 3
111 2
112 1
113 2
114 2
115 4
116 2
117 8
118 6
119 2
120 2
121 6
122 3
123 6
124 3
125 2
126 1
127 4
128 2
129 8
130 1
131 2
132 3
133 12
134 2
135 2
136 1
137 6
138 1
139 4
140 2
141 2
142 4
143 6
144 3
145 10
146 2
147 6
148 1
149 8
150 1
151 6
152 3
153 2
154 3
155 2
156 1
157 10
158 2
159 20
160 4
161 6
162 1
163 4
164 5
165 2
166 1
167 14
168 2
169 4
170 6
171 12
172 1
173 2
174 2
175 4
176 2
177 4
178 1
179 2
180 1
181 6
182 3
183 2
184 7
185 8
186 2
187 6
188 5
189 2
190 1
191 2
192 1
193 4
194 2
195 6
196 1
197 18
198 1
199 4
200 2
201 8
202 3
203 12
204 2
205 4
206 3
207 4
208 6
209 2
210 1
211 10
212 5
213 4
214 3
215 2
216 2
217 6
218 5
219 2
220 3
221 2
222 1
223 12
224 2
225 8
226 1
227 24
228 1
229 12
230 2
231 2
232 1
233 2
234 4
235 4
236 3
237 6
238 1
239 2
240 1
241 6
242 3
243 2
244 3
245 2
246 3
247 6
248 6
249 2
250 1
251 2
252 3
253 4
254 2
255 4
256 1
257 6
258 4
259 10
260 2
261 2
262 1
263 6
264 5
265 4
266 6
267 4
268 1
269 8
270 1
271 6
272 5
273 2
274 3
275 12
276 1
277 4
278 2
279 4
280 1
281 2
282 1
283 6
284 2
285 2
286 3
287 6
288 2
289 12
290 5
291 6
292 1
293 2
294 3
295 4
296 2
297 6
298 4
299 2
300 2
301 10
302 3
303 2
304 4
305 6
306 1
307 4
308 2
309 2
310 1
311 6
312 1
313 6
314 5
315 2
316 1
317 26
318 10
319 4
320 2
321 2
322 3
323 2
324 4
325 4
326 2
327 8
328 7
329 2
330 1
331 6
332 3
333 6
334 7
335 6
336 1
337 10
338 2
339 8
340 3
341 2
342 6
343 4
344 3
345 2
346 1
347 6
348 1
349 10
350 2
351 10
352 1
353 14
354 2
355 6
356 3
357 4
358 1
359 2
360 5
361 30
362 3
363 2
364 3
365 18
366 1
367 6
368 9
369 2
370 4
371 2
372 1
373 4
374 3
375 2
376 3
377 14
378 1
379 12
380 2
381 6
382 1
383 12
384 2
385 6
386 2
387 4
388 1
389 24
390 3
391 6
392 8
393 2
394 9
395 6
396 1
397 6
398 2
399 4
400 1
401 8
402 4
403 4
404 2
405 2
406 6
407 8
408 1
409 4
410 2
411 2
412 3
413 2
414 2
415 28
416 3
417 4
418 1
419 2
420 1
421 10
422 5
423 4
424 4
425 6
426 2
427 4
428 2
429 2
430 1
431 2
432 1
433 4
434 3
435 4
436 6
437 18
438 1
439 10
440 2
441 2
442 1
443 2
444 4
445 6
446 6
447 4
448 1
449 8
450 4
451 6
452 6
453 2
454 12
455 2
456 1
457 30
458 6
459 2
460 1
461 6
462 1
463 12
464 2
465 4
466 1
467 6
468 2
469 4
470 2
471 8
472 4
473 2
474 3
475 4
476 2
477 14
478 1
479 8
480 7
481 6
482 3
483 2
484 3
485 2
486 1
487 4
488 2
489 12
490 1
491 2
492 6
493 4
494 3
495 2
496 3
497 14
498 1
499 4
500 6
501 10
502 1
503 6
504 2
505 10
506 2
507 4
508 1
509 2
510 2
511 6
512 15
513 4
514 3
515 2
516 2
517 4
518 5
519 2
520 1
521 32
522 1
523 10
524 2
525 2
526 3
527 6
528 4
529 24
530 2
531 2
532 3
533 12
534 2
535 4
536 3
537 8
538 4
539 12
540 1
541 18
542 3
543 2
544 10
545 2
546 1
547 10
548 2
549 14
550 6
551 2
552 3
553 4
554 2
555 4
556 1
557 6
558 2
559 4
560 5
561 2
562 1
563 14
564 2
565 6
566 3
567 4
568 1
569 12
570 1
571 10
572 5
573 4
574 3
575 2
576 1
577 4
578 6
579 10
580 3
581 2
582 3
583 4
584 3
585 2
586 1
587 14
588 6
589 4
590 2
591 6
592 1
593 2
594 3
595 4
596 2
597 4
598 1
599 8
600 1
601 6
602 5
603 12
604 4
605 6
606 1
607 6
608 2
609 4
610 3
611 2
612 1
613 10
614 2
615 2
616 1
617 8
618 1
619 4
620 3
621 6
622 3
623 6
624 2
625 18
626 3
627 10
628 6
629 2
630 1
631 10
632 6
633 14
634 13
635 8
636 5
637 4
638 2
639 2
640 1
641 2
642 1
643 12
644 2
645 2
646 1
647 14
648 2
649 10
650 2
651 2
652 1
653 2
654 4
655 4
656 12
657 6
658 1
659 2
660 1
661 6
662 3
663 2
664 3
665 14
666 3
667 6
668 11
669 4
670 3
671 6
672 1
673 4
674 5
675 6
676 1
677 8
678 4
679 10
680 2
681 8
682 1
683 2
684 3
685 4
686 2
687 4
688 4
689 12
690 1
691 10
692 5
693 6
694 3
695 18
696 3
697 4
698 5
699 2
700 1
701 18
702 5
703 6
704 2
705 6
706 7
707 6
708 1
709 4
710 3
711 2
712 3
713 2
714 2
715 4
716 2
717 8
718 1
719 2
720 3
721 6
722 15
723 2
724 4
725 2
726 1
727 4
728 9
729 2
730 9
731 8
732 1
733 10
734 3
735 2
736 7
737 6
738 1
739 4
740 2
741 2
742 1
743 2
744 2
745 10
746 2
747 6
748 7
749 2
750 1
751 6
752 5
753 6
754 7
755 2
756 1
757 16
758 6
759 4
760 1
761 2
762 3
763 12
764 3
765 2
766 6
767 6
768 1
769 10
770 3
771 2
772 1
773 6
774 2
775 6
776 2
777 4
778 12
779 2
780 3
781 16
782 3
783 2
784 4
785 2
786 1
787 6
788 6
789 2
790 3
791 2
792 3
793 6
794 3
795 4
796 1
797 6
798 2
799 22
800 2
801 10
802 4
803 2
804 2
805 4
806 2
807 4
808 1
809 2
810 1
811 10
812 3
813 2
814 4
815 8
816 8
817 6
818 2
819 8
820 1
821 8
822 1
823 10
824 3
825 4
826 1
827 14
828 1
829 10
830 14
831 2
832 4
833 2
834 2
835 6
836 8
837 6
838 1
839 12
840 3
841 12
842 5
843 4
844 13
845 8
846 2
847 4
848 2
849 2
850 3
851 6
852 1
853 4
854 2
855 8
856 1
857 8
858 1
859 22
860 2
861 2
862 1
863 6
864 3
865 4
866 2
867 4
868 6
869 12
870 2
871 6
872 3
873 2
874 9
875 8
876 1
877 16
878 5
879 2
880 1
881 18
882 1
883 4
884 5
885 4
886 1
887 6
888 2
889 4
890 3
891 2
892 3
893 2
894 2
895 4
896 3
897 8
898 4
899 8
900 2
901 6
902 3
903 4
904 3
905 2
906 1
907 6
908 6
909 4
910 1
911 2
912 5
913 6
914 15
915 2
916 3
917 6
918 1
919 4
920 6
921 6
922 3
923 2
924 4
925 4
926 6
927 4
928 1
929 8
930 2
931 10
932 3
933 2
934 3
935 2
936 1
937 6
938 2
939 2
940 1
941 6
942 4
943 6
944 2
945 8
946 1
947 6
948 4
949 4
950 2
951 10
952 1
953 2
954 7
955 4
956 2
957 6
958 4
959 8
960 5
961 16
962 3
963 4
964 9
965 2
966 1
967 16
968 9
969 4
970 1
971 6
972 3
973 6
974 2
975 2
976 1
977 8
978 6
979 4
980 6
981 10
982 1
983 14
984 3
985 10
986 2
987 6
988 7
989 2
990 1
991 18
992 6
993 2
994 7
995 12
996 1
997 4
998 2
999 2
1000 3
1001 2
1002 5
1003 4
1004 5
1005 2
1006 3
1007 6
1008 1
1009 10
1010 5
1011 6
1012 1
1013 2
1014 2
1015 6
1016 3
1017 16
1018 1
1019 2
1020 1
1021 10
1022 3
1023 4
1024 12
1025 6
1026 2
1027 6
1028 17
1029 8
1030 1
1031 2
1032 1
1033 4
1034 2
1035 6
1036 3
1037 8
1038 1
1039 4
1040 2
1041 2
1042 16
1043 2
1044 2
1045 6
1046 5
1047 8
1048 1
1049 2
1050 1
1051 12
1052 5
1053 10
1054 3
1055 2
1056 2
1057 4
1058 12
1059 14
1060 1
1061 6
1062 1
1063 4
1064 2
1065 2
1066 6
1067 8
1068 1
1069 10
1070 2
1071 2
1072 3
1073 30
1074 4
1075 6
1076 2
1077 10
1078 6
1079 14
1080 2
1081 12
1082 9
1083 10
1084 3
1085 8
1086 1
1087 4
1088 5
1089 2
1090 1
1091 6
1092 1
1093 4
1094 5
1095 6
1096 1
1097 14
1098 7
1099 4
1100 3
1101 2
1102 1
1103 2
1104 3
1105 4
1106 2
1107 10
1108 1
1109 12
1110 2
1111 22
1112 6
1113 6
1114 3
1115 6
1116 1
1117 6
1118 2
1119 2
1120 3
1121 2
1122 1
1123 4
1124 3
1125 2
1126 7
1127 6
1128 1
1129 4
1130 3
1131 8
1132 6
1133 2
1134 2
1135 10
1136 2
1137 4
1138 6
1139 12
1140 2
1141 10
1142 5
1143 2
1144 3
1145 6
1146 2
1147 6
1148 2
1149 4
1150 1
1151 6
1152 1
1153 22
1154 2
1155 2
1156 3
1157 8
1158 5
1159 4
1160 5
1161 6
1162 1
1163 32
1164 4
1165 6
1166 2
1167 8
1168 4
1169 2
1170 1
1171 6
1172 3
1173 2
1174 7
1175 2
1176 3
1177 18
1178 2
1179 8
1180 1
1181 12
1182 3
1183 4
1184 8
1185 2
1186 1
1187 8
1188 2
1189 24
1190 2
1191 2
1192 1
1193 6
1194 2
1195 12
1196 2
1197 4
1198 4
1199 2
1200 1
1201 6
1202 3
1203 4
1204 3
1205 2
1206 6
1207 6
1208 2
1209 14
1210 3
1211 2
1212 1
1213 12
1214 3
1215 4
1216 1
1217 24
1218 2
1219 4
1220 2
1221 8
1222 1
1223 2
1224 3
1225 6
1226 5
1227 4
1228 1
1229 2
1230 1
1231 16
1232 3
1233 2
1234 4
1235 6
1236 1
1237 16
1238 2
1239 4
1240 7
1241 8
1242 3
1243 4
1244 3
1245 10
1246 3
1247 18
1248 1
1249 10
1250 9
1251 2
1252 4
1253 26
1254 5
1255 4
1256 3
1257 14
1258 1
1259 14
1260 2
1261 10
1262 5
1263 14
1264 3
1265 2
1266 7
1267 6
1268 12
1269 2
1270 4
1271 2
1272 5
1273 6
1274 2
1275 2
1276 1
1277 20
1278 1
1279 10
1280 6
1281 6
1282 1
1283 6
1284 3
1285 18
1286 6
1287 6
1288 1
1289 2
1290 1
1291 10
1292 3
1293 6
1294 7
1295 2
1296 1
1297 4
1298 5
1299 4
1300 1
1301 20
1302 1
1303 16
1304 2
1305 12
1306 1
1307 8
1308 2
1309 4
1310 2
1311 6
1312 6
1313 6
1314 3
1315 4
1316 2
1317 10
1318 1
1319 18
1320 1
1321 6
1322 3
1323 2
1324 4
1325 6
1326 1
1327 4
1328 2
1329 2
1330 7
1331 2
1332 5
1333 4
1334 3
1335 2
1336 6
1337 14
1338 2
1339 12
1340 3
1341 2
1342 3
1343 2
1344 2
1345 4
1346 2
1347 14
1348 4
1349 2
1350 3
1351 16
1352 3
1353 2
1354 4
1355 2
1356 2
1357 16
1358 5
1359 2
1360 1
1361 6
1362 4
1363 6
1364 2
1365 2
1366 1
1367 8
1368 5
1369 4
1370 2
1371 10
1372 1
1373 12
1374 2
1375 4
1376 2
1377 6
1378 6
1379 20
1380 1
1381 6
1382 5
1383 2
1384 3
1385 6
1386 3
1387 16
1388 2
1389 4
1390 9
1391 12
1392 3
1393 4
1394 2
1395 2
1396 6
1397 8
1398 1
1399 18
1400 2
1401 2
1402 9
1403 6
1404 7
1405 6
1406 3
1407 6
1408 1
1409 2
1410 3
1411 6
1412 24
1413 4
1414 3
1415 8
1416 2
1417 4
1418 2
1419 8
1420 3
1421 2
1422 1
1423 4
1424 3
1425 2
1426 1
1427 6
1428 1
1429 4
1430 2
1431 18
1432 1
1433 6
1434 4
1435 4
1436 8
1437 4
1438 1
1439 2
1440 6
1441 6
1442 3
1443 2
1444 13
1445 12
1446 1
1447 24
1448 2
1449 8
1450 1
1451 2
1452 1
1453 4
1454 2
1455 4
1456 6
1457 8
1458 1
1459 10
1460 6
1461 8
1462 4
1463 2
1464 4
1465 4
1466 5
1467 4
1468 19
1469 2
1470 1
1471 16
1472 8
1473 6
1474 3
1475 8
1476 2
1477 6
1478 2
1479 8
1480 1
1481 2
1482 1
1483 10
1484 2
1485 2
1486 1
1487 6
1488 1
1489 10
1490 5
1491 16
1492 1
1493 14
1494 3
1495 4
1496 5
1497 14
1498 1
1499 2
1500 2
1501 6
1502 3
1503 10
1504 3
1505 2
1506 3
1507 4
1508 5
1509 2
1510 1
1511 2
1512 5
1513 4
1514 8
1515 6
1516 3
1517 6
1518 2
1519 12
1520 2
1521 6
1522 1
1523 14
1524 2
1525 4
1526 6
1527 10
1528 4
1529 14
1530 1
1531 6
1532 3
1533 2
1534 3
1535 8
1536 5
1537 16
1538 5
1539 2
1540 3
1541 2
1542 1
1543 4
1544 2
1545 10
1546 3
1547 6
1548 1
1549 4
1550 3
1551 8
1552 1
1553 6
1554 2
1555 4
1556 6
1557 4
1558 1
1559 2
1560 2
1561 16
1562 8
1563 12
1564 4
1565 6
1566 1
1567 4
1568 2
1569 4
1570 1
1571 8
1572 6
1573 6
1574 3
1575 4
1576 3
1577 6
1578 1
1579 4
1580 5
1581 2
1582 1
1583 2
1584 2
1585 6
1586 3
1587 8
1588 4
1589 8
1590 2
1591 6
1592 18
1593 2
1594 3
1595 2
1596 1
1597 4
1598 11
1599 4
1600 1
1601 2
1602 5
1603 6
1604 2
1605 4
1606 1
1607 6
1608 1
1609 10
1610 2
1611 8
1612 1
1613 6
1614 2
1615 12
1616 5
1617 4
1618 1
1619 8
1620 1
1621 18
1622 5
1623 6
1624 7
1625 2
1626 1
1627 18
1628 2
1629 2
1630 4
1631 6
1632 4
1633 12
1634 3
1635 2
1636 1
1637 38
1638 4
1639 28
1640 8
1641 10
1642 4
1643 6
1644 3
1645 4
1646 5
1647 6
1648 10
1649 2
1650 2
1651 6
1652 3
1653 2
1654 7
1655 6
1656 1
1657 16
1658 5
1659 2
1660 7
1661 2
1662 1
1663 4
1664 2
1665 2
1666 1
1667 8
1668 1
1669 10
1670 3
1671 2
1672 4
1673 2
1674 3
1675 4
1676 12
1677 4
1678 6
1679 2
1680 2
1681 10
1682 6
1683 4
1684 4
1685 2
1686 2
1687 10
1688 9
1689 8
1690 4
1691 42
1692 1
1693 6
1694 2
1695 2
1696 1
1697 8
1698 1
1699 12
1700 3
1701 10
1702 3
1703 2
1704 3
1705 16
1706 2
1707 4
1708 1
1709 12
1710 4
1711 6
1712 6
1713 16
1714 4
1715 8
1716 2
1717 4
1718 11
1719 10
1720 1
1721 20
1722 1
1723 10
1724 2
1725 14
1726 3
1727 14
1728 2
1729 4
1730 2
1731 2
1732 1
1733 2
1734 2
1735 10
1736 3
1737 4
1738 6
1739 8
1740 1
1741 22
1742 3
1743 6
1744 3
1745 2
1746 1
1747 10
1748 5
1749 2
1750 4
1751 8
1752 1
1753 4
1754 8
1755 2
1756 16
1757 8
1758 1
1759 18
1760 3
1761 6
1762 9
1763 2
1764 2
1765 18
1766 2
1767 4
1768 7
1769 2
1770 2
1771 6
1772 5
1773 2
1774 3
1775 6
1776 1
1777 4
1778 2
1779 2
1780 4
1781 6
1782 1
1783 12
1784 9
1785 2
1786 1
1787 6
1788 1
1789 10
1790 2
1791 2
1792 6
1793 12
1794 4
1795 6
1796 2
1797 10
1798 4
1799 12
1800 1
1801 12
1802 3
1803 2
1804 3
1805 6
1806 2
1807 4
1808 2
1809 4
1810 1
1811 2
1812 3
1813 4
1814 3
1815 2
1816 3
1817 6
1818 2
1819 10
1820 8
1821 2
1822 1
1823 6
1824 4
1825 10
1826 3
1827 4
1828 9
1829 2
1830 1
1831 6
1832 5
1833 4
1834 3
1835 2
1836 2
1837 4
1838 2
1839 8
1840 3
1841 6
1842 3
1843 6
1844 5
1845 2
1846 1
1847 6
1848 2
1849 12
1850 2
1851 20
1852 3
1853 6
1854 2
1855 6
1856 3
1857 14
1858 4
1859 2
1860 1
1861 40
1862 5
1863 2
1864 4
1865 12
1866 1
1867 10
1868 5
1869 2
1870 1
1871 8
1872 1
1873 6
1874 3
1875 6
1876 1
1877 8
1878 1
1879 4
1880 2
1881 6
1882 3
1883 2
1884 2
1885 4
1886 3
1887 4
1888 1
1889 2
1890 4
1891 10
1892 5
1893 4
1894 3
1895 8
1896 2
1897 4
1898 2
1899 8
1900 1
1901 2
1902 5
1903 10
1904 5
1905 4
1906 1
1907 6
1908 10
1909 22
1910 2
1911 2
1912 1
1913 14
1914 3
1915 6
1916 2
1917 4
1918 4
1919 12
1920 4
1921 6
1922 8
1923 2
1924 7
1925 2
1926 2
1927 18
1928 14
1929 4
1930 1
1931 2
1932 1
1933 12
1934 8
1935 4
1936 6
1937 8
1938 2
1939 4
1940 2
1941 12
1942 3
1943 20
1944 2
1945 16
1946 3
1947 4
1948 1
1949 18
1950 1
1951 22
1952 3
1953 2
1954 4
1955 2
1956 3
1957 4
1958 2
1959 2
1960 3
1961 2
1962 5
1963 4
1964 2
1965 2
1966 7
1967 8
1968 4
1969 4
1970 5
1971 2
1972 1
1973 2
1974 3
1975 4
1976 8
1977 6
1978 1
1979 20
1980 5
1981 6
1982 9
1983 2
1984 3
1985 8
1986 1
1987 4
1988 5
1989 8
1990 6
1991 12
1992 1
1993 6
1994 2
1995 6
1996 1
1997 44
1998 1
1999 10
2000 2
2001 2
2002 1
2003 2
2004 4
2005 10
2006 2
2007 6
2008 6
2009 2
2010 1
2011 12
2012 3
2013 2
2014 3
2015 12
2016 1
2017 4
2018 5
2019 12
2020 4
2021 30
2022 3
2023 4
2024 2
2025 2
2026 1
2027 6
2028 1
2029 4
2030 3
2031 8
2032 9
2033 14
2034 8
2035 6
2036 2
2037 24
2038 1
2039 2
2040 3
2041 10
2042 5
2043 10
2044 3
2045 2
2046 2
2047 18
2048 6
2049 2
2050 3
2051 18
2052 1
2053 46
2054 3
2055 2
2056 13
2057 6
2058 4
2059 4
2060 5
2061 10
2062 1
2063 2
2064 2
2065 6
2066 2
2067 4
2068 1
2069 2
2070 3
2071 30
2072 3
2073 4
2074 4
2075 6
2076 2
2077 10
2078 2
2079 2
2080 1
2081 6
2082 1
2083 16
2084 8
2085 6
2086 1
2087 18
2088 1
2089 22
2090 3
2091 6
2092 3
2093 12
2094 4
2095 16
2096 6
2097 4
2098 1
2099 12
2100 2
2101 10
2102 6
2103 6
2104 24
2105 2
2106 5
2107 4
2108 2
2109 2
2110 1
2111 8
2112 1
2113 12
2114 2
2115 2
2116 6
2117 6
2118 7
2119 10
2120 2
2121 2
2122 3
2123 6
2124 3
2125 4
2126 2
2127 6
2128 1
2129 2
2130 1
2131 28
2132 3
2133 6
2134 4
2135 2
2136 1
2137 6
2138 5
2139 10
2140 1
2141 2
2142 1
2143 4
2144 2
2145 4
2146 15
2147 14
2148 2
2149 4
2150 3
2151 6
2152 1
2153 6
2154 5
2155 18
2156 3
2157 4
2158 7
2159 24
2160 1
2161 6
2162 6
2163 2
2164 7
2165 8
2166 5
2167 4
2168 2
2169 2
2170 4
2171 12
2172 4
2173 4
2174 2
2175 8
2176 3
2177 6
2178 1
2179 22
2180 11
2181 2
2182 3
2183 6
2184 3
2185 4
2186 2
2187 8
2188 4
2189 20
2190 3
2191 6
2192 3
2193 6
2194 7
2195 2
2196 6
2197 6
2198 2
2199 10
2200 7
2201 8
2202 1
2203 6
2204 2
2205 4
2206 1
2207 8
2208 6
2209 4
2210 2
2211 2
2212 1
2213 12
2214 5
2215 4
2216 6
2217 8
2218 6
2219 20
2220 1
2221 6
2222 11
2223 2
2224 3
2225 2
2226 3
2227 10
2228 2
2229 10
2230 3
2231 2
2232 4
2233 4
2234 3
2235 4
2236 1
2237 14
2238 1
2239 10
2240 2
2241 2
2242 1
2243 32
2244 3
2245 22
2246 2
2247 8
2248 7
2249 18
2250 1
2251 10
2252 5
2253 2
2254 3
2255 8
2256 2
2257 4
2258 2
2259 2
2260 3
2261 2
2262 4
2263 16
2264 3
2265 6
2266 1
2267 20
2268 1
2269 10
2270 5
2271 6
2272 1
2273 2
2274 2
2275 10
2276 3
2277 4
2278 6
2279 8
2280 1
2281 6
2282 5
2283 2
2284 4
2285 6
2286 1
2287 6
2288 6
2289 4
2290 3
2291 2
2292 1
2293 4
2294 3
2295 2
2296 1
2297 14
2298 2
2299 28
2300 8
2301 2
2302 3
2303 20
2304 8
2305 4
2306 11
2307 8
2308 1
2309 14
2310 1
2311 12
2312 6
2313 6
2314 4
2315 8
2316 3
2317 6
2318 2
2319 2
2320 3
2321 2
2322 3
2323 4
2324 2
2325 2
2326 16
2327 6
2328 2
2329 10
2330 3
2331 2
2332 1
2333 6
2334 4
2335 4
2336 2
2337 4
2338 1
2339 2
2340 1
2341 18
2342 3
2343 10
2344 4
2345 2
2346 1
2347 6
2348 15
2349 4
2350 1
2351 2
2352 3
2353 4
2354 9
2355 4
2356 1
2357 6
2358 4
2359 4
2360 2
2361 2
2362 6
2363 14
2364 2
2365 4
2366 2
2367 10
2368 4
2369 12
2370 1
2371 22
2372 18
2373 12
2374 4
2375 2
2376 1
2377 18
2378 12
2379 2
2380 1
2381 12
2382 1
2383 4
2384 8
2385 8
2386 3
2387 6
2388 1
2389 12
2390 6
2391 2
2392 1
2393 2
2394 2
2395 16
2396 2
2397 10
2398 1
2399 2
2400 2
2401 6
2402 3
2403 4
2404 3
2405 6
2406 2
2407 4
2408 2
2409 8
2410 1
2411 8
2412 3
2413 6
2414 3
2415 2
2416 1
2417 6
2418 7
2419 4
2420 5
2421 16
2422 1
2423 12
2424 4
2425 6
2426 6
2427 6
2428 10
2429 8
2430 2
2431 12
2432 3
2433 4
2434 12
2435 2
2436 1
2437 4
2438 2
2439 10
2440 1
2441 20
2442 4
2443 16
2444 2
2445 4
2446 1
2447 6
2448 5
2449 12
2450 3
2451 2
2452 6
2453 12
2454 2
2455 6
2456 3
2457 4
2458 1
2459 2
2460 5
2461 6
2462 8
2463 6
2464 3
2465 2
2466 1
2467 10
2468 2
2469 8
2470 3
2471 2
2472 1
2473 16
2474 8
2475 2
2476 1
2477 14
2478 2
2479 18
2480 5
2481 6
2482 4
2483 2
2484 2
2485 4
2486 2
2487 4
2488 6
2489 8
2490 5
2491 6
2492 3
2493 2
2494 9
2495 8
2496 2
2497 6
2498 5
2499 2
2500 9
2501 2
2502 1
2503 10
2504 2
2505 2
2506 13
2507 14
2508 5
2509 4
2510 2
2511 2
2512 3
2513 20
2514 7
2515 4
2516 3
2517 4
2518 7
2519 2
2520 1
2521 12
2522 5
2523 4
2524 3
2525 2
2526 7
2527 16
2528 5
2529 2
2530 1
2531 6
2532 6
2533 4
2534 3
2535 4
2536 6
2537 8
2538 1
2539 10
2540 2
2541 10
2542 1
2543 2
2544 4
2545 4
2546 3
2547 10
2548 1
2549 2
2550 1
2551 6
2552 6
2553 2
2554 10
2555 6
2556 1
2557 18
2558 5
2559 2
2560 3
2561 18
2562 3
2563 4
2564 5
2565 6
2566 3
2567 20
2568 4
2569 12
2570 9
2571 6
2572 3
2573 2
2574 3
2575 4
2576 2
2577 10
2578 1
2579 12
2580 3
2581 22
2582 5
2583 2
2584 3
2585 2
2586 3
2587 18
2588 5
2589 2
2590 1
2591 18
2592 1
2593 6
2594 2
2595 10
2596 3
2597 6
2598 2
2599 12
2600 5
2601 6
2602 10
2603 6
2604 2
2605 16
2606 8
2607 4
2608 1
2609 8
2610 6
2611 6
2612 8
2613 2
2614 4
2615 2
2616 1
2617 10
2618 2
2619 4
2620 1
2621 6
2622 3
2623 6
2624 3
2625 4
2626 3
2627 8
2628 4
2629 22
2630 2
2631 6
2632 1
2633 36
2634 5
2635 18
2636 2
2637 6
2638 9
2639 2
2640 2
2641 16
2642 3
2643 6
2644 3
2645 12
2646 1
2647 4
2648 2
2649 4
2650 3
2651 2
2652 6
2653 4
2654 2
2655 14
2656 1
2657 14
2658 1
2659 10
2660 15
2661 2
2662 1
2663 12
2664 3
2665 6
2666 2
2667 14
2668 10
2669 12
2670 1
2671 10
2672 3
2673 2
2674 7
2675 2
2676 1
2677 4
2678 6
2679 8
2680 9
2681 6
2682 1
2683 4
2684 3
2685 6
2686 1
2687 14
2688 1
2689 10
2690 2
2691 8
2692 1
2693 2
2694 7
2695 4
2696 2
2697 4
2698 1
2699 2
2700 3
2701 10
2702 8
2703 2
2704 9
2705 6
2706 1
2707 16
2708 2
2709 2
2710 1
2711 6
2712 1
2713 4
2714 8
2715 2
2716 7
2717 8
2718 1
2719 10
2720 2
2721 2
2722 3
2723 6
2724 2
2725 22
2726 3
2727 4
2728 1
2729 12
2730 1
2731 22
2732 18
2733 12
2734 4
2735 2
2736 3
2737 4
2738 2
2739 2
2740 1
2741 2
2742 5
2743 4
2744 3
2745 8
2746 6
2747 8
2748 1
2749 30
2750 2
2751 2
2752 1
2753 2
2754 3
2755 10
2756 3
2757 18
2758 10
2759 2
2760 2
2761 6
2762 3
2763 2
2764 3
2765 2
2766 1
2767 4
2768 5
2769 8
2770 3
2771 26
2772 3
2773 4
2774 8
2775 6
2776 1
2777 20
2778 2
2779 4
2780 5
2781 2
2782 6
2783 6
2784 2
2785 10
2786 2
2787 4
2788 1
2789 12
2790 1
2791 6
2792 3
2793 4
2794 4
2795 2
2796 1
2797 16
2798 9
2799 4
2800 1
2801 8
2802 1
2803 4
2804 8
2805 6
2806 3
2807 6
2808 10
2809 28
2810 3
2811 2
2812 9
2813 6
2814 3
2815 4
2816 5
2817 6
2818 1
2819 2
2820 2
2821 6
2822 3
2823 2
2824 12
2825 2
2826 2
2827 6
2828 2
2829 2
2830 4
2831 6
2832 1
2833 12
2834 2
2835 6
2836 1
2837 8
2838 4
2839 22
2840 3
2841 2
2842 1
2843 32
2844 2
2845 12
2846 2
2847 8
2848 4
2849 14
2850 1
2851 6
2852 8
2853 24
2854 3
2855 2
2856 1
2857 10
2858 2
2859 4
2860 1
2861 6
2862 9
2863 10
2864 5
2865 6
2866 3
2867 6
2868 2
2869 12
2870 2
2871 2
2872 4
2873 6
2874 2
2875 10
2876 3
2877 8
2878 1
2879 12
2880 3
2881 18
2882 3
2883 6
2884 13
2885 8
2886 1
2887 4
2888 11
2889 2
2890 6
2891 2
2892 3
2893 6
2894 12
2895 2
2896 1
2897 6
2898 4
2899 4
2900 2
2901 8
2902 1
2903 2
2904 3
2905 4
2906 2
2907 6
2908 1
2909 18
2910 2
2911 6
2912 3
2913 2
2914 4
2915 6
2916 1
2917 24
2918 5
2919 2
2920 3
2921 2
2922 4
2923 6
2924 2
2925 2
2926 1
2927 8
2928 2
2929 4
2930 2
2931 10
2932 30
2933 2
2934 2
2935 12
2936 11
2937 6
2938 1
2939 2
2940 2
2941 10
2942 8
2943 6
2944 4
2945 8
2946 3
2947 4
2948 2
2949 8
2950 4
2951 2
2952 1
2953 4
2954 3
2955 4
2956 1
2957 14
2958 4
2959 12
2960 6
2961 2
2962 1
2963 2
2964 3
2965 6
2966 5
2967 10
2968 1
2969 2
2970 1
2971 6
2972 11
2973 6
2974 3
2975 6
2976 2
2977 4
2978 5
2979 8
2980 3
2981 20
2982 8
2983 4
2984 8
2985 4
2986 7
2987 6
2988 4
2989 12
2990 2
2991 8
2992 4
2993 2
2994 7
2995 4
2996 6
2997 8
2998 1
2999 8
3000 1
3001 10
3002 3
3003 2
3004 3
3005 2
3006 5
3007 6
3008 6
3009 4
3010 1
3011 32
3012 4
3013 24
3014 2
3015 8
3016 3
3017 8
3018 1
3019 12
3020 5
3021 2
3022 1
3023 2
3024 4
3025 4
3026 2
3027 4
3028 4
3029 14
3030 3
3031 12
3032 5
3033 2
3034 3
3035 6
3036 1
3037 4
3038 6
3039 2
3040 1
3041 8
3042 3
3043 10
3044 2
3045 2
3046 7
3047 30
3048 1
3049 4
3050 2
3051 6
3052 3
3053 12
3054 5
3055 22
3056 2
3057 20
3058 7
3059 8
3060 1
3061 6
3062 3
3063 4
3064 19
3065 2
3066 1
3067 4
3068 11
3069 4
3070 4
3071 2
3072 4
3073 6
3074 8
3075 2
3076 6
3077 24
3078 1
3079 24
3080 3
3081 2
3082 1
3083 12
3084 7
3085 10
3086 2
3087 6
3088 1
3089 18
3090 5
3091 10
3092 3
3093 4
3094 3
3095 14
3096 7
3097 6
3098 2
3099 2
3100 4
3101 2
3102 4
3103 4
3104 14
3105 2
3106 3
3107 14
3108 1
3109 4
3110 2
3111 8
3112 3
3113 6
3114 2
3115 6
3116 3
3117 26
3118 1
3119 8
3120 1
3121 16
3122 8
3123 2
3124 4
3125 12
3126 6
3127 10
3128 2
3129 4
3130 3
3131 2
3132 3
3133 16
3134 2
3135 2
3136 1
3137 8
3138 2
3139 10
3140 3
3141 12
3142 4
3143 2
3144 3
3145 16
3146 3
3147 4
3148 7
3149 2
3150 2
3151 10
3152 5
3153 4
3154 3
3155 2
3156 7
3157 16
3158 2
3159 4
3160 4
3161 2
3162 1
3163 4
3164 2
3165 8
3166 1
3167 36
3168 1
3169 30
3170 3
3171 2
3172 4
3173 26
3174 4
3175 6
3176 2
3177 10
3178 4
3179 2
3180 1
3181 6
3182 3
3183 2
3184 9
3185 18
3186 1
3187 16
3188 11
3189 2
3190 1
3191 30
3192 8
3193 12
3194 2
3195 4
3196 13
3197 6
3198 2
3199 10
3200 3
3201 6
3202 1
3203 6
3204 3
3205 4
3206 3
3207 4
3208 1
3209 8
3210 2
3211 6
3212 5
3213 2
3214 3
3215 20
3216 1
3217 16
3218 5
3219 10
3220 1
3221 12
3222 4
3223 4
3224 2
3225 2
3226 3
3227 14
3228 1
3229 4
3230 6
3231 6
3232 3
3233 14
3234 2
3235 4
3236 2
3237 6
3238 4
3239 8
3240 2
3241 6
3242 9
3243 4
3244 3
3245 2
3246 3
3247 6
3248 6
3249 10
3250 1
3251 6
3252 1
3253 10
3254 9
3255 6
3256 1
3257 6
3258 1
3259 4
3260 2
3261 10
3262 3
3263 12
3264 2
3265 12
3266 6
3267 6
3268 6
3269 8
3270 1
3271 22
3272 3
3273 2
3274 19
3275 2
3276 2
3277 4
3278 14
3279 18
3280 4
3281 2
3282 5
3283 6
3284 2
3285 2
3286 3
3287 8
3288 2
3289 34
3290 2
3291 10
3292 6
3293 6
3294 3
3295 12
3296 5
3297 10
3298 1
3299 2
3300 1
3301 16
3302 3
3303 2
3304 4
3305 14
3306 1
3307 4
3308 11
3309 2
3310 3
3311 6
3312 1
3313 30
3314 8
3315 6
3316 3
3317 14
3318 1
3319 10
3320 8
3321 6
3322 1
3323 12
3324 3
3325 12
3326 2
3327 4
3328 1
3329 2
3330 1
3331 10
3332 5
3333 10
3334 4
3335 6
3336 2
3337 6
3338 5
3339 2
3340 15
3341 6
3342 1
3343 22
3344 2
3345 2
3346 1
3347 8
3348 5
3349 4
3350 2
3351 2
3352 6
3353 12
3354 2
3355 4
3356 3
3357 6
3358 1
3359 2
3360 1
3361 16
3362 5
3363 12
3364 3
3365 8
3366 2
3367 4
3368 2
3369 4
3370 1
3371 18
3372 1
3373 24
3374 5
3375 10
3376 7
3377 8
3378 4
3379 10
3380 2
3381 2
3382 21
3383 12
3384 4
3385 10
3386 3
3387 6
3388 1
3389 2
3390 1
3391 6
3392 3
3393 6
3394 4
3395 2
3396 2
3397 34
3398 6
3399 4
3400 7
3401 2
3402 5
3403 4
3404 5
3405 6
3406 1
3407 6
3408 4
3409 18
3410 8
3411 2
3412 1
3413 2
3414 2
3415 18
3416 2
3417 4
3418 6
3419 18
3420 2
3421 10
3422 3
3423 4
3424 3
3425 6
3426 8
3427 4
3428 2
3429 12
3430 4
3431 2
3432 1
3433 6
3434 2
3435 2
3436 10
3437 14
3438 5
3439 4
3440 3
3441 2
3442 10
3443 24
3444 3
3445 4
3446 5
3447 4
3448 1
3449 2
3450 7
3451 6
3452 3
3453 2
3454 7
3455 2
3456 1
3457 4
3458 2
3459 8
3460 1
3461 8
3462 1
3463 10
3464 5
3465 10
3466 1
3467 8
3468 1
3469 4
3470 5
3471 26
3472 9
3473 2
3474 2
3475 4
3476 3
3477 8
3478 4
3479 2
3480 2
3481 6
3482 11
3483 2
3484 3
3485 2
3486 3
3487 10
3488 2
3489 14
3490 1
3491 2
3492 3
3493 6
3494 5
3495 2
3496 7
3497 6
3498 1
3499 4
3500 2
3501 12
3502 4
3503 6
3504 3
3505 6
3506 2
3507 4
3508 4
3509 2
3510 1
3511 6
3512 8
3513 2
3514 4
3515 12
3516 1
3517 10
3518 9
3519 2
3520 4
3521 2
3522 3
3523 6
3524 15
3525 8
3526 1
3527 6
3528 1
3529 10
3530 9
3531 6
3532 1
3533 12
3534 2
3535 6
3536 5
3537 4
3538 1
3539 2
3540 1
3541 6
3542 3
3543 4
3544 4
3545 20
3546 1
3547 6
3548 12
3549 4
3550 3
3551 2
3552 3
3553 6
3554 2
3555 4
3556 1
3557 24
3558 1
3559 10
3560 2
3561 28
3562 3
3563 2
3564 2
3565 6
3566 6
3567 8
3568 7
3569 12
3570 1
3571 12
3572 6
3573 4
3574 3
3575 2
3576 3
3577 10
3578 5
3579 2
3580 1
3581 6
3582 1
3583 6
3584 3
3585 4
3586 6
3587 6
3588 2
3589 24
3590 3
3591 8
3592 1
3593 2
3594 5
3595 10
3596 2
3597 4
3598 6
3599 8
3600 4
3601 10
3602 6
3603 2
3604 7
3605 2
3606 1
3607 16
3608 5
3609 2
3610 3
3611 20
3612 1
3613 10
3614 2
3615 4
3616 1
3617 20
3618 2
3619 10
3620 3
3621 2
3622 1
3623 2
3624 5
3625 6
3626 2
3627 8
3628 9
3629 8
3630 1
3631 6
3632 11
3633 4
3634 3
3635 14
3636 1
3637 4
3638 5
3639 4
3640 4
3641 2
3642 1
3643 6
3644 8
3645 6
3646 3
3647 14
3648 2
3649 12
3650 5
3651 8
3652 3
3653 2
3654 2
3655 4
3656 6
3657 4
3658 1
3659 20
3660 2
3661 12
3662 3
3663 4
3664 3
3665 2
3666 2
3667 4
3668 5
3669 10
3670 1
3671 6
3672 1
3673 6
3674 2
3675 2
3676 1
3677 6
3678 4
3679 4
3680 5
3681 16
3682 3
3683 14
3684 2
3685 4
3686 3
3687 6
3688 4
3689 12
3690 1
3691 6
3692 5
3693 6
3694 3
3695 6
3696 1
3697 24
3698 6
3699 4
3700 1
3701 20
3702 10
3703 4
3704 3
3705 2
3706 3
3707 14
3708 1
3709 18
3710 3
3711 12
3712 6
3713 6
3714 7
3715 6
3716 2
3717 4
3718 1
3719 8
3720 3
3721 46
3722 20
3723 26
3724 3
3725 2
3726 1
3727 24
3728 2
3729 2
3730 6
3731 12
3732 1
3733 12
3734 5
3735 8
3736 7
3737 24
3738 1
3739 4
3740 2
3741 6
3742 4
3743 2
3744 2
3745 16
3746 3
3747 6
3748 7
3749 2
3750 3
3751 10
3752 3
3753 2
3754 4
3755 6
3756 7
3757 6
3758 2
3759 10
3760 1
3761 2
3762 3
3763 4
3764 2
3765 4
3766 1
3767 8
3768 1
3769 4
3770 2
3771 8
3772 3
3773 2
3774 2
3775 4
3776 3
3777 14
3778 1
3779 2
3780 2
3781 10
3782 5
3783 6
3784 3
3785 24
3786 2
3787 4
3788 2
3789 8
3790 4
3791 2
3792 1
3793 4
3794 2
3795 2
3796 1
3797 6
3798 4
3799 10
3800 5
3801 2
3802 1
3803 2
3804 4
3805 18
3806 5
3807 14
3808 4
3809 14
3810 2
3811 22
3812 3
3813 12
3814 3
3815 14
3816 5
3817 4
3818 11
3819 2
3820 1
3821 2
3822 1
3823 10
3824 2
3825 14
3826 7
3827 6
3828 4
3829 12
3830 3
3831 8
3832 1
3833 60
3834 2
3835 6
3836 2
3837 4
3838 6
3839 8
3840 2
3841 12
3842 3
3843 2
3844 4
3845 2
3846 1
3847 16
3848 20
3849 2
3850 1
3851 2
3852 1
3853 4
3854 9
3855 6
3856 7
3857 6
3858 2
3859 12
3860 5
3861 2
3862 1
3863 2
3864 3
3865 4
3866 6
3867 6
3868 4
3869 14
3870 2
3871 6
3872 3
3873 4
3874 4
3875 6
3876 1
3877 28
3878 2
3879 2
3880 1
3881 12
3882 6
3883 16
3884 5
3885 4
3886 10
3887 14
3888 1
3889 10
3890 8
3891 18
3892 3
3893 14
3894 2
3895 4
3896 2
3897 8
3898 9
3899 8
3900 3
3901 16
3902 11
3903 32
3904 7
3905 6
3906 1
3907 4
3908 2
3909 14
3910 1
3911 2
3912 4
3913 12
3914 2
3915 4
3916 1
3917 8
3918 1
3919 10
3920 2
3921 22
3922 1
3923 6
3924 8
3925 10
3926 2
3927 6
3928 1
3929 12
3930 1
3931 16
3932 5
3933 2
3934 4
3935 8
3936 2
3937 4
3938 2
3939 2
3940 3
3941 2
3942 1
3943 4
3944 3
3945 6
3946 1
3947 14
3948 6
3949 4
3950 2
3951 10
3952 4
3953 2
3954 3
3955 10
3956 8
3957 6
3958 10
3959 2
3960 5
3961 6
3962 3
3963 2
3964 7
3965 8
3966 1
3967 10
3968 2
3969 4
3970 4
3971 6
3972 4
3973 22
3974 2
3975 2
3976 6
3977 8
3978 4
3979 10
3980 3
3981 2
3982 6
3983 6
3984 3
3985 6
3986 3
3987 14
3988 1
3989 12
3990 3
3991 16
3992 5
3993 4
3994 22
3995 6
3996 2
3997 10
3998 5
3999 14
4000 1
4001 6
4002 1
4003 6
4004 2
4005 2
4006 1
4007 6
4008 2
4009 12
4010 5
4011 8
4012 1
4013 12
4014 3
4015 4
4016 3
4017 4
4018 1
4019 2
4020 1
4021 18
4022 6
4023 10
4024 3
4025 6
4026 1
4027 16
4028 6
4029 2
4030 6
4031 18
4032 3
4033 12
4034 2
4035 4
4036 3
4037 6
4038 6
4039 28
4040 2
4041 6
4042 15
4043 2
4044 2
4045 12
4046 2
4047 4
4048 1
4049 12
4050 1
4051 16
4052 3
4053 10
4054 3
4055 2
4056 1
4057 4
4058 2
4059 10
4060 9
4061 2
4062 4
4063 4
4064 14
4065 6
4066 7
4067 8
4068 4
4069 18
4070 3
4071 8
4072 1
4073 2
4074 12
4075 4
4076 8
4077 10
4078 1
4079 8
4080 2
4081 12
4082 5
4083 2
4084 3
4085 2
4086 5
4087 4
4088 5
4089 2
4090 1
4091 6
4092 1
4093 12
4094 9
4095 2
4096 3
4097 48
4098 1
4099 18
4100 3
4101 10
4102 9
4103 24
4104 2
4105 4
4106 23
4107 16
4108 4
4109 2
4110 1
4111 12
4112 11
4113 4
4114 3
4115 2
4116 2
4117 24
4118 2
4119 4
4120 4
4121 2
4122 5
4123 4
4124 3
4125 14
4126 1
4127 6
4128 1
4129 12
4130 3
4131 2
4132 1
4133 6
4134 2
4135 10
4136 2
4137 24
4138 1
4139 8
4140 3
4141 6
4142 15
4143 2
4144 3
4145 2
4146 2
4147 24
4148 2
4149 10
4150 3
4151 6
4152 1
4153 6
4154 5
4155 2
4156 1
4157 6
4158 1
4159 22
4160 9
4161 6
4162 3
4163 6
4164 2
4165 4
4166 8
4167 20
4168 4
4169 8
4170 3
4171 12
4172 3
4173 4
4174 9
4175 12
4176 1
4177 10
4178 11
4179 18
4180 3
4181 2
4182 3
4183 24
4184 2
4185 4
4186 6
4187 18
4188 2
4189 18
4190 8
4191 6
4192 3
4193 2
4194 2
4195 6
4196 3
4197 6
4198 6
4199 14
4200 1
4201 16
4202 5
4203 6
4204 3
4205 8
4206 3
4207 4
4208 12
4209 2
4210 1
4211 2
4212 3
4213 10
4214 2
4215 2
4216 1
4217 6
4218 1
4219 40
4220 5
4221 2
4222 4
4223 2
4224 5
4225 4
4226 6
4227 24
4228 1
4229 14
4230 1
4231 12
4232 3
4233 2
4234 3
4235 6
4236 8
4237 6
4238 5
4239 10
4240 1
4241 6
4242 1
4243 24
4244 5
4245 4
4246 3
4247 24
4248 4
4249 10
4250 2
4251 18
4252 1
4253 20
4254 3
4255 4
4256 2
4257 4
4258 1
4259 12
4260 1
4261 10
4262 14
4263 2
4264 9
4265 18
4266 3
4267 6
4268 2
4269 2
4270 1
4271 2
4272 1
4273 4
4274 3
4275 10
4276 3
4277 8
4278 5
4279 4
4280 3
4281 2
4282 1
4283 20
4284 3
4285 12
4286 2
4287 8
4288 1
4289 8
4290 2
4291 6
4292 8
4293 6
4294 7
4295 6
4296 1
4297 4
4298 2
4299 2
4300 6
4301 12
4302 3
4303 6
4304 2
4305 10
4306 3
4307 8
4308 6
4309 18
4310 9
4311 2
4312 6
4313 2
4314 2
4315 10
4316 18
4317 6
4318 12
4319 12
4320 2
4321 12
4322 3
4323 2
4324 3
4325 6
4326 1
4327 10
4328 6
4329 4
4330 4
4331 2
4332 5
4333 4
4334 2
4335 4
4336 1
4337 14
4338 1
4339 10
4340 2
4341 8
4342 6
4343 20
4344 2
4345 10
4346 2
4347 4
4348 1
4349 2
4350 4
4351 6
4352 6
4353 2
4354 3
4355 8
4356 1
4357 18
4358 11
4359 2
4360 6
4361 20
4362 1
4363 16
4364 3
4365 2
4366 3
4367 6
4368 2
4369 4
4370 2
4371 6
4372 1
4373 2
4374 4
4375 6
4376 2
4377 4
4378 10
4379 18
4380 2
4381 30
4382 3
4383 14
4384 7
4385 8
4386 3
4387 30
4388 17
4389 2
4390 1
4391 2
4392 3
4393 4
4394 3
4395 4
4396 1
4397 14
4398 5
4399 4
4400 8
4401 2
4402 4
4403 2
4404 7
4405 6
4406 3
4407 8
4408 1
4409 2
4410 2
4411 10
4412 9
4413 6
4414 4
4415 2
4416 3
4417 4
4418 2
4419 2
4420 1
4421 18
4422 1
4423 6
4424 2
4425 8
4426 6
4427 14
4428 4
4429 12
4430 2
4431 2
4432 3
4433 2
4434 4
4435 10
4436 3
4437 4
4438 10
4439 12
4440 1
4441 6
4442 3
4443 2
4444 13
4445 24
4446 1
4447 4
4448 12
4449 8
4450 1
4451 20
4452 6
4453 10
4454 5
4455 6
4456 1
4457 26
4458 5
4459 4
4460 3
4461 2
4462 1
4463 14
4464 2
4465 10
4466 2
4467 14
4468 7
4469 8
4470 2
4471 10
4472 3
4473 6
4474 7
4475 2
4476 5
4477 4
4478 5
4479 30
4480 1
4481 2
4482 1
4483 22
4484 2
4485 2
4486 16
4487 8
4488 5
4489 4
4490 11
4491 6
4492 1
4493 6
4494 4
4495 4
4496 5
4497 4
4498 9
4499 2
4500 2
4501 12
4502 5
4503 2
4504 3
4505 2
4506 1
4507 6
4508 5
4509 8
4510 4
4511 6
4512 1
4513 10
4514 2
4515 4
4516 1
4517 6
4518 1
4519 4
4520 2
4521 2
4522 1
4523 12
4524 2
4525 22
4526 8
4527 8
4528 10
4529 2
4530 3
4531 16
4532 3
4533 2
4534 10
4535 6
4536 10
4537 4
4538 5
4539 8
4540 6
4541 12
4542 3
4543 6
4544 3
4545 2
4546 1
4547 6
4548 1
4549 10
4550 5
4551 2
4552 15
4553 14
4554 2
4555 24
4556 3
4557 4
4558 4
4559 8
4560 1
4561 6
4562 3
4563 2
4564 3
4565 18
4566 1
4567 4
4568 2
4569 10
4570 3
4571 6
4572 4
4573 12
4574 3
4575 2
4576 3
4577 18
4578 2
4579 12
4580 2
4581 6
4582 1
4583 26
4584 5
4585 4
4586 2
4587 8
4588 4
4589 8
4590 1
4591 28
4592 5
4593 2
4594 7
4595 8
4596 1
4597 6
4598 14
4599 2
4600 4
4601 2
4602 1
4603 4
4604 2
4605 6
4606 10
4607 8
4608 4
4609 10
4610 2
4611 12
4612 6
4613 2
4614 4
4615 4
4616 5
4617 10
4618 7
4619 2
4620 1
4621 22
4622 6
4623 4
4624 3
4625 6
4626 3
4627 6
4628 2
4629 4
4630 4
4631 8
4632 6
4633 6
4634 3
4635 4
4636 1
4637 6
4638 1
4639 22
4640 2
4641 2
4642 1
4643 12
4644 3
4645 10
4646 2
4647 6
4648 1
4649 24
4650 1
4651 10
4652 8
4653 6
4654 3
4655 2
4656 1
4657 6
4658 5
4659 2
4660 6
4661 2
4662 1
4663 16
4664 5
4665 4
4666 3
4667 8
4668 2
4669 10
4670 2
4671 2
4672 1
4673 14
4674 2
4675 4
4676 3
4677 10
4678 1
4679 12
4680 6
4681 6
4682 9
4683 6
4684 7
4685 2
4686 5
4687 4
4688 2
4689 4
4690 1
4691 8
4692 8
4693 4
4694 3
4695 2
4696 28
4697 6
4698 2
4699 4
4700 6
4701 2
4702 1
4703 6
4704 8
4705 10
4706 2
4707 8
4708 7
4709 2
4710 2
4711 10
4712 5
4713 6
4714 3
4715 2
4716 2
4717 4
4718 2
4719 2
4720 1
4721 18
4722 1
4723 34
4724 3
4725 6
4726 7
4727 14
4728 1
4729 4
4730 2
4731 2
4732 1
4733 2
4734 5
4735 6
4736 2
4737 8
4738 6
4739 2
4740 3
4741 6
4742 11
4743 4
4744 9
4745 2
4746 6
4747 18
4748 2
4749 8
4750 1
4751 20
4752 4
4753 4
4754 9
4755 2
4756 6
4757 18
4758 1
4759 4
4760 2
4761 22
4762 6
4763 6
4764 3
4765 6
4766 2
4767 4
4768 4
4769 2
4770 4
4771 6
4772 8
4773 2
4774 3
4775 2
4776 6
4777 6
4778 6
4779 10
4780 3
4781 6
4782 1
4783 12
4784 8
4785 4
4786 1
4787 6
4788 1
4789 4
4790 8
4791 8
4792 1
4793 2
4794 5
4795 4
4796 3
4797 8
4798 1
4799 8
4800 1
4801 6
4802 3
4803 4
4804 7
4805 14
4806 2
4807 6
4808 11
4809 2
4810 3
4811 2
4812 1
4813 6
4814 2
4815 2
4816 1
4817 26
4818 4
4819 12
4820 3
4821 2
4822 4
4823 14
4824 2
4825 4
4826 3
4827 4
4828 7
4829 14
4830 1
4831 10
4832 15
4833 4
4834 3
4835 24
4836 5
4837 6
4838 2
4839 2
4840 13
4841 8
4842 8
4843 4
4844 2
4845 4
4846 6
4847 24
4848 2
4849 10
4850 3
4851 16
4852 3
4853 12
4854 3
4855 4
4856 5
4857 4
4858 4
4859 2
4860 1
4861 6
4862 6
4863 6
4864 3
4865 6
4866 2
4867 4
4868 6
4869 2
4870 1
4871 2
4872 4
4873 10
4874 2
4875 4
4876 1
4877 14
4878 5
4879 12
4880 8
4881 6
4882 10
4883 2
4884 2
4885 4
4886 8
4887 8
4888 1
4889 8
4890 2
4891 6
4892 9
4893 2
4894 3
4895 2
4896 5
4897 6
4898 6
4899 4
4900 6
4901 2
4902 1
4903 10
4904 3
4905 2
4906 6
4907 6
4908 1
4909 12
4910 3
4911 16
4912 3
4913 26
4914 2
4915 4
4916 2
4917 10
4918 1
4919 2
4920 4
4921 6
4922 3
4923 12
4924 4
4925 2
4926 3
4927 4
4928 2
4929 2
4930 1
4931 6
4932 1
4933 6
4934 5
4935 2
4936 1
4937 14
4938 4
4939 10
4940 3
4941 2
4942 1
4943 2
4944 4
4945 6
4946 8
4947 6
4948 4
4949 18
4950 1
4951 18
4952 18
4953 2
4954 7
4955 14
4956 1
4957 18
4958 9
4959 12
4960 4
4961 2
4962 3
4963 4
4964 2
4965 2
4966 1
4967 6
4968 1
4969 12
4970 2
4971 8
4972 1
4973 14
4974 2
4975 6
4976 3
4977 6
4978 4
4979 20
4980 6
4981 10
4982 3
4983 2
4984 4
4985 30
4986 1
4987 4
4988 9
4989 10
4990 4
4991 6
4992 1
4993 4
4994 3
4995 14
4996 15
4997 6
4998 1
4999 4
5000 11
5001 8
5002 1
5003 2
5004 2
5005 4
5006 5
5007 4
5008 1
5009 18
5010 1
5011 10
5012 15
5013 10
5014 7
5015 6
5016 6
5017 6
5018 2
5019 2
5020 1
5021 8
5022 1
5023 6
5024 3
5025 4
5026 10
5027 14
5028 4
5029 4
5030 2
5031 6
5032 4
5033 2
5034 2
5035 6
5036 8
5037 4
5038 1
5039 2
5040 3
5041 10
5042 6
5043 4
5044 4
5045 2
5046 2
5047 18
5048 9
5049 2
5050 1
5051 2
5052 5
5053 6
5054 8
5055 2
5056 7
5057 20
5058 1
5059 10
5060 5
5061 6
5062 3
5063 12
5064 3
5065 4
5066 2
5067 4
5068 9
5069 2
5070 2
5071 6
5072 3
5073 14
5074 4
5075 2
5076 1
5077 16
5078 5
5079 2
5080 1
5081 2
5082 5
5083 4
5084 2
5085 4
5086 1
5087 8
5088 2
5089 4
5090 2
5091 16
5092 3
5093 6
5094 5
5095 10
5096 2
5097 4
5098 1
5099 14
5100 1
5101 22
5102 3
5103 10
5104 3
5105 2
5106 1
5107 6
5108 5
5109 14
5110 3
5111 2
5112 1
5113 10
5114 9
5115 10
5116 3
5117 6
5118 1
5119 4
5120 3
5121 2
5122 9
5123 2
5124 3
5125 18
5126 2
5127 4
5128 7
5129 2
5130 3
5131 28
5132 8
5133 2
5134 10
5135 2
5136 2
5137 4
5138 6
5139 8
5140 6
5141 32
5142 3
5143 6
5144 2
5145 6
5146 1
5147 8
5148 4
5149 18
5150 2
5151 2
5152 1
5153 12
5154 5
5155 6
5156 2
5157 8
5158 6
5159 12
5160 2
5161 12
5162 11
5163 10
5164 3
5165 2
5166 1
5167 36
5168 2
5169 10
5170 1
5171 2
5172 6
5173 4
5174 9
5175 6
5176 13
5177 6
5178 1
5179 4
5180 3
5181 22
5182 9
5183 32
5184 2
5185 40
5186 3
5187 4
5188 1
5189 8
5190 5
5191 6
5192 6
5193 4
5194 3
5195 2
5196 1
5197 4
5198 6
5199 2
5200 3
5201 8
5202 3
5203 6
5204 5
5205 6
5206 3
5207 84
5208 1
5209 18
5210 8
5211 6
5212 4
5213 2
5214 2
5215 12
5216 2
5217 8
5218 4
5219 20
5220 3
5221 6
5222 3
5223 24
5224 4
5225 8
5226 1
5227 76
5228 2
5229 2
5230 1
5231 2
5232 1
5233 22
5234 5
5235 14
5236 1
5237 8
5238 2
5239 10
5240 9
5241 16
5242 3
5243 2
5244 3
5245 4
5246 3
5247 14
5248 6
5249 2
5250 2
5251 10
5252 5
5253 4
5254 4
5255 6
5256 2
5257 6
5258 11
5259 8
5260 1
5261 6
5262 3
5263 10
5264 2
5265 2
5266 18
5267 20
5268 7
5269 10
5270 9
5271 6
5272 1
5273 12
5274 3
5275 4
5276 6
5277 6
5278 1
5279 2
5280 1
5281 6
5282 8
5283 2
5284 12
5285 8
5286 3
5287 4
5288 6
5289 4
5290 6
5291 12
5292 3
5293 22
5294 2
5295 6
5296 1
5297 14
5298 2
5299 12
5300 2
5301 8
5302 1
5303 2
5304 3
5305 4
5306 2
5307 8
5308 1
5309 8
5310 7
5311 16
5312 3
5313 2
5314 7
5315 2
5316 10
5317 4
5318 5
5319 2
5320 9
5321 8
5322 1
5323 10
5324 3
5325 2
5326 6
5327 6
5328 2
5329 4
5330 3
5331 2
5332 1
5333 2
5334 7
5335 4
5336 5
5337 8
5338 6
5339 14
5340 5
5341 10
5342 5
5343 2
5344 3
5345 2
5346 1
5347 6
5348 6
5349 4
5350 1
5351 20
5352 3
5353 6
5354 2
5355 2
5356 3
5357 6
5358 4
5359 10
5360 5
5361 2
5362 3
5363 14
5364 2
5365 6
5366 2
5367 6
5368 9
5369 2
5370 3
5371 12
5372 5
5373 4
5374 7
5375 6
5376 2
5377 18
5378 5
5379 4
5380 1
5381 8
5382 4
5383 6
5384 5
5385 2
5386 1
5387 6
5388 7
5389 4
5390 2
5391 12
5392 1
5393 6
5394 2
5395 6
5396 3
5397 4
5398 1
5399 2
5400 4
5401 10
5402 5
5403 4
5404 4
5405 36
5406 1
5407 6
5408 9
5409 10
5410 3
5411 6
5412 1
5413 6
5414 8
5415 2
5416 1
5417 6
5418 1
5419 12
5420 9
5421 12
5422 3
5423 2
5424 3
5425 4
5426 2
5427 6
5428 4
5429 2
5430 1
5431 6
5432 8
5433 2
5434 4
5435 6
5436 1
5437 10
5438 5
5439 4
5440 1
5441 2
5442 1
5443 4
5444 2
5445 2
5446 3
5447 8
5448 1
5449 34
5450 11
5451 2
5452 6
5453 6
5454 2
5455 4
5456 3
5457 16
5458 6
5459 30
5460 3
5461 18
5462 11
5463 6
5464 9
5465 8
5466 6
5467 6
5468 2
5469 2
5470 1
5471 18
5472 3
5473 4
5474 2
5475 8
5476 1
5477 14
5478 1
5479 22
5480 12
5481 6
5482 1
5483 20
5484 3
5485 6
5486 2
5487 14
5488 9
5489 2
5490 4
5491 28
5492 3
5493 2
5494 4
5495 6
5496 2
5497 6
5498 15
5499 4
5500 1
5501 2
5502 1
5503 4
5504 9
5505 8
5506 1
5507 24
5508 5
5509 4
5510 5
5511 8
5512 6
5513 2
5514 9
5515 6
5516 5
5517 10
5518 1
5519 14
5520 1
5521 16
5522 3
5523 2
5524 3
5525 6
5526 1
5527 4
5528 2
5529 2
5530 1
5531 8
5532 4
5533 4
5534 2
5535 2
5536 21
5537 6
5538 4
5539 4
5540 5
5541 2
5542 13
5543 2
5544 3
5545 12
5546 2
5547 4
5548 4
5549 14
5550 3
5551 10
5552 3
5553 14
5554 10
5555 6
5556 1
5557 4
5558 2
5559 2
5560 7
5561 12
5562 1
5563 10
5564 3
5565 2
5566 3
5567 6
5568 1
5569 4
5570 5
5571 6
5572 1
5573 12
5574 2
5575 22
5576 3
5577 8
5578 6
5579 2
5580 1
5581 6
5582 3
5583 14
5584 7
5585 2
5586 2
5587 4
5588 2
5589 20
5590 1
5591 6
5592 4
5593 10
5594 8
5595 4
5596 6
5597 8
5598 2
5599 4
5600 5
5601 8
5602 4
5603 6
5604 7
5605 12
5606 2
5607 18
5608 4
5609 20
5610 3
5611 18
5612 14
5613 4
5614 3
5615 26
5616 5
5617 4
5618 14
5619 2
5620 4
5621 2
5622 1
5623 6
5624 12
5625 2
5626 3
5627 14
5628 2
5629 18
5630 2
5631 10
5632 15
5633 24
5634 3
5635 4
5636 2
5637 4
5638 1
5639 2
5640 1
5641 58
5642 3
5643 2
5644 7
5645 6
5646 1
5647 16
5648 6
5649 2
5650 1
5651 18
5652 1
5653 4
5654 3
5655 2
5656 1
5657 26
5658 1
5659 4
5660 2
5661 6
5662 3
5663 12
5664 2
5665 16
5666 6
5667 4
5668 1
5669 14
5670 3
5671 10
5672 6
5673 6
5674 4
5675 2
5676 2
5677 4
5678 11
5679 4
5680 3
5681 18
5682 1
5683 24
5684 2
5685 4
5686 16
5687 6
5688 1
5689 10
5690 6
5691 2
5692 1
5693 6
5694 4
5695 6
5696 2
5697 6
5698 7
5699 2
5700 1
5701 22
5702 3
5703 12
5704 4
5705 2
5706 12
5707 36
5708 5
5709 8
5710 1
5711 2
5712 3
5713 4
5714 5
5715 4
5716 1
5717 6
5718 2
5719 4
5720 9
5721 2
5722 3
5723 2
5724 5
5725 4
5726 5
5727 8
5728 6
5729 8
5730 3
5731 52
5732 5
5733 2
5734 3
5735 2
5736 1
5737 28
5738 6
5739 14
5740 1
5741 2
5742 1
5743 4
5744 2
5745 2
5746 3
5747 6
5748 1
5749 18
5750 5
5751 2
5752 3
5753 6
5754 4
5755 4
5756 6
5757 4
5758 6
5759 2
5760 4
5761 16
5762 9
5763 2
5764 3
5765 6
5766 3
5767 6
5768 9
5769 8
5770 4
5771 20
5772 3
5773 10
5774 2
5775 2
5776 7
5777 26
5778 1
5779 4
5780 3
5781 6
5782 1
5783 14
5784 5
5785 22
5786 3
5787 14
5788 6
5789 2
5790 1
5791 6
5792 3
5793 2
5794 3
5795 14
5796 2
5797 4
5798 2
5799 4
5800 1
5801 6
5802 4
5803 6
5804 5
5805 8
5806 1
5807 6
5808 2
5809 12
5810 2
5811 8
5812 1
5813 36
5814 3
5815 10
5816 2
5817 4
5818 9
5819 12
5820 1
5821 10
5822 3
5823 4
5824 4
5825 8
5826 1
5827 6
5828 2
5829 8
5830 3
5831 8
5832 3
5833 4
5834 12
5835 8
5836 3
5837 6
5838 1
5839 4
5840 2
5841 10
5842 1
5843 6
5844 2
5845 10
5846 3
5847 6
5848 1
5849 2
5850 1
5851 6
5852 8
5853 12
5854 4
5855 14
5856 1
5857 28
5858 2
5859 2
5860 1
5861 8
5862 5
5863 10
5864 15
5865 2
5866 1
5867 14
5868 1
5869 12
5870 6
5871 2
5872 24
5873 14
5874 3
5875 6
5876 6
5877 4
5878 1
5879 12
5880 1
5881 12
5882 5
5883 10
5884 4
5885 6
5886 3
5887 4
5888 2
5889 2
5890 4
5891 2
5892 6
5893 12
5894 2
5895 4
5896 1
5897 14
5898 4
5899 10
5900 2
5901 6
5902 1
5903 2
5904 3
5905 10
5906 2
5907 4
5908 4
5909 14
5910 2
5911 22
5912 3
5913 2
5914 7
5915 2
5916 2
5917 4
5918 6
5919 2
5920 3
5921 6
5922 1
5923 22
5924 12
5925 28
5926 1
5927 8
5928 5
5929 22
5930 3
5931 2
5932 6
5933 2
5934 5
5935 4
5936 6
5937 8
5938 1
5939 8
5940 4
5941 12
5942 3
5943 2
5944 7
5945 6
5946 3
5947 4
5948 2
5949 12
5950 3
5951 2
5952 1
5953 4
5954 2
5955 6
5956 10
5957 8
5958 4
5959 28
5960 3
5961 2
5962 10
5963 2
5964 4
5965 10
5966 2
5967 4
5968 4
5969 2
5970 2
5971 22
5972 8
5973 4
5974 3
5975 6
5976 2
5977 4
5978 6
5979 2
5980 1
5981 36
5982 4
5983 6
5984 2
5985 2
5986 1
5987 6
5988 14
5989 4
5990 2
5991 16
5992 3
5993 2
5994 4
5995 4
5996 3
5997 6
5998 4
5999 14
6000 4
6001 6
6002 5
6003 2
6004 3
6005 2
6006 1
6007 4
6008 11
6009 8
6010 1
6011 6
6012 4
6013 22
6014 3
6015 4
6016 3
6017 14
6018 2
6019 4
6020 2
6021 2
6022 16
6023 12
6024 2
6025 6
6026 12
6027 4
6028 1
6029 14
6030 4
6031 6
6032 3
6033 4
6034 4
6035 2
6036 1
6037 24
6038 6
6039 8
6040 3
6041 12
6042 1
6043 22
6044 3
6045 4
6046 1
6047 14
6048 2
6049 4
6050 2
6051 6
6052 1
6053 2
6054 2
6055 12
6056 2
6057 4
6058 7
6059 2
6060 3
6061 10
6062 6
6063 10
6064 9
6065 18
6066 1
6067 16
6068 5
6069 14
6070 3
6071 2
6072 1
6073 16
6074 2
6075 6
6076 3
6077 18
6078 1
6079 4
6080 2
6081 2
6082 4
6083 12
6084 3
6085 40
6086 5
6087 6
6088 1
6089 14
6090 1
6091 18
6092 9
6093 4
6094 15
6095 6
6096 3
6097 6
6098 2
6099 12
6100 1
6101 2
6102 3
6103 4
6104 3
6105 2
6106 6
6107 6
6108 9
6109 10
6110 11
6111 8
6112 1
6113 2
6114 10
6115 6
6116 6
6117 4
6118 4
6119 2
6120 1
6121 10
6122 3
6123 6
6124 9
6125 2
6126 2
6127 4
6128 11
6129 4
6130 1
6131 2
6132 1
6133 4
6134 2
6135 8
6136 7
6137 20
6138 2
6139 18
6140 2
6141 6
6142 1
6143 20
6144 2
6145 6
6146 3
6147 8
6148 4
6149 8
6150 1
6151 10
6152 3
6153 6
6154 12
6155 6
6156 5
6157 6
6158 12
6159 18
6160 3
6161 2
6162 1
6163 6
6164 2
6165 10
6166 6
6167 6
6168 5
6169 4
6170 5
6171 2
6172 1
6173 2
6174 3
6175 10
6176 5
6177 4
6178 9
6179 8
6180 3
6181 6
6182 5
6183 4
6184 3
6185 8
6186 2
6187 4
6188 2
6189 2
6190 7
6191 8
6192 8
6193 6
6194 3
6195 2
6196 1
6197 20
6198 1
6199 10
6200 2
6201 10
6202 1
6203 14
6204 2
6205 4
6206 2
6207 6
6208 7
6209 12
6210 1
6211 16
6212 3
6213 10
6214 7
6215 14
6216 1
6217 10
6218 2
6219 4
6220 1
6221 12
6222 4
6223 6
6224 5
6225 2
6226 3
6227 6
6228 1
6229 4
6230 3
6231 10
6232 13
6233 12
6234 13
6235 10
6236 2
6237 6
6238 4
6239 2
6240 6
6241 6
6242 8
6243 2
6244 4
6245 2
6246 1
6247 4
6248 2
6249 8
6250 6
6251 2
6252 3
6253 4
6254 5
6255 2
6256 1
6257 20
6258 2
6259 4
6260 6
6261 6
6262 1
6263 2
6264 3
6265 6
6266 8
6267 14
6268 1
6269 2
6270 1
6271 12
6272 6
6273 2
6274 4
6275 18
6276 1
6277 6
6278 5
6279 4
6280 4
6281 20
6282 6
6283 6
6284 2
6285 10
6286 1
6287 14
6288 2
6289 34
6290 8
6291 2
6292 4
6293 30
6294 2
6295 12
6296 5
6297 4
6298 1
6299 18
6300 1
6301 42
6302 5
6303 10
6304 3
6305 2
6306 2
6307 4
6308 5
6309 2
6310 1
6311 32
6312 8
6313 4
6314 8
6315 4
6316 1
6317 20
6318 2
6319 28
6320 2
6321 10
6322 1
6323 2
6324 3
6325 4
6326 2
6327 4
6328 1
6329 2
6330 4
6331 6
6332 6
6333 10
6334 18
6335 2
6336 1
6337 4
6338 15
6339 4
6340 7
6341 6
6342 1
6343 4
6344 2
6345 22
6346 13
6347 6
6348 2
6349 24
6350 3
6351 2
6352 1
6353 6
6354 5
6355 12
6356 2
6357 8
6358 1
6359 8
6360 1
6361 6
6362 3
6363 4
6364 4
6365 18
6366 1
6367 4
6368 14
6369 2
6370 9
6371 2
6372 1
6373 6
6374 8
6375 8
6376 7
6377 20
6378 1
6379 22
6380 3
6381 2
6382 15
6383 6
6384 4
6385 4
6386 6
6387 18
6388 1
6389 20
6390 2
6391 22
6392 8
6393 12
6394 3
6395 2
6396 1
6397 4
6398 5
6399 2
6400 4
6401 20
6402 3
6403 12
6404 2
6405 4
6406 3
6407 8
6408 4
6409 10
6410 2
6411 2
6412 3
6413 14
6414 2
6415 10
6416 3
6417 10
6418 4
6419 12
6420 1
6421 22
6422 3
6423 4
6424 3
6425 12
6426 1
6427 10
6428 5
6429 4
6430 10
6431 8
6432 6
6433 4
6434 8
6435 4
6436 3
6437 50
6438 5
6439 12
6440 8
6441 36
6442 6
6443 12
6444 2
6445 6
6446 2
6447 8
6448 1
6449 2
6450 1
6451 6
6452 5
6453 2
6454 7
6455 2
6456 6
6457 28
6458 2
6459 2
6460 3
6461 2
6462 3
6463 12
6464 5
6465 6
6466 7
6467 6
6468 1
6469 18
6470 2
6471 8
6472 1
6473 6
6474 3
6475 6
6476 2
6477 8
6478 4
6479 2
6480 1
6481 10
6482 3
6483 2
6484 7
6485 18
6486 2
6487 6
6488 5
6489 2
6490 1
6491 2
6492 3
6493 6
6494 3
6495 4
6496 3
6497 8
6498 5
6499 4
6500 2
6501 2
6502 3
6503 2
6504 2
6505 4
6506 5
6507 4
6508 7
6509 14
6510 3
6511 10
6512 5
6513 4
6514 3
6515 8
6516 2
6517 6
6518 2
6519 8
6520 1
6521 2
6522 5
6523 6
6524 2
6525 8
6526 6
6527 6
6528 1
6529 28
6530 6
6531 2
6532 3
6533 6
6534 3
6535 4
6536 3
6537 10
6538 4
6539 8
6540 4
6541 40
6542 11
6543 12
6544 4
6545 8
6546 1
6547 4
6548 12
6549 2
6550 1
6551 2
6552 1
6553 16
6554 2
6555 10
6556 7
6557 6
6558 9
6559 4
6560 2
6561 6
6562 1
6563 2
6564 7
6565 4
6566 3
6567 14
6568 1
6569 8
6570 1
6571 12
6572 3
6573 2
6574 4
6575 2
6576 1
6577 4
6578 17
6579 2
6580 1
6581 2
6582 5
6583 6
6584 3
6585 2
6586 3
6587 8
6588 2
6589 4
6590 6
6591 2
6592 3
6593 2
6594 5
6595 10
6596 8
6597 18
6598 1
6599 14
6600 3
6601 6
6602 8
6603 6
6604 3
6605 6
6606 1
6607 10
6608 2
6609 2
6610 7
6611 6
6612 4
6613 6
6614 2
6615 22
6616 10
6617 6
6618 1
6619 10
6620 2
6621 6
6622 3
6623 14
6624 2
6625 4
6626 15
6627 8
6628 4
6629 2
6630 3
6631 18
6632 5
6633 2
6634 7
6635 12
6636 1
6637 64
6638 5
6639 4
6640 4
6641 6
6642 3
6643 4
6644 9
6645 2
6646 6
6647 6
6648 2
6649 4
6650 6
6651 12
6652 1
6653 24
6654 2
6655 12
6656 2
6657 10
6658 1
6659 42
6660 1
6661 22
6662 5
6663 2
6664 3
6665 2
6666 5
6667 4
6668 2
6669 2
6670 3
6671 18
6672 1
6673 4
6674 3
6675 4
6676 3
6677 6
6678 1
6679 4
6680 8
6681 6
6682 3
6683 2
6684 4
6685 6
6686 11
6687 6
6688 1
6689 20
6690 1
6691 16
6692 5
6693 10
6694 4
6695 12
6696 3
6697 34
6698 2
6699 2
6700 1
6701 8
6702 1
6703 4
6704 3
6705 2
6706 6
6707 8
6708 1
6709 18
6710 2
6711 16
6712 4
6713 12
6714 3
6715 4
6716 3
6717 16
6718 1
6719 12
6720 2
6721 10
6722 8
6723 4
6724 3
6725 2
6726 6
6727 10
6728 2
6729 12
6730 4
6731 2
6732 1
6733 34
6734 2
6735 8
6736 1
6737 6
6738 2
6739 10
6740 9
6741 10
6742 9
6743 2
6744 3
6745 4
6746 12
6747 6
6748 4
6749 2
6750 5
6751 6
6752 14
6753 6
6754 4
6755 6
6756 2
6757 6
6758 5
6759 20
6760 1
6761 2
6762 1
6763 10
6764 20
6765 4
6766 6
6767 30
6768 2
6769 4
6770 5
6771 6
6772 13
6773 6
6774 3
6775 10
6776 2
6777 4
6778 1
6779 12
6780 1
6781 12
6782 3
6783 2
6784 3
6785 12
6786 3
6787 18
6788 2
6789 10
6790 1
6791 32
6792 1
6793 6
6794 17
6795 2
6796 3
6797 8
6798 2
6799 4
6800 6
6801 8
6802 1
6803 6
6804 7
6805 16
6806 2
6807 10
6808 6
6809 2
6810 3
6811 6
6812 5
6813 2
6814 3
6815 8
6816 2
6817 6
6818 9
6819 4
6820 4
6821 6
6822 1
6823 6
6824 2
6825 8
6826 1
6827 8
6828 1
6829 22
6830 9
6831 10
6832 1
6833 24
6834 2
6835 6
6836 3
6837 6
6838 9
6839 2
6840 1
6841 6
6842 5
6843 2
6844 3
6845 2
6846 2
6847 28
6848 2
6849 4
6850 3
6851 26
6852 4
6853 10
6854 2
6855 2
6856 1
6857 6
6858 6
6859 4
6860 2
6861 2
6862 1
6863 6
6864 2
6865 16
6866 3
6867 6
6868 1
6869 14
6870 1
6871 6
6872 5
6873 14
6874 7
6875 2
6876 5
6877 4
6878 2
6879 2
6880 3
6881 2
6882 1
6883 6
6884 5
6885 4
6886 12
6887 14
6888 10
6889 10
6890 2
6891 22
6892 13
6893 44
6894 2
6895 4
6896 21
6897 18
6898 1
6899 2
6900 5
6901 10
6902 3
6903 2
6904 4
6905 14
6906 1
6907 6
6908 11
6909 18
6910 1
6911 6
6912 14
6913 4
6914 2
6915 2
6916 1
6917 8
6918 4
6919 10
6920 2
6921 26
6922 4
6923 6
6924 3
6925 4
6926 5
6927 14
6928 7
6929 2
6930 5
6931 18
6932 6
6933 4
6934 4
6935 6
6936 2
6937 4
6938 2
6939 2
6940 6
6941 2
6942 13
6943 4
6944 5
6945 12
6946 1
6947 14
6948 1
6949 10
6950 2
6951 2
6952 3
6953 2
6954 4
6955 34
6956 2
6957 26
6958 1
6959 8
6960 1
6961 18
6962 3
6963 12
6964 13
6965 2
6966 1
6967 18
6968 5
6969 10
6970 1
6971 12
6972 14
6973 4
6974 5
6975 4
6976 1
6977 6
6978 7
6979 4
6980 11
6981 2
6982 1
6983 2
6984 7
6985 4
6986 3
6987 8
6988 4
6989 12
6990 1
6991 6
6992 5
6993 6
6994 3
6995 14
6996 1
6997 6
6998 2
6999 2
7000 1
7001 8
7002 6
7003 6
7004 2
7005 2
7006 3
7007 6
7008 7
7009 34
7010 3
7011 10
7012 1
7013 26
7014 2
7015 12
7016 2
7017 4
7018 1
7019 12
7020 3
7021 16
7022 3
7023 6
7024 4
7025 2
7026 1
7027 4
7028 2
7029 12
7030 6
7031 6
7032 6
7033 22
7034 5
7035 2
7036 7
7037 6
7038 1
7039 18
7040 2
7041 2
7042 1
7043 2
7044 5
7045 4
7046 3
7047 6
7048 10
7049 8
7050 4
7051 6
7052 3
7053 2
7054 3
7055 6
7056 1
7057 4
7058 5
7059 8
7060 9
7061 8
7062 3
7063 6
7064 3
7065 6
7066 6
7067 6
7068 1
7069 4
7070 3
7071 2
7072 4
7073 14
7074 2
7075 6
7076 2
7077 4
7078 1
7079 2
7080 5
7081 6
7082 3
7083 6
7084 10
7085 8
7086 2
7087 4
7088 2
7089 8
7090 10
7091 12
7092 3
7093 16
7094 3
7095 6
7096 6
7097 18
7098 2
7099 10
7100 9
7101 8
7102 1
7103 2
7104 3
7105 28
7106 3
7107 4
7108 1
7109 8
7110 2
7111 6
7112 8
7113 16
7114 12
7115 8
7116 6
7117 6
7118 5
7119 4
7120 1
7121 2
7122 14
7123 4
7124 2
7125 2
7126 1
7127 18
7128 1
7129 4
7130 3
7131 6
7132 3
7133 12
7134 4
7135 4
7136 8
7137 4
7138 6
7139 12
7140 2
7141 10
7142 6
7143 4
7144 3
7145 24
7146 2
7147 10
7148 9
7149 4
7150 1
7151 2
7152 14
7153 12
7154 5
7155 4
7156 6
7157 6
7158 1
7159 12
7160 2
7161 2
7162 3
7163 2
7164 3
7165 4
7166 3
7167 4
7168 7
7169 12
7170 2
7171 10
7172 3
7173 2
7174 3
7175 6
7176 1
7177 6
7178 12
7179 18
7180 7
7181 26
7182 4
7183 12
7184 2
7185 14
7186 1
7187 24
7188 4
7189 12
7190 5
7191 8
7192 1
7193 2
7194 2
7195 12
7196 3
7197 4
7198 4
7199 8
7200 2
7201 6
7202 5
7203 2
7204 3
7205 2
7206 1
7207 24
7208 14
7209 2
7210 1
7211 2
7212 1
7213 60
7214 8
7215 2
7216 3
7217 8
7218 1
7219 12
7220 3
7221 10
7222 10
7223 2
7224 2
7225 4
7226 5
7227 4
7228 1
7229 14
7230 2
7231 36
7232 5
7233 4
7234 10
7235 6
7236 1
7237 4
7238 5
7239 2
7240 4
7241 36
7242 1
7243 10
7244 2
7245 18
7246 1
7247 8
7248 5
7249 18
7250 3
7251 2
7252 1
7253 12
7254 4
7255 4
7256 8
7257 6
7258 4
7259 2
7260 7
7261 12
7262 3
7263 6
7264 7
7265 6
7266 2
7267 10
7268 2
7269 4
7270 7
7271 2
7272 3
7273 12
7274 2
7275 2
7276 12
7277 8
7278 2
7279 18
7280 2
7281 2
7282 1
7283 14
7284 4
7285 6
7286 3
7287 10
7288 4
7289 8
7290 3
7291 10
7292 6
7293 4
7294 7
7295 2
7296 1
7297 6
7298 6
7299 8
7300 4
7301 12
7302 4
7303 16
7304 12
7305 4
7306 1
7307 14
7308 1
7309 10
7310 2
7311 6
7312 3
7313 2
7314 2
7315 6
7316 2
7317 4
7318 10
7319 2
7320 1
7321 12
7322 6
7323 12
7324 4
7325 6
7326 2
7327 6
7328 2
7329 10
7330 1
7331 6
7332 1
7333 4
7334 2
7335 10
7336 6
7337 24
7338 5
7339 12
7340 6
7341 2
7342 3
7343 6
7344 5
7345 6
7346 3
7347 4
7348 1
7349 2
7350 1
7351 16
7352 5
7353 6
7354 3
7355 6
7356 2
7357 4
7358 2
7359 4
7360 7
7361 2
7362 8
7363 4
7364 3
7365 2
7366 7
7367 6
7368 1
7369 22
7370 2
7371 16
7372 10
7373 2
7374 3
7375 4
7376 2
7377 6
7378 6
7379 2
7380 5
7381 18
7382 3
7383 2
7384 3
7385 2
7386 3
7387 18
7388 12
7389 2
7390 3
7391 2
7392 1
7393 4
7394 12
7395 4
7396 3
7397 6
7398 2
7399 12
7400 9
7401 8
7402 10
7403 14
7404 5
7405 10
7406 2
7407 4
7408 4
7409 8
7410 1
7411 28
7412 5
7413 2
7414 7
7415 2
7416 1
7417 4
7418 9
7419 14
7420 7
7421 2
7422 6
7423 10
7424 3
7425 2
7426 3
7427 6
7428 9
7429 4
7430 3
7431 6
7432 1
7433 2
7434 2
7435 4
7436 5
7437 6
7438 4
7439 2
7440 4
7441 6
7442 23
7443 2
7444 10
7445 2
7446 13
7447 4
7448 2
7449 14
7450 1
7451 12
7452 8
7453 10
7454 12
7455 10
7456 1
7457 14
7458 1
7459 4
7460 3
7461 2
7462 6
7463 44
7464 2
7465 18
7466 6
7467 20
7468 4
7469 2
7470 4
7471 12
7472 5
7473 2
7474 12
7475 2
7476 1
7477 10
7478 2
7479 4
7480 1
7481 6
7482 3
7483 10
7484 2
7485 12
7486 1
7487 24
7488 1
7489 10
7490 8
7491 2
7492 6
7493 6
7494 3
7495 6
7496 11
7497 4
7498 1
7499 12
7500 3
7501 6
7502 5
7503 4
7504 7
7505 8
7506 1
7507 4
7508 2
7509 38
7510 3
7511 8
7512 5
7513 16
7514 3
7515 2
7516 1
7517 14
7518 5
7519 28
7520 6
7521 6
7522 1
7523 6
7524 3
7525 16
7526 2
7527 4
7528 1
7529 14
7530 2
7531 12
7532 8
7533 4
7534 4
7535 14
7536 1
7537 36
7538 2
7539 10
7540 1
7541 2
7542 4
7543 6
7544 8
7545 2
7546 1
7547 36
7548 1
7549 4
7550 2
7551 6
7552 10
7553 2
7554 7
7555 36
7556 3
7557 6
7558 1
7559 12
7560 1
7561 10
7562 5
7563 4
7564 10
7565 2
7566 3
7567 4
7568 2
7569 2
7570 12
7571 6
7572 1
7573 4
7574 2
7575 8
7576 1
7577 8
7578 4
7579 22
7580 2
7581 8
7582 1
7583 12
7584 7
7585 4
7586 2
7587 6
7588 1
7589 18
7590 1
7591 42
7592 3
7593 2
7594 3
7595 8
7596 2
7597 4
7598 5
7599 2
7600 7
7601 32
7602 1
7603 10
7604 9
7605 6
7606 1
7607 30
7608 2
7609 10
7610 9
7611 6
7612 4
7613 2
7614 7
7615 6
7616 2
7617 4
7618 7
7619 8
7620 1
7621 12
7622 11
7623 4
7624 4
7625 6
7626 6
7627 4
7628 27
7629 2
7630 7
7631 2
7632 4
7633 60
7634 2
7635 2
7636 6
7637 6
7638 1
7639 4
7640 3
7641 8
7642 1
7643 2
7644 2
7645 16
7646 5
7647 10
7648 1
7649 2
7650 7
7651 10
7652 5
7653 2
7654 3
7655 14
7656 2
7657 6
7658 6
7659 2
7660 12
7661 50
7662 4
7663 6
7664 2
7665 2
7666 30
7667 14
7668 1
7669 4
7670 3
7671 6
7672 1
7673 12
7674 2
7675 6
7676 3
7677 8
7678 4
7679 2
7680 1
7681 12
7682 6
7683 6
7684 3
7685 12
7686 1
7687 10
7688 2
7689 4
7690 1
7691 2
7692 5
7693 4
7694 8
7695 2
7696 10
7697 6
7698 1
7699 10
7700 2
7701 8
7702 1
7703 6
7704 4
7705 12
7706 2
7707 4
7708 10
7709 8
7710 3
7711 16
7712 5
7713 2
7714 3
7715 12
7716 1
7717 4
7718 6
7719 2
7720 4
7721 2
7722 1
7723 4
7724 3
7725 2
7726 1
7727 14
7728 11
7729 10
7730 2
7731 20
7732 3
7733 2
7734 3
7735 4
7736 2
7737 4
7738 7
7739 14
7740 1
7741 6
7742 3
7743 10
7744 4
7745 6
7746 2
7747 10
7748 2
7749 10
7750 3
7751 6
7752 1
7753 4
7754 14
7755 2
7756 1
7757 8
7758 1
7759 10
7760 8
7761 6
7762 6
7763 2
7764 3
7765 6
7766 8
7767 4
7768 7
7769 12
7770 2
7771 10
7772 5
7773 6
7774 7
7775 2
7776 10
7777 6
7778 5
7779 2
7780 4
7781 6
7782 9
7783 16
7784 2
7785 14
7786 7
7787 6
7788 1
7789 34
7790 2
7791 2
7792 1
7793 14
7794 4
7795 4
7796 12
7797 4
7798 4
7799 24
7800 2
7801 6
7802 8
7803 2
7804 7
7805 6
7806 16
7807 18
7808 5
7809 2
7810 3
7811 6
7812 4
7813 4
7814 2
7815 34
7816 1
7817 30
7818 7
7819 4
7820 2
7821 2
7822 1
7823 2
7824 2
7825 12
7826 6
7827 8
7828 1
7829 8
7830 2
7831 10
7832 3
7833 2
7834 4
7835 2
7836 3
7837 18
7838 5
7839 2
7840 1
7841 2
7842 11
7843 6
7844 8
7845 8
7846 3
7847 14
7848 4
7849 4
7850 5
7851 10
7852 1
7853 6
7854 3
7855 12
7856 6
7857 6
7858 6
7859 8
7860 3
7861 16
7862 8
7863 2
7864 3
7865 2
7866 1
7867 4
7868 2
7869 2
7870 4
7871 8
7872 1
7873 12
7874 2
7875 6
7876 1
7877 26
7878 1
7879 4
7880 2
7881 6
7882 1
7883 2
7884 8
7885 4
7886 2
7887 8
7888 7
7889 8
7890 3
7891 12
7892 3
7893 2
7894 7
7895 2
7896 3
7897 24
7898 2
7899 12
7900 1
7901 2
7902 5
7903 6
7904 2
7905 6
7906 1
7907 18
7908 2
7909 24
7910 5
7911 2
7912 4
7913 20
7914 3
7915 6
7916 5
7917 8
7918 1
7919 8
7920 3
7921 6
7922 3
7923 10
7924 3
7925 12
7926 1
7927 6
7928 6
7929 2
7930 4
7931 18
7932 1
7933 6
7934 5
7935 4
7936 1
7937 6
7938 2
7939 18
7940 2
7941 10
7942 3
7943 2
7944 2
7945 10
7946 11
7947 8
7948 1
7949 20
7950 1
7951 12
7952 3
7953 2
7954 4
7955 12
7956 2
7957 6
7958 5
7959 2
7960 7
7961 2
7962 1
7963 6
7964 3
7965 6
7966 3
7967 8
7968 2
7969 10
7970 3
7971 20
7972 3
7973 14
7974 7
7975 12
7976 3
7977 20
7978 6
7979 2
7980 5
7981 10
7982 8
7983 32
7984 7
7985 2
7986 2
7987 24
7988 11
7989 4
7990 3
7991 6
7992 1
7993 4
7994 5
7995 2
7996 6
7997 8
7998 7
7999 12
8000 2
8001 12
8002 3
8003 2
8004 8
8005 10
8006 3
8007 4
8008 1
8009 18
8010 1
8011 10
8012 6
8013 6
8014 3
8015 6
8016 1
8017 4
8018 6
8019 4
8020 3
8021 18
8022 4
8023 10
8024 12
8025 10
8026 6
8027 6
8028 2
8029 4
8030 2
8031 2
8032 3
8033 2
8034 2
8035 4
8036 2
8037 18
8038 1
8039 12
8040 3
8041 6
8042 9
8043 2
8044 3
8045 2
8046 5
8047 4
8048 2
8049 10
8050 3
8051 2
8052 1
8053 4
8054 8
8055 2
8056 3
8057 14
8058 1
8059 4
8060 3
8061 8
8062 9
8063 2
8064 4
8065 4
8066 6
8067 10
8068 1
8069 2
8070 2
8071 28
8072 5
8073 14
8074 3
8075 8
8076 3
8077 4
8078 14
8079 8
8080 1
8081 6
8082 3
8083 10
8084 14
8085 4
8086 1
8087 6
8088 1
8089 18
8090 6
8091 2
8092 1
8093 2
8094 2
8095 4
8096 2
8097 14
8098 6
8099 8
8100 1
8101 12
8102 8
8103 4
8104 9
8105 24
8106 5
8107 4
8108 2
8109 18
8110 1
8111 2
8112 3
8113 6
8114 2
8115 2
8116 1
8117 8
8118 5
8119 12
8120 12
8121 8
8122 1
8123 14
8124 2
8125 6
8126 2
8127 14
8128 7
8129 8
8130 3
8131 6
8132 9
8133 2
8134 4
8135 14
8136 2
8137 6
8138 9
8139 14
8140 3
8141 6
8142 4
8143 4
8144 12
8145 6
8146 1
8147 6
8148 6
8149 12
8150 2
8151 6
8152 4
8153 14
8154 5
8155 4
8156 3
8157 8
8158 4
8159 2
8160 1
8161 10
8162 6
8163 4
8164 7
8165 6
8166 1
8167 6
8168 5
8169 2
8170 1
8171 26
8172 3
8173 4
8174 2
8175 12
8176 6
8177 14
8178 1
8179 4
8180 2
8181 2
8182 3
8183 20
8184 2
8185 12
8186 6
8187 4
8188 9
8189 12
8190 1
8191 46
8192 5
8193 10
8194 24
8195 6
8196 6
8197 4
8198 9
8199 4
8200 4
8201 6
8202 5
8203 10
8204 8
8205 2
8206 12
8207 8
8208 1
8209 30
8210 2
8211 12
8212 24
8213 2
8214 8
8215 16
8216 2
8217 4
8218 1
8219 14
8220 1
8221 28
8222 6
8223 2
8224 9
8225 2
8226 2
8227 4
8228 5
8229 4
8230 1
8231 12
8232 1
8233 4
8234 12
8235 4
8236 1
8237 14
8238 2
8239 4
8240 2
8241 8
8242 1
8243 2
8244 3
8245 18
8246 2
8247 10
8248 4
8249 8
8250 7
8251 12
8252 18
8253 4
8254 3
8255 6
8256 5
8257 4
8258 6
8259 2
8260 3
8261 8
8262 1
8263 4
8264 2
8265 10
8266 3
8267 6
8268 1
8269 22
8270 5
8271 6
8272 1
8273 2
8274 12
8275 28
8276 2
8277 6
8278 4
8279 12
8280 2
8281 10
8282 3
8283 2
8284 12
8285 6
8286 1
8287 4
8288 17
8289 10
8290 1
8291 6
8292 1
8293 16
8294 12
8295 4
8296 1
8297 6
8298 5
8299 22
8300 6
8301 2
8302 3
8303 2
8304 5
8305 6
8306 3
8307 6
8308 16
8309 2
8310 1
8311 12
8312 11
8313 22
8314 3
8315 2
8316 1
8317 16
8318 11
8319 8
8320 6
8321 6
8322 3
8323 6
8324 2
8325 2
8326 3
8327 8
8328 1
8329 4
8330 2
8331 10
8332 4
8333 6
8334 10
8335 24
8336 2
8337 4
8338 4
8339 8
8340 8
8341 6
8342 6
8343 10
8344 3
8345 2
8346 2
8347 10
8348 9
8349 2
8350 6
8351 2
8352 1
8353 4
8354 5
8355 6
8356 10
8357 18
8358 9
8359 10
8360 5
8361 8
8362 1
8363 12
8364 2
8365 4
8366 12
8367 4
8368 1
8369 14
8370 2
8371 6
8372 3
8373 2
8374 9
8375 12
8376 1
8377 6
8378 9
8379 2
8380 4
8381 2
8382 3
8383 4
8384 3
8385 6
8386 1
8387 18
8388 1
8389 10
8390 3
8391 8
8392 4
8393 2
8394 3
8395 4
8396 3
8397 4
8398 7
8399 24
8400 4
8401 10
8402 8
8403 4
8404 4
8405 2
8406 3
8407 4
8408 11
8409 4
8410 4
8411 2
8412 3
8413 10
8414 2
8415 2
8416 6
8417 6
8418 1
8419 10
8420 3
8421 2
8422 1
8423 6
8424 12
8425 6
8426 5
8427 14
8428 1
8429 8
8430 1
8431 6
8432 6
8433 6
8434 3
8435 2
8436 3
8437 4
8438 20
8439 2
8440 3
8441 2
8442 1
8443 4
8444 2
8445 6
8446 1
8447 6
8448 10
8449 4
8450 2
8451 2
8452 3
8453 14
8454 12
8455 10
8456 5
8457 4
8458 7
8459 20
8460 1
8461 6
8462 6
8463 2
8464 4
8465 2
8466 1
8467 18
8468 2
8469 10
8470 3
8471 2
8472 4
8473 4
8474 3
8475 8
8476 6
8477 24
8478 5
8479 12
8480 11
8481 2
8482 3
8483 12
8484 3
8485 4
8486 12
8487 6
8488 6
8489 2
8490 2
8491 18
8492 5
8493 2
8494 12
8495 6
8496 2
8497 18
8498 5
8499 4
8500 1
8501 12
8502 9
8503 22
8504 9
8505 2
8506 10
8507 6
8508 4
8509 10
8510 2
8511 16
8512 1
8513 2
8514 2
8515 4
8516 2
8517 16
8518 6
8519 12
8520 1
8521 12
8522 5
8523 2
8524 7
8525 6
8526 1
8527 18
8528 5
8529 18
8530 9
8531 26
8532 4
8533 6
8534 3
8535 4
8536 1
8537 20
8538 1
8539 4
8540 3
8541 8
8542 1
8543 24
8544 3
8545 10
8546 2
8547 6
8548 15
8549 2
8550 5
8551 6
8552 3
8553 2
8554 4
8555 14
8556 8
8557 6
8558 2
8559 8
8560 6
8561 2
8562 1
8563 4
8564 3
8565 4
8566 10
8567 20
8568 2
8569 10
8570 6
8571 6
8572 1
8573 6
8574 4
8575 4
8576 12
8577 14
8578 4
8579 2
8580 1
8581 6
8582 3
8583 2
8584 4
8585 6
8586 3
8587 16
8588 14
8589 8
8590 3
8591 2
8592 4
8593 10
8594 2
8595 2
8596 1
8597 8
8598 1
8599 10
8600 3
8601 2
8602 6
8603 2
8604 2
8605 4
8606 3
8607 4
8608 1
8609 20
8610 5
8611 10
8612 6
8613 6
8614 4
8615 2
8616 3
8617 4
8618 9
8619 2
8620 6
8621 20
8622 1
8623 24
8624 3
8625 4
8626 1
8627 14
8628 1
8629 10
8630 5
8631 6
8632 9
8633 14
8634 3
8635 10
8636 6
8637 4
8638 6
8639 12
8640 1
8641 18
8642 6
8643 6
8644 3
8645 2
8646 1
8647 4
8648 21
8649 2
8650 3
8651 6
8652 5
8653 4
8654 5
8655 14
8656 3
8657 8
8658 2
8659 18
8660 2
8661 16
8662 1
8663 2
8664 5
8665 6
8666 2
8667 8
8668 1
8669 14
8670 2
8671 6
8672 3
8673 4
8674 7
8675 2
8676 1
8677 10
8678 5
8679 2
8680 1
8681 12
8682 4
8683 22
8684 3
8685 8
8686 10
8687 8
8688 1
8689 4
8690 5
8691 2
8692 1
8693 2
8694 2
8695 4
8696 2
8697 6
8698 1
8699 8
8700 2
8701 10
8702 3
8703 14
8704 3
8705 18
8706 1
8707 10
8708 2
8709 2
8710 4
8711 6
8712 1
8713 16
8714 9
8715 2
8716 12
8717 8
8718 1
8719 4
8720 3
8721 2
8722 10
8723 12
8724 2
8725 10
8726 8
8727 6
8728 4
8729 8
8730 1
8731 6
8732 5
8733 2
8734 3
8735 2
8736 1
8737 4
8738 2
8739 12
8740 1
8741 2
8742 3
8743 12
8744 2
8745 2
8746 1
8747 24
8748 2
8749 10
8750 3
8751 8
8752 1
8753 12
8754 2
8755 22
8756 5
8757 6
8758 9
8759 2
8760 1
8761 6
8762 15
8763 4
8764 3
8765 8
8766 7
8767 4
8768 6
8769 2
8770 4
8771 6
8772 3
8773 6
8774 15
8775 2
8776 13
8777 26
8778 1
8779 4
8780 8
8781 8
8782 1
8783 12
8784 2
8785 4
8786 2
8787 4
8788 4
8789 2
8790 2
8791 6
8792 5
8793 10
8794 7
8795 12
8796 10
8797 6
8798 2
8799 2
8800 4
8801 6
8802 1
8803 30
8804 2
8805 4
8806 1
8807 8
8808 5
8809 18
8810 3
8811 2
8812 3
8813 2
8814 4
8815 16
8816 3
8817 6
8818 1
8819 12
8820 1
8821 10
8822 5
8823 20
8824 10
8825 6
8826 3
8827 6
8828 2
8829 2
8830 1
8831 18
8832 3
8833 6
8834 2
8835 22
8836 1
8837 14
8838 1
8839 48
8840 2
8841 2
8842 9
8843 14
8844 5
8845 4
8846 3
8847 10
8848 1
8849 8
8850 4
8851 12
8852 3
8853 2
8854 7
8855 8
8856 2
8857 28
8858 6
8859 4
8860 1
8861 18
8862 1
8863 12
8864 2
8865 4
8866 1
8867 8
8868 2
8869 48
8870 5
8871 8
8872 6
8873 2
8874 2
8875 12
8876 5
8877 4
8878 6
8879 24
8880 2
8881 10
8882 3
8883 4
8884 4
8885 8
8886 1
8887 6
8888 12
8889 12
8890 12
8891 2
8892 1
8893 4
8894 2
8895 2
8896 6
8897 26
8898 4
8899 4
8900 3
8901 6
8902 10
8903 2
8904 3
8905 10
8906 5
8907 8
8908 9
8909 30
8910 3
8911 22
8912 3
8913 2
8914 13
8915 20
8916 8
8917 6
8918 2
8919 2
8920 15
8921 6
8922 1
8923 10
8924 5
8925 2
8926 7
8927 14
8928 1
8929 18
8930 5
8931 2
8932 1
8933 12
8934 7
8935 6
8936 6
8937 6
8938 4
8939 12
8940 1
8941 42
8942 5
8943 10
8944 3
8945 2
8946 3
8947 18
8948 5
8949 4
8950 1
8951 2
8952 4
8953 6
8954 2
8955 2
8956 10
8957 14
8958 15
8959 4
8960 2
8961 2
8962 1
8963 20
8964 2
8965 6
8966 11
8967 4
8968 1
8969 2
8970 1
8971 16
8972 8
8973 16
8974 4
8975 14
8976 6
8977 34
8978 2
8979 2
8980 6
8981 6
8982 3
8983 4
8984 3
8985 2
8986 3
8987 6
8988 2
8989 10
8990 2
8991 18
8992 4
8993 2
8994 2
8995 12
8996 23
8997 14
8998 1
8999 8
9000 1
9001 10
9002 6
9003 4
9004 4
9005 12
9006 1
9007 10
9008 6
9009 4
9010 1
9011 8
9012 1
9013 36
9014 3
9015 4
9016 7
9017 38
9018 4
9019 10
9020 2
9021 2
9022 3
9023 2
9024 2
9025 6
9026 5
9027 4
9028 1
9029 2
9030 2
9031 16
9032 5
9033 36
9034 3
9035 12
9036 3
9037 10
9038 2
9039 8
9040 1
9041 18
9042 1
9043 12
9044 2
9045 12
9046 6
9047 18
9048 1
9049 30
9050 11
9051 10
9052 4
9053 6
9054 4
9055 6
9056 5
9057 4
9058 1
9059 2
9060 2
9061 6
9062 8
9063 2
9064 10
9065 2
9066 1
9067 4
9068 5
9069 4
9070 3
9071 2
9072 5
9073 4
9074 2
9075 14
9076 7
9077 8
9078 4
9079 12
9080 3
9081 8
9082 6
9083 6
9084 2
9085 4
9086 3
9087 14
9088 4
9089 14
9090 1
9091 6
9092 3
9093 4
9094 3
9095 2
9096 5
9097 4
9098 5
9099 2
9100 6
9101 18
9102 1
9103 34
9104 9
9105 2
9106 7
9107 18
9108 1
9109 28
9110 12
9111 2
9112 3
9113 6
9114 2
9115 10
9116 2
9117 4
9118 4
9119 8
9120 3
9121 6
9122 3
9123 4
9124 4
9125 2
9126 1
9127 16
9128 2
9129 10
9130 9
9131 6
9132 1
9133 6
9134 2
9135 4
9136 1
9137 26
9138 5
9139 18
9140 8
9141 10
9142 3
9143 2
9144 2
9145 12
9146 6
9147 24
9148 7
9149 12
9150 1
9151 6
9152 3
9153 2
9154 9
9155 2
9156 1
9157 4
9158 6
9159 4
9160 1
9161 30
9162 3
9163 4
9164 2
9165 14
9166 13
9167 14
9168 5
9169 4
9170 2
9171 8
9172 1
9173 20
9174 4
9175 6
9176 2
9177 4
9178 4
9179 8
9180 1
9181 10
9182 14
9183 2
9184 9
9185 2
9186 1
9187 4
9188 20
9189 2
9190 4
9191 6
9192 9
9193 16
9194 3
9195 4
9196 7
9197 30
9198 1
9199 54
9200 2
9201 6
9202 1
9203 6
9204 5
9205 4
9206 2
9207 6
9208 1
9209 8
9210 3
9211 10
9212 5
9213 2
9214 4
9215 6
9216 2
9217 24
9218 5
9219 2
9220 1
9221 2
9222 6
9223 6
9224 3
9225 2
9226 1
9227 44
9228 2
9229 12
9230 2
9231 8
9232 3
9233 6
9234 5
9235 6
9236 5
9237 8
9238 1
9239 14
9240 1
9241 30
9242 11
9243 4
9244 3
9245 8
9246 2
9247 28
9248 9
9249 4
9250 3
9251 2
9252 5
9253 4
9254 3
9255 4
9256 1
9257 18
9258 2
9259 12
9260 2
9261 2
9262 4
9263 6
9264 3
9265 4
9266 3
9267 6
9268 6
9269 2
9270 2
9271 12
9272 3
9273 6
9274 3
9275 8
9276 1
9277 6
9278 11
9279 4
9280 1
9281 12
9282 1
9283 10
9284 9
9285 6
9286 6
9287 8
9288 5
9289 22
9290 5
9291 2
9292 1
9293 2
9294 3
9295 4
9296 2
9297 4
9298 12
9299 48
9300 3
9301 6
9302 5
9303 6
9304 4
9305 8
9306 3
9307 6
9308 2
9309 32
9310 1
9311 8
9312 11
9313 4
9314 3
9315 8
9316 6
9317 6
9318 1
9319 4
9320 3
9321 6
9322 1
9323 14
9324 7
9325 10
9326 8
9327 4
9328 4
9329 12
9330 2
9331 6
9332 3
9333 12
9334 4
9335 2
9336 1
9337 10
9338 5
9339 2
9340 1
9341 8
9342 1
9343 16
9344 12
9345 2
9346 7
9347 14
9348 1
9349 4
9350 2
9351 12
9352 3
9353 12
9354 5
9355 6
9356 2
9357 8
9358 6
9359 2
9360 3
9361 6
9362 3
9363 6
9364 19
9365 2
9366 3
9367 16
9368 6
9369 12
9370 1
9371 2
9372 4
9373 4
9374 2
9375 4
9376 1
9377 6
9378 2
9379 4
9380 5
9381 10
9382 4
9383 6
9384 4
9385 6
9386 2
9387 4
9388 7
9389 14
9390 1
9391 10
9392 14
9393 2
9394 3
9395 8
9396 1
9397 4
9398 2
9399 8
9400 3
9401 2
9402 1
9403 30
9404 15
9405 6
9406 3
9407 6
9408 4
9409 12
9410 5
9411 6
9412 1
9413 6
9414 4
9415 10
9416 8
9417 6
9418 1
9419 2
9420 1
9421 6
9422 5
9423 4
9424 12
9425 8
9426 3
9427 16
9428 6
9429 2
9430 1
9431 12
9432 1
9433 6
9434 2
9435 6
9436 1
9437 30
9438 1
9439 34
9440 8
9441 16
9442 9
9443 6
9444 5
9445 4
9446 17
9447 8
9448 7
9449 2
9450 3
9451 22
9452 6
9453 4
9454 7
9455 2
9456 2
9457 18
9458 2
9459 2
9460 1
9461 6
9462 1
9463 4
9464 3
9465 4
9466 1
9467 38
9468 6
9469 22
9470 3
9471 6
9472 1
9473 2
9474 4
9475 18
9476 3
9477 10
9478 1
9479 2
9480 7
9481 10
9482 3
9483 12
9484 10
9485 6
9486 2
9487 6
9488 5
9489 2
9490 1
9491 30
9492 3
9493 36
9494 9
9495 10
9496 1
9497 6
9498 4
9499 4
9500 2
9501 12
9502 10
9503 30
9504 2
9505 16
9506 2
9507 10
9508 21
9509 18
9510 1
9511 10
9512 3
9513 4
9514 9
9515 2
9516 3
9517 4
9518 2
9519 10
9520 1
9521 26
9522 11
9523 6
9524 3
9525 2
9526 3
9527 6
9528 4
9529 22
9530 3
9531 8
9532 1
9533 24
9534 2
9535 22
9536 2
9537 4
9538 1
9539 2
9540 2
9541 12
9542 3
9543 2
9544 4
9545 6
9546 1
9547 4
9548 5
9549 4
9550 1
9551 12
9552 3
9553 10
9554 3
9555 6
9556 3
9557 18
9558 5
9559 4
9560 2
9561 6
9562 3
9563 12
9564 7
9565 4
9566 6
9567 8
9568 4
9569 2
9570 2
9571 6
9572 18
9573 10
9574 3
9575 12
9576 3
9577 24
9578 2
9579 4
9580 4
9581 2
9582 4
9583 4
9584 3
9585 12
9586 1
9587 8
9588 6
9589 10
9590 2
9591 2
9592 15
9593 6
9594 4
9595 6
9596 3
9597 8
9598 4
9599 32
9600 1
9601 36
9602 3
9603 2
9604 3
9605 2
9606 2
9607 28
9608 6
9609 2
9610 7
9611 6
9612 1
9613 4
9614 3
9615 2
9616 6
9617 14
9618 1
9619 12
9620 8
9621 6
9622 1
9623 20
9624 2
9625 4
9626 3
9627 8
9628 1
9629 2
9630 1
9631 6
9632 6
9633 2
9634 13
9635 8
9636 2
9637 24
9638 6
9639 4
9640 3
9641 6
9642 1
9643 6
9644 2
9645 10
9646 7
9647 14
9648 1
9649 18
9650 2
9651 16
9652 4
9653 12
9654 2
9655 12
9656 5
9657 4
9658 7
9659 2
9660 1
9661 12
9662 5
9663 4
9664 15
9665 6
9666 2
9667 4
9668 5
9669 4
9670 12
9671 6
9672 3
9673 4
9674 3
9675 12
9676 1
9677 8
9678 1
9679 28
9680 9
9681 16
9682 4
9683 6
9684 4
9685 6
9686 2
9687 4
9688 1
9689 2
9690 2
9691 6
9692 3
9693 2
9694 12
9695 2
9696 1
9697 16
9698 5
9699 14
9700 3
9701 2
9702 8
9703 12
9704 9
9705 4
9706 6
9707 6
9708 2
9709 18
9710 2
9711 2
9712 3
9713 2
9714 2
9715 4
9716 2
9717 10
9718 1
9719 14
9720 1
9721 16
9722 3
9723 2
9724 3
9725 8
9726 3
9727 6
9728 2
9729 4
9730 3
9731 2
9732 1
9733 4
9734 2
9735 2
9736 3
9737 14
9738 1
9739 18
9740 3
9741 2
9742 1
9743 14
9744 2
9745 16
9746 5
9747 8
9748 1
9749 12
9750 2
9751 10
9752 5
9753 2
9754 7
9755 8
9756 3
9757 6
9758 6
9759 12
9760 4
9761 6
9762 3
9763 6
9764 5
9765 2
9766 1
9767 6
9768 1
9769 18
9770 2
9771 2
9772 4
9773 32
9774 4
9775 22
9776 2
9777 10
9778 4
9779 2
9780 1
9781 6
9782 3
9783 4
9784 7
9785 2
9786 1
9787 10
9788 2
9789 4
9790 1
9791 2
9792 9
9793 10
9794 3
9795 4
9796 3
9797 18
9798 2
9799 18
9800 3
9801 2
9802 1
9803 24
9804 2
9805 6
9806 5
9807 4
9808 4
9809 12
9810 1
9811 18
9812 3
9813 12
9814 3
9815 26
9816 1
9817 34
9818 6
9819 8
9820 6
9821 8
9822 8
9823 4
9824 3
9825 4
9826 13
9827 6
9828 1
9829 4
9830 2
9831 8
9832 1
9833 20
9834 5
9835 4
9836 12
9837 6
9838 1
9839 8
9840 2
9841 10
9842 3
9843 2
9844 7
9845 14
9846 6
9847 6
9848 2
9849 2
9850 1
9851 6
9852 4
9853 6
9854 2
9855 20
9856 1
9857 8
9858 1
9859 22
9860 3
9861 6
9862 3
9863 2
9864 10
9865 4
9866 3
9867 14
9868 6
9869 2
9870 1
9871 10
9872 6
9873 6
9874 7
9875 2
9876 2
9877 4
9878 5
9879 2
9880 3
9881 2
9882 1
9883 16
9884 17
9885 4
9886 1
9887 18
9888 2
9889 12
9890 3
9891 10
9892 4
9893 6
9894 3
9895 4
9896 2
9897 14
9898 9
9899 8
9900 1
9901 6
9902 9
9903 6
9904 9
9905 8
9906 1
9907 6
9908 12
9909 2
9910 7
9911 6
9912 6
9913 10
9914 9
9915 20
9916 6
9917 8
9918 6
9919 10
9920 2
9921 2
9922 1
9923 6
9924 8
9925 10
9926 2
9927 4
9928 1
9929 8
9930 1
9931 12
9932 11
9933 2
9934 3
9935 6
9936 5
9937 4
9938 6
9939 10
9940 1
9941 12
9942 4
9943 6
9944 2
9945 2
9946 7
9947 20
9948 1
9949 12
9950 3
9951 6
9952 16
9953 14
9954 3
9955 4
9956 2
9957 4
9958 10
9959 2
9960 3
9961 10
9962 5
9963 2
9964 4
9965 6
9966 1
9967 4
9968 2
9969 4
9970 15
9971 8
9972 1
9973 12
9974 2
9975 4
9976 7
9977 6
9978 5
9979 18
9980 2
9981 2
9982 3
9983 12
9984 4
9985 24
9986 2
9987 10
9988 4
9989 2
9990 7
9991 16
9992 11
9993 22
9994 3
9995 2
9996 2
9997 4
9998 2
9999 10
10000 7
10001 36
10002 4
10003 4
10004 3
10005 2
10006 1
10007 24
10008 1
10009 4
10010 2
10011 2
10012 25
10013 12
10014 2
10015 6
10016 12
10017 6
10018 9
10019 8
10020 5
10021 6
10022 5
10023 2
10024 9
10025 2
10026 5
10027 10
10028 6
10029 8
10030 3
10031 2
10032 3
10033 12
10034 3
10035 2
10036 1
10037 6
10038 1
10039 10
10040 11
10041 8
10042 4
10043 6
10044 2
10045 6
10046 3
10047 4
10048 4
10049 18
10050 2
10051 10
10052 5
10053 2
10054 7
10055 6
10056 2
10057 6
10058 2
10059 4
10060 1
10061 2
10062 3
10063 4
10064 2
10065 24
10066 1
10067 8
10068 1
10069 4
10070 3
10071 2
10072 4
10073 2
10074 2
10075 16
10076 6
10077 14
10078 1
10079 14
10080 2
10081 10
10082 5
10083 12
10084 3
10085 8
10086 2
10087 46
10088 2
10089 4
10090 1
10091 2
10092 1
10093 10
10094 9
10095 8
10096 13
10097 8
10098 1
10099 12
10100 2
10101 6
10102 1
10103 14
10104 3
10105 6
10106 3
10107 4
10108 4
10109 2
10110 1
10111 10
10112 8
10113 6
10114 10
10115 2
10116 2
10117 6
10118 5
10119 8
10120 7
10121 6
10122 3
10123 4
10124 2
10125 8
10126 6
10127 6
10128 9
10129 22
10130 2
10131 8
10132 1
10133 14
10134 2
10135 6
10136 11
10137 8
10138 1
10139 18
10140 1
10141 10
10142 3
10143 2
10144 4
10145 14
10146 7
10147 28
10148 2
10149 4
10150 1
10151 26
10152 4
10153 6
10154 8
10155 26
10156 3
10157 6
10158 1
10159 4
10160 6
10161 2
10162 1
10163 2
10164 3
10165 16
10166 2
10167 20
10168 1
10169 8
10170 2
10171 6
10172 3
10173 2
10174 4
10175 6
10176 1
10177 4
10178 2
10179 2
10180 1
10181 12
10182 8
10183 6
10184 2
10185 14
10186 3
10187 14
10188 6
10189 10
10190 5
10191 18
10192 1
10193 24
10194 2
10195 18
10196 2
10197 14
10198 7
10199 2
10200 4
10201 22
10202 11
10203 2
10204 7
10205 2
10206 5
10207 4
10208 9
10209 12
10210 1
10211 8
10212 3
10213 4
10214 3
10215 2
10216 3
10217 8
10218 7
10219 10
10220 2
10221 2
10222 1
10223 6
10224 4
10225 10
10226 5
10227 6
10228 7
10229 30
10230 5
10231 16
10232 3
10233 4
10234 3
10235 14
10236 6
10237 4
10238 2
10239 2
10240 4
10241 2
10242 1
10243 4
10244 8
10245 6
10246 1
10247 6
10248 4
10249 22
10250 9
10251 6
10252 1
10253 2
10254 2
10255 10
10256 15
10257 6
10258 1
10259 8
10260 2
10261 10
10262 14
10263 16
10264 4
10265 14
10266 1
10267 6
10268 5
10269 4
10270 1
10271 2
10272 1
10273 22
10274 2
10275 2
10276 3
10277 8
10278 4
10279 4
10280 3
10281 2
10282 16
10283 12
10284 3
10285 4
10286 3
10287 4
10288 1
10289 24
10290 3
10291 10
10292 5
10293 10
10294 4
10295 8
10296 2
10297 4
10298 9
10299 2
10300 1
10301 20
10302 1
10303 4
10304 5
10305 2
10306 6
10307 6
10308 4
10309 10
10310 3
10311 12
10312 1
10313 2
10314 4
10315 16
10316 3
10317 4
10318 6
10319 2
10320 1
10321 6
10322 6
10323 10
10324 7
10325 8
10326 5
10327 16
10328 14
10329 8
10330 1
10331 2
10332 1
10333 4
10334 18
10335 4
10336 1
10337 14
10338 5
10339 4
10340 2
10341 6
10342 1
10343 30
10344 3
10345 4
10346 2
10347 4
10348 9
10349 8
10350 3
10351 10
10352 9
10353 2
10354 3
10355 6
10356 1
10357 6
10358 2
10359 2
10360 3
10361 8
10362 11
10363 4
10364 8
10365 2
10366 16
10367 14
10368 1
10369 12
10370 20
10371 2
10372 6
10373 2
10374 2
10375 22
10376 2
10377 20
10378 4
10379 2
10380 4
10381 10
10382 3
10383 6
10384 3
10385 2
10386 2
10387 4
10388 5
10389 12
10390 1
10391 6
10392 3
10393 12
10394 2
10395 10
10396 3
10397 6
10398 1
10399 4
10400 6
10401 16
10402 4
10403 2
10404 2
10405 4
10406 3
10407 8
10408 12
10409 8
10410 3
10411 6
10412 3
10413 16
10414 42
10415 12
10416 3
10417 4
10418 9
10419 12
10420 4
10421 12
10422 3
10423 6
10424 2
10425 8
10426 1
10427 6
10428 1
10429 12
10430 6
10431 8
10432 1
10433 12
10434 4
10435 12
10436 2
10437 8
10438 10
10439 2
10440 3
10441 22
10442 3
10443 2
10444 3
10445 8
10446 12
10447 6
10448 2
10449 2
10450 4
10451 2
10452 1
10453 4
10454 38
10455 6
10456 1
10457 6
10458 1
10459 12
10460 2
10461 8
10462 1
10463 26
10464 2
10465 6
10466 11
10467 8
10468 7
10469 2
10470 7
10471 6
10472 5
10473 2
10474 4
10475 6
10476 1
10477 16
10478 5
10479 2
10480 7
10481 2
10482 8
10483 10
10484 8
10485 4
10486 1
10487 14
10488 4
10489 4
10490 2
10491 2
10492 3
10493 20
10494 7
10495 4
10496 3
10497 6
10498 1
10499 14
10500 1
10501 12
10502 5
10503 4
10504 3
10505 2
10506 2
10507 10
10508 2
10509 2
10510 3
10511 2
10512 1
10513 6
10514 3
10515 2
10516 6
10517 6
10518 4
10519 12
10520 12
10521 6
10522 3
10523 20
10524 3
10525 4
10526 5
10527 16
10528 1
10529 2
10530 1
10531 18
10532 9
10533 2
10534 10
10535 6
10536 10
10537 28
10538 5
10539 4
10540 6
10541 6
10542 3
10543 12
10544 2
10545 4
10546 6
10547 8
10548 4
10549 4
10550 2
10551 12
10552 3
10553 2
10554 3
10555 4
10556 6
10557 8
10558 1
10559 14
10560 2
10561 6
10562 3
10563 12
10564 4
10565 6
10566 1
10567 18
10568 6
10569 2
10570 4
10571 2
10572 5
10573 4
10574 2
10575 10
10576 3
10577 6
10578 2
10579 12
10580 3
10581 2
10582 6
10583 6
10584 2
10585 16
10586 11
10587 4
10588 1
10589 2
10590 3
10591 16
10592 8
10593 2
10594 7
10595 2
10596 1
10597 10
10598 6
10599 4
10600 1
10601 6
10602 4
10603 10
10604 12
10605 2
10606 1
10607 8
10608 4
10609 4
10610 2
10611 6
10612 1
10613 2
10614 4
10615 4
10616 3
10617 6
10618 4
10619 14
10620 5
10621 6
10622 8
10623 2
10624 3
10625 18
10626 1
10627 4
10628 14
10629 10
10630 1
10631 8
10632 5
10633 4
10634 2
10635 8
10636 7
10637 6
10638 1
10639 4
10640 5
10641 2
10642 4
10643 12
10644 4
10645 10
10646 5
10647 4
10648 15
10649 8
10650 1
10651 6
10652 3
10653 10
10654 3
10655 18
10656 1
10657 18
10658 2
10659 2
10660 3
10661 2
10662 1
10663 16
10664 8
10665 16
10666 1
10667 18
10668 9
10669 4
10670 2
10671 8
10672 4
10673 2
10674 4
10675 4
10676 3
10677 4
10678 7
10679 32
10680 5
10681 12
10682 5
10683 14
10684 4
10685 12
10686 1
10687 6
10688 2
10689 2
10690 1
10691 2
10692 3
10693 4
10694 3
10695 2
10696 3
10697 8
10698 2
10699 4
10700 2
10701 12
10702 10
10703 2
10704 7
10705 4
10706 3
10707 4
10708 1
10709 2
10710 1
10711 18
10712 11
10713 4
10714 3
10715 14
10716 2
10717 6
10718 5
10719 12
10720 7
10721 6
10722 1
10723 12
10724 3
10725 4
10726 7
10727 8
10728 1
10729 12
10730 3
10731 16
10732 1
10733 2
10734 3
10735 10
10736 5
10737 16
10738 1
10739 30
10740 2
10741 28
10742 6
10743 2
10744 3
10745 2
10746 2
10747 4
10748 6
10749 2
10750 3
10751 2
10752 1
10753 4
10754 9
10755 12
10756 15
10757 20
10758 2
10759 4
10760 2
10761 2
10762 4
10763 6
10764 2
10765 6
10766 3
10767 8
10768 6
10769 12
10770 1
10771 6
10772 5
10773 4
10774 3
10775 8
10776 5
10777 6
10778 2
10779 2
10780 1
10781 2
10782 6
10783 4
10784 2
10785 14
10786 3
10787 8
10788 1
10789 12
10790 3
10791 6
10792 3
10793 2
10794 2
10795 10
10796 8
10797 4
10798 1
10799 2
10800 2
10801 10
10802 5
10803 14
10804 3
10805 2
10806 2
10807 18
10808 2
10809 4
10810 18
10811 12
10812 13
10813 6
10814 3
10815 4
10816 10
10817 18
10818 5
10819 10
10820 5
10821 6
10822 3
10823 2
10824 2
10825 6
10826 3
10827 10
10828 4
10829 14
10830 1
10831 16
10832 3
10833 20
10834 3
10835 6
10836 1
10837 24
10838 6
10839 12
10840 9
10841 2
10842 6
10843 22
10844 3
10845 6
10846 1
10847 24
10848 6
10849 4
10850 2
10851 16
10852 1
10853 6
10854 3
10855 12
10856 2
10857 8
10858 1
10859 14
10860 1
10861 6
10862 3
10863 2
10864 4
10865 14
10866 1
10867 6
10868 2
10869 2
10870 3
10871 8
10872 5
10873 6
10874 5
10875 2
10876 6
10877 18
10878 2
10879 4
10880 5
10881 6
10882 1
10883 2
10884 3
10885 4
10886 2
10887 6
10888 1
10889 18
10890 1
10891 12
10892 6
10893 2
10894 4
10895 6
10896 10
10897 10
10898 17
10899 2
10900 9
10901 2
10902 1
10903 4
10904 3
10905 14
10906 3
10907 8
10908 1
10909 22
10910 2
10911 10
10912 4
10913 6
10914 8
10915 4
10916 3
10917 4
10918 15
10919 2
10920 2
10921 10
10922 9
10923 6
10924 9
10925 2
10926 3
10927 6
10928 11
10929 2
10930 4
10931 2
10932 3
10933 6
10934 3
10935 2
10936 1
10937 24
10938 1
10939 10
10940 2
10941 6
10942 9
10943 12
10944 3
10945 4
10946 2
10947 4
10948 1
10949 14
10950 4
10951 6
10952 6
10953 6
10954 7
10955 2
10956 1
10957 34
10958 11
10959 14
10960 6
10961 18
10962 3
10963 4
10964 2
10965 8
10966 10
10967 24
10968 2
10969 24
10970 3
10971 2
10972 1
10973 6
10974 7
10975 6
10976 5
10977 16
10978 1
10979 8
10980 2
10981 30
10982 14
10983 4
10984 10
10985 8
10986 1
10987 18
10988 2
10989 10
10990 3
10991 12
10992 1
10993 4
10994 3
10995 2
10996 10
10997 6
10998 2
10999 4
11000 5
11001 2
11002 1
11003 14
11004 3
11005 4
11006 2
11007 4
11008 16
11009 12
11010 4
11011 6
11012 3
11013 2
11014 12
11015 2
11016 3
11017 6
11018 2
11019 2
11020 7
11021 8
11022 4
11023 16
11024 3
11025 2
11026 1
11027 26
11028 6
11029 10
11030 3
11031 2
11032 4
11033 2
11034 5
11035 12
11036 2
11037 24
11038 7
11039 2
11040 5
11041 30
11042 8
11043 10
11044 9
11045 2
11046 1
11047 4
11048 15
11049 10
11050 3
11051 20
11052 9
11053 12
11054 2
11055 2
11056 1
11057 6
11058 1
11059 12
11060 3
11061 2
11062 4
11063 12
11064 2
11065 10
11066 2
11067 4
11068 1
11069 32
11070 1
11071 10
11072 14
11073 2
11074 3
11075 30
11076 2
11077 6
11078 2
11079 2
11080 9
11081 20
11082 1
11083 6
11084 32
11085 2
11086 1
11087 6
11088 5
11089 4
11090 6
11091 8
11092 1
11093 12
11094 2
11095 4
11096 2
11097 4
11098 7
11099 8
11100 3
11101 12
11102 5
11103 10
11104 4
11105 12
11106 7
11107 6
11108 5
11109 8
11110 3
11111 18
11112 1
11113 4
11114 2
11115 16
11116 1
11117 8
11118 1
11119 10
11120 6
11121 8
11122 6
11123 2
11124 4
11125 4
11126 5
11127 6
11128 9
11129 2
11130 1
11131 42
11132 5
11133 4
11134 3
11135 2
11136 2
11137 4
11138 2
11139 2
11140 6
11141 2
11142 3
11143 10
11144 5
11145 2
11146 6
11147 6
11148 1
11149 10
11150 11
11151 2
11152 3
11153 2
11154 4
11155 4
11156 3
11157 6
11158 1
11159 8
11160 1
11161 10
11162 3
11163 16
11164 3
11165 12
11166 7
11167 6
11168 11
11169 20
11170 1
11171 2
11172 1
11173 10
11174 2
11175 4
11176 1
11177 8
11178 10
11179 10
11180 5
11181 8
11182 3
11183 2
11184 2
11185 4
11186 5
11187 10
11188 4
11189 8
11190 2
11191 12
11192 3
11193 4
11194 4
11195 2
11196 1
11197 4
11198 2
11199 4
11200 3
11201 30
11202 4
11203 6
11204 2
11205 6
11206 3
11207 8
11208 5
11209 22
11210 6
11211 8
11212 1
11213 20
11214 9
11215 12
11216 2
11217 18
11218 10
11219 8
11220 2
11221 18
11222 9
11223 2
11224 7
11225 20
11226 2
11227 4
11228 6
11229 4
11230 13
11231 8
11232 9
11233 6
11234 2
11235 6
11236 7
11237 8
11238 1
11239 22
11240 2
11241 2
11242 1
11243 12
11244 9
11245 22
11246 3
11247 8
11248 6
11249 12
11250 1
11251 18
11252 3
11253 4
11254 7
11255 2
11256 1
11257 10
11258 9
11259 8
11260 1
11261 6
11262 5
11263 4
11264 9
11265 2
11266 12
11267 14
11268 7
11269 4
11270 2
11271 2
11272 1
11273 12
11274 2
11275 6
11276 3
11277 8
11278 1
11279 12
11280 4
11281 16
11282 29
11283 2
11284 4
11285 2
11286 1
11287 6
11288 15
11289 8
11290 3
11291 20
11292 10
11293 6
11294 8
11295 4
11296 3
11297 6
11298 1
11299 4
11300 5
11301 6
11302 9
11303 6
11304 9
11305 10
11306 2
11307 6
11308 4
11309 2
11310 1
11311 6
11312 3
11313 10
11314 13
11315 6
11316 1
11317 10
11318 2
11319 2
11320 1
11321 2
11322 3
11323 4
11324 9
11325 2
11326 6
11327 8
11328 1
11329 4
11330 8
11331 6
11332 3
11333 14
11334 2
11335 4
11336 5
11337 6
11338 7
11339 2
11340 4
11341 12
11342 5
11343 6
11344 3
11345 2
11346 3
11347 4
11348 2
11349 2
11350 1
11351 18
11352 1
11353 4
11354 2
11355 8
11356 7
11357 18
11358 2
11359 10
11360 2
11361 12
11362 9
11363 2
11364 5
11365 22
11366 12
11367 16
11368 1
11369 2
11370 2
11371 6
11372 8
11373 6
11374 3
11375 2
11376 3
11377 28
11378 5
11379 8
11380 3
11381 12
11382 1
11383 4
11384 2
11385 4
11386 3
11387 8
11388 2
11389 4
11390 3
11391 2
11392 1
11393 2
11394 3
11395 6
11396 12
11397 4
11398 1
11399 8
11400 7
11401 12
11402 11
11403 2
11404 3
11405 2
11406 6
11407 6
11408 2
11409 20
11410 1
11411 18
11412 6
11413 22
11414 18
11415 6
11416 10
11417 14
11418 4
11419 4
11420 3
11421 8
11422 1
11423 6
11424 3
11425 18
11426 2
11427 14
11428 7
11429 2
11430 2
11431 10
11432 3
11433 12
11434 3
11435 2
11436 1
11437 10
11438 2
11439 4
11440 13
11441 8
11442 1
11443 6
11444 5
11445 10
11446 1
11447 6
11448 5
11449 18
11450 2
11451 12
11452 6
11453 2
11454 4
11455 4
11456 3
11457 6
11458 4
11459 8
11460 2
11461 6
11462 26
11463 4
11464 9
11465 6
11466 1
11467 4
11468 2
11469 8
11470 1
11471 2
11472 19
11473 4
11474 14
11475 8
11476 3
11477 6
11478 7
11479 18
11480 2
11481 2
11482 1
11483 6
11484 8
11485 16
11486 2
11487 4
11488 1
11489 12
11490 1
11491 6
11492 20
11493 14
11494 3
11495 8
11496 1
11497 4
11498 9
11499 20
11500 3
11501 2
11502 1
11503 6
11504 3
11505 2
11506 3
11507 18
11508 2
11509 30
11510 2
11511 6
11512 3
11513 2
11514 2
11515 4
11516 3
11517 16
11518 1
11519 2
11520 2
11521 6
11522 8
11523 4
11524 7
11525 6
11526 1
11527 6
11528 2
11529 2
11530 3
11531 2
11532 6
11533 4
11534 3
11535 2
11536 10
11537 8
11538 4
11539 12
11540 2
11541 6
11542 10
11543 2
11544 7
11545 4
11546 5
11547 8
11548 1
11549 2
11550 1
11551 40
11552 6
11553 12
11554 13
11555 12
11556 5
11557 4
11558 2
11559 4
11560 10
11561 8
11562 3
11563 6
11564 3
11565 2
11566 7
11567 6
11568 4
11569 12
11570 11
11571 2
11572 9
11573 6
11574 7
11575 4
11576 3
11577 4
11578 1
11579 2
11580 5
11581 10
11582 3
11583 2
11584 4
11585 8
11586 1
11587 4
11588 36
11589 10
11590 7
11591 20
11592 1
11593 10
11594 2
11595 4
11596 1
11597 14
11598 2
11599 22
11600 2
11601 2
11602 3
11603 56
11604 2
11605 16
11606 3
11607 8
11608 9
11609 12
11610 4
11611 12
11612 5
11613 2
11614 3
11615 6
11616 1
11617 16
11618 6
11619 4
11620 1
11621 18
11622 4
11623 6
11624 8
11625 2
11626 18
11627 6
11628 12
11629 22
11630 5
11631 16
11632 1
11633 12
11634 2
11635 10
11636 8
11637 4
11638 6
11639 2
11640 9
11641 6
11642 5
11643 4
11644 7
11645 2
11646 2
11647 4
11648 2
11649 10
11650 4
11651 12
11652 9
11653 10
11654 3
11655 2
11656 1
11657 8
11658 4
11659 22
11660 2
11661 20
11662 4
11663 2
11664 5
11665 6
11666 2
11667 6
11668 6
11669 2
11670 4
11671 12
11672 8
11673 6
11674 3
11675 6
11676 1
11677 18
11678 2
11679 10
11680 1
11681 20
11682 5
11683 6
11684 2
11685 2
11686 3
11687 6
11688 1
11689 4
11690 5
11691 8
11692 4
11693 12
11694 3
11695 24
11696 3
11697 6
11698 1
11699 2
11700 1
11701 6
11702 3
11703 26
11704 4
11705 14
11706 6
11707 4
11708 2
11709 14
11710 7
11711 12
11712 11
11713 4
11714 14
11715 2
11716 1
11717 14
11718 1
11719 4
11720 5
11721 6
11722 4
11723 2
11724 9
11725 4
11726 5
11727 16
11728 10
11729 2
11730 1
11731 12
11732 5
11733 4
11734 7
11735 14
11736 2
11737 6
11738 6
11739 4
11740 3
11741 12
11742 1
11743 6
11744 12
11745 14
11746 7
11747 26
11748 2
11749 4
11750 3
11751 6
11752 3
11753 32
11754 2
11755 12
11756 6
11757 8
11758 6
11759 14
11760 3
11761 22
11762 6
11763 12
11764 4
11765 2
11766 5
11767 10
11768 2
11769 2
11770 3
11771 6
11772 3
11773 4
11774 2
11775 8
11776 1
11777 6
11778 1
11779 24
11780 2
11781 2
11782 1
11783 2
11784 3
11785 10
11786 6
11787 4
11788 1
11789 14
11790 2
11791 10
11792 6
11793 14
11794 7
11795 20
11796 2
11797 4
11798 5
11799 2
11800 1
11801 2
11802 3
11803 12
11804 2
11805 4
11806 1
11807 6
11808 6
11809 4
11810 5
11811 2
11812 1
11813 2
11814 2
11815 6
11816 2
11817 4
11818 7
11819 12
11820 1
11821 10
11822 11
11823 4
11824 4
11825 6
11826 1
11827 4
11828 5
11829 4
11830 1
11831 2
11832 1
11833 6
11834 2
11835 2
11836 3
11837 6
11838 1
11839 30
11840 3
11841 10
11842 3
11843 2
11844 2
11845 4
11846 11
11847 4
11848 6
11849 8
11850 14
11851 16
11852 9
11853 6
11854 4
11855 8
11856 3
11857 6
11858 11
11859 2
11860 4
11861 6
11862 1
11863 12
11864 3
11865 6
11866 1
11867 36
11868 5
11869 10
11870 2
11871 2
11872 3
11873 2
11874 4
11875 4
11876 2
11877 6
11878 4
11879 20
11880 2
11881 6
11882 6
11883 2
11884 9
11885 20
11886 1
11887 24
11888 5
11889 10
11890 3
11891 6
11892 3
11893 6
11894 2
11895 4
11896 1
11897 8
11898 6
11899 12
11900 2
11901 18
11902 1
11903 6
11904 8
11905 24
11906 2
11907 4
11908 1
11909 2
11910 3
11911 16
11912 5
11913 2
11914 4
11915 2
11916 2
11917 6
11918 14
11919 10
11920 4
11921 6
11922 1
11923 16
11924 5
11925 4
11926 1
11927 6
11928 2
11929 4
11930 5
11931 10
11932 1
11933 12
11934 2
11935 4
11936 2
11937 14
11938 1
11939 2
11940 1
11941 6
11942 11
11943 2
11944 4
11945 6
11946 2
11947 36
11948 17
11949 2
11950 3
11951 6
11952 1
11953 6
11954 2
11955 2
11956 3
11957 26
11958 1
11959 4
11960 6
11961 10
11962 18
11963 14
11964 2
11965 16
11966 3
11967 4
11968 1
11969 12
11970 1
11971 12
11972 15
11973 12
11974 3
11975 8
11976 7
11977 10
11978 2
11979 4
11980 1
11981 6
11982 8
11983 4
11984 5
11985 2
11986 1
11987 18
11988 2
11989 10
11990 2
11991 6
11992 3
11993 32
11994 3
11995 4
11996 2
11997 6
11998 7
11999 14
12000 2
12001 10
12002 3
12003 2
12004 3
12005 6
12006 1
12007 4
12008 5
12009 2
12010 1
12011 2
12012 3
12013 24
12014 2
12015 6
12016 15
12017 6
12018 4
12019 28
12020 3
12021 2
12022 3
12023 6
12024 2
12025 18
12026 11
12027 4
12028 6
12029 8
12030 2
12031 16
12032 3
12033 10
12034 7
12035 2
12036 1
12037 6
12038 2
12039 4
12040 1
12041 2
12042 1
12043 10
12044 8
12045 2
12046 6
12047 8
12048 1
12049 4
12050 3
12051 2
12052 6
12053 2
12054 2
12055 4
12056 2
12057 8
12058 7
12059 12
12060 2
12061 6
12062 3
12063 6
12064 7
12065 42
12066 2
12067 10
12068 2
12069 8
12070 1
12071 20
12072 1
12073 22
12074 12
12075 2
12076 3
12077 14
12078 4
12079 22
12080 3
12081 10
12082 6
12083 26
12084 2
12085 4
12086 11
12087 8
12088 4
12089 2
12090 2
12091 6
12092 3
12093 6
12094 7
12095 30
12096 1
12097 18
12098 2
12099 4
12100 1
12101 2
12102 3
12103 4
12104 3
12105 14
12106 1
12107 6
12108 1
12109 4
12110 6
12111 2
12112 1
12113 6
12114 2
12115 10
12116 11
12117 10
12118 1
12119 2
12120 4
12121 6
12122 5
12123 2
12124 3
12125 2
12126 5
12127 6
12128 17
12129 10
12130 9
12131 20
12132 5
12133 4
12134 8
12135 4
12136 6
12137 6
12138 7
12139 24
12140 2
12141 36
12142 1
12143 6
12144 3
12145 6
12146 8
12147 4
12148 1
12149 30
12150 3
12151 6
12152 3
12153 10
12154 9
12155 6
12156 1
12157 10
12158 2
12159 10
12160 1
12161 12
12162 1
12163 10
12164 2
12165 4
12166 6
12167 26
12168 2
12169 4
12170 20
12171 8
12172 10
12173 6
12174 3
12175 30
12176 3
12177 6
12178 7
12179 2
12180 3
12181 12
12182 9
12183 4
12184 13
12185 2
12186 2
12187 24
12188 14
12189 2
12190 3
12191 32
12192 5
12193 10
12194 3
12195 2
12196 1
12197 8
12198 6
12199 12
12200 5
12201 8
12202 1
12203 2
12204 4
12205 4
12206 2
12207 6
12208 9
12209 2
12210 1
12211 18
12212 3
12213 10
12214 3
12215 6
12216 7
12217 4
12218 5
12219 2
12220 10
12221 2
12222 4
12223 10
12224 5
12225 6
12226 1
12227 6
12228 5
12229 12
12230 3
12231 6
12232 3
12233 14
12234 2
12235 16
12236 2
12237 38
12238 1
12239 20
12240 1
12241 12
12242 5
12243 4
12244 15
12245 6
12246 3
12247 4
12248 9
12249 2
12250 1
12251 8
12252 1
12253 36
12254 2
12255 8
12256 7
12257 8
12258 2
12259 4
12260 3
12261 10
12262 1
12263 2
12264 3
12265 10
12266 2
12267 4
12268 1
12269 12
12270 4
12271 12
12272 15
12273 2
12274 10
12275 2
12276 1
12277 4
12278 9
12279 4
12280 1
12281 18
12282 3
12283 6
12284 9
12285 2
12286 10
12287 8
12288 1
12289 4
12290 3
12291 16
12292 3
12293 12
12294 4
12295 6
12296 2
12297 6
12298 4
12299 20
12300 1
12301 12
12302 5
12303 6
12304 3
12305 2
12306 3
12307 30
12308 6
12309 8
12310 3
12311 2
12312 5
12313 4
12314 3
12315 2
12316 6
12317 14
12318 9
12319 4
12320 8
12321 12
12322 1
12323 6
12324 3
12325 6
12326 3
12327 16
12328 1
12329 2
12330 5
12331 10
12332 3
12333 4
12334 3
12335 2
12336 5
12337 18
12338 2
12339 8
12340 3
12341 2
12342 1
12343 36
12344 15
12345 2
12346 1
12347 14
12348 2
12349 10
12350 5
12351 8
12352 3
12353 24
12354 2
12355 6
12356 5
12357 4
12358 4
12359 8
12360 6
12361 6
12362 3
12363 10
12364 18
12365 12
12366 2
12367 6
12368 6
12369 4
12370 4
12371 18
12372 1
12373 10
12374 2
12375 12
12376 1
12377 8
12378 1
12379 10
12380 8
12381 2
12382 4
12383 2
12384 4
12385 6
12386 3
12387 4
12388 9
12389 12
12390 1
12391 10
12392 5
12393 10
12394 10
12395 14
12396 2
12397 6
12398 5
12399 2
12400 1
12401 18
12402 5
12403 4
12404 2
12405 8
12406 7
12407 8
12408 1
12409 22
12410 2
12411 8
12412 1
12413 12
12414 3
12415 16
12416 5
12417 4
12418 6
12419 14
12420 1
12421 6
12422 8
12423 2
12424 3
12425 2
12426 5
12427 16
12428 5
12429 2
12430 7
12431 6
12432 1
12433 12
12434 5
12435 4
12436 1
12437 6
12438 2
12439 4
12440 3
12441 8
12442 6
12443 20
12444 2
12445 12
12446 3
12447 4
12448 12
12449 20
12450 1
12451 6
12452 3
12453 2
12454 3
12455 6
12456 1
12457 16
12458 2
12459 2
12460 6
12461 2
12462 5
12463 4
12464 8
12465 8
12466 6
12467 20
12468 7
12469 4
12470 5
12471 2
12472 1
12473 26
12474 3
12475 16
12476 2
12477 8
12478 1
12479 8
12480 3
12481 6
12482 3
12483 2
12484 4
12485 2
12486 1
12487 6
12488 2
12489 2
12490 1
12491 8
12492 9
12493 6
12494 2
12495 8
12496 1
12497 14
12498 4
12499 10
12500 3
12501 16
12502 1
12503 24
12504 13
12505 4
12506 2
12507 8
12508 4
12509 18
12510 1
12511 16
12512 3
12513 4
12514 10
12515 2
12516 1
12517 4
12518 2
12519 4
12520 3
12521 8
12522 3
12523 4
12524 3
12525 4
12526 1
12527 24
12528 2
12529 18
12530 3
12531 10
12532 4
12533 14
12534 7
12535 6
12536 2
12537 6
12538 1
12539 8
12540 1
12541 16
12542 6
12543 2
12544 3
12545 8
12546 1
12547 10
12548 2
12549 8
12550 9
12551 6
12552 1
12553 36
12554 3
12555 2
12556 6
12557 18
12558 2
12559 10
12560 2
12561 6
12562 10
12563 2
12564 3
12565 4
12566 3
12567 6
12568 1
12569 24
12570 5
12571 10
12572 3
12573 2
12574 7
12575 12
12576 1
12577 16
12578 17
12579 10
12580 4
12581 2
12582 1
12583 4
12584 2
12585 2
12586 15
12587 26
12588 1
12589 28
12590 6
12591 2
12592 6
12593 14
12594 2
12595 6
12596 5
12597 6
12598 9
12599 12
12600 1
12601 10
12602 21
12603 6
12604 3
12605 20
12606 5
12607 34
12608 21
12609 2
12610 1
12611 32
12612 1
12613 6
12614 2
12615 4
12616 18
12617 6
12618 1
12619 12
12620 3
12621 2
12622 16
12623 2
12624 4
12625 16
12626 2
12627 10
12628 4
12629 12
12630 2
12631 6
12632 3
12633 12
12634 10
12635 8
12636 1
12637 4
12638 14
12639 8
12640 1
12641 12
12642 5
12643 12
12644 9
12645 4
12646 1
12647 6
12648 4
12649 10
12650 2
12651 2
12652 1
12653 2
12654 2
12655 6
12656 5
12657 18
12658 1
12659 8
12660 2
12661 6
12662 3
12663 6
12664 3
12665 6
12666 5
12667 6
12668 9
12669 2
12670 1
12671 2
12672 5
12673 6
12674 2
12675 10
12676 10
12677 26
12678 2
12679 18
12680 6
12681 8
12682 3
12683 2
12684 3
12685 4
12686 2
12687 6
12688 1
12689 8
12690 11
12691 6
12692 8
12693 4
12694 3
12695 2
12696 1
12697 4
12698 12
12699 12
12700 18
12701 6
12702 1
12703 10
12704 2
12705 2
12706 3
12707 6
12708 4
12709 24
12710 6
12711 2
12712 1
12713 24
12714 4
12715 22
12716 3
12717 6
12718 4
12719 2
12720 1
12721 22
12722 3
12723 2
12724 7
12725 14
12726 2
12727 4
12728 2
12729 8
12730 9
12731 2
12732 3
12733 10
12734 2
12735 2
12736 7
12737 6
12738 1
12739 4
12740 6
12741 8
12742 1
12743 14
12744 7
12745 6
12746 3
12747 4
12748 4
12749 12
12750 4
12751 6
12752 5
12753 6
12754 10
12755 14
12756 1
12757 6
12758 11
12759 10
12760 3
12761 2
12762 1
12763 6
12764 14
12765 4
12766 3
12767 6
12768 2
12769 10
12770 2
12771 10
12772 3
12773 12
12774 9
12775 6
12776 3
12777 4
12778 10
12779 8
12780 1
12781 18
12782 11
12783 4
12784 4
12785 12
12786 6
12787 30
12788 2
12789 2
12790 1
12791 2
12792 3
12793 10
12794 2
12795 6
12796 6
12797 24
12798 1
12799 4
12800 2
12801 2
12802 10
12803 6
12804 2
12805 6
12806 6
12807 4
12808 1
12809 14
12810 2
12811 10
12812 6
12813 12
12814 4
12815 14
12816 2
12817 24
12818 5
12819 2
12820 1
12821 2
12822 1
12823 12
12824 8
12825 16
12826 7
12827 6
12828 1
12829 10
12830 5
12831 10
12832 4
12833 2
12834 5
12835 4
12836 2
12837 4
12838 6
12839 2
12840 1
12841 6
12842 11
12843 10
12844 7
12845 8
12846 2
12847 16
12848 17
12849 8
12850 6
12851 2
12852 1
12853 4
12854 5
12855 4
12856 3
12857 14
12858 2
12859 4
12860 5
12861 6
12862 4
12863 24
12864 3
12865 4
12866 2
12867 18
12868 4
12869 8
12870 2
12871 16
12872 9
12873 2
12874 25
12875 8
12876 3
12877 6
12878 6
12879 2
12880 4
12881 2
12882 18
12883 10
12884 3
12885 2
12886 6
12887 6
12888 1
12889 12
12890 3
12891 6
12892 1
12893 6
12894 4
12895 4
12896 2
12897 6
12898 1
12899 2
12900 2
12901 10
12902 3
12903 4
12904 3
12905 6
12906 1
12907 24
12908 12
12909 2
12910 1
12911 8
12912 3
12913 6
12914 14
12915 6
12916 1
12917 26
12918 1
12919 42
12920 2
12921 6
12922 1
12923 2
12924 2
12925 6
12926 6
12927 6
12928 4
12929 20
12930 3
12931 6
12932 5
12933 2
12934 3
12935 6
12936 2
12937 4
12938 9
12939 12
12940 1
12941 6
12942 4
12943 6
12944 2
12945 8
12946 3
12947 8
12948 6
12949 4
12950 3
12951 2
12952 1
12953 6
12954 4
12955 6
12956 2
12957 4
12958 1
12959 2
12960 6
12961 16
12962 5
12963 4
12964 7
12965 2
12966 1
12967 4
12968 14
12969 2
12970 9
12971 2
12972 1
12973 4
12974 3
12975 2
12976 7
12977 6
12978 1
12979 22
12980 5
12981 12
12982 1
12983 6
12984 2
12985 4
12986 3
12987 4
12988 6
12989 8
12990 2
12991 12
12992 3
12993 4
12994 4
12995 14
12996 6
12997 6
12998 2
12999 2
13000 1
13001 2
13002 1
13003 16
13004 8
13005 4
13006 1
13007 14
13008 1
13009 12
13010 2
13011 8
13012 9
13013 6
13014 2
13015 18
13016 11
13017 4
13018 7
13019 12
13020 2
13021 10
13022 5
13023 6
13024 10
13025 24
13026 2
13027 6
13028 5
13029 8
13030 4
13031 48
13032 1
13033 16
13034 3
13035 8
13036 1
13037 8
13038 4
13039 22
13040 6
13041 2
13042 1
13043 6
13044 3
13045 4
13046 3
13047 4
13048 1
13049 2
13050 4
13051 6
13052 3
13053 2
13054 3
13055 2
13056 2
13057 30
13058 14
13059 2
13060 3
13061 6
13062 1
13063 4
13064 8
13065 10
13066 3
13067 8
13068 10
13069 18
13070 2
13071 6
13072 3
13073 6
13074 5
13075 4
13076 2
13077 16
13078 4
13079 20
13080 2
13081 6
13082 20
13083 24
13084 9
13085 2
13086 6
13087 16
13088 2
13089 14
13090 4
13091 2
13092 1
13093 24
13094 2
13095 6
13096 6
13097 6
13098 1
13099 12
13100 3
13101 2
13102 1
13103 32
13104 2
13105 18
13106 8
13107 6
13108 1
13109 14
13110 5
13111 10
13112 14
13113 2
13114 3
13115 6
13116 5
13117 10
13118 2
13119 8
13120 1
13121 32
13122 3
13123 10
13124 2
13125 2
13126 1
13127 18
13128 11
13129 4
13130 2
13131 2
13132 3
13133 2
13134 7
13135 4
13136 3
13137 6
13138 4
13139 12
13140 4
13141 16
13142 6
13143 10
13144 7
13145 14
13146 1
13147 24
13148 2
13149 14
13150 1
13151 12
13152 4
13153 6
13154 2
13155 16
13156 10
13157 14
13158 1
13159 10
13160 2
13161 10
13162 1
13163 6
13164 10
13165 24
13166 3
13167 8
13168 4
13169 2
13170 1
13171 10
13172 9
13173 2
13174 4
13175 8
13176 1
13177 4
13178 2
13179 24
13180 3
13181 6
13182 1
13183 4
13184 5
13185 2
13186 1
13187 26
13188 7
13189 4
13190 5
13191 6
13192 4
13193 2
13194 9
13195 12
13196 2
13197 16
13198 7
13199 2
13200 6
13201 16
13202 3
13203 2
13204 4
13205 6
13206 3
13207 10
13208 2
13209 4
13210 3
13211 2
13212 6
13213 6
13214 5
13215 2
13216 1
13217 24
13218 1
13219 24
13220 8
13221 8
13222 3
13223 14
13224 2
13225 4
13226 3
13227 8
13228 1
13229 2
13230 11
13231 18
13232 5
13233 6
13234 3
13235 6
13236 3
13237 6
13238 5
13239 2
13240 1
13241 8
13242 3
13243 4
13244 2
13245 4
13246 7
13247 8
13248 1
13249 10
13250 2
13251 10
13252 19
13253 14
13254 4
13255 6
13256 2
13257 14
13258 1
13259 44
13260 5
13261 10
13262 9
13263 6
13264 7
13265 8
13266 1
13267 4
13268 6
13269 2
13270 6
13271 6
13272 4
13273 4
13274 32
13275 4
13276 3
13277 8
13278 2
13279 4
13280 2
13281 6
13282 3
13283 6
13284 8
13285 10
13286 2
13287 4
13288 12
13289 12
13290 1
13291 10
13292 3
13293 4
13294 3
13295 2
13296 1
13297 4
13298 2
13299 4
13300 3
13301 30
13302 6
13303 22
13304 8
13305 8
13306 12
13307 6
13308 1
13309 28
13310 6
13311 6
13312 1
13313 2
13314 5
13315 18
13316 2
13317 4
13318 21
13319 20
13320 2
13321 12
13322 11
13323 2
13324 10
13325 14
13326 1
13327 4
13328 9
13329 24
13330 1
13331 6
13332 8
13333 6
13334 2
13335 8
13336 1
13337 26
13338 1
13339 10
13340 2
13341 2
13342 9
13343 2
13344 4
13345 4
13346 2
13347 14
13348 10
13349 2
13350 2
13351 6
13352 24
13353 16
13354 3
13355 2
13356 2
13357 10
13358 2
13359 4
13360 4
13361 2
13362 3
13363 4
13364 2
13365 2
13366 1
13367 8
13368 2
13369 10
13370 3
13371 10
13372 6
13373 6
13374 3
13375 6
13376 3
13377 6
13378 10
13379 2
13380 1
13381 6
13382 8
13383 10
13384 3
13385 12
13386 5
13387 4
13388 2
13389 12
13390 6
13391 2
13392 3
13393 22
13394 17
13395 14
13396 1
13397 14
13398 1
13399 4
13400 2
13401 6
13402 4
13403 30
13404 3
13405 12
13406 2
13407 4
13408 4
13409 8
13410 1
13411 12
13412 3
13413 4
13414 4
13415 6
13416 1
13417 10
13418 9
13419 2
13420 1
13421 6
13422 8
13423 4
13424 2
13425 14
13426 6
13427 18
13428 5
13429 4
13430 2
13431 2
13432 9
13433 6
13434 8
13435 6
13436 5
13437 10
13438 6
13439 2
13440 1
13441 18
13442 5
13443 4
13444 4
13445 2
13446 2
13447 6
13448 12
13449 18
13450 1
13451 2
13452 3
13453 4
13454 5
13455 8
13456 1
13457 18
13458 6
13459 10
13460 2
13461 20
13462 1
13463 2
13464 4
13465 4
13466 17
13467 6
13468 1
13469 50
13470 4
13471 18
13472 6
13473 2
13474 3
13475 2
13476 1
13477 6
13478 5
13479 2
13480 9
13481 12
13482 5
13483 22
13484 5
13485 6
13486 1
13487 6
13488 6
13489 12
13490 2
13491 16
13492 6
13493 2
13494 3
13495 10
13496 2
13497 16
13498 1
13499 20
13500 4
13501 22
13502 3
13503 4
13504 7
13505 2
13506 3
13507 6
13508 2
13509 4
13510 3
13511 8
13512 1
13513 10
13514 3
13515 2
13516 6
13517 14
13518 10
13519 12
13520 5
13521 2
13522 1
13523 12
13524 8
13525 4
13526 5
13527 6
13528 10
13529 2
13530 2
13531 22
13532 3
13533 2
13534 15
13535 14
13536 1
13537 6
13538 2
13539 10
13540 7
13541 12
13542 3
13543 10
13544 12
13545 2
13546 3
13547 6
13548 4
13549 52
13550 5
13551 2
13552 1
13553 2
13554 2
13555 6
13556 15
13557 6
13558 6
13559 12
13560 5
13561 22
13562 6
13563 2
13564 3
13565 26
13566 1
13567 4
13568 6
13569 4
13570 6
13571 2
13572 9
13573 4
13574 9
13575 12
13576 1
13577 6
13578 5
13579 18
13580 5
13581 8
13582 16
13583 12
13584 7
13585 10
13586 3
13587 18
13588 15
13589 2
13590 1
13591 6
13592 5
13593 6
13594 4
13595 2
13596 1
13597 18
13598 2
13599 8
13600 3
13601 26
13602 4
13603 4
13604 3
13605 2
13606 3
13607 20
13608 5
13609 4
13610 8
13611 6
13612 1
13613 14
13614 5
13615 18
13616 3
13617 4
13618 1
13619 2
13620 2
13621 6
13622 3
13623 4
13624 4
13625 8
13626 1
13627 34
13628 5
13629 2
13630 4
13631 8
13632 1
13633 6
13634 3
13635 2
13636 6
13637 8
13638 2
13639 24
13640 2
13641 2
13642 3
13643 24
13644 3
13645 4
13646 3
13647 6
13648 1
13649 2
13650 4
13651 10
13652 5
13653 6
13654 4
13655 6
13656 5
13657 4
13658 11
13659 12
13660 7
13661 6
13662 5
13663 30
13664 2
13665 8
13666 12
13667 6
13668 1
13669 10
13670 3
13671 10
13672 3
13673 6
13674 3
13675 6
13676 12
13677 4
13678 1
13679 8
13680 1
13681 10
13682 3
13683 2
13684 7
13685 8
13686 1
13687 16
13688 6
13689 18
13690 1
13691 18
13692 1
13693 4
13694 14
13695 6
13696 1
13697 6
13698 2
13699 10
13700 5
13701 6
13702 13
13703 2
13704 2
13705 6
13706 5
13707 4
13708 1
13709 8
13710 1
13711 6
13712 11
13713 2
13714 3
13715 2
13716 3
13717 4
13718 2
13719 4
13720 1
13721 12
13722 1
13723 6
13724 2
13725 6
13726 3
13727 18
13728 1
13729 4
13730 8
13731 6
13732 6
13733 14
13734 3
13735 4
13736 18
13737 4
13738 7
13739 2
13740 2
13741 12
13742 3
13743 2
13744 3
13745 6
13746 7
13747 6
13748 9
13749 10
13750 1
13751 6
13752 3
13753 12
13754 2
13755 4
13756 1
13757 26
13758 1
13759 24
13760 3
13761 6
13762 1
13763 2
13764 2
13765 4
13766 3
13767 24
13768 4
13769 2
13770 2
13771 18
13772 6
13773 16
13774 7
13775 2
13776 5
13777 4
13778 5
13779 4
13780 1
13781 42
13782 11
13783 6
13784 8
13785 8
13786 22
13787 6
13788 1
13789 12
13790 2
13791 2
13792 16
13793 6
13794 9
13795 12
13796 3
13797 20
13798 1
13799 12
13800 4
13801 28
13802 5
13803 4
13804 3
13805 2
13806 1
13807 4
13808 2
13809 12
13810 7
13811 30
13812 4
13813 36
13814 3
13815 2
13816 15
13817 6
13818 9
13819 10
13820 15
13821 8
13822 3
13823 2
13824 7
13825 10
13826 2
13827 6
13828 1
13829 14
13830 1
13831 10
13832 9
13833 4
13834 4
13835 8
13836 2
13837 6
13838 5
13839 18
13840 1
13841 6
13842 13
13843 4
13844 2
13845 2
13846 3
13847 8
13848 2
13849 12
13850 2
13851 10
13852 9
13853 12
13854 7
13855 30
13856 6
13857 10
13858 1
13859 14
13860 4
13861 18
13862 9
13863 12
13864 3
13865 8
13866 2
13867 4
13868 2
13869 2
13870 3
13871 2
13872 1
13873 10
13874 2
13875 2
13876 1
13877 24
13878 1
13879 22
13880 3
13881 2
13882 1
13883 2
13884 10
13885 4
13886 2
13887 16
13888 12
13889 2
13890 6
13891 12
13892 9
13893 16
13894 7
13895 2
13896 2
13897 4
13898 5
13899 2
13900 1
13901 2
13902 1
13903 22
13904 2
13905 4
13906 1
13907 6
13908 2
13909 10
13910 17
13911 2
13912 1
13913 2
13914 13
13915 4
13916 6
13917 8
13918 4
13919 14
13920 1
13921 22
13922 9
13923 2
13924 4
13925 2
13926 6
13927 6
13928 9
13929 4
13930 1
13931 12
13932 1
13933 4
13934 9
13935 12
13936 3
13937 8
13938 5
13939 12
13940 6
13941 2
13942 6
13943 12
13944 7
13945 12
13946 2
13947 8
13948 4
13949 8
13950 2
13951 10
13952 5
13953 4
13954 3
13955 8
13956 6
13957 4
13958 2
13959 2
13960 6
13961 20
13962 1
13963 22
13964 3
13965 6
13966 1
13967 14
13968 7
13969 18
13970 2
13971 2
13972 4
13973 2
13974 4
13975 4
13976 2
13977 16
13978 6
13979 8
13980 2
13981 16
13982 3
13983 2
13984 3
13985 6
13986 3
13987 4
13988 5
13989 8
13990 7
13991 2
13992 9
13993 12
13994 3
13995 14
13996 1
13997 6
13998 1
13999 4
14000 2
14001 12
14002 4
14003 12
14004 3
14005 24
14006 3
14007 10
14008 1
14009 2
14010 1
14011 6
14012 5
14013 2
14014 3
14015 2
14016 8
14017 10
14018 17
14019 8
14020 3
14021 6
14022 5
14023 4
14024 3
14025 2
14026 13
14027 6
14028 1
14029 22
14030 6
14031 8
14032 1
14033 6
14034 2
14035 6
14036 5
14037 4
14038 6
14039 32
14040 2
14041 6
14042 8
14043 2
14044 9
14045 8
14046 3
14047 36
14048 2
14049 2
14050 1
14051 6
14052 3
14053 6
14054 2
14055 2
14056 1
14057 14
14058 6
14059 4
14060 3
14061 2
14062 3
14063 26
14064 3
14065 6
14066 11
14067 4
14068 9
14069 18
14070 1
14071 28
14072 8
14073 10
14074 3
14075 2
14076 5
14077 6
14078 9
14079 18
14080 1
14081 2
14082 1
14083 4
14084 9
14085 18
14086 1
14087 6
14088 14
14089 10
14090 2
14091 2
14092 4
14093 6
14094 3
14095 22
14096 5
14097 14
14098 4
14099 54
14100 2
14101 18
14102 3
14103 24
14104 4
14105 2
14106 1
14107 34
14108 6
14109 2
14110 3
14111 18
14112 3
14113 4
14114 2
14115 6
14116 3
14117 36
14118 4
14119 4
14120 9
14121 18
14122 4
14123 20
14124 3
14125 4
14126 3
14127 4
14128 7
14129 14
14130 3
14131 6
14132 3
14133 4
14134 3
14135 6
14136 3
14137 10
14138 2
14139 2
14140 7
14141 2
14142 1
14143 6
14144 2
14145 6
14146 7
14147 8
14148 1
14149 4
14150 3
14151 8
14152 1
14153 2
14154 2
14155 10
14156 11
14157 4
14158 1
14159 2
14160 6
14161 6
14162 3
14163 6
14164 7
14165 6
14166 3
14167 10
14168 5
14169 12
14170 4
14171 6
14172 1
14173 10
14174 2
14175 2
14176 1
14177 8
14178 4
14179 24
14180 5
14181 6
14182 6
14183 12
14184 4
14185 10
14186 8
14187 8
14188 7
14189 8
14190 3
14191 6
14192 3
14193 2
14194 9
14195 12
14196 1
14197 10
14198 5
14199 10
14200 6
14201 2
14202 4
14203 4
14204 2
14205 2
14206 1
14207 6
14208 9
14209 12
14210 14
14211 10
14212 15
14213 12
14214 2
14215 10
14216 2
14217 6
14218 4
14219 2
14220 1
14221 10
14222 3
14223 2
14224 4
14225 12
14226 8
14227 4
14228 6
14229 12
14230 4
14231 2
14232 3
14233 16
14234 3
14235 4
14236 3
14237 20
14238 2
14239 4
14240 8
14241 6
14242 1
14243 14
14244 7
14245 30
14246 2
14247 4
14248 1
14249 2
14250 1
14251 40
14252 5
14253 16
14254 9
14255 6
14256 2
14257 16
14258 2
14259 4
14260 4
14261 8
14262 3
14263 52
14264 3
14265 18
14266 6
14267 14
14268 2
14269 4
14270 2
14271 6
14272 4
14273 2
14274 2
14275 30
14276 3
14277 8
14278 6
14279 2
14280 1
14281 10
14282 5
14283 20
14284 3
14285 2
14286 2
14287 4
14288 14
14289 2
14290 12
14291 8
14292 1
14293 4
14294 5
14295 2
14296 12
14297 8
14298 2
14299 24
14300 3
14301 2
14302 1
14303 2
14304 7
14305 4
14306 6
14307 6
14308 12
14309 2
14310 2
14311 10
14312 3
14313 2
14314 3
14315 2
14316 7
14317 4
14318 6
14319 8
14320 1
14321 2
14322 1
14323 12
14324 2
14325 4
14326 1
14327 8
14328 2
14329 10
14330 2
14331 2
14332 4
14333 6
14334 2
14335 6
14336 6
14337 4
14338 6
14339 8
14340 1
14341 12
14342 5
14343 2
14344 9
14345 8
14346 1
14347 4
14348 2
14349 4
14350 3
14351 2
14352 5
14353 4
14354 3
14355 2
14356 6
14357 6
14358 9
14359 22
14360 6
14361 2
14362 13
14363 6
14364 2
14365 10
14366 6
14367 14
14368 1
14369 14
14370 7
14371 10
14372 3
14373 4
14374 12
14375 2
14376 2
14377 6
14378 6
14379 2
14380 12
14381 6
14382 4
14383 10
14384 9
14385 2
14386 1
14387 6
14388 1
14389 4
14390 6
14391 16
14392 3
14393 12
14394 2
14395 6
14396 2
14397 10
14398 4
14399 18
14400 1
14401 18
14402 3
14403 2
14404 7
14405 26
14406 1
14407 10
14408 2
14409 4
14410 1
14411 6
14412 3
14413 4
14414 12
14415 6
14416 7
14417 8
14418 1
14419 34
14420 3
14421 2
14422 1
14423 6
14424 4
14425 22
14426 30
14427 4
14428 4
14429 2
14430 1
14431 6
14432 5
14433 2
14434 4
14435 2
14436 1
14437 18
14438 6
14439 2
14440 3
14441 12
14442 5
14443 4
14444 5
14445 4
14446 1
14447 18
14448 1
14449 30
14450 2
14451 10
14452 4
14453 6
14454 2
14455 18
14456 11
14457 4
14458 7
14459 18
14460 1
14461 6
14462 18
14463 2
14464 19
14465 24
14466 2
14467 10
14468 5
14469 12
14470 3
14471 8
14472 8
14473 10
14474 2
14475 4
14476 6
14477 14
14478 1
14479 4
14480 2
14481 8
14482 18
14483 32
14484 5
14485 22
14486 5
14487 6
14488 1
14489 2
14490 9
14491 28
14492 5
14493 4
14494 4
14495 14
14496 5
14497 24
14498 9
14499 14
14500 7
14501 8
14502 1
14503 4
14504 2
14505 8
14506 6
14507 18
14508 2
14509 10
14510 2
14511 2
14512 4
14513 2
14514 3
14515 4
14516 2
14517 6
14518 1
14519 24
14520 6
14521 18
14522 6
14523 14
14524 3
14525 6
14526 3
14527 4
14528 12
14529 2
14530 3
14531 2
14532 1
14533 22
14534 5
14535 6
14536 1
14537 6
14538 2
14539 10
14540 5
14541 8
14542 1
14543 20
14544 3
14545 10
14546 6
14547 4
14548 1
14549 24
14550 1
14551 10
14552 6
14553 10
14554 4
14555 14
14556 1
14557 4
14558 9
14559 4
14560 1
14561 2
14562 1
14563 22
14564 2
14565 2
14566 7
14567 6
14568 2
14569 12
14570 3
14571 6
14572 3
14573 2
14574 5
14575 12
14576 2
14577 4
14578 4
14579 14
14580 4
14581 16
14582 5
14583 2
14584 3
14585 6
14586 2
14587 6
14588 9
14589 2
14590 1
14591 6
14592 1
14593 6
14594 3
14595 2
14596 3
14597 6
14598 4
14599 10
14600 2
14601 10
14602 6
14603 2
14604 2
14605 6
14606 8
14607 6
14608 6
14609 12
14610 2
14611 12
14612 5
14613 4
14614 7
14615 2
14616 6
14617 24
14618 5
14619 4
14620 1
14621 2
14622 3
14623 6
14624 5
14625 2
14626 1
14627 8
14628 1
14629 10
14630 3
14631 12
14632 1
14633 20
14634 2
14635 6
14636 5
14637 4
14638 1
14639 14
14640 7
14641 46
14642 6
14643 2
14644 3
14645 14
14646 6
14647 18
14648 2
14649 8
14650 3
14651 2
14652 1
14653 4
14654 3
14655 2
14656 1
14657 6
14658 5
14659 12
14660 6
14661 18
14662 3
14663 2
14664 4
14665 4
14666 2
14667 6
14668 1
14669 2
14670 5
14671 12
14672 3
14673 2
14674 12
14675 24
14676 3
14677 16
14678 6
14679 14
14680 3
14681 2
14682 1
14683 4
14684 3
14685 4
14686 3
14687 8
14688 6
14689 4
14690 3
14691 2
14692 9
14693 2
14694 2
14695 42
14696 3
14697 4
14698 1
14699 2
14700 2
14701 10
14702 8
14703 10
14704 7
14705 2
14706 3
14707 46
14708 12
14709 8
14710 3
14711 2
14712 1
14713 12
14714 2
14715 8
14716 1
14717 14
14718 2
14719 12
14720 6
14721 2
14722 1
14723 6
14724 4
14725 4
14726 2
14727 4
14728 4
14729 8
14730 1
14731 10
14732 9
14733 10
14734 3
14735 6
14736 1
14737 6
14738 11
14739 10
14740 1
14741 2
14742 8
14743 16
14744 5
14745 6
14746 1
14747 8
14748 7
14749 4
14750 2
14751 12
14752 1
14753 14
14754 3
14755 4
14756 3
14757 4
14758 1
14759 12
14760 3
14761 22
14762 9
14763 2
14764 3
14765 2
14766 1
14767 4
14768 2
14769 4
14770 1
14771 8
14772 9
14773 4
14774 9
14775 6
14776 6
14777 6
14778 1
14779 18
14780 6
14781 8
14782 1
14783 2
14784 2
14785 4
14786 2
14787 4
14788 6
14789 38
14790 2
14791 6
14792 5
14793 2
14794 3
14795 6
14796 1
14797 40
14798 6
14799 2
14800 6
14801 6
14802 4
14803 6
14804 5
14805 2
14806 7
14807 6
14808 4
14809 10
14810 5
14811 6
14812 1
14813 24
14814 2
14815 10
14816 2
14817 6
14818 4
14819 42
14820 1
14821 16
14822 14
14823 14
14824 7
14825 6
14826 1
14827 16
14828 6
14829 8
14830 1
14831 2
14832 3
14833 4
14834 2
14835 2
14836 6
14837 14
14838 7
14839 4
14840 5
14841 2
14842 1
14843 12
14844 3
14845 6
14846 5
14847 6
14848 4
14849 20
14850 1
14851 6
14852 6
14853 6
14854 3
14855 12
14856 6
14857 34
14858 2
14859 8
14860 4
14861 2
14862 3
14863 4
14864 8
14865 14
14866 1
14867 6
14868 1
14869 10
14870 2
14871 6
14872 3
14873 14
14874 3
14875 12
14876 2
14877 4
14878 1
14879 2
14880 2
14881 46
14882 3
14883 12
14884 12
14885 12
14886 1
14887 40
14888 5
14889 4
14890 1
14891 8
14892 10
14893 10
14894 2
14895 4
14896 1
14897 30
14898 7
14899 10
14900 3
14901 2
14902 6
14903 36
14904 4
14905 4
14906 5
14907 4
14908 6
14909 2
14910 5
14911 10
14912 5
14913 20
14914 7
14915 6
14916 2
14917 4
14918 2
14919 12
14920 6
14921 6
14922 1
14923 4
14924 3
14925 2
14926 22
14927 6
14928 1
14929 22
14930 9
14931 2
14932 3
14933 2
14934 10
14935 6
14936 2
14937 10
14938 1
14939 2
14940 2
14941 10
14942 6
14943 6
14944 10
14945 6
14946 1
14947 36
14948 6
14949 4
14950 1
14951 26
14952 4
14953 10
14954 5
14955 10
14956 1
14957 8
14958 2
14959 24
14960 2
14961 6
14962 3
14963 2
14964 3
14965 12
14966 5
14967 8
14968 1
14969 14
14970 6
14971 10
14972 3
14973 2
14974 12
14975 20
14976 8
14977 10
14978 5
14979 2
14980 4
14981 8
14982 1
14983 6
14984 3
14985 8
14986 3
14987 6
14988 5
14989 4
14990 3
14991 2
14992 10
14993 6
14994 2
14995 4
14996 6
14997 6
14998 6
14999 8
15000 6
15001 6
15002 3
15003 4
15004 3
15005 2
15006 2
15007 4
15008 5
15009 4
15010 4
15011 6
15012 1
15013 10
15014 2
15015 8
15016 1
15017 18
15018 19
15019 4
15020 3
15021 6
15022 4
15023 2
15024 8
15025 4
15026 8
15027 6
15028 12
15029 2
15030 1
15031 6
15032 5
15033 4
15034 7
15035 2
15036 5
15037 4
15038 14
15039 22
15040 3
15041 6
15042 3
15043 10
15044 2
15045 2
15046 3
15047 14
15048 2
15049 40
15050 8
15051 2
15052 1
15053 26
15054 2
15055 10
15056 2
15057 10
15058 7
15059 2
15060 1
15061 10
15062 6
15063 6
15064 4
15065 14
15066 2
15067 6
15068 2
15069 2
15070 7
15071 8
15072 1
15073 4
15074 18
15075 14
15076 1
15077 38
15078 5
15079 4
15080 2
15081 32
15082 1
15083 6
15084 2
15085 6
15086 3
15087 6
15088 4
15089 8
15090 1
15091 6
15092 8
15093 2
15094 18
15095 12
15096 3
15097 6
15098 2
15099 4
15100 1
15101 2
15102 3
15103 4
15104 5
15105 2
15106 1
15107 14
15108 5
15109 10
15110 18
15111 2
15112 3
15113 6
15114 3
15115 28
15116 6
15117 6
15118 6
15119 30
15120 1
15121 18
15122 5
15123 4
15124 4
15125 8
15126 2
15127 4
15128 5
15129 2
15130 1
15131 6
15132 6
15133 16
15134 2
15135 2
15136 1
15137 6
15138 1
15139 10
15140 6
15141 6
15142 3
15143 12
15144 3
15145 10
15146 2
15147 4
15148 1
15149 12
15150 4
15151 6
15152 15
15153 2
15154 4
15155 6
15156 2
15157 28
15158 11
15159 2
15160 1
15161 2
15162 4
15163 10
15164 5
15165 4
15166 6
15167 20
15168 6
15169 12
15170 2
15171 8
15172 1
15173 2
15174 3
15175 12
15176 17
15177 10
15178 9
15179 14
15180 3
15181 30
15182 21
15183 2
15184 3
15185 26
15186 1
15187 10
15188 5
15189 4
15190 4
15191 26
15192 1
15193 4
15194 2
15195 2
15196 3
15197 6
15198 1
15199 12
15200 5
15201 2
15202 16
15203 14
15204 3
15205 4
15206 5
15207 6
15208 6
15209 12
15210 3
15211 10
15212 8
15213 2
15214 15
15215 2
15216 1
15217 4
15218 5
15219 14
15220 7
15221 12
15222 3
15223 10
15224 2
15225 4
15226 1
15227 20
15228 4
15229 4
15230 3
15231 6
15232 1
15233 2
15234 2
15235 6
15236 8
15237 6
15238 4
15239 20
15240 1
15241 12
15242 6
15243 6
15244 9
15245 2
15246 2
15247 16
15248 2
15249 8
15250 3
15251 20
15252 3
15253 10
15254 2
15255 8
15256 15
15257 14
15258 1
15259 24
15260 8
15261 16
15262 1
15263 24
15264 2
15265 6
15266 30
15267 10
15268 1
15269 2
15270 1
15271 48
15272 3
15273 6
15274 3
15275 8
15276 1
15277 40
15278 2
15279 2
15280 3
15281 12
15282 4
15283 12
15284 3
15285 4
15286 1
15287 18
15288 1
15289 28
15290 8
15291 20
15292 4
15293 20
15294 5
15295 6
15296 2
15297 16
15298 1
15299 8
15300 6
15301 6
15302 5
15303 12
15304 9
15305 12
15306 1
15307 10
15308 5
15309 12
15310 7
15311 6
15312 1
15313 4
15314 3
15315 2
15316 3
15317 14
15318 1
15319 10
15320 6
15321 2
15322 25
15323 6
15324 2
15325 6
15326 3
15327 10
15328 1
15329 12
15330 1
15331 12
15332 15
15333 4
15334 7
15335 2
15336 11
15337 10
15338 2
15339 4
15340 3
15341 20
15342 3
15343 12
15344 2
15345 4
15346 6
15347 6
15348 1
15349 12
15350 3
15351 2
15352 4
15353 2
15354 4
15355 16
15356 2
15357 6
15358 1
15359 12
15360 1
15361 10
15362 6
15363 2
15364 3
15365 8
15366 3
15367 4
15368 11
15369 8
15370 6
15371 6
15372 1
15373 4
15374 5
15375 6
15376 1
15377 8
15378 2
15379 18
15380 3
15381 2
15382 1
15383 32
15384 3
15385 6
15386 2
15387 10
15388 4
15389 8
15390 1
15391 6
15392 5
15393 14
15394 3
15395 14
15396 6
15397 6
15398 5
15399 10
15400 1
15401 2
15402 4
15403 4
15404 2
15405 6
15406 3
15407 20
15408 2
15409 4
15410 6
15411 6
15412 1
15413 6
15414 2
15415 16
15416 5
15417 6
15418 4
15419 2
15420 2
15421 10
15422 8
15423 12
15424 3
15425 2
15426 1
15427 16
15428 5
15429 2
15430 6
15431 8
15432 4
15433 16
15434 2
15435 2
15436 3
15437 6
15438 1
15439 4
15440 2
15441 6
15442 1
15443 26
15444 7
15445 4
15446 2
15447 6
15448 9
15449 8
15450 1
15451 6
15452 5
15453 4
15454 7
15455 2
15456 6
15457 10
15458 5
15459 4
15460 1
15461 6
15462 10
15463 6
15464 9
15465 2
15466 1
15467 8
15468 2
15469 10
15470 2
15471 18
15472 1
15473 12
15474 2
15475 16
15476 6
15477 4
15478 7
15479 8
15480 3
15481 16
15482 3
15483 4
15484 10
15485 2
15486 5
15487 4
15488 2
15489 12
15490 3
15491 2
15492 1
15493 6
15494 5
15495 4
15496 1
15497 18
15498 5
15499 10
15500 6
15501 12
15502 3
15503 12
15504 4
15505 24
15506 2
15507 18
15508 7
15509 2
15510 1
15511 16
15512 8
15513 4
15514 4
15515 8
15516 2
15517 6
15518 5
15519 2
15520 4
15521 12
15522 3
15523 6
15524 3
15525 2
15526 1
15527 26
15528 5
15529 10
15530 3
15531 2
15532 4
15533 6
15534 2
15535 4
15536 5
15537 8
15538 6
15539 2
15540 1
15541 16
15542 5
15543 20
15544 3
15545 2
15546 3
15547 4
15548 11
15549 14
15550 1
15551 6
15552 5
15553 4
15554 3
15555 14
15556 6
15557 26
15558 1
15559 12
15560 2
15561 2
15562 3
15563 12
15564 7
15565 24
15566 8
15567 10
15568 1
15569 2
15570 7
15571 6
15572 8
15573 2
15574 3
15575 2
15576 2
15577 6
15578 17
15579 2
15580 1
15581 6
15582 1
15583 16
15584 8
15585 10
15586 7
15587 6
15588 2
15589 10
15590 2
15591 2
15592 6
15593 6
15594 2
15595 12
15596 2
15597 8
15598 12
15599 8
15600 1
15601 6
15602 3
15603 12
15604 4
15605 20
15606 1
15607 10
15608 5
15609 2
15610 3
15611 2
15612 8
15613 10
15614 9
15615 2
15616 7
15617 6
15618 1
15619 4
15620 3
15621 28
15622 3
15623 2
15624 2
15625 4
15626 2
15627 6
15628 1
15629 2
15630 17
15631 6
15632 9
15633 2
15634 15
15635 2
15636 7
15637 4
15638 2
15639 8
15640 1
15641 18
15642 1
15643 34
15644 3
15645 4
15646 1
15647 14
15648 1
15649 4
15650 6
15651 10
15652 3
15653 2
15654 4
15655 12
15656 6
15657 26
15658 4
15659 2
15660 1
15661 6
15662 5
15663 2
15664 3
15665 14
15666 1
15667 10
15668 2
15669 8
15670 1
15671 30
15672 3
15673 22
15674 9
15675 4
15676 6
15677 6
15678 1
15679 24
15680 3
15681 26
15682 1
15683 6
15684 7
15685 6
15686 3
15687 8
15688 4
15689 2
15690 4
15691 16
15692 6
15693 2
15694 7
15695 2
15696 2
15697 10
15698 2
15699 12
15700 4
15701 6
15702 5
15703 6
15704 24
15705 8
15706 3
15707 24
15708 5
15709 22
15710 6
15711 12
15712 3
15713 14
15714 3
15715 4
15716 3
15717 4
15718 4
15719 8
15720 3
15721 6
15722 8
15723 10
15724 4
15725 6
15726 1
15727 10
15728 21
15729 10
15730 1
15731 18
15732 1
15733 6
15734 2
15735 10
15736 1
15737 8
15738 1
15739 12
15740 2
15741 6
15742 4
15743 14
15744 2
15745 4
15746 6
15747 4
15748 1
15749 32
15750 3
15751 16
15752 6
15753 14
15754 13
15755 2
15756 2
15757 4
15758 2
15759 20
15760 1
15761 30
15762 3
15763 16
15764 3
15765 2
15766 1
15767 6
15768 4
15769 12
15770 2
15771 2
15772 1
15773 2
15774 4
15775 6
15776 15
15777 10
15778 4
15779 8
15780 5
15781 6
15782 6
15783 2
15784 3
15785 12
15786 1
15787 4
15788 5
15789 14
15790 1
15791 2
15792 8
15793 10
15794 12
15795 6
15796 1
15797 14
15798 6
15799 4
15800 2
15801 12
15802 1
15803 2
15804 7
15805 12
15806 3
15807 8
15808 1
15809 8
15810 3
15811 12
15812 6
15813 2
15814 9
15815 14
15816 1
15817 6
15818 12
15819 4
15820 4
15821 2
15822 1
15823 10
15824 2
15825 6
15826 10
15827 24
15828 2
15829 4
15830 3
15831 2
15832 3
15833 2
15834 4
15835 10
15836 5
15837 10
15838 4
15839 8
15840 3
15841 12
15842 3
15843 2
15844 3
15845 6
15846 5
15847 4
15848 5
15849 2
15850 6
15851 6
15852 4
15853 34
15854 3
15855 4
15856 3
15857 6
15858 1
15859 10
15860 2
15861 2
15862 9
15863 2
15864 2
15865 6
15866 3
15867 6
15868 4
15869 18
15870 2
15871 16
15872 6
15873 4
15874 3
15875 2
15876 1
15877 10
15878 9
15879 8
15880 1
15881 6
15882 5
15883 4
15884 2
15885 2
15886 1
15887 14
15888 1
15889 12
15890 5
15891 16
15892 13
15893 12
15894 4
15895 24
15896 2
15897 4
15898 10
15899 2
15900 1
15901 28
15902 6
15903 6
15904 3
15905 8
15906 1
15907 4
15908 2
15909 12
15910 6
15911 6
15912 1
15913 6
15914 3
15915 8
15916 10
15917 14
15918 1
15919 10
15920 5
15921 6
15922 1
15923 2
15924 2
15925 18
15926 3
15927 4
15928 6
15929 2
15930 3
15931 10
15932 3
15933 14
15934 4
15935 8
15936 1
15937 16
15938 5
15939 20
15940 4
15941 2
15942 10
15943 4
15944 14
15945 2
15946 7
15947 14
15948 4
15949 10
15950 6
15951 6
15952 3
15953 2
15954 10
15955 6
15956 3
15957 8
15958 1
15959 12
15960 3
15961 12
15962 5
15963 4
15964 4
15965 6
15966 16
15967 6
15968 5
15969 28
15970 1
15971 30
15972 1
15973 12
15974 12
15975 4
15976 6
15977 8
15978 2
15979 10
15980 5
15981 2
15982 3
15983 26
15984 8
15985 6
15986 2
15987 4
15988 6
15989 8
15990 1
15991 6
15992 3
15993 6
15994 4
15995 2
15996 7
15997 36
15998 6
15999 4
16000 1
16001 2
16002 6
16003 4
16004 2
16005 14
16006 1
16007 6
16008 4
16009 4
16010 5
16011 12
16012 21
16013 2
16014 2
16015 28
16016 3
16017 14
16018 9
16019 8
16020 4
16021 16
16022 5
16023 10
16024 3
16025 2
16026 3
16027 4
16028 2
16029 2
16030 3
16031 2
16032 1
16033 6
16034 2
16035 6
16036 3
16037 6
16038 2
16039 4
16040 3
16041 2
16042 9
16043 6
16044 2
16045 16
16046 5
16047 4
16048 6
16049 2
16050 5
16051 12
16052 3
16053 12
16054 3
16055 6
16056 1
16057 34
16058 2
16059 2
16060 1
16061 8
16062 1
16063 12
16064 3
16065 8
16066 1
16067 20
16068 1
16069 18
16070 2
16071 2
16072 1
16073 12
16074 9
16075 4
16076 6
16077 14
16078 6
16079 2
16080 12
16081 6
16082 3
16083 4
16084 7
16085 24
16086 1
16087 36
16088 12
16089 18
16090 1
16091 2
16092 6
16093 4
16094 2
16095 2
16096 1
16097 24
16098 5
16099 12
16100 6
16101 2
16102 1
16103 54
16104 3
16105 12
16106 2
16107 6
16108 4
16109 8
16110 1
16111 6
16112 3
16113 4
16114 7
16115 12
16116 2
16117 6
16118 2
16119 22
16120 10
16121 8
16122 4
16123 6
16124 5
16125 2
16126 1
16127 6
16128 2
16129 12
16130 2
16131 6
16132 3
16133 6
16134 5
16135 16
16136 3
16137 6
16138 1
16139 8
16140 1
16141 6
16142 14
16143 24
16144 4
16145 12
16146 7
16147 10
16148 2
16149 2
16150 4
16151 2
16152 4
16153 4
16154 2
16155 4
16156 7
16157 14
16158 4
16159 10
16160 2
16161 2
16162 3
16163 2
16164 7
16165 4
16166 5
16167 6
16168 7
16169 14
16170 2
16171 16
16172 9
16173 4
16174 3
16175 8
16176 2
16177 4
16178 9
16179 2
16180 3
16181 2
16182 1
16183 10
16184 2
16185 2
16186 1
16187 8
16188 1
16189 12
16190 2
16191 8
16192 1
16193 6
16194 7
16195 4
16196 3
16197 10
16198 4
16199 8
16200 2
16201 10
16202 6
16203 14
16204 4
16205 2
16206 2
16207 18
16208 5
16209 10
16210 12
16211 2
16212 4
16213 4
16214 2
16215 12
16216 1
16217 6
16218 9
16219 4
16220 2
16221 2
16222 1
16223 42
16224 3
16225 4
16226 3
16227 28
16228 1
16229 12
16230 1
16231 6
16232 20
16233 2
16234 4
16235 18
16236 5
16237 6
16238 6
16239 2
16240 6
16241 26
16242 4
16243 6
16244 3
16245 2
16246 7
16247 14
16248 1
16249 4
16250 3
16251 2
16252 1
16253 2
16254 7
16255 16
16256 5
16257 4
16258 4
16259 8
16260 3
16261 10
16262 3
16263 4
16264 10
16265 2
16266 1
16267 10
16268 2
16269 10
16270 7
16271 12
16272 1
16273 10
16274 3
16275 4
16276 7
16277 20
16278 7
16279 10
16280 2
16281 2
16282 3
16283 36
16284 2
16285 4
16286 2
16287 24
16288 6
16289 2
16290 3
16291 12
16292 8
16293 2
16294 3
16295 6
16296 3
16297 10
16298 6
16299 24
16300 1
16301 2
16302 3
16303 4
16304 2
16305 2
16306 7
16307 6
16308 6
16309 12
16310 2
16311 8
16312 13
16313 6
16314 4
16315 10
16316 2
16317 4
16318 1
16319 8
16320 13
16321 6
16322 5
16323 2
16324 3
16325 24
16326 2
16327 4
16328 9
16329 8
16330 3
16331 6
16332 1
16333 12
16334 3
16335 6
16336 3
16337 18
16338 1
16339 4
16340 5
16341 6
16342 13
16343 2
16344 3
16345 4
16346 2
16347 14
16348 1
16349 14
16350 6
16351 18
16352 3
16353 2
16354 7
16355 8
16356 2
16357 6
16358 2
16359 2
16360 1
16361 18
16362 1
16363 6
16364 23
16365 24
16366 10
16367 14
16368 1
16369 12
16370 6
16371 6
16372 3
16373 12
16374 2
16375 6
16376 6
16377 10
16378 6
16379 12
16380 1
16381 10
16382 23
16383 6
16384 4
16385 2
16386 5
16387 6
16388 12
16389 2
16390 3
16391 2
16392 3
16393 12
16394 2
16395 4
16396 6
16397 20
16398 2
16399 10
16400 2
16401 2
16402 3
16403 6
16404 4
16405 10
16406 5
16407 4
16408 4
16409 14
16410 1
16411 6
16412 6
16413 6
16414 4
16415 2
16416 1
16417 28
16418 15
16419 2
16420 1
16421 2
16422 6
16423 10
16424 12
16425 4
16426 1
16427 6
16428 4
16429 4
16430 8
16431 8
16432 1
16433 14
16434 2
16435 12
16436 8
16437 8
16438 7
16439 12
16440 4
16441 12
16442 14
16443 2
16444 3
16445 8
16446 1
16447 4
16448 5
16449 12
16450 1
16451 26
16452 1
16453 10
16454 2
16455 2
16456 3
16457 24
16458 2
16459 4
16460 5
16461 18
16462 6
16463 6
16464 3
16465 36
16466 2
16467 14
16468 6
16469 2
16470 2
16471 16
16472 3
16473 12
16474 7
16475 18
16476 1
16477 10
16478 2
16479 28
16480 1
16481 6
16482 4
16483 6
16484 2
16485 2
16486 1
16487 14
16488 6
16489 4
16490 9
16491 2
16492 1
16493 2
16494 5
16495 4
16496 2
16497 14
16498 4
16499 2
16500 8
16501 12
16502 6
16503 20
16504 9
16505 30
16506 2
16507 4
16508 9
16509 4
16510 3
16511 2
16512 3
16513 6
16514 2
16515 28
16516 3
16517 6
16518 1
16519 30
16520 5
16521 8
16522 4
16523 6
16524 2
16525 12
16526 2
16527 4
16528 1
16529 8
16530 5
16531 10
16532 3
16533 10
16534 3
16535 2
16536 2
16537 6
16538 11
16539 8
16540 4
16541 2
16542 3
16543 4
16544 3
16545 2
16546 1
16547 38
16548 6
16549 12
16550 14
16551 8
16552 1
16553 2
16554 3
16555 4
16556 2
16557 14
16558 6
16559 2
16560 1
16561 6
16562 5
16563 30
16564 9
16565 6
16566 1
16567 30
16568 6
16569 12
16570 3
16571 26
16572 1
16573 4
16574 2
16575 2
16576 15
16577 14
16578 5
16579 22
16580 2
16581 6
16582 3
16583 12
16584 4
16585 12
16586 8
16587 6
16588 6
16589 2
16590 2
16591 22
16592 20
16593 4
16594 3
16595 2
16596 3
16597 34
16598 11
16599 2
16600 3
16601 2
16602 1
16603 4
16604 8
16605 2
16606 1
16607 6
16608 7
16609 30
16610 3
16611 2
16612 4
16613 6
16614 3
16615 10
16616 8
16617 16
16618 1
16619 8
16620 5
16621 12
16622 6
16623 2
16624 12
16625 12
16626 11
16627 4
16628 15
16629 8
16630 1
16631 6
16632 1
16633 4
16634 8
16635 4
16636 6
16637 6
16638 4
16639 12
16640 3
16641 18
16642 3
16643 2
16644 2
16645 6
16646 3
16647 10
16648 1
16649 18
16650 1
16651 6
16652 3
16653 14
16654 4
16655 2
16656 1
16657 4
16658 2
16659 12
16660 1
16661 12
16662 5
16663 4
16664 2
16665 2
16666 3
16667 6
16668 5
16669 12
16670 12
16671 2
16672 1
16673 2
16674 2
16675 4
16676 2
16677 8
16678 4
16679 2
16680 4
16681 16
16682 3
16683 4
16684 3
16685 8
16686 5
16687 4
16688 2
16689 28
16690 1
16691 12
16692 1
16693 10
16694 5
16695 2
16696 15
16697 6
16698 1
16699 4
16700 3
16701 2
16702 1
16703 12
16704 2
16705 4
16706 2
16707 8
16708 9
16709 8
16710 3
16711 6
16712 5
16713 2
16714 9
16715 6
16716 6
16717 24
16718 5
16719 4
16720 7
16721 8
16722 4
16723 16
16724 5
16725 8
16726 6
16727 6
16728 1
16729 18
16730 2
16731 10
16732 6
16733 12
16734 2
16735 6
16736 6
16737 4
16738 7
16739 2
16740 1
16741 6
16742 3
16743 2
16744 4
16745 14
16746 1
16747 6
16748 14
16749 8
16750 6
16751 2
16752 5
16753 6
16754 3
16755 4
16756 6
16757 14
16758 1
16759 28
16760 2
16761 8
16762 1
16763 14
16764 2
16765 4
16766 2
16767 20
16768 4
16769 8
16770 3
16771 10
16772 8
16773 2
16774 9
16775 14
16776 3
16777 10
16778 5
16779 14
16780 3
16781 2
16782 4
16783 6
16784 2
16785 4
16786 1
16787 18
16788 2
16789 4
16790 2
16791 6
16792 3
16793 2
16794 2
16795 4
16796 8
16797 4
16798 12
16799 2
16800 2
16801 16
16802 5
16803 4
16804 4
16805 12
16806 2
16807 10
16808 2
16809 2
16810 1
16811 2
16812 5
16813 12
16814 2
16815 4
16816 16
16817 14
16818 2
16819 12
16820 2
16821 6
16822 1
16823 2
16824 5
16825 16
16826 5
16827 24
16828 1
16829 14
16830 1
16831 6
16832 3
16833 6
16834 3
16835 8
16836 5
16837 4
16838 5
16839 2
16840 7
16841 18
16842 1
16843 22
16844 5
16845 10
16846 3
16847 8
16848 6
16849 10
16850 3
16851 2
16852 4
16853 6
16854 7
16855 4
16856 2
16857 4
16858 4
16859 8
16860 2
16861 36
16862 3
16863 4
16864 3
16865 8
16866 3
16867 6
16868 6
16869 2
16870 1
16871 18
16872 4
16873 4
16874 2
16875 2
16876 10
16877 8
16878 1
16879 12
16880 5
16881 6
16882 1
16883 2
16884 2
16885 10
16886 2
16887 6
16888 1
16889 20
16890 3
16891 6
16892 9
16893 6
16894 3
16895 2
16896 5
16897 4
16898 2
16899 8
16900 1
16901 8
16902 1
16903 6
16904 2
16905 2
16906 7
16907 8
16908 6
16909 18
16910 5
16911 6
16912 15
16913 2
16914 2
16915 10
16916 8
16917 6
16918 10
16919 8
16920 1
16921 6
16922 3
16923 20
16924 3
16925 2
16926 1
16927 4
16928 2
16929 8
16930 1
16931 2
16932 9
16933 4
16934 9
16935 2
16936 1
16937 8
16938 5
16939 4
16940 3
16941 12
16942 1
16943 12
16944 2
16945 12
16946 2
16947 4
16948 9
16949 8
16950 4
16951 16
16952 3
16953 6
16954 12
16955 2
16956 6
16957 4
16958 6
16959 10
16960 9
16961 2
16962 1
16963 4
16964 3
16965 2
16966 6
16967 18
16968 2
16969 10
16970 2
16971 12
16972 6
16973 6
16974 3
16975 4
16976 3
16977 6
16978 1
16979 14
16980 1
16981 12
16982 9
16983 2
16984 9
16985 12
16986 1
16987 28
16988 6
16989 4
16990 3
16991 8
16992 1
16993 24
16994 9
16995 10
16996 3
16997 8
16998 2
16999 10
17000 3
17001 12
17002 6
17003 6
17004 5
17005 6
17006 11
17007 6
17008 7
17009 2
17010 1
17011 10
17012 5
17013 4
17014 3
17015 2
17016 2
17017 6
17018 5
17019 2
17020 1
17021 50
17022 8
17023 6
17024 5
17025 12
17026 1
17027 8
17028 1
17029 22
17030 2
17031 22
17032 1
17033 6
17034 8
17035 4
17036 3
17037 10
17038 6
17039 14
17040 1
17041 18
17042 6
17043 6
17044 3
17045 8
17046 1
17047 18
17048 14
17049 8
17050 3
17051 12
17052 1
17053 4
17054 9
17055 10
17056 3
17057 20
17058 9
17059 40
17060 8
17061 2
17062 13
17063 2
17064 2
17065 4
17066 3
17067 8
17068 6
17069 14
17070 2
17071 10
17072 3
17073 2
17074 10
17075 6
17076 1
17077 16
17078 2
17079 2
17080 3
17081 8
17082 4
17083 6
17084 9
17085 2
17086 12
17087 6
17088 7
17089 12
17090 5
17091 2
17092 1
17093 6
17094 3
17095 12
17096 8
17097 4
17098 1
17099 14
17100 7
17101 6
17102 3
17103 12
17104 15
17105 2
17106 1
17107 6
17108 2
17109 4
17110 7
17111 6
17112 4
17113 6
17114 3
17115 2
17116 1
17117 18
17118 4
17119 4
17120 3
17121 12
17122 1
17123 12
17124 5
17125 4
17126 2
17127 6
17128 6
17129 2
17130 2
17131 18
17132 5
17133 2
17134 10
17135 6
17136 1
17137 18
17138 5
17139 14
17140 3
17141 2
17142 3
17143 6
17144 8
17145 4
17146 3
17147 8
17148 2
17149 4
17150 2
17151 2
17152 6
17153 12
17154 7
17155 6
17156 2
17157 10
17158 1
17159 2
17160 3
17161 6
17162 3
17163 2
17164 10
17165 8
17166 1
17167 4
17168 2
17169 8
17170 3
17171 8
17172 3
17173 12
17174 8
17175 2
17176 7
17177 14
17178 4
17179 18
17180 2
17181 6
17182 1
17183 2
17184 2
17185 10
17186 5
17187 4
17188 1
17189 18
17190 1
17191 40
17192 3
17193 26
17194 4
17195 6
17196 6
17197 6
17198 5
17199 8
17200 7
17201 2
17202 1
17203 4
17204 3
17205 4
17206 1
17207 14
17208 1
17209 34
17210 2
17211 20
17212 3
17213 24
17214 2
17215 6
17216 11
17217 8
17218 10
17219 2
17220 4
17221 28
17222 5
17223 24
17224 3
17225 42
17226 3
17227 4
17228 2
17229 4
17230 1
17231 6
17232 5
17233 6
17234 2
17235 2
17236 13
17237 6
17238 1
17239 24
17240 3
17241 2
17242 10
17243 2
17244 7
17245 6
17246 12
17247 6
17248 4
17249 2
17250 2
17251 12
17252 9
17253 12
17254 7
17255 2
17256 1
17257 4
17258 5
17259 2
17260 6
17261 6
17262 3
17263 16
17264 8
17265 4
17266 7
17267 14
17268 2
17269 24
17270 5
17271 2
17272 3
17273 14
17274 2
17275 6
17276 3
17277 4
17278 6
17279 14
17280 6
17281 6
17282 9
17283 6
17284 3
17285 20
17286 3
17287 4
17288 5
17289 12
17290 1
17291 2
17292 1
17293 12
17294 2
17295 2
17296 18
17297 18
17298 1
17299 4
17300 5
17301 2
17302 3
17303 2
17304 3
17305 4
17306 2
17307 6
17308 4
17309 12
17310 7
17311 6
17312 5
17313 20
17314 4
17315 2
17316 1
17317 6
17318 9
17319 10
17320 1
17321 8
17322 8
17323 12
17324 2
17325 2
17326 1
17327 6
17328 4
17329 4
17330 3
17331 12
17332 1
17333 2
17334 4
17335 4
17336 2
17337 24
17338 7
17339 2
17340 1
17341 6
17342 3
17343 2
17344 12
17345 12
17346 2
17347 4
17348 6
17349 8
17350 1
17351 2
17352 3
17353 6
17354 5
17355 8
17356 3
17357 14
17358 1
17359 12
17360 2
17361 8
17362 6
17363 6
17364 2
17365 10
17366 11
17367 8
17368 4
17369 2
17370 4
17371 18
17372 5
17373 2
17374 4
17375 12
17376 1
17377 34
17378 2
17379 2
17380 6
17381 2
17382 1
17383 22
17384 3
17385 6
17386 1
17387 6
17388 1
17389 4
17390 2
17391 6
17392 1
17393 30
17394 3
17395 16
17396 3
17397 6
17398 4
17399 14
17400 1
17401 18
17402 5
17403 2
17404 15
17405 8
17406 7
17407 10
17408 5
17409 2
17410 9
17411 12
17412 3
17413 4
17414 5
17415 4
17416 1
17417 14
17418 1
17419 4
17420 2
17421 2
17422 3
17423 2
17424 2
17425 6
17426 8
17427 4
17428 7
17429 30
17430 1
17431 10
17432 6
17433 10
17434 4
17435 2
17436 5
17437 6
17438 2
17439 12
17440 3
17441 2
17442 1
17443 6
17444 5
17445 16
17446 6
17447 6
17448 1
17449 10
17450 5
17451 6
17452 4
17453 32
17454 3
17455 4
17456 2
17457 4
17458 4
17459 2
17460 6
17461 12
17462 3
17463 6
17464 4
17465 8
17466 1
17467 6
17468 11
17469 2
17470 1
17471 6
17472 10
17473 22
17474 2
17475 6
17476 1
17477 24
17478 6
17479 18
17480 2
17481 2
17482 1
17483 50
17484 3
17485 4
17486 6
17487 38
17488 1
17489 32
17490 1
17491 6
17492 6
17493 6
17494 12
17495 6
17496 1
17497 24
17498 5
17499 4
17500 3
17501 8
17502 4
17503 6
17504 23
17505 6
17506 6
17507 8
17508 1
17509 12
17510 11
17511 2
17512 15
17513 2
17514 3
17515 4
17516 6
17517 26
17518 1
17519 12
17520 3
17521 10
17522 3
17523 12
17524 34
17525 2
17526 2
17527 48
17528 5
17529 2
17530 4
17531 8
17532 11
17533 6
17534 2
17535 4
17536 3
17537 8
17538 1
17539 4
17540 2
17541 2
17542 3
17543 24
17544 2
17545 4
17546 3
17547 20
17548 9
17549 2
17550 1
17551 16
17552 8
17553 2
17554 13
17555 2
17556 6
17557 4
17558 2
17559 4
17560 4
17561 6
17562 4
17563 6
17564 2
17565 8
17566 6
17567 20
17568 1
17569 10
17570 2
17571 12
17572 1
17573 26
17574 2
17575 12
17576 2
17577 4
17578 1
17579 2
17580 1
17581 10
17582 3
17583 6
17584 13
17585 2
17586 5
17587 18
17588 6
17589 10
17590 6
17591 8
17592 5
17593 4
17594 3
17595 4
17596 1
17597 38
17598 1
17599 10
17600 2
17601 6
17602 3
17603 6
17604 3
17605 10
17606 15
17607 4
17608 1
17609 14
17610 2
17611 6
17612 3
17613 2
17614 4
17615 6
17616 8
17617 28
17618 9
17619 10
17620 3
17621 6
17622 1
17623 22
17624 9
17625 2
17626 1
17627 30
17628 2
17629 18
17630 8
17631 12
17632 4
17633 2
17634 3
17635 18
17636 6
17637 4
17638 6
17639 2
17640 2
17641 12
17642 5
17643 4
17644 13
17645 2
17646 10
17647 4
17648 5
17649 12
17650 3
17651 6
17652 3
17653 10
17654 3
17655 2
17656 1
17657 6
17658 1
17659 10
17660 3
17661 2
17662 9
17663 2
17664 4
17665 10
17666 3
17667 14
17668 1
17669 2
17670 11
17671 10
17672 3
17673 16
17674 7
17675 14
17676 2
17677 4
17678 24
17679 4
17680 1
17681 2
17682 1
17683 22
17684 9
17685 8
17686 7
17687 6
17688 4
17689 18
17690 2
17691 8
17692 3
17693 50
17694 5
17695 10
17696 2
17697 14
17698 4
17699 24
17700 2
17701 6
17702 6
17703 2
17704 3
17705 12
17706 1
17707 6
17708 14
17709 2
17710 4
17711 2
17712 1
17713 4
17714 14
17715 6
17716 3
17717 6
17718 2
17719 4
17720 3
17721 8
17722 9
17723 2
17724 2
17725 4
17726 6
17727 6
17728 1
17729 8
17730 2
17731 16
17732 3
17733 20
17734 4
17735 6
17736 1
17737 4
17738 24
17739 4
17740 6
17741 18
17742 4
17743 10
17744 3
17745 2
17746 1
17747 36
17748 1
17749 4
17750 6
17751 10
17752 9
17753 2
17754 2
17755 6
17756 3
17757 6
17758 12
17759 14
17760 1
17761 12
17762 5
17763 2
17764 7
17765 2
17766 2
17767 4
17768 2
17769 10
17770 4
17771 2
17772 4
17773 16
17774 3
17775 14
17776 6
17777 6
17778 6
17779 10
17780 6
17781 10
17782 1
17783 6
17784 2
17785 16
17786 2
17787 8
17788 1
17789 30
17790 1
17791 6
17792 3
17793 6
17794 13
17795 2
17796 2
17797 6
17798 2
17799 12
17800 3
17801 2
17802 3
17803 12
17804 5
17805 16
17806 1
17807 20
17808 2
17809 4
17810 5
17811 6
17812 3
17813 14
17814 4
17815 4
17816 8
17817 6
17818 15
17819 8
17820 5
17821 28
17822 11
17823 4
17824 7
17825 8
17826 1
17827 6
17828 9
17829 4
17830 10
17831 12
17832 4
17833 4
17834 3
17835 2
17836 1
17837 8
17838 1
17839 12
17840 15
17841 16
17842 3
17843 26
17844 7
17845 6
17846 5
17847 4
17848 6
17849 12
17850 1
17851 12
17852 5
17853 4
17854 7
17855 8
17856 3
17857 4
17858 9
17859 4
17860 10
17861 36
17862 1
17863 4
17864 2
17865 2
17866 6
17867 24
17868 4
17869 10
17870 3
17871 6
17872 3
17873 2
17874 3
17875 6
17876 2
17877 14
17878 6
17879 2
17880 1
17881 22
17882 21
17883 10
17884 3
17885 2
17886 5
17887 4
17888 11
17889 8
17890 1
17891 6
17892 4
17893 10
17894 9
17895 10
17896 6
17897 8
17898 2
17899 4
17900 2
17901 2
17902 1
17903 14
17904 2
17905 10
17906 3
17907 8
17908 1
17909 14
17910 1
17911 6
17912 5
17913 16
17914 7
17915 2
17916 8
17917 16
17918 2
17919 2
17920 1
17921 26
17922 1
17923 4
17924 3
17925 2
17926 10
17927 6
17928 1
17929 28
17930 3
17931 2
17932 10
17933 6
17934 2
17935 4
17936 5
17937 28
17938 1
17939 2
17940 4
17941 6
17942 8
17943 12
17944 4
17945 6
17946 8
17947 4
17948 2
17949 2
17950 7
17951 8
17952 3
17953 6
17954 17
17955 2
17956 1
17957 30
17958 1
17959 4
17960 3
17961 2
17962 3
17963 14
17964 5
17965 4
17966 2
17967 10
17968 7
17969 14
17970 1
17971 6
17972 3
17973 6
17974 3
17975 2
17976 1
17977 4
17978 5
17979 4
17980 1
17981 2
17982 9
17983 4
17984 2
17985 4
17986 1
17987 6
17988 1
17989 18
17990 6
17991 2
17992 16
17993 14
17994 7
17995 6
17996 2
17997 8
17998 4
17999 2
18000 3
18001 6
18002 5
18003 2
18004 3
18005 2
18006 2
18007 10
18008 2
18009 8
18010 6
18011 12
18012 1
18013 4
18014 5
18015 16
18016 3
18017 30
18018 2
18019 4
18020 8
18021 6
18022 4
18023 6
18024 5
18025 4
18026 18
18027 4
18028 10
18029 18
18030 2
18031 6
18032 6
18033 2
18034 19
18035 6
18036 2
18037 6
18038 5
18039 10
18040 1
18041 2
18042 1
18043 4
18044 3
18045 6
18046 1
18047 18
18048 1
18049 10
18050 3
18051 8
18052 16
18053 2
18054 2
18055 4
18056 5
18057 4
18058 1
18059 14
18060 1
18061 28
18062 8
18063 4
18064 3
18065 2
18066 18
18067 4
18068 2
18069 4
18070 6
18071 8
18072 3
18073 6
18074 5
18075 2
18076 1
18077 6
18078 4
18079 28
18080 2
18081 10
18082 9
18083 6
18084 4
18085 4
18086 6
18087 10
18088 1
18089 12
18090 6
18091 48
18092 3
18093 2
18094 9
18095 2
18096 1
18097 18
18098 15
18099 14
18100 9
18101 26
18102 5
18103 10
18104 2
18105 4
18106 3
18107 6
18108 2
18109 12
18110 3
18111 8
18112 24
18113 50
18114 2
18115 4
18116 27
18117 4
18118 1
18119 12
18120 1
18121 6
18122 3
18123 4
18124 4
18125 2
18126 1
18127 16
18128 5
18129 18
18130 1
18131 2
18132 1
18133 4
18134 2
18135 16
18136 3
18137 14
18138 2
18139 18
18140 3
18141 18
18142 1
18143 12
18144 4
18145 18
18146 2
18147 6
18148 1
18149 2
18150 7
18151 6
18152 11
18153 2
18154 4
18155 30
18156 2
18157 6
18158 6
18159 2
18160 6
18161 6
18162 4
18163 22
18164 3
18165 4
18166 3
18167 18
18168 1
18169 22
18170 2
18171 2
18172 3
18173 12
18174 7
18175 4
18176 2
18177 6
18178 7
18179 8
18180 1
18181 16
18182 3
18183 4
18184 7
18185 6
18186 2
18187 10
18188 20
18189 8
18190 1
18191 2
18192 3
18193 6
18194 2
18195 6
18196 7
18197 8
18198 1
18199 4
18200 3
18201 10
18202 9
18203 12
18204 4
18205 12
18206 17
18207 14
18208 19
18209 12
18210 1
18211 6
18212 9
18213 6
18214 9
18215 8
18216 1
18217 4
18218 14
18219 8
18220 6
18221 18
18222 1
18223 4
18224 3
18225 2
18226 3
18227 6
18228 1
18229 12
18230 5
18231 6
18232 1
18233 2
18234 2
18235 24
18236 2
18237 4
18238 4
18239 2
18240 3
18241 16
18242 3
18243 4
18244 4
18245 6
18246 2
18247 10
18248 2
18249 4
18250 1
18251 6
18252 1
18253 4
18254 8
18255 14
18256 1
18257 8
18258 5
18259 4
18260 9
18261 2
18262 3
18263 2
18264 2
18265 4
18266 3
18267 24
18268 1
18269 14
18270 2
18271 10
18272 9
18273 6
18274 13
18275 2
18276 3
18277 6
18278 9
18279 2
18280 4
18281 2
18282 5
18283 4
18284 8
18285 2
18286 1
18287 8
18288 1
18289 22
18290 6
18291 2
18292 3
18293 2
18294 12
18295 4
18296 8
18297 4
18298 6
18299 2
18300 1
18301 6
18302 3
18303 2
18304 10
18305 6
18306 1
18307 6
18308 5
18309 4
18310 1
18311 20
18312 1
18313 12
18314 2
18315 6
18316 3
18317 6
18318 2
18319 4
18320 9
18321 2
18322 15
18323 20
18324 3
18325 16
18326 2
18327 4
18328 1
18329 38
18330 7
18331 6
18332 11
18333 16
18334 7
18335 2
18336 3
18337 6
18338 2
18339 18
18340 1
18341 2
18342 4
18343 6
18344 15
18345 2
18346 10
18347 6
18348 2
18349 12
18350 3
18351 10
18352 1
18353 6
18354 2
18355 4
18356 2
18357 8
18358 4
18359 20
18360 2
18361 10
18362 5
18363 4
18364 7
18365 8
18366 1
18367 18
18368 5
18369 2
18370 1
18371 18
18372 3
18373 24
18374 2
18375 6
18376 10
18377 18
18378 1
18379 4
18380 2
18381 12
18382 3
18383 2
18384 5
18385 6
18386 8
18387 6
18388 4
18389 2
18390 2
18391 28
18392 5
18393 2
18394 15
18395 2
18396 1
18397 4
18398 27
18399 4
18400 1
18401 8
18402 3
18403 4
18404 2
18405 6
18406 3
18407 20
18408 5
18409 4
18410 2
18411 8
18412 1
18413 6
18414 3
18415 6
18416 2
18417 6
18418 4
18419 8
18420 4
18421 6
18422 5
18423 2
18424 7
18425 8
18426 1
18427 4
18428 2
18429 10
18430 3
18431 6
18432 1
18433 12
18434 12
18435 2
18436 12
18437 6
18438 1
18439 4
18440 6
18441 6
18442 1
18443 2
18444 3
18445 18
18446 3
18447 16
18448 15
18449 2
18450 1
18451 10
18452 8
18453 22
18454 22
18455 6
18456 1
18457 10
18458 6
18459 2
18460 1
18461 2
18462 4
18463 10
18464 2
18465 2
18466 3
18467 14
18468 7
18469 4
18470 3
18471 2
18472 10
18473 2
18474 4
18475 16
18476 5
18477 6
18478 7
18479 14
18480 1
18481 12
18482 15
18483 6
18484 9
18485 8
18486 2
18487 6
18488 9
18489 2
18490 4
18491 6
18492 1
18493 4
18494 14
18495 12
18496 6
18497 8
18498 2
18499 12
18500 3
18501 2
18502 1
18503 20
18504 4
18505 4
18506 2
18507 6
18508 6
18509 2
18510 2
18511 42
18512 9
18513 10
18514 9
18515 6
18516 1
18517 6
18518 6
18519 2
18520 1
18521 6
18522 1
18523 4
18524 2
18525 4
18526 3
18527 14
18528 2
18529 10
18530 2
18531 6
18532 19
18533 20
18534 3
18535 6
18536 3
18537 4
18538 1
18539 14
18540 1
18541 12
18542 6
18543 2
18544 3
18545 6
18546 3
18547 4
18548 2
18549 4
18550 4
18551 12
18552 1
18553 10
18554 3
18555 10
18556 6
18557 8
18558 2
18559 48
18560 3
18561 2
18562 6
18563 30
18564 4
18565 10
18566 5
18567 8
18568 6
18569 2
18570 3
18571 6
18572 3
18573 4
18574 4
18575 32
18576 8
18577 16
18578 11
18579 2
18580 9
18581 6
18582 1
18583 10
18584 5
18585 2
18586 1
18587 30
18588 4
18589 4
18590 2
18591 16
18592 1
18593 32
18594 2
18595 4
18596 6
18597 10
18598 24
18599 2
18600 2
18601 16
18602 3
18603 4
18604 3
18605 18
18606 3
18607 10
18608 2
18609 8
18610 4
18611 2
18612 3
18613 4
18614 3
18615 8
18616 1
18617 18
18618 16
18619 10
18620 6
18621 2
18622 4
18623 14
18624 7
18625 6
18626 2
18627 4
18628 15
18629 8
18630 4
18631 10
18632 3
18633 6
18634 3
18635 12
18636 1
18637 70
18638 2
18639 8
18640 3
18641 6
18642 3
18643 4
18644 3
18645 6
18646 7
18647 14
18648 5
18649 4
18650 5
18651 18
18652 4
18653 2
18654 2
18655 10
18656 2
18657 8
18658 6
18659 20
18660 1
18661 30
18662 3
18663 4
18664 7
18665 20
18666 6
18667 10
18668 2
18669 2
18670 1
18671 18
18672 8
18673 22
18674 5
18675 12
18676 10
18677 8
18678 1
18679 4
18680 2
18681 2
18682 4
18683 12
18684 2
18685 6
18686 8
18687 8
18688 6
18689 2
18690 1
18691 28
18692 6
18693 12
18694 7
18695 8
18696 5
18697 36
18698 2
18699 4
18700 1
18701 6
18702 6
18703 24
18704 2
18705 4
18706 6
18707 18
18708 6
18709 10
18710 3
18711 2
18712 1
18713 6
18714 4
18715 4
18716 3
18717 4
18718 1
18719 12
18720 2
18721 6
18722 3
18723 2
18724 4
18725 14
18726 3
18727 6
18728 11
18729 22
18730 1
18731 2
18732 3
18733 4
18734 8
18735 4
18736 3
18737 20
18738 6
18739 12
18740 5
18741 2
18742 1
18743 6
18744 2
18745 18
18746 2
18747 10
18748 1
18749 8
18750 2
18751 6
18752 5
18753 2
18754 3
18755 2
18756 1
18757 4
18758 2
18759 4
18760 4
18761 8
18762 5
18763 10
18764 2
18765 10
18766 3
18767 6
18768 2
18769 28
18770 3
18771 8
18772 1
18773 2
18774 2
18775 10
18776 6
18777 4
18778 7
18779 12
18780 2
18781 6
18782 5
18783 2
18784 7
18785 2
18786 1
18787 4
18788 5
18789 2
18790 4
18791 8
18792 1
18793 6
18794 2
18795 2
18796 1
18797 8
18798 4
18799 18
18800 3
18801 6
18802 1
18803 2
18804 4
18805 6
18806 15
18807 6
18808 12
18809 2
18810 3
18811 12
18812 3
18813 4
18814 3
18815 12
18816 2
18817 4
18818 6
18819 4
18820 6
18821 2
18822 3
18823 6
18824 2
18825 6
18826 3
18827 8
18828 2
18829 10
18830 5
18831 2
18832 4
18833 26
18834 3
18835 6
18836 3
18837 6
18838 1
18839 18
18840 5
18841 18
18842 3
18843 10
18844 3
18845 2
18846 2
18847 4
18848 6
18849 2
18850 4
18851 20
18852 5
18853 16
18854 8
18855 6
18856 3
18857 6
18858 1
18859 4
18860 6
18861 6
18862 6
18863 12
18864 5
18865 12
18866 3
18867 14
18868 1
18869 14
18870 3
18871 6
18872 6
18873 2
18874 15
18875 18
18876 3
18877 30
18878 17
18879 10
18880 4
18881 6
18882 8
18883 4
18884 5
18885 4
18886 3
18887 24
18888 4
18889 4
18890 2
18891 2
18892 9
18893 6
18894 4
18895 6
18896 8
18897 6
18898 1
18899 2
18900 3
18901 10
18902 11
18903 14
18904 3
18905 2
18906 2
18907 4
18908 5
18909 8
18910 1
18911 6
18912 1
18913 4
18914 9
18915 2
18916 1
18917 8
18918 1
18919 22
18920 11
18921 12
18922 3
18923 2
18924 3
18925 10
18926 2
18927 4
18928 9
18929 8
18930 2
18931 10
18932 9
18933 20
18934 19
18935 2
18936 3
18937 6
18938 11
18939 2
18940 3
18941 6
18942 3
18943 4
18944 2
18945 4
18946 1
18947 6
18948 2
18949 4
18950 9
18951 8
18952 3
18953 2
18954 5
18955 4
18956 5
18957 14
18958 1
18959 8
18960 6
18961 12
18962 5
18963 4
18964 3
18965 12
18966 6
18967 4
18968 5
18969 10
18970 3
18971 8
18972 1
18973 24
18974 3
18975 2
18976 3
18977 8
18978 1
18979 18
18980 3
18981 2
18982 15
18983 2
18984 4
18985 4
18986 18
18987 8
18988 10
18989 12
18990 5
18991 6
18992 5
18993 2
18994 3
18995 2
18996 2
18997 4
18998 2
18999 4
19000 1
19001 12
19002 6
19003 10
19004 5
19005 2
19006 15
19007 6
19008 1
19009 22
19010 8
19011 6
19012 1
19013 14
19014 5
19015 12
19016 17
19017 14
19018 9
19019 2
19020 4
19021 18
19022 5
19023 2
19024 3
19025 12
19026 2
19027 10
19028 9
19029 24
19030 1
19031 8
19032 3
19033 6
19034 2
19035 12
19036 1
19037 8
19038 5
19039 4
19040 11
19041 2
19042 13
19043 6
19044 15
19045 28
19046 3
19047 8
19048 7
19049 8
19050 1
19051 30
19052 5
19053 4
19054 3
19055 8
19056 2
19057 6
19058 11
19059 2
19060 9
19061 12
19062 4
19063 4
19064 3
19065 4
19066 12
19067 24
19068 1
19069 12
19070 11
19071 10
19072 1
19073 20
19074 2
19075 6
19076 2
19077 8
19078 1
19079 18
19080 1
19081 6
19082 6
19083 2
19084 9
19085 8
19086 1
19087 10
19088 2
19089 10
19090 3
19091 2
19092 4
19093 16
19094 2
19095 6
19096 6
19097 8
19098 2
19099 12
19100 2
19101 8
19102 6
19103 12
19104 8
19105 4
19106 5
19107 6
19108 6
19109 2
19110 3
19111 60
19112 5
19113 6
19114 9
19115 2
19116 3
19117 16
19118 2
19119 2
19120 1
19121 32
19122 3
19123 4
19124 3
19125 8
19126 6
19127 20
19128 6
19129 12
19130 2
19131 20
19132 3
19133 6
19134 4
19135 4
19136 2
19137 16
19138 1
19139 8
19140 1
19141 6
19142 3
19143 2
19144 9
19145 18
19146 5
19147 6
19148 6
19149 2
19150 6
19151 2
19152 3
19153 10
19154 12
19155 10
19156 1
19157 14
19158 2
19159 18
19160 2
19161 6
19162 1
19163 2
19164 2
19165 12
19166 2
19167 8
19168 4
19169 8
19170 6
19171 30
19172 21
19173 12
19174 4
19175 2
19176 3
19177 34
19178 5
19179 4
19180 1
19181 8
19182 1
19183 4
19184 9
19185 2
19186 3
19187 6
19188 2
19189 4
19190 3
19191 8
19192 6
19193 24
19194 4
19195 4
19196 2
19197 6
19198 16
19199 12
19200 3
19201 30
19202 18
19203 14
19204 12
19205 8
19206 1
19207 4
19208 6
19209 4
19210 1
19211 8
19212 1
19213 6
19214 14
19215 2
19216 3
19217 6
19218 1
19219 10
19220 6
19221 6
19222 3
19223 2
19224 2
19225 10
19226 2
19227 6
19228 4
19229 2
19230 1
19231 12
19232 3
19233 6
19234 7
19235 20
19236 1
19237 4
19238 6
19239 8
19240 4
19241 8
19242 3
19243 6
19244 5
19245 6
19246 10
19247 18
19248 1
19249 24
19250 2
19251 16
19252 6
19253 14
19254 4
19255 16
19256 5
19257 4
19258 1
19259 8
19260 3
19261 10
19262 3
19263 10
19264 3
19265 24
19266 1
19267 4
19268 11
19269 8
19270 4
19271 2
19272 1
19273 4
19274 12
19275 4
19276 3
19277 6
19278 2
19279 10
19280 2
19281 10
19282 3
19283 2
19284 2
19285 4
19286 3
19287 18
19288 1
19289 8
19290 5
19291 12
19292 5
19293 10
19294 7
19295 6
19296 2
19297 6
19298 9
19299 10
19300 1
19301 2
19302 8
19303 4
19304 2
19305 2
19306 6
19307 14
19308 1
19309 4
19310 6
19311 22
19312 4
19313 6
19314 2
19315 4
19316 5
19317 4
19318 1
19319 2
19320 5
19321 16
19322 6
19323 12
19324 3
19325 2
19326 2
19327 6
19328 14
19329 4
19330 3
19331 6
19332 1
19333 24
19334 2
19335 2
19336 7
19337 14
19338 2
19339 24
19340 6
19341 6
19342 3
19343 12
19344 4
19345 10
19346 2
19347 14
19348 6
19349 2
19350 6
19351 6
19352 3
19353 2
19354 4
19355 2
19356 2
19357 16
19358 14
19359 8
19360 9
19361 2
19362 8
19363 12
19364 2
19365 6
19366 3
19367 8
19368 2
19369 4
19370 3
19371 16
19372 1
19373 2
19374 2
19375 10
19376 3
19377 4
19378 1
19379 12
19380 1
19381 10
19382 3
19383 2
19384 3
19385 8
19386 1
19387 4
19388 6
19389 4
19390 1
19391 2
19392 4
19393 4
19394 8
19395 2
19396 3
19397 24
19398 7
19399 18
19400 5
19401 2
19402 1
19403 26
19404 4
19405 4
19406 6
19407 6
19408 9
19409 20
19410 2
19411 16
19412 3
19413 30
19414 3
19415 6
19416 1
19417 18
19418 9
19419 2
19420 1
19421 18
19422 1
19423 6
19424 20
19425 2
19426 1
19427 20
19428 1
19429 22
19430 2
19431 12
19432 1
19433 2
19434 5
19435 12
19436 2
19437 10
19438 7
19439 18
19440 1
19441 12
19442 8
19443 4
19444 12
19445 2
19446 1
19447 10
19448 5
19449 4
19450 4
19451 2
19452 9
19453 4
19454 3
19455 6
19456 1
19457 8
19458 2
19459 10
19460 2
19461 2
19462 1
19463 12
19464 3
19465 6
19466 2
19467 6
19468 1
19469 14
19470 1
19471 6
19472 3
19473 4
19474 7
19475 8
19476 1
19477 10
19478 9
19479 2
19480 3
19481 8
19482 1
19483 4
19484 3
19485 2
19486 7
19487 6
19488 1
19489 10
19490 8
19491 10
19492 3
19493 6
19494 4
19495 12
19496 2
19497 14
19498 6
19499 18
19500 1
19501 30
19502 5
19503 14
19504 4
19505 8
19506 1
19507 6
19508 9
19509 2
19510 4
19511 2
19512 3
19513 10
19514 3
19515 12
19516 3
19517 36
19518 6
19519 18
19520 2
19521 2
19522 3
19523 2
19524 3
19525 4
19526 3
19527 6
19528 9
19529 20
19530 1
19531 10
19532 6
19533 22
19534 3
19535 24
19536 7
19537 6
19538 9
19539 2
19540 1
19541 8
19542 1
19543 4
19544 2
19545 8
19546 16
19547 18
19548 2
19549 12
19550 11
19551 2
19552 1
19553 2
19554 5
19555 6
19556 2
19557 4
19558 1
19559 2
19560 4
19561 12
19562 3
19563 16
19564 3
19565 8
19566 2
19567 34
19568 5
19569 2
19570 1
19571 6
19572 5
19573 10
19574 5
19575 4
19576 1
19577 24
19578 2
19579 4
19580 2
19581 2
19582 1
19583 6
19584 7
19585 4
19586 5
19587 24
19588 6
19589 12
19590 2
19591 30
19592 5
19593 10
19594 9
19595 2
19596 1
19597 10
19598 9
19599 2
19600 4
19601 18
19602 1
19603 6
19604 2
19605 8
19606 12
19607 6
19608 1
19609 4
19610 3
19611 10
19612 6
19613 2
19614 2
19615 28
19616 2
19617 6
19618 6
19619 2
19620 2
19621 6
19622 9
19623 14
19624 4
19625 2
19626 6
19627 4
19628 11
19629 4
19630 13
19631 6
19632 3
19633 10
19634 17
19635 4
19636 3
19637 20
19638 4
19639 22
19640 3
19641 16
19642 4
19643 14
19644 4
19645 18
19646 2
19647 6
19648 4
19649 12
19650 2
19651 12
19652 8
19653 24
19654 3
19655 24
19656 2
19657 16
19658 2
19659 8
19660 1
19661 2
19662 4
19663 4
19664 5
19665 6
19666 10
19667 14
19668 9
19669 18
19670 2
19671 2
19672 6
19673 12
19674 3
19675 6
19676 3
19677 10
19678 4
19679 2
19680 1
19681 18
19682 5
19683 2
19684 3
19685 2
19686 1
19687 10
19688 11
19689 8
19690 7
19691 2
19692 3
19693 60
19694 3
19695 4
19696 1
19697 38
19698 1
19699 4
19700 9
19701 18
19702 3
19703 6
19704 2
19705 12
19706 3
19707 16
19708 1
19709 2
19710 10
19711 16
19712 5
19713 4
19714 4
19715 8
19716 1
19717 34
19718 11
19719 2
19720 7
19721 2
19722 3
19723 4
19724 5
19725 2
19726 1
19727 18
19728 5
19729 12
19730 2
19731 6
19732 3
19733 6
19734 7
19735 4
19736 3
19737 6
19738 1
19739 12
19740 3
19741 12
19742 5
19743 12
19744 3
19745 6
19746 3
19747 4
19748 11
19749 2
19750 1
19751 2
19752 1
19753 24
19754 2
19755 2
19756 12
19757 6
19758 1
19759 22
19760 2
19761 16
19762 1
19763 12
19764 7
19765 10
19766 8
19767 6
19768 9
19769 14
19770 2
19771 10
19772 6
19773 12
19774 9
19775 2
19776 1
19777 28
19778 6
19779 8
19780 3
19781 2
19782 5
19783 4
19784 2
19785 20
19786 3
19787 20
19788 4
19789 10
19790 2
19791 6
19792 1
19793 32
19794 7
19795 4
19796 5
19797 10
19798 4
19799 8
19800 1
19801 16
19802 3
19803 2
19804 7
19805 6
19806 3
19807 4
19808 5
19809 2
19810 4
19811 2
19812 1
19813 34
19814 3
19815 2
19816 6
19817 6
19818 1
19819 30
19820 11
19821 6
19822 3
19823 12
19824 3
19825 4
19826 5
19827 4
19828 7
19829 2
19830 10
19831 12
19832 3
19833 2
19834 4
19835 2
19836 3
19837 4
19838 5
19839 2
19840 1
19841 6
19842 1
19843 16
19844 9
19845 8
19846 3
19847 6
19848 4
19849 4
19850 5
19851 2
19852 1
19853 12
19854 2
19855 6
19856 8
19857 10
19858 4
19859 2
19860 1
19861 16
19862 6
19863 2
19864 10
19865 6
19866 1
19867 58
19868 9
19869 32
19870 3
19871 6
19872 3
19873 4
19874 2
19875 16
19876 3
19877 8
19878 5
19879 18
19880 2
19881 10
19882 6
19883 6
19884 2
19885 6
19886 3
19887 4
19888 1
19889 2
19890 1
19891 78
19892 9
19893 6
19894 10
19895 2
19896 7
19897 4
19898 6
19899 2
19900 4
19901 8
19902 3
19903 4
19904 8
19905 4
19906 7
19907 18
19908 4
19909 30
19910 2
19911 48
19912 1
19913 2
19914 2
19915 10
19916 5
19917 4
19918 1
19919 2
19920 2
19921 10
19922 5
19923 2
19924 4
19925 6
19926 1
19927 6
19928 2
19929 14
19930 3
19931 2
19932 3
19933 22
19934 2
19935 6
19936 1
19937 14
19938 2
19939 4
19940 8
19941 2
19942 4
19943 2
19944 3
19945 6
19946 6
19947 20
19948 1
19949 12
19950 2
19951 28
19952 5
19953 4
19954 3
19955 12
19956 6
19957 4
19958 9
19959 8
19960 1
19961 18
19962 1
19963 12
19964 2
19965 4
19966 6
19967 8
19968 2
19969 28
19970 12
19971 6
19972 1
19973 6
19974 5
19975 4
19976 2
19977 14
19978 1
19979 8
19980 5
19981 10
19982 8
19983 10
19984 18
19985 2
19986 11
19987 6
19988 6
19989 2
19990 1
19991 2
19992 1
19993 4
19994 2
19995 6
19996 1
19997 6
19998 5
19999 4
20000 8

