# A108866 Numerator of Sum_{k=1..n} 2^k/k. 
# Table of n, a(n) for n = 0..1000
# Harvey P. Dale
# Computed using the Mathematica program that I contributed to this sequence
# a(0) adapted by Georg Fischer, Mar 07 2020.
0 0
1 2
2 4
3 20
4 32
5 256
6 416
7 4832
8 8192
9 42496
10 74752
11 1467392
12 2650112
13 62836736
14 115552256
15 42790912
16 79691776
17 2535587840
18 4766040064
19 170851041280
20 1617069867008
21 3070050172928
22 5843921666048
23 256460544016384
24 490390373269504
25 4697678227177472
26 9016382767235072
27 52001663422038016
28 100124371154108416
29 5598478396465086464
30 10808563553590575104
31 647670579588837146624
32 1253342979104675201024
33 2427980359983876276224
34 4708158805219972481024
35 9138219784535816536064
36 17752227244316624420864
37 1277040945143933271277568
38 2484815464767937071546368
39 4838427349163431656685568
40 9427970523734646097707008
41 753710245438817645287702528
42 1470553179371845424647241728
43 123448593163363686726032687104
44 241141169407277156682698850304
45 471295540728707942375734902784
46 921597571574985566557761961984
47 84742872701881863052961301659648
48 165872288592686215009756510158848
49 2273738009508406046190058430529536
50 4454496708653227026788713634988032
51 8730494157956797576982155212357632
52 17118027616206109040823136767967232
53 1779558943316852171403088330485661696
54 3491858366349081978391662046578999296
55 6854191778848733235751043161816825856
56 13458775267687333919849827495319699456
57 26436202473826338772815859869921837056
58 51943559396237486242438751088967417856
59 6023523407377704794780141695658365026304
60 11842601766610434570850110612429963526144
61 1420688110871164081950253017370819595075584
62 2794741452470634467783548903524629305360384
63 5499227394666417449423686838176572227190784
64 10823684093364365194527708397022584854544384
65 21308768053877246907963320082134732797640704
66 41961206157917771495033464310385933291618304
67 5537522642313839935660501146925015995743469568
68 10909586247964851684132511604414828265412231168
69 21498001470697280637642561201786052449107181568
70 42372305766941212003133801836603608696962940928
71 5930836310926976443391273619273314092184175116288
72 11694463663834328603751910616775717122842126450688
73 1683658186278564699165821202664973386382220223053824
74 3321151449353215669698551368009439890659960342708224
75 1310494297697438716976627778857837425153606835765248
76 2586015365776640525602122855020895544275214928969728
77 5103927084582337602369333914459659623580207528542208
78 775014514096153533340195807180890649755646003511296
79 120881285797608029106514007713993387209614320482648064
80 238700185686031531552475122133731863320477935738028032
81 1414286630470974609152009748147793966914699675394113536
82 2793629848676908296324237429159366370163834683261976576
83 458083565225956513291157046306125282856456420001073594368
84 905122133945460545428975217590161557928533223027201015808
85 357736143365272526495567873578545474437727592625179983872
86 707050001713536142305583933000490098680094582896758620160
87 1397647514769873405746075452777208206377647713088845119488
88 2763147142858540267548865503244809919325082311423197970432
89 486248030258015451489140078671085984298680815023510721134592
90 4807816392887952560032245210080375836116583580485253945360384
91 123613573605774462489787483018257780816968773827192024310218752
92 244508973721840293099624762825570246908669644317635911155187712
93 483699872876207097747044757283048674444938033244965751794696192
94 956992503117826519708960916528697477867766973037341819443085312
95 378722741645511517265666368438754179875641480251608786452611072
96 749468635334780064469167359847845742556857483088970039443849216
97 143881669215813227316581424255786617062808648404403454400371097600
98 284795373788648684931234535766050316315358992013444596761775570944
99 563776041427797671723881099968188549178994015724273525073243013120
100 27903944083832816639333032427210556256224784066792870078248713715712
101 5580206962094689449819837260749434687228689925483286268186647762829312
102 11049869110572828114407431369489003688019840125649126374434418261491712
103 2253947596678541583359834629240239456027438173775691398241290262660775936
104 4464111847905900229904344771794774529962508327735011250404331680312590336
105 8842341983670572596392517244664710676424361585102044862308261345756184576
106 17516194139430772567737009879595716249603504830829186923627367286729342976
107 3713089429940255058672892495722114820221553384992877117827778759166349279232
108 7356749842926632394783604920366095013221473484734997312623382447407740485632
109 1588916382084060435631326820043004078129123351380412669151799083427584213516288
110 3148668032326810762929337971421510799292580057350021357629393505899499023761408
111 6240067699474604204420891604784316913310241997109606145603004072960951800823808
112 12367663468285409061663078270914164746452393341990211707479267875529188555358208
113 2770127424129871511990177657826386530972962348898149568805440361710083339771183104
114 5491209952202487170700953603318995449437771732084428305335475262948806299960213504
115 10886051833946455607101448521339124435611480770053746148195022719317752690595856384
116 21582721082231910265481740169137656046128317655682566009037228882807905016856182784
117 42793210531823581041073429590413376846469395924621764365579039395027694244996317184
118 84854689609827402748602712002095738433586449440992717038721273800616089833003024384
119 168270732151078679412274230062238909312238757254972085365289066403295597049554141184
120 333712549857893711461889407548189531554899167752697832546315188398609953029047189504
121 7280477707494613343526932809996280241489208892502783369231855188646113613781185593344
122 14440582604969886861739786392994798974614184035355176361984461124181030003713343750144
123 28644367930042787174292113825934949957398687570769679534599386719876311297562503020544
124 56822845268493863600807215023542023681309880068446839054464481046820175799876157702144
125 563644721539903996155065878997972289747748429919191617709384140957384014862332242952192
126 1118268719947512484549966283522301994789809996540138884449585997551199760622156557320192
127 281785375032051424613360619947463439008905384349076349543628289550643937530489610000400384
128 559132038235756144341335503484911062136501296507463792117900480463588923894511756204048384
129 1109525416376441479615456202597985415009869928387674530869944518244316958849470433941520384
130 2201844582224878529621018820837779130712401520888400458547078070147607982067773040528195584
131 572444623392052720381799746272095432205982813286569201265721950684192311687636946021729173504
132 1136147514131412810127094636836449583067016541174065036063951780651254315487870079057216405504
133 2255076560411044867967379231640881882520497023597365038971716255172339796715400508541191061504
134 4476234219443747311142869546700426596360988130497348626833397973251509483331244495427290005504
135 8885643498116075124261620690670485731985074179750649379032884643216083379724179224949323464704
136 17639617801362608282659141344140456074768186189297643519428924355645752144621917290912184008704
137 4797708649269734353808427981891074415480247974530559568349485438504337947865387422796867277160448
138 9525362249794064956917488991034624775675463712556055070490326363779398481997986137145273586024448
139 2628857746466090275469631808277432743232768999740328413389027459941253096418317318223353169703862272
140 5219882071187739122007860616202906543497472665077615691162330620759144844010646133612814021607555072
141 10365178602549878675417109312792499905725252993406980498088039025220206470435128887577700819714179072
142 20583302700043705112469279259540847287050844913046986663954586701685131672207693229958673193418883072
143 40876640068492982791649812580355746981431740753450914993367870199000088016986772063778226718818435072
144 81181462897496409293355594036974228318882686658697605980952586033945070757311886969836506637320323072
145 161235179964758387448467766861154384354647324042911723252844987140594415786371425541869503992689590272
146 320245987838086974194923452607813598398289411997857572628521674270240375090667769280839156273902518272
147 636104191232726071677678964431109452144843763581831640776124345303278607178113567728316288696447926272
148 1263552243922076711271801400080089053506242272809455803177443164787827527676147788968574916616909750272
149 373993907940437219299358649564031230975404057379985666744229402120812782091164150043434216440376252694528
150 742966826817918827414814328255532515487978988726320814191532938314766723286434833957839103451096896503808
151 222879866512750225374273667174035795192457306701574987177112534543715957574832865101955170724331824514859008
152 442807145791038604948354486183575376619031574990903700063465826511954293576750785908830715218879787206443008
153 879786837951820744755678466437823956708434042703033953118703739965186020011934105681969051992360706541355008
154 1748071161336232009567633907722239966496467517507656403994695957606023086824700961854568604282524091713323008
155 3473436139416223426097196978145466618204301777119422306380538557821363838942973166378185779155881011926007808
156 6902046031754667907662354361678801631213459600706905830352405263377489692511334598444348113840115917476855808
157 2153347513395077539751318738445972380159370398270279074844550038483777148037608298760405302294379489575730937856
158 4279259247145791014244833539395300003921909472075459998113384452470628651976755341650644489663652434050449145856
159 8504341686549724711980372389080756161839911656493303845616225174608019062321223678463950044435289229358694137856
160 16901693034865042936229755852830600275701940998023768492528121109856082502880854497880394834543917360033831059456
161 33592080807914122636601201246619110315676160807276865927384063341405028471695027555105626715505165818518575251456
162 66766802183974639078080247029334543851921214996039195396665627530039353175140482644158248108526906581679610003456
163 21631598481831473496766291099381331113606555601513383597703724084513935771464226119850843773028929780077951690211328
164 42997737327105961232222283366171178380876967818792848767602479790979252310956437999888002809715078233542104950243328
165 85471031516500094427552983145001905069753908468899906802310309316558790644007622828083082591733603644064785370185728
166 169905893459271564032728470657135277403063489279353696871307801746927752390434677004615470110204166207152041626697728
167 56406658372698479102383916453769870940970383538722725680415570378619429949016373046379536164536322527539360028820504576
168 112137687962639209587971413234992760174875340663184629687385772406112009890312820567375508707084916226918048551273496576
169 2898222708300470143348043673477282096318922935838261704885398724451572040902959464841623672753359871180029965285340479488
170 5762141970051777328772116449246477157185944732540021666090643929817308384239228673920569649998680545049278335474454233088
171 11456484361838002141896003839664759734348444211362234454451950186100059008416606048697421300661891241631409597838773977088
172 22778955861785030549386524115961577416845972244834308719681989370104132923932088968311858885120135766230763619516665561088
173 7835689560070588057220607647107458175893502841870728955744117640325416422777577515865318116179419604020099889633577846964224
174 15580780639436651903043318482543966381879627995066017273817337087663927306227662797613529719929753490778223528002482260148224
175 30982447471547453150736480601011994128640608299705790614900082045799937520174118100747116223387560305588663677444646464651264
176 61610762194495069268308109813874549306858466860068976236371449860274957831999455351296862110945698857768516247358041189515264
177 122521308988153605276134174689171834181054434166553955551387955344428670542522159939960763537050019594306980115208408099979264
178 243658014409249794864732078991729355784792481506417341380128646026397290202775179178090095586718163081580104886101834427531264
179 86739451709165956774327896071230032376408599042640069462074713521505943545346831921652169319704410273072071193050288135136608256
180 172509623000876329944814705557631982450593080472478451668193288777258924870124203009769431047849441112883100114165984793991315456
181 62101503428174350061386713121036090850263760880260417346145672360754938678412334336490481241792959943763811532265694044900122689536
182 123516716190458393092034191210420168507778714835955680912636731302127073438000174996948951288011973235215313120176669806339383361536
183 245675937203963265568294748721544781990486054944551724290793810289337221265814240572942847991966731913293709721267353834557366337536
184 488666561611261001037378248988238306635436524943172114923432347839983493575487871012148099044398480153384433395175997064599658561536
185 972020884756588388348852454924147588091338000399887270344032249562350132548244065615540166002749200976916251297869946841116218228736
186 1933532172733852545903935552753644545826195774157869031126946032558455812225232194665298578769360849926952663254841782418057761652736
187 3846271205501458249703352196564194643566126746553426330652314627609532351475711253523641517535026803987987664581010353726198158196736
188 7651400983454035554070276796485182603963649000148843511622994704998376105091025976997153534015660138130684954453281873243456181108736
189 15221394615782972413551565947650745953749195917354541183818633377475652567309853151738108656749618517165892261289123626357154681716736
190 30281697736942646797151183311548550933848862942111139710607851367983076265829414583591166743030862029141199429625693008867565382926336
191 11506719453796721804023730610786939120803006291350735124906002447677588572210851529570074920705767182116585815026403730047661054598578176
192 22892936126023483957791024655283842094299192048192755136097267465917472030945744953777314044687982328982917005420864206949802811825586176
193 8790643874457609070900308671556592266022279395928537425564218387926187350126727850974601434233951205890374159157699615071734377457509203968
194 17490182946746988418735377704811793020370210517692205333496249656295200163464464154632816959559414391091998253822795026042574892010169171968
195 34800035049558676556991822755596500162354811929201452247740496487716620530515959979347625286873669344211127221669241279666606274812384903168
196 69243108111275811117808218519913009271405804533735157842410171305340875342506181263218927570815299097866536902588190457796056475286181511168
197 27142576938114451538048246188034934397214932594123038688065316275660860328773884452131679226755732785712628364730101598012567604217106028036096
198 54009565565569441430214764839586228330925577572835269807689265448551925516664115244310239303271979412947833993005706965001139950493757232644096
199 21387231044020494841910679589091971835603605348564262215101247696726694992220690327320447411651557567561760393405275411362701499273811566320943104
200 42559492762000125076533582947260453507124942017588648826609704602931770002885707800788839894349420559688191836711583464764376051033663781600231424
201 84693346927133717583245828436152954345973373199726731635581758147618486442020070932069222944494421539044274310952992526260245805779638339369959424
202 168543888384478787819376138765533079777741043176060936037595448865262347870396377757686618915575067052416280027017578876365887594927567904832487424
203 335418857590229567993743849962920127435052071109258071891849296401854072092386663262856214838316844330260074654062371415492386525054481916885991424
204 667532766891870826576063902640072781105974999250817077562570189048208189906739878532948645939459793226360960039259360488459830474228634313423847424
205 1328520449794649526583803324553625379631519168430115001043809819290708092678720911850986264911490637858600770952236782643438938431609386400191873024
206 2644078459455519754754546834187395114561000281845222518652102287249081685574411317969410652185920959699466414031463690815970172715716708514633089024
207 5262483773369908807925302032105816036256392642845339896693727875649322846313659855751008949563047977083218321995915314811539585880220170887337345024
208 10474117427026433173370939781808826909246260130605188908757348037176725925861971849220151714534829636683570677271314220264259475544183793109931393024
209 20847512641959993632822544106576542331082551398108046272482065679259977988503588065886005256296844806031640437053926395710821552578675978969257345024
210 41495508831684890166397642238733233027880502587708971882181741747787593998904519392392323258470760714543512625573602059218740353533046139394010906624
211 17427710763169968369211443727878522261537925545638981823214211457564781058137244748927433768450375192343667483174293813168480110996308202790532797169664
212 34690214747447518659828662562517446125219382474152510384832940638630038896266778090012244158569737718875008175123479259395572225530046727477718274801664
213 69053133476713628158522093482174271093298902369409487427679612811266984076393173097617688315427060306899836594778195828411004415963404166291646173937664
214 137457822162075135852182848490463090889569348516042535185869717229693800182626090262290207992161730505491317467548799839628640458601769908977315730161664
215 273630876847352927912121467762777578670051911077712044211476064630096950384801385827312712278870748389199009623575862708471190348133028224649253265342464
216 544716124600452236179591867240070308973790345806961529771710922880899517916909613109533438405189626583617100489740848975148488739329514686403573358526464
217 1084388138560539338352620496614219891882615248125098754481487230550700021022304793689806957698137808058219014103488655736459976780789801098743970963390464
218 2158781047086584303229200428487526859691927209620839834867005200865807444635797951358791853905199784021417319187738876536502113523880463038907881791422464
219 4297755056754874735586227142171370868663890749402315227780639150899537292560377936489738953203277507856825816981040685983161344665376027449462517047230464
220 8556257857821743869097034872141933031980799978603616237308692196875781262519314452341351814533086794401866371678614288426964723028899014775930381783793664
221 17034724973067999157534842117332192542656999348959147658993503691127126723071043262181667013560761392048100960216769877002862851897451568729079071757041664
222 33915276616936669596676782668566853370219522419667007516582182431933859576962323144836708986399645050424838294153097670473795162527632779752915652694769664
223 15058071615454566995037944139838597708996713742980032452967200043239440072790326329197424739907585190564010315863870320816750267163462567579483632487284867072
224 29981082145478895544326531799292581975591539941881162990641934502924763584660713862603148095396188304699702431111224673380535534485922407453520307056984195072
225 59694454223038447500243364116783181759744793884582080683434294671542652177184863262450988376546829171956547176137068006485316866754642444180491107977985523712
226 118858248182780918208927322271078623807837556159871518567312887927640217958759497023209962387687485766052034500303570218419615979679084995185521463794138611712
227 53722857207294865193751651241276387410117053796721660638293149711330429209910140284131717715040636049424972102092169439375556026429000326961387093110170660634624
228 106972347693658167514749974420779278075928543099298831556165774118774592713881050129648505166260600340482633342520062360018598361363206498043142660023859883802624
229 48778435283629386219252979512211772822997675491714622364911879002993920289289495369245162760829981194692816561072213452257486329482172302065160207658106199155408896
230 97130824801438094754626274292180554169838536004169565807763452317106523156582176149316858524362099030600688016467363803085565049335820521274214497391976489938845696
231 193416968429974916946278722771772066808569253907759496473182169739148935792749419261147940997196619396477834637600563635903384145148280178573629966126090488901533696
232 385159202724733588724483167588889648011558873181287720470697029433043740266496256837294320749134328056112497305546849509876799758361023116816431459898334745456541696
233 178710490947630949877891440443353845664880400794157134804519302755866380757912160478421496939447395255144695350119492581324959188228831109562888423266633330732897927168
234 355886870726049321871782371537953981895800176169368103632034913962929244871294366495791902133819100884293606891632388807025932767507942772291997441170093767183111815168
235 708731746199665483970254523675285317028014877767660586233214939685931033829008717202725304818780625286173141365794241716081488661561663019769542208739538381049920749568
236 1411431286337799366115516860558953653943866190272734598193192109558010867770219500390262166098153152696695943072811491153607383874295766902457872889915974688327040237568
237 2810900412688850810725490797306174983160245175514907313995340734788482098235415659312276505861291688299087345628558924632561909361259889403001721335128117882566704365568
238 5598078420631701166797455696542237630423117608308142050508863627054210515212318933804019350599643225591245012903450871981404115583196839257026024541138856849245699309568
239 2664637474311773348354847203509960613768252386395225684652055303584443039616750183837230218888770062667374607706773325341604473786026032712944788191393298535108923728330752
240 5306975131775193580922938993482389205461697548430971989358092122882095769858087051497885493795551931738249814872280054493218513357962992406221628440798346100152833568407552
241 2547303082340263364635112356616021522529122786949022475694197874877458391051640675888104935959983312702938304823662723125640400713798821822672295773946824241357909613223084032
242 5073465232880498509291945895988009452174558624505180595763572579475412670674102236640043797127062045051027924368338908483150418050010949899682749328088773847343690524794028032
243 30314994227795493182368522046680598207738378902863449566470685109110310497667632579104556191441261523504631623223822573758523456504683096480197130949756489558044873564509700096
244 60380465068651406543366245810353766026141434936728544569263570937603995858420207875922713785003542829811403160755542419161019728407797932281993676528560676671908429987468804096
245 120265974335335838054251507837588483966470787363365958289112257812317948740245745609993166461160250084822441978369743580615787812851553197062714959150831873861971350536056733696
246 239550118809625965860486379355251133522411367400164058787997853619675009358516125649401791710415479983015161574430550772131382777800496610650330522097632225988519444311699357696
247 477152544240195775093958269179907099439507583505850963425454182110442919577904898845308850911361120104111590891280417728510624570330375798849143708210287178402534270779781021696
248 950441246509153378970309533588697612193723433329275684759742191281569321385880922872639847868083483893714962191779749488395082011901989988245166748289527285227225094470234013696
249 1893217135366193425246093578354802408684048981571920912799127141277066089645945613304592355862197108149310432734139864158687013301137012630576200595194358983962352197082541981696
250 3771226705969417197427455395528883163292777473671270207053581961668095652019994476645041751786471447666456610054521212581908540429293177734099620018228783727842725385486259453952
251 1885582688499935602644972212864790051290851391941163469097676482574206789844043045308130177660541503122853697783875498569669807211830670163020714336092637087628710665958909859069952
252 3756139840172194201127201641875481596555894453516308996311439021931938615859464730619450806140671896848265168051398190848354740978367167944704755110622956971414320468694358611197952
253 7482467130460013701660970939193222856688628457602764908231345424446945889819039945626982809120852602135250863762194384162414846189175052853672172305734740455319250668610035176701952
254 14905780551269606879889660956684471193803445016924602276071788887724873766289689783397893019782157471722710556792363178717196000664249028302245058529067663458688914767654650696957952
255 29694185326843227799655051266039585528134138397848105738279417434176588908435141224917980812001541290351845945260307287085152182912631693117441239711236780657558676972810198478487552
256 59155460465681300725750164772957977366058566617656647791896177429060865168178032768571280710563594991527076601973789690474439889735581533178964881910089318827182031365893516324503552
257 30287126210765187624678490462192416804094358869279732013969098716649391793210114891873308690678615407824176782944566940987246357555394772138494079456705454481432939510293292432557604864
258 60338540380291303810006392909435437514183102767537772305311019237322667819272197379315756860076981874610545393277798480270781501854550057058304365775262139617182702800676821854651940864
259 120209311467069203237146152225178289585247936171017111264123494097042399207102446659316927730384152132764082856335510736140681634898426995354142619599104801895355976383062540703303204864
260 239490309247649787480447672708081356403754027336410563497449886317560940972087327917165414310457668262469976725042798999758405746116612587805081909909683644434178113751046395947923800064
261 477138274174477005129937292060991681099628231957117824651969901469551905408072531955790751558113715723952983666528584046046591714827173921423811530451833062519187736093389709078968664064
262 950620097425636576172050197794652709692171494598374276265173901123518636078241526261754209738558207231182486046130033642086412614319208334206165965272451368780161105798363790966012248064
263 498117561006550034759316364624432041631533772703390815303059631814163968159746074423166209247793722051589253077043358436193592668899777824194175372712658702469932416550376095932872059256832
264 992446932414798540853677453752972145210288106878518346437293492422591718819725842932964967571758996775788587788692108222022682046178537267333280140678560596579305613715390400273911835000832
265 1977374887522554054883196906809082238378523157612357351867012278842402482398855343963809286043659619622495186761335654965108565786567914572908553036852131162955717115991343429300587312709632
266 3939825324391390229453292057635166258600946378999329806294647454791649492537722394889927664953837552362173748624121669152460138652757275369731465198400974772653078379924633299165767775813632
267 7850026194856636839458125841303618313875587404384608254817126531963931924724528653664066157763630287259211182747725262963962149007861170290741911902311030204709243894578229594178037462597632
268 15641247332276195383273727484881802632967596014667215312694006484240046920201224706594625691944336706792860398501472722274940035312433856439322428842191513789477872196164126689463679301189632
269 8383590062039179937585795174391111703301599943056958302136695398680570259109638530444734221453885214997315426840904800482643016558295667157816890438325456410805532390418190922538833757505323008
270 16704845087799932745596970784596125983775393790945753976454621761932269255463801076339103079796929469767979712205633123988524761439321653673720099730619735264037235375869013046884500297176055808
271 9020490732704588290382813912136257853058980395206248991750882733639562426261937866470856118130211783883281216104679871294066352585810200864165880044836858837299210399003946482852359511956906835968
272 17974405883218033628061898020940682778092325922412472219542686733626721478662438947104546844085513962141656300812579451160615871305584780766645848043618805656283970802613309054004895110599664467968
273 35816639736255814813766739615041807903433497961973591032431849283051683106889078463092560598370072148854315810267148577341579014835098961964261608451448033017191332192955775129854636376759591763968
274 71370872158732561264112883813506093737142548814529689104831421370591935110581579104440938371506454520916768701370049098855469074569094374131773306198436201407904541386849886361292441965530833747968
275 142220760767886223281529927525354925143951857422532386354558568657763055467030634927927887533974591029608493008004192683544966357239019777287396616617888987873762136435046151651575778193336799592448
276 283407132996272143968411717530850784831434175300798630873942376657560577916476217184876518111356747115769537821949044029846500797342131993720703938105928960903550822219495231034386774299471876456448
277 156438653310036412098408793839079381945797506027124187726781900350032512474957873566046439595560769110629058713977443139425927731800688505731820632316740387282726932307816070815836806331540272207364096
278 311747725678447353225797090378650165612378774608839452849025510266586759759922098813646967723647396407020198255210706090899955228415985414663607845876504876751409012963826157391011860638104860644868096
279 621252543731624712605108534378655024818899152140859837823819227519648270478345429414599991520121105284416160925195273119643895329197724057552760859278759558273227066170785326336522004704233574520324096
280 1238051431137599593082450626350093279951893333079671890737872421188249423981489066826499231800236567975798115103235945984069318815755617495881858650273252816448850186490368241592217220378875797172125696
281 693299829097011418723480197508381634540958767921122550929211938808314734100558864728909858692731134708373164683712077625601715739699748841807097043683700266000475849782759908430602359704263743690376216576
282 1381664885282856859800888364831966909914915961627019463316129744167825922152010515673140103022369214205648798084112647001105152901719253178370691571278689337677894673991905777541497389055765163239932952576
283 779249054223865320091309613617948730816833074390572366704686359822259046030037707068044506957246364456662067095629800229096696830565549095300773028235442918988908409593667605222788557657028341822851024683008
284 1552990767941718577424036884060569103866044733558076718675818224252134396362913065592766181308951949982853323421719488110525250438342007730283790279914959790176064560084302749311015159240492036028089403179008
285 3095044428965369981511717900240949356118508671828752058744600325993078954219310271354316746332702029206981862345294725712810929207524563887021873785016593414156081028430551036476322912571745995005546943479808
286 6168368158977542360287865380041007900817475262088489624615949270022234191905136870249714725575840298989335943416755863591492177104147140842758613637841527559850519444365381538868719483896273116044535747575808
287 12293598728897272676176215061036246533457924354870963100847348559167449508826017757246814530896659429008522474332699316088376057929471579932240896550091918958238041304695427000082833904793936925223286952951808
288 24501523545334512958537023105797590197123263866180476209725206864616593925189162302859089837334680889532873407477669947106471014852166816173084057632146518481413171679103225940141520285333030767128159146999808
289 830159117580560273391589712432825736308226989167084539724954774577229578129696421399938090558707243431589797191326452834128989322338156820514526672879634892145722453583513205069100159861868467331602610426740736
290 1654572909322308251632120970186640061512440813268758693946554695452802144509199258576733951252783837510585965035157848826744063930524582705137535178503625502703866430315935047972925380815239549400102669213761536
291 3297734418635757830255860246809362771541458057182748417137372407163565335231232404839763501777060210588997571046918019533674453183954572440812260035073778609658242741329009511492577023952542737028040930713665536
292 6572802906376948428745641955694378583996554070737344372264276202422689229067613538829774455219282296656242621385426304983789133134284209516711882865634837199546759909170137380562567627739907309628931575210049536
293 3838471248409301199140505611007302159584766414641925938867544743741176298117257349127290312189507411183550197463618746063117189099337781440721961412678665515962094679406068928041706827539613752120197087922432770048
294 7650740085649917564370325527815008456869231646419844463178257411866204922077331149122519933042606088674287850888944118443661564035805841708282072037052569308023346037389953771118606366282903049718044706705189634048
295 15249431869709180014387729294197826432473521667726339691295881306298465365767240960638435245115901079740571716021457064069966962214257433021249343383262248730843738574659527627827816294354272903913076570584040603648
296 30395472925773250438408905720433848748711802453438610585178982987768173682581588220078942117153887717338907798549101111095372992367252158949123296404423434066870872348271178220592795542874908761936957650612831387648
297 60585561495436313371137984657577704678722112975801116878710283309081531674346213060445204973202669163326163559008243453987764810045948717027579121955020813591881186132709215765767434314336916936853245864003552411648
298 120763120590670740827651652069200021532501054084134434792661935627404131161286438413390037645997891240226935108379822486464545815754491520714165566173325657343076241125850807382659163946043067460008531765862909083648
299 10465900578358335069296203249384572819989830459753214116580064495319776721163446182340954126674323373369305429814021815734922303084613127190743205618719508277052791751133020213913415861620436655859110279991447781376
300 20861791946694485435696825213827152775019467822236303240265625301615506951371090909980119423191990723465786543850387352939606789867886028929063646417012171139578082410817770533817030603793441210004197351732948238336
301 41584498993211728690980457036636282253483861235823856310735181726125268207598954154443571841499633281797642585118890084909077527641851946015416684553143725018366037214176076819339186236031988494014337694074809614336
302 82892676615739478491247829080778984061548645457610965411472509433260620115708800754334294874020165798737302640892527981086631779760817118485564131433776822485353947120208197295777390509567105927703425396358917390336
303 165236370622362451690460676323888528259803198823813651539674971265306008077749551072268277420694758670788638197616215404490073259232285647105924058548966231297435457295928991908875329061432488534793223984410406158336
304 17335895989821971446091244984727579012313440405532925530081697218641366267422534317631154736699447700204787977744093500960434177175610243259026840310022596269830639574870016460497827354069580743503039826111489900544
305 34557735012432332708808409930137202406322848288162374294081936000425492274323895730113637367686437615808967217562749093223587080216062332420006345342569544238811276388152777991313133915736680608868498995864450105344
306 68888852018289588820760928285365536623138988184907353856304634225550710784813537761532965488281417512928409493018238999369087965362061595126534116812679473196583134087834099997186784251086128052897682308117083193344
307 42159521177199544508488546217006960283995146989574485125965814021020701939357417016019249214706522873506120386935359195367356547075504458480240970001199874793507399077170037766731016770317303147985448655690555990212608
308 84044375641670224426268331662810339154074910810094184736801199951731263982375831973364632621264102113703453454998211568914377899703887091430586838929057887081182773830721502076806113650880910833530767340361164529860608
309 167542985188964524844884344072567236836822918944204653863903457988358144948393125221664814428511573997074188632754577465694200402031018812781438150448671270800302614763367786915014073775240724213129201999769238511812608
310 334001503576796388260060781715243890926946367418011976188255701429117539906453406600534209128121050203277783277443074640564943326025107212119586894058739242214547975074256187011828652345738674756973823353040818256478208
311 207078749012839432066288294451900375614156858320762264435645914077726379784904383907665163752603521861065619278991664461635557987270143150558843745090510046605556543640844482220703749593233457186602524301824073919457394688
312 412825745907337764782405734876649814342731238671528468862451039592131678091399149647880527124261850079528293121227792828677716003965913183638214519083415855888215456302033593160881871644280988108808421028348599601293426688
313 257600584531163679991750277841435041655905291043066522316273573713326121385860667661680991733808755883213064224499643256410431711659491327120288507444682387885390599323118519886027173984513608573513515339224415700670526521344
314 513555090629623924319459383091362827496385032285543267023331934697208462932600194325712476134097490921457533991855201878217679906289327229673142422158710537074019118747845702280600864264986190481015923628720964490293195833344
315 1023838994851316093963273091335663302124389087841973094566292730563488178778163441135273657732133445219925873718519617162328638211773571505238832131493344434504046770172381164324385872189229941077560407456669639537540930207744
316 2041177158331272001797458648911325640781485780881690788718398114727273688217102825597373481804167151574467183933072090671790358884099754712853973007698468976848722151176993003209147122164779190684595296100997694220344957599744
317 1290010878510345358320999664092708826159016102540597562727862805160058201130231286694414482545446289465176205362381016000937351231169770031187478477202053376422879762718021464192468747710782129198662758487231599627381496870862848
318 2571882557908007536931893194576598735441515347008202604974462811983388038256236771226961194205116232017970068592722530169362501963097548952863250701745697850080122810089014887145478860069910675508548278805214365585694012995534848
319 5127589103666355955729787506136956046738285000554901059108749972922691412588962439448590374818125898047991689327823480047476595585373622288868865544409515672167917725850619329145837579381527463762740099878057748499445612541902848
320 10223029029272063115708089289810418436136219497313631102038985000045427515164834240465463553665313919695347295668430998866966569744786543502530060136970502454955458839150318185384052776009063435344535043142039243183737864137474048
321 20382161591227367110680404372523863698487241546926052371432600007392938747714859015078544034855969165347395856596745055080279913863242211965904404495970600713472674765978378210282674974892624250959328699493902659376719300340482048
322 934658509796465526743665463646765426381589138140097379896571288364116320575807179154063489153430195639319760138580680844628378513429466529036253380441471179407589564262046594263995485257047932316685812043923783536799835482283311104
323 35406717734348376630454491398858746953470804399317969331430868502270369015626650030037411751004728465064504742711560624759207996373173558231710645852505064277598932353395724623680979559732694126177976679386506617023380860866161278976
324 70594190287271936593484897395347486732898318474712577193325390289571278476575287691973191767300569104430737236078007806572416785827608269467186273103059552756858673058770040083253918478073169694869246055487008948709871155341453950976
325 140752597100485680765927060736038881739264561923499364561041236807020476417174417553309762384407352902305563869005570187541522310647527324484380754513395886709351940680562521368802424382948948674905992380758164366964781034787575955456
326 280638991053212471293802539789564669328645108677215351643910255936903846544135872798305992142442351272301383842634145487019800197558408875899032327877563423731194345447940168103791776647271820874365762661206787133423957174787512467456
327 559556204683725827331034381816778166295850357861994628640945731388536743555692046558971257592713968817369501955190203882309822161674295027343536382414068726906244033240998962205360760366961462079404815330480493689177421527325612179456
328 1115689917227493311624783237566161175492655946175548430946010368417097458938490027167127000289292133068816298435713564219260048882807799731748126783837466496041861398535695460200562331564147514969939999616166481760710243742447310995456
329 2224576590263090483955176092798973497781727271201965738885592137081948003896287824367583435574870478810302919989583851091720075414915942850560927097921809768239323379184087261674277318510512410703043588951759211775681463721534953619456
330 4435629411043159997268504876869247764649027064739488734716636997025801514751533129088493539871569119713024729027300968552564613166816422160193722875702106353408808176961789702188533262179324839164807715566365321926745290225291525881856
331 2927488196770131837882672111730102026231245822163535948439696453578483618547219366844092030533310481620807579272929918115056281874470552079381767485192392949190175473107636002163813432602772724548315677418106954257454816557050832760078336
332 5837286987297926933535863715151741281290464574550326753676142598779292281085995808225598183452929668919654605793289445105996629568929459970841891374432655551576474563002315972975526405216560454197454178021883164038186163171572885630222336
333 11639408299341338175318804329782277213300438303033297007961428606026550394977129613262595437322680841191229457473525859286129935482204879910570186456881707707686091967476993152011494614872881933137478095141725215973338157622151393455374336
334 23208907682038679154442871543386878802278409869409519131775801303112400406508552110731577985458172699672872724596392481573461617333227124461046367669190296737533412899752846449131119847301355301323274289159134816538641236376897759358222336
335 46278834809327705345651459300664114209553887500273150112993714621480602817562254284789131245620884823451194224411541447806111060546608794191548126026868319041825981206499921083387566579427385778780324610363999333486767972520690512860020736
336 92281368069100465905501917030949077670490107776102414271969910821798149291984815167582466615588197689318680548447701588805739414573292480856536751323428661136695090627692004431458457384559648933233371381814175602401187357093134396330868736
337 62012523389854152106373653634181334620704306345903779124485863793559367542210843624712412618071256867163346154579175050179284436617131003487525241395284008690818287072573285503305138759645482530292093586085895630719689965773068581255912620032
338 123657006775304912150314328542058577018440757165699036393707078564616839996551854439865725643066981960984733272250920435808514232867420319563856507899190762017282417226187746824828962518778457932718453255018988639970785063452440957743144108032
339 246582289278445660792508712724138269823366541101337956493983011264424661173939828808726019462822469168722956551147970231340547690876846802359136555558898624107812659066433693294888268893922680269120279615487339301486243134341100917935971500032
340 491709764387649859555472808240167774887306780831817920693945018236394375168848789461923899491628999541800942972007381294195602645377997259227371474127374890276575906030218257138124179842004394222298039240185991502978833052172016956202844946432
341 980527016804831252983084494313188488797803446570018435814103859118914625950485426541614686645847300579023907095715297783173424842037182921017400050744864218706954228421342900579181128360173207970570404474189168913579892125852436035444704018432
342 1955302941215701750987853996950030965075460540235084960118046342984057348269421644343805086760399585103544554851179622477567795421340003451253655867274477440898527374242240581359300540317457216673265588946675037317176156126583564140833440530432
343 27294196757837165739267270627703283159077559538113053958048705196067128418827836673196395478309608577658936844463106297974928638893117355642073529407783698085861855532787398633874321696074899740236195983426323914037780941386086818865138079105024
344 54429238188530467741865156549942828370806758168742929064835197130638659549427061154806207314056564032911290690121031801677023094321616801565161859928387117317566810312964480584892994628932317377843780537230174715877425778801788222170959418753024
345 108542016461913052605016882678930675053907305003158448118368839017552321630158268236973020482154840419037723866389590487320620153263088160391494530647735385234705966512274139664025884419674066174000354951772346749690978382111940585864887191732224
346 216454782382820519528643157329224357745639609383929280912987951450992861617743623400831694141079148819116448986693941623430683652308218904871753324856840312583914110377949471353626155967685068108532251905628123348914537041892302236005957028020224
347 149785443504106687387588557651244080560415699087716876770683244957435376652766103093478800038930086053087885581633408729518611168690182435170837489318024198192270231856195796088911664032010331972356764103321156208736046946104639137791687415434313728
348 298707541228198552833386463249675806207941721255120413862494278026213975641150849204779950347410204617803424609150431788181213971246004129927030953114961621035955613106778688885656351418186158573089736655893940692138103265766130866978321055485001728
349 207898711904609233289127217970645337417249772146549886253910982047018582394677429665933803285948323932655410351745348742904415226543707340894844453439790052040753534324671455807628369065725344656118466989497643302004029238236777916089331061839544451072
350 414605987479311007484819186321967965341173548652555536389621080198667707015675191776902343940411493760333486305688177137426591633126674843426606837040540267803168127737766238618488206464877647425400992503269869828611418314071377841725617105855957696512
351 826842719394670671122951316937141297383186778151712103611834951156372513952137965217580345245608698544876657723807777924222954837138290945341802473851153233711117459330832757044704406406207026167559875294268612189366895103485109887154107791928576704512
352 1648973929066780000310362554698083567535156343800598212106136477895886077785651791795296131939496305814050823449716754493345247363320548057684039226808682500947993683132914279587896941516471866727206283587680876783828101655099995955025700012448402112512
353 1160868168569738307857495493192126857526896763578426989253454451521865334397128816414451448407139071469858553348789933840812966257684462471451400521145565526969402631702584132564935165072941016708694889545013583779192009296587178363905673027640243032948736
354 2315158966185756576868918891601433554928062078259421252497159880974351180585796545626210237010932275185547876924366722457455447389134208683329332385275404584933078248253447880193488064990015231720891772131524706371840276881643215462769543795469750670196736
355 4617237514670660617601560486175487475378836846693629529614183667037337037209956411209098187240469143441063485632840993839379043561152294086173207765004773748421197506050663467013249904824630849266343583036453931148164145755501452831771291693000149000257536
356 9208461586087182721309918722545089395378977536548370756448697397668572874859264008298565728428590425636052480528955411483103069634559149805328127763903234720546379171882188935108842338202656378640699722762576823258248266262353555449724215870659089489985536
357 18365188585662991510778689210766816473922675495026173987558427863241233705129031540869156454831790293767235013767144390089073676257152094544931217509605487415653184062840301353271480468637261916216446421600110434413374019205991362351635930196970477805633536
358 36627487685375638090892382307387802881967927847967937973626437786198998601253651703593742428719736399481381183409789447979193824660870984332854698175615008153938822867712067461003669365649296424118913301404576910292591303009782966061035271060060788580417536
359 26225074234444109025991769505532847502786886782126792746556586270083200163475288998100957089214154779105144502308248273273856609310315408463648048801908604775876554793796816751636564552528714123916856161144241107524559852984026873071841590368534485615115239424
360 52304043177702650845651459107354207670951241481068808202305839284731843052138938248697504184058894883533961102472826363608901295011901621278353621936985000601720408910238251459391635457215166335301754475880126001001768339084370256315612946884157740297301786624
361 1982032485594568792917639644792960436331143871468636362587993165912379906403157061484700679933340733060237258426904554858107660063391503079372298430342452116412033820022833777180212181654153717854792639600134874192906762126405520971865876342969983558868434681856
362 3953083839980076263044405135140563790477488469709115762779428421384166838540829557330892747654202858080050579367520180691165181060063875407025183736905132198718906330038959892108882734008356293831286611675200649567316773672553020876698982183487807448660213497856
363 7884326761674587029908807931315948992686726731764507183546919123757648212831944948495198689885343845722873842070015258110266132028633565669341131290490202114945285661310792694335762843937950412307820043582494372352641424800406436664850961876421428650338582265856
364 15725212369230122240742754167643777720169987661028831830462298931238822602214773997905325376862839332065427931965651044391220226542868717126597664048464819585220976305550766909766298447808514505752774086342646138127766965236729458264296943351887936871268515577856
365 31364019827587463702351282551333255291698245076109457427597631807530041658298882348509632851163159096606193349620508174288575242450713074005728501987658029224565367508308852468214051652240762889390928999025907742194318728079587430111959065308434835459863012704256
366 62556176780048827819767199819347787060046955220942399192375754757509795513330027419387076720669261359214823827456698624630294263250511927890333725199710059379541885481023066833424051212993608026155554917765746460687714320635014532431066576314662256142032364896256
367 45790775767479638343803013773887275105468488392103573875419487995391274775274918254797346068964085775061357854452699804889456317838390638579283500539515677865734683127562270443200346473639736785710794827337590893009556729423622972299788131564039519943473843721469952
368 91332003008441761724015414200781274411861264958128034785512173113730193224356368996214737541135810428519145496234360388267721342967418700008500270020920599544829855378985299812371406919285863573324904421435119331547272846632645572709648556492066472126847232038141952
369 182167621570360793723571855160656568421360136374371945977458558607219201296236986193188179610291337108586711090682333801184802802303366269688455669311744508368174155587785705274999863526319872558918358787981951122234966782312430488432296992120868197890974098707709952
370 363347855350620917009173621183326749445711939361366558030584051834772952531501568602286558656336684919099855438527210500462657172546418449212258600870198683264466300328582189684242568866836355346399356956932118315552583335100758239252066033996694342793475794929713152
371 724731610060573723562665014328275358496979686559145568594769671749570192192137123811808931955726327452198849555522382353469698234486738160391811617994878169580520713019119651848230714289968962523585175407129217299528422281363190949782063583829878567127306671491121152
372 1445556196068060235559145158719543820636873956507403702569570021149515223988351053826501407730315345623057595885657913307585893040830064035916618980109158220243188385643793837132314595752238840280230006831984721186921090287080193829387596331077789036094248903772209152
373 1075485953122956432788942371629493580929635322618765632735701077842328282204038107008216227059701853436519390534971236693591987040149048336787355556993740373843734016277892695101711752023513876475469547128422795894941711673334362440788089795444460699374559861924163485696
374 2145205057465788501864702787834358251867423229794599917632036877642742964898321102442640496242363605365029296479188196405563609783988348071379015132796190028493457177590291532035169966528099108111843988082297130626482428697946859248943654521403081715759340999703785373696
375 855787619518991507129563912938198996432932835061599474247718937262260690395836850133834421034409249309019411107183925075541934656739960921728902419999361921260287662004284615754354923678649023363173107927658360727532462451274783909788924192289708887288303555172307566592
376 1707010906804564259968573265407601947349385339920667607335441467316207693220649276288035860766995409354259208603220399399536374882688680284999712380318758029428365241431597732803532311390808335346160429027124320705396777700647281369895692718903590291815767694596942856192
377 117411783033391698174616953637213660773794069039066214584050926166539691435877043961268544972840214184631487181965930601414893659625635180519943351096712489750012625605876869046731279333566134184277778030734864246710742729412983002510835643194026557780956503586423963648
378 234200674118732094112390176234730723187436156916099463276254418704501403919777599419754128384426565644952656260057415493157973216260088192959215215749182088973219036795320303460338539972052505760852575598112788330519165474811289532341211474614139459843473021164845006848
379 177054457151516802997552433076685843272751721906238832593006265047705086723424530106701915716856950083439860545598923050064639993778219902535632096446207028733594061804645631428155395692103596595253673112622457384625931310474598469309083277432364209239938762310762566254592
380 353174563621706653553734195347901521120153751310865540741874230815846885185198860381370985724337833061424400803130947350705661714226272612725894895118229131090594028960667160911968062782533434119498500997861364332989744566803568891167602249652450678453414986956233676685312
381 704490261567492182222233248697308122600535752222981808965337889565946010725746080876773855030598911967640281631803751729937096117219763583184161895093916264401145144547481760407237424957669068026128603866054459558072416679165819601436563979015352821766385933755598621376512
382 1405282308255158603283480051451883594663496706922020019400624036077923847536994724901635076002774153136584002028266256800550585685494737717972642141118716252837375380351546485054868979872468421525741531576952728043708532254087377300978314863241874898217914366899881573875712
383 1073628247731102890748365417010567077412221408141198860202997621752995900930462943672320206931804384904384675159723330228559580347706564784961920848011415516001994670828947753406805327246062111518063283365099171963766360152555535588724592268170700952426428925444886818503786496
384 2141649926717412509496144320383597483825175214789089322869091110831969123769072778179625892302169706096712591371440447591696842897456964428340706169625002881711901971657588311784892642593610384571337960465835443516469251041143800388611627735542008649481817664399131210674077696
385 4272145120123869099621583795164084112721664886232153934109506174760933890366611357144848662079937411747901785269099528461539486113582436963704101304687951185257898873050824542523518767754433952636052121539511954042380472346171819521892779005519058808802697018988377167003385856
386 8522096671737785095467667721539666248085128738592671422853339333375708165703670180469256777957867809031362094339559352994645276985128068705232117506756526816683851241115052256691244457842087184267735810727934008718420991529776935409526163663245298763924658425811484385587757056
387 17000036201055467650488796380872868854029816320045693390063259742808797934593100184620272450975341366403019351710089028807455795209503334091432707966696941254567146404281935448777767023081540142458071232054708753446853241684151998627234104117417539707992240353634323591652704256
388 33912214540467545737051563345625185392692672474799917623621193755440786287996241481560700623438033462809366561000784825403113890842664301640193679657402819540447740363795253981445211521780861249775905294185955280302024792249838336076991696672905463653116746570476791492411129856
389 26315701847625647886885765306095994751759825968786445960829601164668888828271375582752884804348444083844169026638885235240041985749129324155873855418717458351077511914098688980132124212963428205441466391652183908877100767424159710594961661828818854342479031240185226981536467779584
390 52496100833514301935717473444803652596000463970318390289233355999485004378587713246648399726667818888919069508614919060591589346673275489838638891103041762160764997119198834547030203526580719829746033885658269045198175151731648636584364871670715298823356282238343866624585397960704
391 104722983720964813848987888657570847272490739267492089972494043393747332074870944392015411592164269906715546173426444338786492010409423851047223872775095360553491949702263063555164479395177874476696321981117978524304154741910271046486499152173731223874722665303724273073634414690304
392 208910285807664559553522237372836016244468788457262072503896741205770649060823716727926134242210761477931986867004538133552853956944291245090880647437202283877758472457253438770371121561614035022398172212366684679051287495787012690730042538279237482523111725398437226755155667451904
393 416754674703269141315239614962576200656760876408355370988934184169196299231274031006180603854517248480053334204829539495122390257410795155854816808595196756870697286299269861591546713059033754787869547737300490341447603218533489660416907715650018415806412038666261541478597555912704
394 831388404835109753662218951981702558392957782828556722789034260740903306931715520911530890949118514428447697168104796018456541354280521231642770673240332939034275732187150339605364009802617256655028180129681128033436192452235852346137405252232337739564467993560956748008103455227904
395 1658556453806984190445560009123655899902130345509869799291512388180156780521457024823976526975816736117902780750537459665006695947529493757518486231064047651806173998920441014731662819508804090759638312598531615378466593252634489805245638312553521605694463164338222122046712692342784
396 3308714935341784203220407067563411303417903892273095381203021783829172548541395883639208982685643996558987417190238985626558772030021130867220039995409337104053142763363116856524026606548924290109744384948006072455673705960500458473668628508648812651761877772707009105608584655273984
397 2620485346706249938796180476106960567041400494268893527211515089534201990042725741986430071048383856903257036684768485855293076753251765545169986459538976076488696938493756658739590682135698141058852530125142180770050494530948529199437453753241049131234857845592761905907610702785282048
398 5227768916545938176066122744965561838373277789080353026542894135853529295790973258288543888405704090757164552905455483839891317809338954020450395207280198642987696470107444643059802699102043636337534699433740958117004108631742746951197404855839369693389133075852799486407399798627893248
399 10429266965649677115582097797625829036318576853415996538993464864851485524802514669257171955113540948270223156694094206636232670893663269875897025190242637647832818342700165534084586572548687782307035969533100924954535629494480083618868886253504189661997662106647260423945826165271298048
400 20806255573611636299916468027683062096219448486765605346332353469202408201680539784139584948195675479008775071252428458614933670296890280007513052006252703462498836478522643711679030400074742853516191003381324058795411013615641070270873491641845505499371677523082209994334986766724890624
401 16644899371387833503733999863146694348504696149872694789750384624630903830376316545345903958692173491673360335218891213487549201311634610388305555307315386740194847936545562670458846252450815941227316619434489454649660123756800858500223954459053100375147255019903925864039658174619555201024
402 33206779696931099704402984787536546913759420627377941085244491412072575446010497922730372059093908603419268067509008765899326716777083490240158398106201103722010064941380642269325998391109315776271579976939514237416589592543211030231383543556465508935493444798970253337576189124601209421824
403 66248347393548434754869148259520272627071575664385926250448615126968615096059832482078045390912754831319292426718077034234485829517085722004152655203729928668361018965915143503790490499003692618394626476775841595591803718856545467134242872673883812862337952447529378123490260796524906676224
404 132167910669473118048620949641745230362045825564951362000831099568073090239475089053449888721224611414703994489892604322051659702953822847751131296838898822001922575757436945471558759407327622654907437068033464988386909129273742388282026583734871815251042588993912186483506948340016243277824
405 263681508513787054101340592893196504065401859934474502954680599391313623365103551546458405785155426524271498852966722960462218936872053952945103500397457996850114521158794021989970515649119562085777439432814106226358378688822125381584271617160250348411717518202498135014108142253944638275584
406 15255764765035130869131942267736665167876538783765028026587029872121297351285078324799929397896933100543136219171037544218586704845987221435916393288842919882012997954683543207702967993528143796130738737513917609332742292206855223535573768117258446665378857503512061508965348058955965934862336
407 30436376132911958180573634749194111945723385208040696729318846829604934319938702816007644709109389350782648147862000919237083198235369278738159179832285450678986112438604318281007597743502063487684234342175820620045026419743914272737882052319529413466087722796434341268099608722534236197748736
408 60723184107058373453891129062690096448584495476080878896043599288898268860340786972485782609420515301015399887946422946847514927693597206787241602004741872416084433982505080314512422783891207186028708416182656528671985438898733062077781423252491587426325507964176340591470413085653628339879936
409 49549817606690349605668547146452972801805724628437868116529230115942752948847482543432845613906869533505223974078975359790745896664595246864033071712663865955650763878667599667975518151569044996934832586608284621666440604139913954491170488791566193208921165454225594749781975312337757978989953024
410 98857331950707526283610370669201284274600253337202758638731111992891019499344815103040843932938266700014880055750855092389847980158774864516779237105465309937241701563290116370951295362689212677228872368829442882587395779207259525366562565145959011678119211176288452418948149611678823398909149184
411 197232421396191917709187731468845117383338729106514705665995207221838899235130247460409599703268548151445337444974556748670294959392904515308146282414704200606109265800249882055720485905556700506525983369854624814351831894913399107161748702884650279670193171011061063827016915853673163166144528384
412 393505051309269999631092077530270434896404328821015726191264834110662096183711862503509398837277022309396395634153883839598759563593036973925873736890904123251277076001174463106400764124578727195075073765103895561707090358773706719384183181576893537654379566603738458432435667919011384740580163584
413 785099838351343460899007770398586322622230125830092822832480748290783922541172518182720620354039692300078410035809490432637633253328894470054221006838576608141393966087280649028339140038559719910243234747392997488633804582068848299217805482890231175860117072580412001180292935962204349818873053184
414 1566397650179248482655767099647931547891631353679121039802636171268514909428280009948489869080720768175207260025586135470922922305797054595179860729004705768815878389302555309829114740292058029047269565596114732251052804457532101789417254808698967623101516057934837958450172412782681135216626499584
415 3125227983175646935702988122824938406983352357676700229323813738077096251940388451351036707504074818354982411330489899547308992993613046362900414198772308046017018395139296078848493528267712486795360654614769181367397218666890111162634469367180012872055439816666078181629594597860644456443951448064
416 6235394272567499618465472375798293438344238014691101016108855518007679218971758658957079678396824485780976102635946928834329278260168991476381326169702860666394292926015485593959273321584523063552369317801026856287026698940368831787082277260303252190881778085288504588453922515203696275238854590464
417 12440809986653881949540740717462157673577467910700648868879010819931528208348497298593117452456219505681280062266978699498120351022218263261551874754389239036067895826948314554563994635828135533245010103822528979867678323850523017781184378380395662534439364271125096364180159510957698944872810020864
418 24821950430548721337379912480494843731435156267810607981822335034774805857009262909732963154766112918592412842966214337616784835911091690698949572169768281046373601136465011571655711325012759456028891480717104987203236829054036393664153642337709227669671485991191406270772699354160661209166395736064
419 20751030641495999968595730923222665067840357942756570562804177423179623768367281210091022568978072206083927985867404800928636355613845603740524345778389788879046108514934798554812418197338691811523430361504332531770683141723778431183442680807814306846646406388284634309365124338310993499590157471318016
420 41403008733159142445404571122470957463509988935527546362414841133999445996383888930722021197491970797741848152317171735513199548112960554485673941213859466743512411746547878068788393858073676602801664191143092827739867786660480713839585564884117282322025685076816573829940653988008643184284511655428096
421 34778328273657038650034750209928838704500195375784716690249605634502417436011567725164009772095794522841971011943333525702090091454812952064394389416829364905170420059851643458699733369266405074453217041367800729092599439930892297957625545440307875256891407515706606779688460234697664515727036921587695616
422 69391435061978146259033225319228204215422509614095275371644463997982616169261772248026314772037287878073757209399710676159364628873708739654511464913509444905122379656191214261175866225485931243114992451384157084858203505501581374917428244609709696333256943607708668827348793435262009702908607602481954816
423 138453993287375344419777227664969727835324242987934782527902762954902918133477310350380417419674688331538597754679101491728962051052309318203113856684663079704080899512717450094012405541441676128104445042527903572485082539406218682137460107727854228220851535715627676790056408615584249272604223807386812416
424 276253342954087678485790024798218145246731946842340968976474746251022199882831898167813367513781388292933067333231848260530564454738856698986410138378993209515210399037767439515190972195447714271267362240894907177514185517432924252675542551590944497034306783176239659659043772866887585772515759914343202816
425 110240714951933798891500994121523468091639910718367697846301557172608746293485292795531210763839798396121912385522948127373764108983626482811039790911936030175906934206255789563819100096782305369736838934868496285886215609541477238213364469092730333738066085974823913801409359225191742731879614391668178944
426 219962638442423995406035127425743804208892242050326802173427418050645507723957302625750123139241189539091405533516121141405462548726529937181213731641318142926928357302258034661621376643821854989832757981079969578904693849322365805177020724863528970314413550619517774339344837990548765597536875066502938624
427 438892565407055488217236723620581570887812584661167919004132882847102933341667261350215025583836002779864258372134817647154893627557803340280483515017040766027327075048847994435222172002317630812600259216143611840384186730571351891952278640359361378658788351268883510119956144566858328786155109480927330304
428 875729382294427672471363273037384030569583548655696689502783506529753964831210029459310882330761167517294203054799226095542777135319269429642110606145234971933262834290875624450771422554082566683262516353396767193897006638484048429583283920344036324280508163779533833383138517969120868419519530485409644544
429 1747366480792307834992417646698882644759783887069022161639951184553878167523631030628042941480802988065639267503192544584633752153137019948275100792638787979521796656927648704388557339738956191637311215909314485102071770837023135227280581168984786332327576134663255690523660922706502532583062524377803259904
430 697317310349708627204560111945155975917162307813168737022729710280402873462910959150153754226735426464513930382834540202340730228435603964067627405044719679862946317349414067662186033968545457030054700958131456074002236810356504474490665554417312385955926538103922465279880195362078863657226406624246104064
431 599689612965196890102391269288988550010373710810929027694272452228733064826553510994825110772017321618397530113690273732664877354570797286507989643578861574225314670706537984197050307418291720064183089800545618353980543138202268017475189269687367041108758065530083923906255653506925377377192536758919559643136
432 1196596382873195201843059538309867928770202793671245570185717513336075809099242217272963588567512071905688100748666111493088700279828146372229179467625052157744249171712896153483778745572239677028548462019766470663253156936519596201947161728859315321619479623857599804141164735408914756348210818343029511815168
433 1033853682984604063741982164522212596405990137250962824603024216071264956391574922303504878665040191383382000652791550101513590228587936989238342717457556248463619300221177492722209567397790814970573165651965698192400155275259156706826905233320646848622498103525314435716085777195378912929735079631202777292603392
434 2062931957195761042552695931618706726113811233320265784716201611006703706370119241580587561637520062440888221673031552941272471529112717547567032890054645887087746599946940937091778919723365829145009378240339668234458201788236540493689479245512978254698198857576114532427801475114812325582295408479103894467641344
435 20581785556269428863426692874642463568343639056120351560112479075768700543130785508276590323361307531490825014636058022923726828551948754687597268701012008818493244449872206636180575033313370666453904736336280019293054047714336370594846410510127462083533617903008095466113366292747259354146216875038946710360424448
436 41068940189647508166355581632435053123077325097133080215576652901547618776648594433334107956850126982819159873479368171201495382883497138280012476724275169514037797114137405482804111680528946636715616491536018688937695891137831075342477471119828004754948944841450629501566788902702952064752234431001748767881822208
437 81949486734969442152977986659426215804376579622906763024649329277014933878771087299810436049303789595080734237120938993394205175508463249247028635525843764769220520050611669542885859864446526147169192350881950313491763825841005863763379724784951284410496233377656326707322817543163739349988955961435532278542368768
438 163523910663305904034959680708719083803133539567030504520378825058198571776613687220587401238355162022287620067766447894299292752572893342820480970668699820141434446640745246685606060578473842339261487558800544468423853722942774733808741756071064860709465023744422946245749230857690515805004697097506598005294235648
439 143246192142414032479963263818308230156486720780978789034705342504866039808443526220438490649246918374017497197394936422790246235887940939468535391708701125548149121768244176872003956419437945771208643640450127501358582534233027638301774770321832966689351805785089232117545450410051592612990851261003650100958804836352
440 285839768340490319421701482865454877834095682344396982328176787121207424010925078929227912653621245583546537390923843172643264867643420459945722318126325198630694923882826581237063280362116131335280377341986519513164510803274139655302341153046891972852245596233294860645615519545904661979566639780331074283425190903808
441 570380237851390846652380922233910773426603360747589748990886245766060979789119560524998187855093825956302898774836400859424798645296078006476163350433602260564119653725984213530152180746598678492611728038929886792958653380952549122332949807917758016896115291458739198751514977231960673414003587392594415055693716389888
442 1138173663436490993750705052376395162369118682810069432693396975460090020957371897102983216650792504437685502260381368913138176002512467047290301337978892687318148187032918674350297905043235797480770667664957149102412123411523492900434752598859169444151076990981005954881386745736714976774124374256884610895378873581568
443 1006140321119594040266480869248699256754703121188092799076194345178341551676850815951560330431698711243436898982570698188002837552892310814029301473714686197732500870298913036102190792212380671469513908404984116933925438178329621654734589068486819765452313249382269450431260971719567538881283873383832415748934519954079744
444 2007738154363883404255079559579143385234686500933731510310913407687071735775867185464974173209812003484208088695098788410754203019623052007954104201546155903146909077440332937321555239884698939222626064552857036967842971086491551541356225080046045044056682893856656517555276030312737999455444330976167605718172284720513024
445 4006432257556982180034575373092479084313844346358736399246712345906740058202668390246797751607485269798376215582121134742896253658852036682572586948319965113052514668320289953687388115239796965660297063787264122338896385069520301517356253795247375487653717150695433406557804956224502873589948794666040973566898431040946176
446 7994857710117201710177515449385906824628755741937782029634293186748679087260634919968373950652169590470146693002412363970713350225923328970488393326411198738200472013349800591726830400141225762811703317864892611083823601313680811559150033069976487807836139770844562176091999449635872241257457702029241191919737601949433856
447 15953863311199340011939266116172791711342180719245407761861859428428790080369597211940736298633955751631711046154313429901838294605850829464494879432132407672500198974795714437657887487685016561601534142556715009205691782275182321530693771577937043041846701241030295649077461391745361001793068318064978540400123598482702336
448 31836343238358785640901331062841262891524774312354821611440975991067225856796856785653441519829752242878225625881544574862609947006866868396731036973459998715500100545181087156993523729346063378829455475758699884029241232676035781161408285475519043888287419889124147713472557320865635448040469859886293695626608154064715776
449 28525220128757958036314707839430677215738227525673349712759886660113222865380613274804979120594992413209200369456412619998163266757393594793415832758113060997787456951851602090014822227004680405330643023164634695771029621030704765570592524630741523464251935438908833773047184189560436220007842748560844248419277222976541425664
450 284616882968588759388550307559475888960295096136862073660267809069803742473565116052756365854262822324144619658006151956486333641510042563446953277646259864699226893678642832371843084525361308221276807649878536213988775618354967166147961996465992712177403829972383036885556024784886689784997316629046051735612733729301959016448
451 567968776743132156919102616929964253912498117550710837710869889318836703298389605433816949504282942573121905754794799341954106539405313362852467030351637034852798175335951789643665869561512340538707480112516732359488254026074033694896297774694499553353744711347227784597946475901019855675157610637067442964359325421047694491648
452 1133418794850738671460160544036558291936584677982771866856097934417570620696601307694252008027110704662895162523165064699679617941842336064320992262520332184141562104660935593756905144124804887331456299938400920242763761822008985042088773155141652585966708151612957789988601756668170553978088108856614555549158939814752679886848
453 2261822362994836439992426252876207321459265142950946635834654563047273625835637464081521970289000984859705370290508817201630748864144915583366349458724527360647174890775252059360367184312920698149657035308377312839852192390497276472247708572192924862969178239913664025911675429545663338229410780800258241590348457280336138600448
454 4513658558454203352525978526463700759229195762468934170404197086259852750628515784977703877357883350186379485350450314485260098237726715240315894876700300113761899966148755843141725352617839034275846168007052668991751130925850562894547258104898767776987323394099654884383712318591937484775001839789115465276070269667601807310848
455 9007432768293994905450078448260281070207430932847687316314405022692867795270127906678216342453587059453676400678861038734788558086544900050228394304221182882615021655025989767698809345630731010545252173480453159949826375299698439974652732776760098251555402075420269608543293626842524133265983557507538232543400831530540768165888
456 17975271651965508750101242765880649673256101996542128901354512966013139046638257360071782884640188759965168051882487703355558072258528558333167812021422944548528049586776610099600007665020493507047794859841844490589844955080842229761705324775430735821417138040336408641405615974447861523894916371375443316344433312441230361100288
457 16393368206856658125118129801677233066658426622509083633475590869776091925561417675047737464754747014170562185608004398567631835946996647512298439051878292297990000134913476558211096370197828929531161180909311825743256089232348035286891297325159467734101535284437257547092804481338740416673563507966107031995947646376191183779004416
458 32714991618612763916511539709778052751606187847883861544302474490076510847964100933140245053046016023541660597639673987158473762561215149843288055968237327381683866656777016053456114013641247149366601141575015425522598900391755167525349496030722537642037141233789257943042543159610980325039891603577988920410487041676980927453986816
459 65287120257324295299771590855356159138125031600483636198588804329281704165874466650815053224886544155532785097467581052843029764257564056455894786023542068420166615532652837791243556631057741897447784156759731106127997625929918420532817273839645788264409723041210679212519581567666256482041104099396036436287868492865485078230204416
460 130289759584144264451581866837183771448612637176324056052142827790999894309008631278696518228690032905897681381906752110013513263295060352695836042959998051623051753506683282041871539941467181416444579826193576746988336821677818129795546447814844797115144571082977776441606366912437438030143523819311183435364903649802543361735786496
461 119866007348964877531844694515223121963459022868058576105307545196431686208136410477130042706925314819954535698743050095313074433493519415133526372186098606344881185302689001731880524558593054990458003315754376869953135334881541890357457752499826539612757707467678484390340377663823145956150390623024390802854092926941066110585333088256
462 239211978739834510937324236720473022106852976447389480297036257017141291418119362433740808669752741871057392028424180955776907600644094866048175228860945842691234625638385071063379833136995009487414371191599756147882516545706646759156196701704854260971085256175359269138393569873452381965592807296662538617782890116378923942621642489856
463 221030823721706919830644218599229916967968941202443084850685116721272093140613512414730342163748062081518611757785760697593290065545347639625440674530176771550072210540755455964650223868872095347860537778991817549276353399464574348259353861954793137364707128615088386718277372453105866922794262784796403961027686726924022422235370359881728
464 441106852655632435375752037176438409554803657015722019264787891124036824278946385873616398233097748381460056465171726023786192629791132056895689625701641193428547029579095140502785491978972513267049751803565797720179475962246944021235759497029367790510176203044960506910665873597872688973102793655410556086029059930405870848266049660387328
465 28397172482521814837015938461789340379019515559280859527881633299926659298375509954982857107925561004767574536577109151839583291881579212326277259981850998157995074632109501740213998097564717759152669108807682937112837603933879155490581518936376087457941535587015467447242189405851849548052661512153717776760651210577168594089502843076608
466 56672204304573992384552980638121817344350072983442959920556058697374488523956695967698662179551825560540198195507494839601872310242383301932644562582864286750439298925004313764496087091912383248424106269932513838206302609923362618943731792970600824841161153622585359118090386700929187338816376955588569385787547837024788051289623345758208
467 52818249068388683917890765266344757231499563602586939848872243882095262978929442380766405564606381102752357807425119551088527733995462413515679336750342006880613169638954979334650579614655107213015037062226826362261452704416408930985058802717168040441982942750898501745378730468346009308219030831541143602775852495739757354062766410968334336
468 105410291591283034193532698535556947848159106916783560461304669555970403933881825820588960532960662685285262986089635740338141928471658204868814936123313920470911434417316986021388329795235685495974256702212364399507282119232164232554302126955424927611307897589674492900877246637143619604813742645482846823798513159336200443932891402716839936
469 210370103534628688474984403311639272831513760524647178570551472180164715093445644370000285587074964521640911700865727751292595843247179016609827560884724818382466180328930713652063242735584131706741483958132329437592775365005185474065627823089771295181645120892647473117394541165916675548550736798679934702001520368560658294931690959809806336
470 419843089923688738934562486460501444819570494746298399392835516566322723322532584368612674737626486058878355306099715636984676209331090764297210203493668269959143524297215131774559132816534860527379056651861961790197440608696874675209507616651509364928403238888793548528231184289297795708604567683145612212117309224417129495435678160986832896
471 837899580806313892718009191683283698893399221218383638401215562687317474352982103686437825059321667046146289465165423943886068022746965589830415477490285774167374316930309299577417172468538438216124955446141907462062377613092177964116613786392557741917686956333331363573213019822160328512109028471675839090055401633132804502810939241892151296
472 1672241136762739517429887997445700824608540450745299517947601163208455303740023305375826154726772642660566615689402494336049438972403224245873380240424213081294817975109069270065324531265545578433918677192353154968199603583728567155113423133629989036671723528012896240209596259381390213895374287079293368155770831821713664369225125551665053696
473 3337396377403047740956343795838347265782099268236649603131085321542396341671031538768601172075765710271587309041791066112375490085459266891337563615074588087485741470501774158311803488357246932272390713827497801153809627508212185329111283649046765235927136897284585972862335748057739076055633069585828140752040104756217536914457666516624080896
474 6660680887204169216601970769001730247533547878672972768919220371719417906824478350560932746784937528752653924888541253665971364247803183225955954907098332298153702708142067036542118031413680435924699883989621926241546088758341938056119671935089529549209037841020911894992064769762013387455643213575663362009573295043223155960428096374960029696
475 2658651425984607804967574941404087972327919378974019547959487033319806294529303071198136163177743246348447059429379483491429594409940439881072553063456933622457362543010728206703092316521683018326998542403690141283329918915930705752362440532352028254680225292272408473389563738194782486841532691768759531244921591384257821447066658224761470976
476 5306108329590879367078545000697270381319829700565308927091547560687719272483477506138581821013285165608994245835025851391268996683807694238398800916262403800367637545769549760116821885275883826278586015776541965302804007374017265067659879267787776631983790077702691644968541143720540509704734050174107253725712737932225323006377555288376999936
477 10589921688570272505715114175638800052934711516403689407036456621598103245255750172937961834135792308451847330653003508080256650697899153668534205435907702771794433777690719820598730793984477472337100218399089001920286884128940544875129819888615517628195516861202963299776059990807587968333177851435933316203098841734458156307140603515970256896
478 21135440400842952535546258512237585213438053048432591034374203994210041132336813194123335333129247986845323989473820839631081382767864116631607795209425726241964232115039665924573084557390331736646352413591369070817940993802992446415561458700895151331931892073460827648492321455495963021746431797887360227507338053088705275488998235334221234176
479 20205391840936456373045231813150241930678021914818841061200130201443622322438829768238294689606653414243073876790661551145876426204693416459238485728798153307383194393609592453269989700805965578533247904714085530787951064880026999705706585422268107308767351006106254761000567937424652838479611603995609676182867613484150072897086050743339905449984
480 40326417302597934414630219059786333996671072613622185847854341150843410009954282697043673748577816739545800566431761366700375862073054398542165612909833434055525005784577004102088122920613725612406372914010875773579156733706612595376542492803411186409391417184014464236090340083074483913309657021390706413399877766068242813748056776546426407616512
481 80484804918387994539207324583218035417364063613312853197517631195383526808321922638110542556503631276532531589416077006892308208088909996878153226410444389394851697957817576207837411675323600108286206612399480000355783432404163888191516445164944150934545478578592179612568887400795560486775028332615847510548172457296369697774942216818698844372992
482 160634947836209649808591506146581721655344680504811654007426521284278946642408374138746077397218638713423061141513404073001517579182796066586078712276808993204877170718517639207278938194059905637407368475158478477864320536443674974681153254649995420381014787834990026484295780595085344021367740368712498413985225347257900947637730170225184496156672
483 320603349022089723679577740157104689633426077364863090820578012062115768008990857050987600350529750864898155320026495774304370237018212570102517984275101908469607099789562899520864096711786196589939045567704388482663968089847585300511401462400698161056783761174881381317307633678512572442376797103282211604281952026187333918378366996485747991642112
484 639879124942668548802248612169842679440919113246701289088148962664161985860475729970874606906105235034991008577141468054177419136747576913897725291610537768274832536737144968659135301521958917788586979599521225393069876223294232769007310075390737102157595389783011647368318894171468569662820492982609366442766741224215912946757406612534723893788672
485 255422815129201875830035456086888277798968671611657526239489042092741980215491994236010229565054889760255884994969445432244601903612618345581095851518273290682371960116608145453825627832741141957837478453017110286561570738752188718545395844923243377126605946613373503715881881991894293441590695549589372622018616675231497846865258785738041138872320
486 509792322200082783417480233130781589843127732297764008480648449650586209746551547311278231495752065625811343392407546804192841685454613970925754842053830420140362267083899868026538818167100972509517478570546902985551627589103097977396457192556459586991285499282237781524424186648010676412281640085547138781404028974566201138610864010705455684780032
487 495516021784336557699309196821354933560525812615906572868482739126060075250760489129752996615068910901090029794412309827175602968766816751675851146880776944441523002442066790069601625452375928908367972178095300257381977894434292514595306282674481974853224563344585877632297699023326323660292756810612405293466382865567071554080219051881883857110171648
488 988997035493764713187928907643508678488686917544669314096368730106434566511991941104839728032784230394626070814268413998613744674061302068051462451781897702756080886324300720249559849343498497880767363881514860876909556873571619606426346462023046556682667890268947639929686303536596305252662216930772700458512761175658352246678033280207601968212869120
489 1973940735658185735185664772188339056913810104478150777160615615989554205511914021120554758428878610406264467614635607600502551022460929202576199943772682692766323206710927133042278103980994668263306845072798073892571963997575773474784414386448811448023233712514708539729791166532407147858291241628679547250098170645288393056443813825904740774830931968
490 19699039788095048670966953203031941305995279877706517874342194961516046608599608822494297258750314517861754502060515949662178598058578475988036033057302063670260360822719131907163211469246516755950448639701490189149776495164165219243862790606615466053698549931515932086450002322559005168559876475026590554231822796709076454179677572942705354413669613568
491 19304977923562706492582630777937124282241387188163348985070352270041288954241645874398392951320207464783944981219304484710602217734110385085777624902805190464398007057336300083529921361754752273512906408144181506165718600798365747481278534488732174469676721757937864254491976700475501578445951210783584923749530297797138338121731022051786346545836434915328
492 38531319180942976651983800155282590056996968656418793359075442762208048483041832174373446860513041980752592740029984388500838031997882911538806482389756042929151598185995537082320072599170052518446024041847100868917550168933835124687693473560821745579105869185204933057833877310266655033630416511673238257718055926110041034738312659713683690475120196845568
493 76906004368087369830180048973351430467462470004823169148164710600528720646002041746737448983526731968000360274856980383084189028418881219915642984960059569958193248633461438110331246671414789721314559034876862842442504049350268932337008483798014723209284938289527033874240429440154068826534095732921552417200873813046950270987230167744732344484076021874688
494 153500011644452494675729646816703407481063652858116113536913735071346904355878087573358716378853651659146714099430701133406424013178201730157668878754228148198345206814031030040734116378364811749712080296268250101340488919979021431005479334190468723094622108607060619714274559804666194332208240899218794848881154048916975588682437987418039981837983802195968
495 61275711092142516449248152664040379794975546191442790002770236378781851782431186515359344159238607768133422649655366934284665879379967079008956637596760197438162025072867925938344009243538264072793628587033322994729192350533665889709964230550313765583252956781502298815563486021595048967292579664410092514220722475657974921325524092771376863319378936987648
496 3791419023582636593611767799316045605880191148411062216487978232171446542889305113893684973600971757183451041606287277495783846384334196052255695342215530003114776144318974624769615168311351730358021261354400278131385189171073829298120121151753340530248669767069650833531311086672896017976221355204254756003345318571386847908162880021843381405542269220552704
497 7567549816114646322013366322851151202616733648903064310232211828134777457442357076191884052529056902133842228630905255992153123025313622350352707937994677229415579645573679593211271656656567464258639822632300332804266445698425831759637908203375201469464938342498896172941476631629479325803646253640233735798119762135535154435919540144103447911579271225671680
498 15104646217272914735730613175047727433853928920969429935095200170278454021831380470819213137779090303902293714378837526324263687244457296527678873641216509243357344063740701156727349065120712925096420645745217309400338672582337258359534856655809196998743996503094618798189879345860089381989309605136946799886484816157148440959192873801787195114392082456772608
499 15044166477972819793191953839136605915805357022541845699976041273744050415025326155987607124660799329808622243279980466886589701897251290447928618987375982798321312048300963354468960282325524628617543602047328746080456935594962072814905254129873048849535196182997554515044158896957872217573586191054062664975367517067943905415817484350144822576083209132106055680
500 3753504339627234491494557507156629326090575127316766703006707488217394215481966861110131422925403716632341511521330223402893852166742052626404984203004029548918720347480961611885492303448847653886303160361122187778134257474476016434790748250560883863208804033899052578199998433411469087378947988055394022974007832287971933104583655504369829369403790358064299769856
501 7491994419229294406355961254191666425122322631306858500431263035122360110898735507041629491473914296285562531703630952029780358014218382607271065699175749507259152166729147625012981860650757983844606972946363893403038729580475532069376759197320869406156717229556454302390574424013734676565075162054667855014101430400704358109786190355870281559809756858166181625856
502 14954080195646155033230715346879130913627922230904611450669120919582072914101130294339161492839666489139202894696988183273087686418942053206529658645717708467930691375666761938068249861280865853602018168584635186303744468724323170845980709334080840549650360699773021090515987058642161211155711473503417615380981480816955134713796030836355247884086207920122527481856
503 15013836457932544051097302928538417196014466880141163521725377138547334330208072904499320360269567445662073980477915716354643663987070418044540045617124134155883363127733746025155818752856903825598255979218895876783092029868757584267238662732349673824541749476083262663807455775663947329940321727866763819944981255468844212471465283353093595875268919450025802562797568
504 29967974799677907618157911316856995832003315550744577858652048114526574338822548286732261753419254931445417738398555883277838586734397046364670127129501307880671678044336930467475925909738697617351945434503319139363930151839046408687279591567529937900406875968865043722556625955977324080284315477538811494478309938091112614036323289546469285610806614305980953885933568
505 59817027172904296678746214792946356752947393689295551426220531963609889049086689247704152692617046982276329635396586157057205878079555940120494131415592775434308552174903286740463387323871070175941487951189851116951028819058949646341539504965275890748866375978219569083386652771335509752258069338270344278497310556077739443298455705869088484132434329978857770784391168
506 119397151475194124645533144656286780725582806574545518428679363361977770190127761126323935002082995542235264449562614964403373791634122111451289080682297088140184526229986329894054960502277584571545120247342810202648597305011720930987394272814531646434526642795310617728521686533216473247699751945659372167547094398304010387082554007224514157070861193278473551550087168
507 238322370003630625439198574679364707866227851623604624161397977514144033927274831621714900874231989512015229009594214871768900277861382398210193397561793664981104616454333548180908357063515045258627715678717158515717511127071295960694702014557030314588152264134356261177982542878430546339192814664944769058510371022234949627929708802040472305026853275446542920652423168
508 475704597538738128991908704686059625426491780127041500564895368754885355638824299106609466611159312120985473229814770592376466925566976750126589022199213997494279757177735279170808640750709504189142975063389578179992862732520920134165587940003671356926294744523711147905843386055688558376149439856589242380236281448742769293715171325551065931064994951270208944805511168
509 483313983322886931266435022772006385583312467444155990213485092196829828879095827209917097293798249640295374001719802843656909379182475027361491766931018982557974339378443415783680286368300707905677277842092473672520124361989966508536704361715656019691036785038153539199580900170439616443007996081714709266413792250742014350939052128592255682966834372833381033445542592512
510 964728864406869812902759444231544567727567875451926029471564523160758966428890093143283039660298419535563248421412897226315260149618011833351501566568250748978340790257905630572076334631557536412196428035139665024920173109631693738205048797124196157726002882600790964854454891872635370861987984231157021076180946060961464912676139309997598546276123544606533748718580006912
511 1925674419603861083487986273759389862810034638989940589243073367746292665647657512423191574325328112868583271724909876228881831159097948314975395882869574431461264038588730403730909933904594650065130935269793549916207941646998742220126205987176468057521825621375527117825044855740031984379325729656658308837360000633219467990898896501843879799848481578282885548285112614912
512 3843811836422855377507716390512237307291052280270899339411983600493197823072619040751446500941852227295041208865874549159786197510052040276341841178299169750792411616311587665778425438703508576145793174320215952960926885875883749150836015847007370170004893666351660610668683416428468193392449119939592519954401004095812591322820103240255792770846430622066540898201121062912
513 7672608551476754319176729333114412323175188858578310177955773226872985115866304430630848147833315566812961145771036001559876004807083210195326714438571890232264331927399708204446370617873270487074834368838018176582354174161221462790303550537975876530984740991996028440438441479089206357192523879490712660663660239077674888188097521759035127824066508245525533253589020966912
514 15315303939891735475115264895584901751768815569363141929601547850736140295645139469573000073340399976045229346675113141953829589022557880111432706588454791426797775972490003287468377921040927531069379632603125338908393858559580400911108396049520015687337510167309494186243444927124065026567770383964349361768134898788551768701277738491073255770766507548383366243137630502912
515 30571014346281251258231409668826966086903278207589951717352725158175603450621144168665295567362308272532164706926358385303313636738107318312902531695405514587924728357641116579403569198043551688790530178526484878464061422756692999723122728449262491517882455239585693772044500353492676118058553697748618349603862957395894357376130675967840625730392913923796671705770583130112
516 61023304498570400980343094003011706910911992388546568154142865907521818663073246571892164479847900414744458158590665750904027918030773832552270593439900175161492094552807098538111412250975146422226160144226214191918204041212169698902143585758825960714512868852850200697190017968143198258049845971387759933849599198414427044072058051163713476618794461533633308578855740506112
517 121810080972772340077478990004711228246264009863879698062783920556120066437252298177559724862217593046781376615297755115120540758057914727513639722492740580793835463824395673743887996449476898385293026922953720287633243078438575798617326418918341435010301237999637378930749349067406909763796487415092970987895246782033625753298744803972496420751928691965647639822615667802112
518 243148935942511345920024388587254288209109542816571698691229577904866375700768011228255202536677558648183256314593373652958135886606300220544635242648410425241408907505520358614106120119845260411955459836475421644716931040778544731253424970051428308411546747068706765597738438558987368638201945432064376837090612808022528196040818360737518745527335630704456169757070812250112
519 485359058772279380703987843175914423317988101851232416708704917044175000743161611845828448915753713490287971860778847266059770863824272033223077167275142523213829114930655567719204340009058406962287406846896390056930227243060255355937429014317089196357000210258602496979242671147190365543566212302165294871322595857973400894847732050156715524847801119208127917371898422362112
520 968847727036316342445822585220201385323787994693497465366665305556871833039324222309368890726294191809720077124126004209135726837578608074685043932203119288012621759752367773586688863557141572576219254917698246233617537739153362333672037087293543045755809238703048206929245350813641732443120268092866742793501054330759950628235378991728112172799037998182764982803035074854912
521 1007597880780519254625781698625783362239725433791267830060311428248334930601497034705263251551361371385073549655550691413758707895082964290031353324202920984445320287445564304140848802403277251550699353805754716711469540078035733032687123718375447930213538002946511654158139614627016764178401877698713078834479646118023946000033785273924598955897585151186843104088763392591921152
522 2011327765884679359415803678048298486734831234318673554063488657795153519150741283186354259178270385839483863509543118685928347683661697779325422565231943705665924910703022318038311692208999023413737026444387964798734874634369407687153484018228174956107218784449724157910283108690120245560985669229876575164568442818769785492519465805805999567874206570740932558238982104418353152
523 2099818421606430454375248270136365898535207191299277844634521595673743896961248686520722289512728422884454428279059145144885629777831265701410204289250606279017589954978466838842988271982480019070395795065148016592843348710587556559644152294579582517077078160156559588504315873646812922991812983365760138979681999349795254242742731091720720012901802798511977118091815975757593706496
524 4191606826283883382377574533603718296076511421671681868201020853152055008300752314771323294308086609145070780523509958884320321992493294060022545260367929767792799006711486552904749750564929469827956580228374799244079684022697718259775779470316938199757461484088361365598649360213161236261535659631079386911683694251198450093777431086276549443995615831082845404502003835611692138496
525 8367214917906684655799361055725214129644676818681737900006146989984950331507990033641094442928153998099596375099099392787039479022904352573976323046522129798719311551885209715450894568763799992483049347563730357755500025750490955329752818099217412019660398100241748532065052205777986059702810640061659523735946125216285210573557175075408948003588598798957645336231293125377587675136
526 16702554264302010391717375976309949158630558314614359256271132624347193847415974073210029245306615515974599938415390087839995971193876997896507628513179753434599232031794733138784453616499187917935230727225561795848639491176694185222292533993410373066995157505110677286418137733996742836534253091491524815875633487408948895941938793304665637143460522974373120485120558817876048347136
527 33341599790692679602696031946813063485942033331162969629688143795787573693213316026960540463716751221485992250765936219141153902434604176035602378704686053368082488853170100579670419685223339905744898301047661744376120928801676723831309196461514727947063785387315825388086915676475171924250908611233874507205711485562046043963831511287925669354362352637631336531859662249580755419136
528 66556664155874053368551152009143143980234258080106597155410738066049241036907252427060992782285469088169718571253579443367329015176510323305689247458185371795907020462506534827196571648168900881410408950306171868898782738000032018706126549191404860605382599379445041484978756493468096656170141410113489231944162640966145275052988565746933385169306535336635426897888099781809469915136
529 3055807969916908909943763747767708181196370080837428720103275651579842140150640581409623601314677357167817222549047598709745998612340297936779188926481536606079022574092401369085852298902254824198647199144737026527973345170238266490580350826305093536844872289018038223646588960338658767305248462676822128392272454659905201675355686990819126463267139744488193924152558035591770960560128
530 6100062623884928555321458676348360992688330664619854476121201574734994504088898420223358642497307619605607203198118838822973701020926775313744735599255089232399785682498300670987419011641959673168322378953003795978563571667633184988390025781412910676487315135209866150293038129256108412168849693692626213050564913763508077617595107891575275148977948459180312214001987057413548385763328
531 12177105812596982837996329908543261143689231265014150712239848426984451200462821789606709195517247503191402644795134873700603389444847050303544131970516795040121083036378250313201469323325739597665225751074967591868630690475992156000966778045846594608730233057928016060359396168902994708883383224533967700315706169224560899649184159030561184013108753049714484318032862317547416692195328
532 24308346162995858116569099172812027986476743365801260867800004361362126034201744004428360111508180127943498056404215755354819045659514967670399317959764786708918108957093488132809216374092984484536863685649263740807072946443054613172689542904546918548658764700647330354514419172859748932775929483469126834668300179186286645885175836304251099828347314093224429382846376464656755303907328
533 48525306262103556608879467835442361796469075214276842866891947915166715195736853266286214848120473397617474637927784344623272062943580003464646818696274848877023241376682630797091848385380692851575180313017089449006890132838841582085847182322290154331180261263223972772865159278319385882535158788360326307372165144663352675894735207071992320142444554150062293452192678626991344952803328
534 96868526235228662587911027749981567492071745158986525284554891413960145993857502092391969809222916516479757476699552352413854303439485112372264488705862351257547719203053466153131709291808964610494366688998554252267199347628933171713985840785425527634865495974285210259685176043150795973253021033704930498200479851027682990483106535233812808634631179432064471538191102044685488334307328
535 193374243863822332093716085672837402413386981609360246447291384230243106914217974889178785320358260910769323966060764001610754925588319983985976024351169739187267611387285339349861749381650823000262013510583983055784975499770648718859503760857628478454184805640478484345524013248459106210424379684224626340825975377003579768016528177246568475381650461303425828913604777203745946523926528
536 386025583159708948457916481153165281827206576762158533096784009814987077408221157524555450613109787966533943636987063375940388630251106015005885246628182621808163664814763145917960896575924682099238472650689223391165610728859521173049250355031615712365885666354707594927329154684429053885374666542538198265470154878485314006749291529772032213104244923248121075913031330226497234327830528
537 770610752107922082056469225948158739427978654981524945179197593850081186103884866621620227510371681828321042868333418923950383660788362300393860453855292137952671242606674148973831074960024452963489430189223334451739243811882372701711090855878011084346040829642703137839238114869456584439465369544609239426026133324646243436770748352690648836639852489737345107167007614845471872178454528
538 1538351405361418188905624705334446794192345220051412541046320622202666823165488627904608276558065499686238040218641942824624611658552327450034539585011269127430740273365990909721051468239807266919261787803323028278981031788028362556325991781359476938447688869366322493020260834644028271828114839849858864345054238995978656462501314575394355627861492873397989362867324584512346892720406528
539 3070983952487135834489467554721545025966850644940464587712414088821186573589024151356361784490010857784788483908682706678289675342400243036330218147393145269691226872803884851398248394341933997561953915433696443043567606671763214288358706801430084098027231152747796382027274650001058208062227697082602085890275466644130189701251016348361310186960723027050778266640128034162731905898774528
540 6130572629897364764006842724423937421990770733885646266056948824033713038323415437061899342917116591174116962238060379704680302474229970817861220907111038753685309380570643497931615591264327730215328199851367815481020065421145010894157349008163629501780465562905627590082017044361943895581438178743522813345365250726921583833421717295136082436421778778231716115282872698464796802577072128
541 6620995564377521581206467097191933933002840663092930842548906827831767335646110340012468107619434267885672033166518552288733920940934520216516403491242396928457361483276817470637040607550186533312136783290675070407680510842171791228001659396688752596516725032502402230933493006909568190030305374894040227671339567452679282516625506079185374627522122530298771294902198367315685158606757429248
542 13217513912854453533008725267500841051633305716852675311268998175027246903229173588765351814769948429895697285263525145631388960131286820394350109367434171116014787784523908769517172658538438231152408100263210234569137051794528972485699189538940693218306170793266304881273806240035687339490542645096412045521744951378485023341513687441478968464847235645796920247688112952033066995622239797248
543 26386254041305639970860747102887314931182889728409881580316105026518775174426301694931329602156978543374274399947052120186523513505765445427078907101857528794306224452206868194905870896607065929971660600444109162655728010159823971534215069233602025877642743914201977943831632289223004389241734543621957258320712605477146944251603537527531004780980610631432267328387802472905335708927548981248
544 52675319812441648190543275987500753595136654869128863213009410248430171686411744936284733788006821747855404448745416631890339919690845935841680881990798275924130673388059246753678161864516127843423330113672889008063885695425835679193568461418164906885068329225481648800334939438887390999590621311634350826518651709063813940774319672074318709632673340841726360949049315009058430971151015477248
545 105156977718856284783230599705774921056387474085830243059560448929970721053457914196087492970033664695516816362676830556172454139744731391935418402503032281203486637502201242848988717044488713828442442829990159598530079386378901253383250095724228052822828029810201432088180073711978863718966013611813220922297289772737747320988475918655795815832015892160625395553232297833525527568030155931648
546 209928053026533856003064267934564009944232516111845818211100068275903319606718581766023404157596409774181539780598517694391326850108715177910095870192290643391211913847283249705927371158353400135531880303956871949460759099087402124934079731976258875299308018156986347443035744696721913653250221683598877340609955504247980625811608352307462566303230875562823101997480377098487313814547121307648
547 229240659241497927005734520266044198505021972205588670626953001672677513445035713212384817091023753772379180232357871533767064786726937496601170235711853113443988918643293489076919282315959547321477604247836058843571337473478491914072447576178231262933037633206560659618842945064446297296566226475318522714111076639632820171185810386259802115282434050808064132229740668830210831237753801545875456
548 457643132916984049455792644503610671975252453530945340013151000162421467818130147502692839770584809032847527863331060760589874724119113595044740468230169032916327652101504309017846379505412503101389615743090410990678335023529194741073278823056362865140851255685593333996302101324631178898560315169739308971089889579080333304653594173845744414765893973237751514726470740723875188930872414050451456
549 913616012968592046186691923491539369467734434464626414051899645599141639025619218508480804901366077822416396722250214481168744835925716516527714921490777863046898238386019898553831987009311300068208494793725693236997586963156827342881859964364982602881768797100929966268971018011630505375400973109785177345677829436338028011904397509354292247614476987778621043353822578238367239990358751582355456
550 1823903689871620374205832665907440660098180280037684267314710577761902998999842854807308415289725774424137520371510634090615289168223261985233725739091047854834837336095834657300217799808003807467421456971175765794194929926267992064310627406468372552044545997962820188515135509870403706232802868415549474573491571187736116718379637622787720466646739078625666029595335882949116825560024203600592896
551 3641174914178936455550759737881109298380377067933081070561701549411698817460180422736002374322748762195268620215769185035063925766276438057060607589109735678730904500307806044997176772727353640750786717216538887051757683573132386245021415403407989510445734602224307020585518342982292128997126071385314859238818460346607074208620588847427958290486100784490910103761696382371665907459537810170576896
552 7269133046763469646931393131567672413211864133622804398783049467451689744893680422477706618624182335607925272441082451594452327090650713475816447804183275501074140034658517040000888345475765807921563015749854393620297818571039202163759256658167876988993035040441985442581101462709286770095466958473505898914887720950005253835876980603865534525759609117576958961970626219986972226758929104446160896
553 14511928306028071171857648586594735123472192742160696902139953810157205086460740096464761746488165455042957721006626477420066784707484709971849806931563362235010725983886699568905223926514187204949658917342585531507582283376986986565724133231865735535676976602453408549060529607697717301329767752949749855157890367796572324918139288920514872977372544379289432631885017794539048495305995992113872896
554 28971371549253069884075046661071145516157975126714684462993268256063883728650574030453359167819510816225531526265636752804777236195243554962125791037849239360884126813934298624804493155085476131146543515107135420502774734776586714992751486102822110179417841886902206303151229117367760925057451288492576237115942583342245936140128662563500736384383205750145020860992088338680919168614761294930640896
555 57838151933925679925763113447593420678492834373716158728624750068792892621526855109479243749504430924676507699647588798077316299705940492348118206154542485947312465768335631514779971182575544834256720333707353937631915700813985812465087174356911593251967172941261247585191760751087415582877763644134831428484450429873068208633757898593101342969910796378808069073335573316895680801094242295869341696
556 115467875363757689181651160449463430445024657690571619942385442176938935555146768774440991745314253443346622002622349176229327739448518910510800905398300586146836667637733975953400080194291329475357972615445200257799805039485771780440433602346190956939970333859136312015164764552218380817015437591550125065928773648666616270626434970522699676261161921554736096979273106277000690535001119833714589696
557 128399859031586227166727204636430581618262121861991665177610580916813386846402094202801096173480561808705235560368582031664772271866572234151419265865912433905658936352988783621789405889248223038678983284095461651621184351596600878093906744430907015436622990900215997438576754082443271455438692168019226186560414341605730707674781182566857066297338441501619973048857656847926155452100071569462942236672
558 256338671278407263800952875260825757708704942124669812089524389234777288840657422537778398397984759338826992110310227128658698628832583671267100488046542782056132406785517185671145239581407970544570947596898021526785585678277193996332050013082203823316659370190384918251818327510255822604474996971767879356219248365079648173012674714896757905248120831881430029093629029302985945233555904676634057244672
559 511758554046658206347993748993965322139714221933522785173058933211249050246004374991865463304150563352451107154558663494034766275297822962539193947713060614857435435412890525004027369099208110466888357566643382565575338595228073996249344982339533407563744520973620187710812237967212543681978603699824224503516670136451547799697986310746792496069360809813215400374424828336701017498501718178607159836672
560 1021686105716130623790121779054054666843050605551911399293401112078562316765964897926989282170388722079650679689326077523481987040919497119043123390404430145342893981851110870315031334815101961240372043899099299782302023882997866567512801724535416398971318089858722029237875080629493997547423304274765284994014022887154733125830447675318825839887479194327029766610013584264725036770304252991474889654272
561 2039723285519711920644281126054589543969141068390762108410661790031130691992980558688733804684090571945004549990466012840738470565868294009033142955135863076080351329463957192504557968686405192731105963136800952692701110375515099508359631584177820945096955161429691837634150274536366062305530371376251894172903568485706546967663525622414507381912956183017710854281777232463275663480498261887039697846272
562 4072174737013694509737460462948895828907706013773663346185691115053873960684638158999547602300413482174412098883489157726791450129911977479796135751628154443139830233417006255665854913888544384426129908661180409214885763479793276304854548136702336782735682553427250778951980821802398903335060850536159323885917928203811769619864083374445387613501186043001597296217219960717321576592309076799537410998272
563 4577109808417946439122923815309428615945985484364953455161677059100894473874874426266100008615879741562048096627162410652107135453125543542262828331423986448062578709457001668933174082926454939897118053345647079518916234928332285278893396806000971410186118866184798438591206737801771495894831517427593650345199933901896296557056905853095462606706338104831787638505732464441399653959145366199786991974875136
564 9137959694669046120574104675375952547806067612796316923526541801038100904184467438208960650095243335420529833613303411934493511708024874834817690024806539230231525390905004802824048701675590068176946042761156344202308840248277255544650634867831268985533063399464086625730281150129830978864970671960002658896802923270455169454164492208337183816322688864250664046640666449377212782924078789626763952454107136
565 18243514865803984953630621507508764928581594410797339918775333710604771441156539858512583311314220563513215496127227393255788790319576106158714829830356131333393599473512699555087600152912801439326761922514597849623312130161370930694693403954104854233305370361480081448903512897220186902387655568088422768005135971071755007733699638064465788284370907725532951813678198369744641472255839677459737423994945536
566 36422450101462078383584444864947065264758882894438958266180165614863318626277461828376706292193097361648789345315803539709964876593521143960841628382071748076455690839849616639995397219870484918830811293753800855145809864440162190269867130221753531494758916063031449205415442003601992898113157215835975282656048239650321822673407614773697807805385902978623031631261963511114242919154938269776451245269057536
567 72716197344433792250793841761984377399772446498464199834543957000437702071704064420768570867774911357221046130644671613406838473881185663876198834661687406194879478188515207716037066143673126362920024500531186749769209221060253382225945892364572407438260527587116366842754954787418931852542201069892817340124888959281605128690602376034457324732703318545638852360547364110815105067108694189533982190035009536
568 145175896945718868880046405285294785782000230172697692684058991210369657753242387202057962467616068172324812318255475126738272733254797575115661989452328526452436828282506018068556876988025583048830531149273362109809587514030646712645300322417312909762082406932736607337020813056518243074941031581337287222465849128404624968520706001509283543386889848920631705717958709674302389707565664634965390801592385536
569 164919304109173883443577316769813357032168893222194235014278644861183036915822452997515729501493096932010696598213238138258586503870402951408841815840543244164021704999519484841471368125370947549978907776907654249487525036297804802851562515995364256294486544481351722776250857622855697858286518430781834215922398906185982145135279433398184920578296222541831321967537794364799615095163981603305387548835246505984
570 329258919783128455274885348420520286897915994002845961477580139151543237762332864340185771957183364675077478364573313991455870020750938957144312524072802085836165389852691961890254404661567152330559879459856995575537840413572803829131506354294348876835122620477630296571498375276938116051897204961692438498122676793759364798288759089008430782046954840962565990474825426612901948411083765408216740615406835728384
571 375354005064474559849650690029922983865661727465568012171861962946541817727313934468889924187038606456565371359821848761766204991092597191067839058630345070518694238338503734074947926713018517430611998890140593585329466406243569876393226103962915676089180142928484473468907742408785621006349486678364471264136365241070253524417848247219494258623082039189262702659433219358803672522877383585690701387288914914443264
572 749393268794558437429621494654787210882477873557027574493615370965307793737899553907343201935664560598774780181480687138969840419338108056709263194353095316665775392948028532012482296653128858479113319545032356671969998894647023953899053523901171091804990098554420049784566550596717122051625501679871285080414158556234651091703603656390590206400734630359867685589971021231460081084642502711456422244471118720139264
573 1496166249086383840486317132509664480877657055282384885656068946486194838338440476486035260826464022271876985577602347005498564555311693449892141399007242404959424329899680135573632941001272366610850685739092002345821253984932454084207372142416640892117183098966410100927871396263372684347953182590384016329666855855620464035813384089360457159729939803656852154128426946785245301668690140198150985352004174834827264
574 2987110213223024801989754764881945580902875421584230667175532008414655732262168520519451810458617651326537486246514232383620372673474984147779908685651236417476012625625451455575512102016903830581183476084723280990827418328951797166669624994017213002148146824527630655997953893012479434159088238903010479764586004122338480819698067671561620101394171735012852504206946965399596979001997792741272883124186896624779264
575 5963812249447135799913139811774778107561920090305133201409173043360522003956846424085299113028552201160885755408098309625505304359825345401997572764029158376378696736048382717074916061748981953429778334026957555572509290793185198660002957643821485667044749184430728390294396860435043866825493533941089053718128929705281582155175662023504115852751629573615788855320235628650511284356149419036062341632823008998457344
576 11906880550936246299239342596369843047940221078202768469410366081880914733902817932940723415034497916975990806685566519396629733941948462489411311809401745620715652859288610062082406606352957372311521539988015569060242195886706746780373326649507099494529285146042815880643197923865511050100434661187252873243431645712893676835382664635889307022996554077770956917438780702849385331504195200701006573030273580577849344
577 13716684761205669409884886285958914249977310300181073235587155609620780226359685125508246206385754762714147714529215259348190699363110093741090954294294027728629105153782269907270177719249436086375516101840223814885628053694366616326942074571315423537605582957043829552012944027142298071040682978092625627954608788417108784605614264504375870380391164731660595748922740391021198238592469371282496547208330914452878655488
578 27385824111631336210383586271188942091254881856788373419606065704695725309979086668145740861197381548475959437727617435499420778397558413535112622108879980087313368416558297855837163860981065417975413112134822796883378963546560897025221194846593106075959496423574628870991523480659548100769355874442224505095601233196083835755483868187638452081520861263182937726647464906593130330756810628223033192145393145356367167488
579 54676886441669455072864583132891726520472278608840254270600642682081971452749428953618873539888643317630802878172095700837627982825576129738720649731783884969246025293534270754875913394386529161204223032515749261804622576308454832236293151734712278812293043862796742882630967087336475621263908323803427099180207910509546977602201073468901913992584642248398528963693719725247972297150555866605175440068094248852796735488
580 109164903990262802732783538936084527156737356951730043969655332578311752544694353723580748784586024573977886850645726444392186504769790811400407022123719612302483985058255264922267071945565024014064502149414219686595657237650305137364605782900991592654834850646622963616214545874460410222527169938217690209438784690387116491840991631599424481049501639456811726640417104345941605050743585152892280135058590589971530252288
581 217953372761981018370487478233336934623290697533059056105461598119837649389197129512144905899644479405927314403260892817065659629477689315234410794885587845876590754984376354826180572667367182412202064585906862875507189435854343612319584530152082821669204034586792354409600004382315425949662081250989712942485168622672797449701571747660364546085687038358290744377076529750424589550172008512777033054488841460363493900288
582 435156466770119448904872319235754971523866267559698767620593695300684886731657998010962003095001738022293697248860245609241906658533665365844569530193647789885374374665051108208220929778594172203672593024402483812818530353918076787401518042704948814993425669876271447368214957623084374875659962600544851113962656817373761836357918989692688181089204965374645759170887959853533228705388207729591608470945802820149510668288
583 868817532680021907124467439178833178989166376497963989239142170632599439504598737174981044493622405311231037956026020309230159731983332815090238085765829221834300846891990066933255193376309808768461092342428046027278909133722854516038517371369676115558423926268987852520578260491446392971477344917666945164734176986553731898224107994367859212211151564083114433647725875188041729523006828464363762475672909205725708812288
584 1734654523863149075419070024544636586359953922768541469388504366243921988362901651327799883998402710206609358614511111576672459532740716797659500989528095573978904043153309974250703740216954384512542239953417439078752884574223489501639101647436580280727581403929788072396700882314237682525797666461784002807199232666800041987498040150962464387362161382737351547414837192448378907525307019862898576807028741475557638668288
585 3463368379763820071261968861651061167230175895493386763088427519190972820955205589328641601163502532630202313365127498927736743579381100544054200257210706000141120339278475190911865967071437913519528189371597970846482121009274329951521977603754775263492668470438872955841677330671537214490662855459268999946343138708727717516168044867035111984928622012118802742081479959217735871468361077219289453967752864708316090073088
586 6914896044275398680709394867477881576134885294961081291465407193163753493537109356326909193455596034738741147935470797905117652000147737034296176610774962311761927619937934753187565293726294106246786825581958418232562678396662526754189153147939567293928081214151550965450248055207442423362492669669264642698558787290733486063171296603903708724097152620269481748497814493552458819955346140541776358879096250684983987929088
587 8104234400797229155848798066038550004427497084318292705348014200283222248972274407085865314724768456862848567954563704771794486393225219605695451956902211274223837645836454307108220438256826098243210988255152035839000705476859869857434962635625102261206087408338219043980540497562849607311567739349973238569650748277771317056169362142101472399350546460850781581888161181955588622940534678711977375218123947516740377201606656
588 16180856095314384483977672163564545500317699456071330115281144963633596679693828295382450912900407280279851325731270022246879109797253445137575829576301803210169065741182047634664136123844518226724216976016459569259128340111067806677673468608684783432724687043765255826981733524551351277775171570313121001734226552567128516214912712747213946164878910376856814683827641357394545556725909481785417446818217284897870831897542656
589 32306674622907210741837699224159741940329376857058718899799586012360320500625148113101949492619509583061507086589345793640256897782206234994097602208583501201122526250734539575590718205764935787154884279254655934797447692114172278155772760670345539048524132156264738436165779364514811319312010458619847265709678413083739834059873969642990294464134183662464785698905448974230221879529985489280095756158980892300603284736966656
590 64503647886473904524480261728195574832420488684792861252617761529987575858349037511870711063651886723191660453183944537201950176165722144233051243159139162613568588081671548908491588871022989831540182725381088678194295483062743578835774398040915657888205058160543366425350196312780838317499122679679717670731851788827075651723203394428116630559935390324237988844264190283776707825738801653396589058537658060979279266846867456
591 128788636805270348963597391600889792789556718730015006728633746489040302291706380135469930444054940911607195093761992789998562813208951878415733639642482107565660555865945103921728521840573757635896616171115759807142316453146185431293307278070141952695012998405972775946902839289014191714894710532218883623229592200632720769900409352543935711089623078752143876681021068025341603623583815314407523232491700462063606946863251456
592 257141435626245682286294093475086694183703718583820033675679175917419225677227290576507561031278606537801725406537758051494502233791886922003454235323751298331492829381166965451536046789913297407432603219863025473386506971116841292112232724344712021042389662882488928065948825771966596640100090332389988616223391468798721664639357735133290699579641402606510024355086320543128270571308150022709760046028318904769139578247315456
593 304454585130398484249845292449775540901606352947110431874979539762230246115052541274057538306821033778330747056403396594147432098608784036355909546833607241777320659665054694564052985286436600452106142375095536654551320207149543425432161733925505189401431040829511058452058101678591839239022523250509851561125129474506187006502054021919837691222909047189229963288659447063134478114891345258096736094522149346691450405459389841408
594 607882330200407350343667604726866903971126010729449674568056848000674632162375293703612463851793364822568774217897060228084930477276547300071268748432823652777253417989362612551986389182836206337872724660516547400201290217093695370722725312830323168618647622139058898844676336229159781753654845210973605328266080288548500879252735930325821562194975530010902436944327132503431556579539924688115254928279126612835783492618743185408
595 1213717895146912447687299381172555205360351814839397607877932213021299725648458369142791037881082657731064196516812139887106355811490501514010506952634284318773757816122602623593439975449933234560210035173256313393196524455435968498462539651887337890148148964316777948233635096978865186303878708217748293522154230821459877149551576446605332215497185583106947644848416561584226395598031542104690045473662805591288670396056241963008
596 2423356019788424303121731954948342250080450316334092306936240408280601506266644375472694566563724031155744653791491577461326986931817020833788516118741227594840603845952393920807080525211418911715547953814464906567129961944743527260224920630877014934812757348866250546845817857536162890019929709858791714580420840106970846548302617074747308184338846595161131868683762904883128842631597019832414878945150352544911045253590845227008
597 4838579880044173267406227144128808175216727391345275022643951243706209081638298847072769953816167108412393070996546668899301848398197608822357003431973181338679264595629297147404500182356629844997227684166760791095318667953545219126256341279044008297024169734767375065347864508431135859583636232398362498334949815430805143907282919300451220001523536589078364020797218250297352823978347521426130124335457146462361415153391929131008
598 9660949928782240597432460013495825423732972922387669943304497627482422200356953427491649573179740744272657636452793791268770050055151491863077361044011563897447426694482511951012057156656599501081384202629371637460966351857406791179837472138427603739299130251098382883226532905034142089782742566699779748841484257799798707530397435784548997108076245372919794103779602334619398699777712235310571600917440945688842588498479712043008
599 11554463585631290644573418059846952058041480435636918621149407553858321788001325981248478119093498774308198344520895039323877229164752587742684886969360832314857730460223469563770860378100066809824400333456276183092433474711605108092805678318740914788801031797939816697235580612452646563097993973277663101161864263495395727903953025749925790687174710683853307047410913163286186688622889826756824394941599750342488193831314335876513792
600 23070347560285111936240462501666980807728254980373238256952401125601035731676389368016501568528637464390988263691285917503798887630913886495698977218343317043630218461112931224316421200154718348148780554965237052358218352509811926977718133226027065819559534510411814446434079125785913480896529221007238180934808598998450611083465465974171070387983999962450426637973952788435023200643450088375722433572398156012648255528361895974141952
601 27684339653315937823680971293685889965068810696887899755391985362577479207147586074299545582007877544198331849482931890235689121625572804287531993607003315217748746896196225658468842127758567573226673379344860511586231083216245150775503543957585647794465483495723897781345079770597254303377056359100840242469353170601734677076577673319571148944149531111749249918097993176028052758011385817056486828933969378567793675609002571597613105152
602 55276550691589479071356295052624776125447886449923892185096699528493908762557737949838078843578050379041215868438699004333228989020242334721664092901243075969877379275736025490978670914688184481663693365232776056152623288757995176622011392725475256177797816240690026607663874215168523742301653105488114486762534083441612357306027413816998709476454047482926135794224452238012573995450681699712796680962314262851246953004054732203624497152
603 110369456313614924613978334531501092770715560092801727815883558327438156166726598411112364161870733783934801869803116260342247231712086637611705631127220973060363073114817151524713055424577502487896151181168182881456000097169714962889333863565506912054302175486028698426714999441144988757998526211044131385815585192992545569571794391526621898333659085146105191507087232852654967975346058553308480033934332904107097278018387736133371953152
604 220372840717857784422591214683032281304147372035369061873381822750495709758494223769219629217931952635427624250010876543035750544106729401329238901161209953012558018098148009135116478800283657314909965959343846178336583592110996522886669790441464158721627104707681741827005822326124486786029037742998694929289061415042918837771322496026299987343243978228545491490054970305070079133878880549064099444007601912972255377301973171132172337152
605 440015961974593940866895940671544142045280642823172928884056043284468477921891399690861903908381460689317424969500090462860134017450082225413173099840645800586527428907840035570434388614916773068683004392461534215744426339035076067476391773360730859505310599748602198732049316615471980369270125231595575525183208979070771578242446380713260535316101087060922156580013692358817937447114663971994327952054724165384009069755809874402504343552
606 878577309698440061820045641077648682468995589445685600638042523228539516663988071085560175154988564229262406604123768421585388147393080438518058216015756981386037308577357118056795231644134710464830490372779030132020812021837281098752899363018012555789563122850110041727268174849977701880362065596615749652298586128367309228358056777530458989189297624498505926809139193489238578633608554964973827118287427012608797795612480519546236567552
607 1064832780428254616119985141026331453252222838100016517753123425291937585570461924879309331069965867977575598549867025117877338610958513660463582097925799238830330620465910474633944047359401909376282860664421676340663612344811502124850137112016559037260778873569044301038657038314157399512823205539550211081009078884866360333553460264903433132532217861444944627090847597818037634348630988747230266050274504047489984197675060497278769051992064
608 2126157012464011226801883115347267679295250163070531690143451680262904552892635107768576446148218829690341663908046255036912963148238068586153892301242149547828049785975084834212548950132780754953083410256342389056682943018057085697973907538297570969659410561744734090400810296542427489066001373485272256418287858893758051138118107367443116775095536024103600477147571167468144144186277606185648456394388779578600910082520912098929826609496064
609 4245320011077278942055065277538168255433708664161084152584566882306740073851194369498213247355370884604501820682341728898238610828586079734987089685860674959554201682952352520990190266672072505727121946058929559274547485051992438119843373611134534039933197315146439811031973452545016042262495055294792793577780463968983496160040292715042879187832801846423675212236201480595450410134682018016710064700534853545482496085759919566265928399192064
610 8476697932898524970216337201388195963198696294207465954639121498846726409142219256033783122552602364744578986175934986542656051606723583963313047742361271601328714814949585377539644567565281280223480858530324925381693406686964994267117159966405716039266758406364927626980754967317397776349920144547245275971652583610991024089058689032053552333265571963777529355413171515659481610011987876394141276039692096318698515351243708246946866071076864
611 16925603112312469576364867065704126901780177323105315052031194546602509271752776312618718061571624305449806714330081916700085311425590613682720034369089140509618250037595451310420715348399511566451889816329183103206109158560396284773948615536668959965922968768536048961608436551641957048995842581352469545236012626104033878546345830614300722934620693965695208659301720521842980896182713158260697868238991337207935084097381551439141209703972864
612 33795802669900443937007846631380707958882415586688928772640856743265199889579738278544846322161893605354689531003885100772599290998557133808725488058405244767673498472355660738493703083986814523594235807228210379842442571614862031504909463096900469897906447628949627835652598146486093374442439342424338919486091011604848205583608717891271380573274221884556980079811208896934869993732756123033462828480075769179580651103558748139895274931748864
613 41365951295136652750812816973424509192688060389266656531655071712336700848532581011041571786447730403166001250114116664078360476379426543658979399495525326654443478647700516372657976978842776122505498042691302349446289393978576499311205578292123356204164430521692342405085096455885198100879849752458087871727069733966768686316361918094361441241129016187920237007627884824933547561559432092301377025193373791240377113142042401371478779371959877632
614 82596938821042021540658925389978016965054492298145967208977797647523595711213308980350904514330486556098354461658594236221083958598813044143615894507050228341967744327120067696424425102178217348496989590324627932467659412922297357165279504854378811188159179677114600359944454679177359712014986263837099122320961634884967381260931271444714562003908839770516371985039335123604379784885060225801646806458548196196433558326207954501564069890471493632
615 164924829360573392067376032927421443866625188857664330642721386994530923989866860112565311977484998028945394695441713681084928570249880723160093318692664178378195058561798456355912552411862643081045854013891658527508703938553011525368210857404703524554574711324039043886070132562433903546931974289810149229197870991515126726613664874557289573868451316777716459387090165963877195996663712824075356223358766357637144639116704376036108357299792248832
616 329313312093728563735983244406407507322683560234624699187371735853003348961853658639551872334108454378948413344067098286900722194163538588728708954647705020171311286660263420724695663760745506150908034599910242345528971416679275205383804304867202546373878451463190124303496404959196158282236999081931661617929362076994178666197856971681424743662911132879755594946379974297538825770182775642056951325286150024150252803682143659295019840276195704832
617 405712924289077695320825746340864262195959670201178613445617590814941093874951443165850947589505014575014890008395873477382803338460529799626147888514244314534818256886691366689478017722203664597180463830119514790992344897142669655501018383376862765994065212404222437769526449452635127494036018977445538481179613418815600226611802415184373596026790662424521417090961488008652583381178257962902464133276091242044855238616503834760006188477341807673344
618 810110719818888390508080633598088800123927419883923475539483916972464275130310449571992280714829223648531701036359285632085847443496851950321260393295501808528302211875945579877647174334453551540149128553027315366284248463138820395895106621331341265805757193777474408231740288950254698249743794917841703248881589340111355752706579494395793028092291835405325419228763404079794608955812155978151013088484793927475082075656734509625902661990659699769344
619 1001294210842737932975948952847146496155679211516021280906959323736654038337285900203053909505380011853307901372069175229474102081349445535508019239359549882054965237517928521444840678485767608664861580171837949722790742606254172140186164060715835669301014991925596094186743544479265447670646220116473673963937346040250483041178517176936310302422088095920170181144927715389324406553895222497322683610410043960298836175413243775592681789034679268787879936
620 1999353188246382081094160946919102555433360752800773442423809724646016830619786190710267573095236615642993500883418721116470307875083669717257759418740400232166290005966311006744380068864885648993488153981067600352941164373630297924262520852480881567849171597980348063764525522473448582096645988011899671786945405865310617947393666941037567156494352287626123242988792364277626424278873290978285331445400028106684964141187720697041389974652302837034254336
621 3992256782417909848673199389188386796181066245865334924357617288458593098623490474492787609893017917896149931469688345753950654387532040064068834817182033781502912732014610977390803328237037613578829460782105872142613504134574574852208869357776625391037117155964071803340128827969079961626822658205664949243515444807459679595874803346006260391678905585074403108828393273490983110235351237703556963193206115613156459596196338060320614048993451346898190336
622 7971655920618934747922662002208404524490793291502288880244737858000746997113202243717690963113024955514188977752882676621716876844864638087765548072591212026319770329686618314276426621066961632895539915841413803915560523399997069939844504154524718362740378221905848145065047325437848729113123983576495294261296776585834494012938422984223490292159958953934151651228368079347878614990890803351125076747507017032831053414718368229440865335700374898748686336
623 15917679239916005333261877877965871705898980201249272381245665608418787847388003914529536503090053454385522161663466541147400955074273549711326882406024627333787139272710658646677253870313230461194075720165296736701348793008641666872458837520744024392915108183433247453421064357301650248780794687848265678213335262512476980585694671507405246305319558297211081324977274433257955674245932889491694472030894370750447738342874717395388847038209865907580174336
624 31784257855050861021294991629879019314928789319109434948949441212618914288802111096951907565287773822324113743638767014222725252307997113626322751924386863668890250976249046874516085204545363410008139201235101439026817036490005717798800919851367830985219136279688278764657598366439946231963355100544781541040642880244202202171679103654655996293135040319203155641469481671995064673976353465342895540176888990513509259850058709479958054091618240582266126336
625 317333210168760704295797565848495962303197560828263037820701701695428633835089001594064490511420909265119467072635234994297664045121481630258932520893262885914120722129372502439323318063700432411000305801176437343151560125367967273442603949245787239943659097911451626434673547379436478255911458663085922079671053656654555623172864088831431469344024974103584648183205605431526619623190286356012869165254055236281952529978018524372129233679320415663395176448
626 633650943582311820887895424672579160642961167522983211694412755274370451708648199096670226703477698709007043658979883403211477510739484949203259120875947725310425568870840689473554332522513562125376523442951457606764728941098675509162650574623079741975534929606759598901497739766091324693800202992882276661276163990986713395366291745696749935554787299398250922096660471788458121726442121478413810587717334556797939412421558813853636748098707821318476136448
627 1265277422424043875071797369246346567854099980253110257451807075977456824878817441956737821141205131537950019553881796972525822740330777062948549237587784119128884369700694230409530776067065457504003356756352295517520211169639100885751962177449826492444288583964854625262684165393032102588914569660992381822631184945665918388645672011080129073825719406685208138906302405885552604395136375981198465549318651477509288019788883283440315229842045990186357096448
628 2526518830811833677534556984685047728113284806946707893406858792795403181495684051107254960352845578619947617917268739036093002545915936793261596699939126217613513886007439995272133419705390420568968402894894733001735776001788294233272657639145273029208328524355063483633588270068483910678840391001454279708521624877461655747837300757562226907252071098624450734255491873015738084118930317297268461284745484946573031895009623545958937548482405964326998376448
629 5044991341042460055743183498184266579123676130201332107650968421290380326027932796883168357570366089804349817510931694889575320249914284362853309915699516799007305098219320250705247760579374766530170466408423034242077190038639465687145461295567341153493915432352046514021275957623917091856816275903871042418662153580697659123266053866594841976860175590000744374571202478286823875109526804249548134804135155593860889299265982480336345548819913321275560296448
630 10073941210677583839531202790219214697490457534414534110062222250888287068601851720988087490426938793090029130350341216260497154649326857763720572178281376086933319931493201776633593539657902238306666015456071610369616077115399423923608932723787915281035611194669831676287484070234607475859822090518538165417641177562714948403090452931932984449188739796590232310312732544050357089500273440100290720974598974124476960116019156352474090412985920075309355368448
631 12693133739677811370317093268592359103258623273524205546487442065603871635930906280315681313858679984579764315428721304387735215926985089734000431495348691013641703566697301043725513205163080926809890647552818392063926742376534583873741210548268097943036007324357073092192824670207507201111335065531678157357245153259414916934928818622375772702572085711951191386841662118157827173607013301875219103509756364021121211062317086737304709579443284077602785028210688
632 25346035269273069330881974972153453568412715752112016888376972033199161935775273304995608547304713824688347209308787551416738740159886863810245765465248479132181125570946453720955230278309201343615651885609221800089119994146309180061977437110676482961527465023054472684317417777841227127394340771125150444735625731763030948627388270270754708000197238427429160621622234567796924380675073492696394421739784729720335177086265752619525707781037668032862623983730688
633 50611860756490140519118958342297566370868913055326856597932052410830199754105889291086332122463934636532342119047182079449377689023058810780820966315095765359406764454628805986387082380136525525041374168236858305213676503209492575926006805791378218606666805514608205835100175578866538323005271595564564301364809067037234209384526890939871570900984273233691645791863377658387475517695654979581016226230710249852730837519553451948320876385801177226304071755890688
634 101063808811406247970708896743878712755584284957329990781365383259538234262002671370567177621125722566807574856789780616498779754103146641797773969904853911043425153771256342213574345409968374757982958410833999970020756220045439230758595418961359917860210031164934745533666376487538531972285142926385223516652736673436510752158245335367477167797508541474588027851051527741491005075216248295662926643400287077120259080592963905182161071107616007887024691439730688
635 201808801147837152299238096575697442859236397668731524867339341552706403956511521255262787215303906969309929363022245096780105452562282657119815558175426082267575260312175579908178202924656224879825366000776008837698515402640683889542410161480315499991694771518657662601039514679973316141240854497220807587495401563065302336783560276366223462072772749552472456907824085702711911341257370066988694216583001119600929651013569345655404168599365937458353424918642688
636 402981977668697605911238228315335473097661213932064776894362811729315799415672274955834208889213174565501737889618518508662626894453953631111942629093078059397560535952061479078220497018451145720611305685094171199256304965370181871705059097013450074373747633545745877499724869246627680755350530118228970747825880194871222639415871557920323766679039328575920923735027149556093280771874075490862475376869238279900381890689935555405433624282577274809906084538482688
637 804696703782566517990459841459479232066697895701232589419282519837082127553902225830444645889546908289765443456071359607429608486426018747152736403358781850464030348532806948064552990091146811826544924646558382382775156337100042834516502497324513149120955232444421245397884635351469677284624482064731927639412016489466404154248367554995387483255446060942995413223570787266456078127830824783119068211852116879430842249980889745047564656667263022237182353041522688
638 1606866862198035160606334974916593885556592460864116277752742877406508933271935074442127556137862232372386071812906656723149255113655503007083725852284340831371056275222257931588984959016874521260650615174623280576823771772184436042387629287287356969227448149367481462799539089924461375683206009932827173846121636613783428056907615047587285876544383642503579895368405574794672698553362013808722358606473100164386651807561886042232635088106275000642119603939442688
639 3208696474307797270117847760974932379849402265477323768071202057779887030449102390292686857353590485157087044869748345486307735702614535738964700088323485212650187859660034856435894493209720463730007205337081512338335560966500063167964402032189686725809427745601949126969352992952845424441562863703859308681429109663280333377397755580525098630592402975948502898837590533927699940592450898310553029253634875863296844288740839524561508124907807527159646884292722688
640 6407349980989478482548649855635177060640356844064322475300875233587976418249758374131772461968747839936536800442629092735239826628692104225439520515914151649016953742334220653239566969301059705098503646317740293887104415013899081084350520107166526458484068251832651743858450130562649821805906706077889102930683719908994466189251504957235293473832041582421333521390119249196463714539256514550146149702186046712058134899595062259586976470270867791049334172248178688
641 8201387826366807659225111238627261687282890597636589051921842689764247300482934777132495722029368779517015776217012604921921805254370926471194502798017024245569327678659193258635263196718893499919816281744914768764058063204580053908042914524664098317711827597400029117431310869831208164403946316834685051617614165576179542826483013879776872516073076070617297984078303194278950871671574614613322876133246754628843716452533840009227851399508343391841422932994066219008
642 16377186048055859999334844891670369337424206524861077211759232868228487739432100576572660696716734220169485980118686111161185985824551996227527402064152818630959371514847716506490332334361952754617710237806631021365721207655701381696318559877178109108568179754883415046107841771594735615960011225841052545653839781197374345597416859015612326301061420880084052093710386559711085766524767985368031173533954744217602793463106029011201983075531657053262639836488435499008
643 21028255545548661184273203275851397706745214446041915444392395723419002340065569557217392655487437329366751227026063951487857796737299427141431562184968622370547692169713145563919192463728423704251283522492907415078694213997855773310878762633653514012268895752598703407068007936999784248860274561379972649197932669767525830977018097501451448471507528361249357773023373599109089352866926102640689498444841959163885251078351867332737660189580790226512719918948834181382144
644 41991103748670219819747356756460795822423699307245841278614965226593593884418671029290043230274968870323171195919444283268017357758753878581386585877244726327413048914071155053695960603069297733411648817064415734156223133304002300260983831300671518599413288974475017765286914865157515386543833137946944945739039200712388823229552984924704183472537954866943350921972328914330069957865481025670305109729293278109085745143111265178383209261956442520404936472140738560262144
645 83851799075213735358492643086731966013111898533960037363078018746111227852057112418483181122253791544357076498143744852776304977286867573859932431637944915314145730288851180205374220081318981066060564320022714517058327393871935209891581239739615999077307829237694696669761259242625976945204954760610914430925000769482905930239266062445866234141262279424050115535687452086430260685366471321580607291643050330514385336391809101496509515006483326480921486736499146064134144
646 167443590052367195180445304644084612369130129187924918089018172059079877725514681136840995178991688215415494206919824937398117715973038884865078160788569131711800775139418103495877245974418193912991061222214982984463458192838860060392309810770944760403134387967653498197271946931378787178444655833732463402890775419194929255382501155328682093835773701527250930321589168637528164769695074234466504837569902648785030030990601994453758639480848156680714597945512065073414144
647 216336596706363845371710950836822363294802747589510047901509435402580176524915177479654419642112984774381300431615822203827964220617089492326353852092810715803305419462135977853162487599332754459939418608405504850835286443032009365920765761341278019613795862894178584907178758158470706125799386110897945093450112543647053364317537987502255405437054342245466804621453209892499214682945267993148408259245220208969587375472559908112347708564988117990555044552790997462488711168
648 432004449424839242742716989909873145864272449568475908876666215396376490342261303014606695437065359888140055878501427045363162343374802662019765699298077374655136887708016548176281164811255798903944136795035658635857405449191354084223145483596810314312963271165110934314841857218757755944968101789441333065183193433418267518783691233746005296484198681783108896902595513924165771392168425589911466963508671126556224399200341853335790662661003384410097812127738266937529991168
649 862675538982842501591443995516458375771872963843883853135222743704481301909719821802431270830375495708527339482759892183467348425183733737401370867214911873687453656346939844229843269074202279026332603312559047396086475144079660332173660306467642138550437787527404192916276951798314021839640914608227513051879761743346608881169106653055558237619944543171065987189745631065983733634315131669117821479264345069841712200049656800962265344492183330911989070644119871312959111168
650 1722692576284824393877055769789300881033512144658467717208463318695127525624429294704887115231170197700623791972494488720789246170088337638701868571762682919447372372798205133887571901894670788563040648758321137566513140473256616501157919137369703227566194590970875961631142725281797149733926008514049761702236908922249665940209520828846019341611018586373478761332393095758414064388632707808825280189188752421202578608514904188684056324518139593311150383804524982819585261568
651 3440084509453144608886725979550737527485326177007099089397730211917616144409563418780451781469316299988988443641703360454304556566979251727320373972549322488553200838829917693879963949001597151693179602797477385218670843895576191032155671027035877445262790358215904071199999108582147481934495320461160242878065313426971592478999902439487493128382748626562628694336143793300901668045488082588579037981664527470003079885020006499034791000453228903785666062926685727763692781568
652 6869600302375158289780269864687839542332353585163415111775683425070499858609325120538711283681074314067900677496473223946692492359543623112874505923199943223178643573144779278404648681107759919784346655188553204916691288459778776982092899493823237616184519942499687197977071211430393083966920541557997430747587679477812004064130388416566019003193780087185747118831363744528384582096447742041400192346393759239233528753132956204673834785832809091266984182891491387145944301568
653 8957937591421284203111697447859940248503550631347546161170372266522396770988378562804548859127873977445240695351816917231264065784285926179469640431497972362687231578810120375018424479429803477210060202156088111696818071075955713448024809290157291826250426900358348937596329523178158948880681601947648015260031920029307135360887297350128008149839123421584839294138647341577672852031431771479513110893802043010295999599815106817805327211283796901072979499862250455640757611003904
654 17888438667453729809977212251287658936168449721176295301375557882541474193758003902827726428691600246816380493743690911121570597841160767180252423323126141668443745320650843364504000459873787792142310474680949742836575822732693549433966550226582486425216493572445971989119871481711844909363355806432693970969979103395310867928708796968825530243759891070202921299884132757815031968573819421448903468066338182466812690659706831679420353057694002052762863765817821087542591728123904
655 35722172113942949434068957843476141445276370346361034042426523967660486818159026719240423010354736064125465770532349207317785779414278770277998805036484378999633852151685447441217181196393988530968849950196245946700397409247217350150931126020237684189258654193958355121017265194325678857930283836152449864204499585597956489606129440482194017112230675931870785824334659360011162845577549262914495204221570656373871976012895192166431732915868885012168006696916884273080910850555904
656 71335267868365019110227779071779361089988833789946411711293544655931685808959849721527972586541790821251840332412139402465715486519133319146974049006757688304297022805123452533434051264749877201491360183313681963562602101829574330241210995364274740699769676166795583631361145931405133846684362675989157516852703597313605520699759079205536574730670810335506307969197753641835753468862436598768039677336440383230956829385878046187750189644846166531711813464812879353957737146875904
657 142453048126815179559421650383094161963448121518993619476215205451992284098047642383630354693021875815695985576226880248788521842259725660267362968472508954373883141370284278531894528478879140421773755047621255866337659265707888421380400019077176747003864745920771906014270082806668824783130864103486509785154748747041050770006976866123383508665820667774729755540065911477077553922058436879802819507970700781460021254995244110839150212823564877876676005975436236349559557695995904
658 284472445177884344954924305250978126017742200661802177231697063029535788888110498854758819872223747673902075014483064856794855507066926779161270324366121665035640223125027934097209220058462501928538294335919359374310949711507439661132519133300205981477391982481144075636066956749064706075669926224659033919727525839353912559656952811427412188287077373967951047497696244904900845404580540784483215704708418354823228937747078470948480958198696164665859818982972848951718816360955904
659 374364867891432804985776610966529881741143118388063696801902489108511337180987537861291122471625113082500681135289478684764144882043381419931659224113268504489359226628636059294015010137258492513808869670771162044163766086555612168200118863162342214360763159768523721066452810605826621084847887133513345114198214181617954491993300246750766374462757814795158960517223344183345108712617665115533840544309684022374489180476738730258928212366613545929367518627697289643624284384957300736
660 747593564788879554301707836476357640899634677091475408505220998481175395569330786035373954762145562045525171525565377364115189829928400593125682833066602630686767889081093352709426447665271197867058888187561466524978276084667691002647351557390332412608519689294473423707318289834005935253534997406889540631057103565393031794730281273142424096370203726631019585130869286253888086283734027172232766360199396565386009433871986723588190130373008569202697599621358144369524296874759028736
661 986821226230079094490458097583845042723867379045968704470331512367973493543940737159171522721265209143284465693562900694423519808790898100672187516475425385464533009119846333449273979443721032856415949534141331287685793689473287814220246535815956786421270133597900540556479822161474617905253618846810564439382479443307896055929530876384130520618533266926439970261517241746936755427421789875688440641066221686495358970271110575486419407945000094963778820261350061666443576720753998954496
662 1970656581568327546796005870640748113482076003819082863670873705110682992713116721741802195924059475394698750754963284729793228986823033837817956336064437747367140278494523184358079983890674645167043460580273888585571824697185526559331725298256458320485114626473977986321458516832686144184597659498551344235061386286605269011168415121541983075055647185340413118865439771581952340896758491451854442915628433130689956104689303261708919736340588571418298343731407369719139283360034372714496
663 3935359463118615557131669900093749117530142699444426976463509999516938463150505867424159679062067934696165588494471743949747218355924915762374514280462405118647761733475024165660129983721393472767753603302867411756614215427518866074456307321591637854573395333212932040910948398800535406317103707496899447477110967976689313947422235243094014420568073773545692830406304672790942740838540984493851105074784342560725622177041772517453400030150180038727172927553965251863587421505444953194496
664 7858847446455485891024878489031519194891191552455279828215069828406538995981798046904289231232247478421685207233309420042607142909281987196052218850148707429367797952306566787959103326756834986922183797956721345077099471614901408539900879253733878912105112527694638481250803193212234384611837170818901834373131668761405343443615857955711474607540178677100212254356887291771547063613847589574705885229966173741790822797432396362509395315679575047238570063320097408073735360030767889514496
665 15694023449269566798408609325286193875696413923580712290058786298730432992372709346678141930904425574763775513526807816811506360663955958419998070983296691592730516897582188746474947837359942251278700036303064237482519652392110455749089437939275076091657173331110737959102422993180258810439515425392765247603079774990131489565337859402863334950846878394273748788201058296292212538268895967841435431163923274205632306141610965484666330261819479665739525546474117714009188686890360159338496
666 31340846397832220862703447181470454124151287427479849188335277147875746829009213894274574499318835286678160059127938248797446239963830405458808856774718341648695105782291764129096679367543324626044715947715430674268118511902152547022694217296286776164936814274869615294752054125248535816972266294136366358107330497639089108697305219650178611612405302754395075499931910302316964912580028615130850290161164931288078511618724324242126876025131901801784977187006921027664072958246602980458496
667 62587575284617011287951908987223729462894752955506311479945900552765638928559174999819474321099935341055911505515802919569967857995963484103030695866432941160756323764950166542368263172947020762758858667357517771417170507205564939191272277421533529534664672951161706165944420943711721683091642841612343388379687263108971490532058628719779733821094689932328519547946145492759199039390266525459936635265101793707596271282165094654326946425030172094457453326721604706507110213788605135978496
668 124987479977687236478492998880748982908828559863271731685048552681692459378858049423168121569986144132283337298152646438747428694006241219000324009262162395874962408778223083936536366161582545682484407152391266555244768354113876512773432654977041267551456534439445612187157919949445089864833032533727543026678076372595233612339784748029432274279764813428381235655806908582654319286643047023033291701685239180635196108693886633172103733720635400493297398192559011933418205571412902853738496
669 249600742563549450012966685125516903093832395481768893708990470834526887064357744833622221307672205335691171168052232300662357956950532779273543540946309707531433753438511002678851142832460066299455009209200068311887026535682642226234966682501941623292015468592431110609192650400356569522241846627398554561456324280328635996099309554304014926077647152726925972158201496756196741783398973397858407350022015785919610731686502441034211039889437470957946376280389768368624817526250065411178496
670 498455287846957870474348464521784779522989309000499047123967017832276833695997435071215632425618399201601143881374091827889485350710923984714689411682711353794655632775026279212011099825943831352450032421155555999032312277382654949535761501648682930726146593811378270144539619569490240838082135071177380581655273087115639562472808346535942669518791287027601878785371584780375489993338420397136026361178145782741322322080711323003613391611612351975409559387132383458634439609193533324394496
671 995422636102944880039552018010605874031290745833730650068927633297232017729376250150761341662649546415191849448961709959758860473868784216147082059651084239029703797172836220425773159991768339804034728552333430068741228661701607332878630440034127568523070152370825652823175891829757185045572427939528538356717257291429476788911688199875410890399764669982751975477484726289167625017658627519389393685990685567750403590528162741541615107420426570400745871403578142356716248239810891005034496
672 1987878263126061794974824590602864666933285579509618761902465052871591923938891681455449350287792105285189954912804840217152761389460820571180223329849828899722314863574415001837780131334828593289193452076203529773427784893481419979375847873536012544599664520803531586684381066492373612317078340185551237365844017413734788630996475049847979867218613300824733269764413053528451918473964755433175136170958584959836991480790781497014826867264814488744200232603087381108540336308692578516074496
673 2671702433802908721691063287039723738506382251470367049064633272490521078756462841293018096335875685978210293399722824532081211245662829105568832168136047673483987176429303178454563397873412623967680517663366389540615630808825063843012205849516269850362517053674333532948048212495923919342297669003530490215479389323821851864422581234910823155482659311306668350073081656834246231538253716322654904542851984460934669391085155554846975086900077513178449417994018224368499220700327093356155895808
674 5335465116621702570242794044252095208195904954728067072242011902917949646962341837732976434785563953659574466602428098821030386631312633222968644264842299692867948662758753702883457313788706736728416088381534910680335056180693378075975087556375786121819468167560991425080589503132222168197503472260131331539346641702891947487294375665897138616492660536173559105141503363445105326027127212974150956491110989253026728102649611981406576616040632423554338412526037513869656222324541671795282935808
675 10655097852087975322609805986062875565442536960641222081491058412275244032060897226178996938830274746006950622865015816956591110216284390186309306052042340762689548786569271194631826200683249646360225791089818120304545108627031878203432812802074494172077201651293161556331946036136266671096492246763683826509084502750279338449710936988814995270480040760055883161189255156795383932502684951472249738752226749934123165351818333852521158632753918377905002656421092332014189019642232415107791454208
676 21278624764631567357662270662756002018523828688426368919488414606997651457923396892454333744245007837233219573981130342819027466488047514299489621751332363609226767968735245475490255190783298356423751084959910328873603645317204918398799571798662150781319716744545276463416755680449077438720212432532612625635040290344913920992998448506476395393087974639110820255367457702687212510523399370070523934096170946560573150982554686701640516210509740919877483025146423699610519310143537893616499294208
677 28768637351414507532528289481574920331106538438030170283466082264202104876780239244995839305774589445144805273494212081054495548491831910981774260751092121051964842249122158414627498758775558843304765681830223958632796809484861680100123168271080787814649328642134011520111806234774945583840853507984170483973214501391452680110784665210762732646886485435160300264212698706764995107108347267482611415488120284660468403787945071949020000919640966679503849466540776853626560125724940160922143021858816
678 57452285366632206541530239712949331584826652430976058311213374637223339114307228609422036589973193744058577769164961609019072087255754844767291652139950395599241841854765948748452995774570647293204426317760816521677320570153481575035167345193242051664401868568134111174726421593707373155666993864665715043133048826490330001468310424627168485383829058624642601568194071872148400017953987356570147592759782523448008750831471640409817477227458711210352165606410306948276682545244134584818704440098816
679 114735093479497007507961233105797198536291268888169908334225640407203889373639478356346813493321216467662518128707725025690597546112720232415541405782500940939606512643061942404811425750149645729233792771843119195445176563476969907188215804554730525567589562440970834490864003959999526008975162235299256165696723855701048186683045225464644480540374167969175739371137727265756495834016856223731707322333234652749782993233565936187198004286959243734402705644205716091642759129733129634603295431458816
680 229132230857835830614451364028572791654069135283565861762535429989017988273894177115646588544419179495095093140853420201925791036006483462454251943203947471192864193423217765030303702083732410252951262837495717770410983091320053958752686110161938389627190868734077114289856411097388854795434710246064475054581239575801276562450118548313603894397121606924875741042310497890050310713742409049621998664628452287443620377324807191577907939208726483686844813543214783175012070896992034454614287440674816
681 457590537516486050034167337677581318291628457306676723234637212413786232773668612229666697310194847215077915485226614680163475538584336609080751694882607208556198181471693416675927043954029854823077194246141142237303048991271000082288192153665319733417290393783452357353923479683070921094384762073730697798902739398615242188064244420669822400777703863870179709137457293850460866126997551256979996058933145361134690630429195014384612067686851955544878979097770335646939037128228613830847692921634816
682 913837185125110095268262874495689255652853965511188443652529628341255952727763598483765506898151532603078801164165457611775977433761808728883233603660223868803794796899880861751204157777116540313563291868685230395524447460087992194099569325588494792423324929145987666816180587327790824758856859711973213015568256640070698466783363831445730913520156992843059481198439604844711858022677175430618694667500582261966417440881066296881285121920293147144061579516105617856271189631079377922387133192994816
683 1246471224778613392767529855500454988171610851635095693664682991482146513730448099015002617489410415637136029261197589307562445172281387333237833874872602026970713629726666303658750423016460836043186765503462148607957185126706475909080724311880152723709362032841207738541970035972279081908639176361840495245164884802513529416985916373175773425314973294030817634749714122305096551975195518191955753359988881617657538481578120710095379784245974004840679125780109461929362278531915657341850208500950499328
684 2489292429082605977646553864992242040045780495346854678699635007233672597782712246190890044968520075250253810282038447030385211592076928726434996962592289196814526431166094847756613179048488418625533942048297069828006756677383480749048036329101477177132548715759810793275163803712374985103569526727215893157528030557913530980524151088122456704183459388734567547642333574673447882565598693734797552448072878769872879643387152023631317145066221418256169478823753230729363288056727955695204714436863459328
685 4971306162641528395331962397816716035613465272861725177280385894165187463452051448142151359992493818827983918948476831504577247303435031829929477406388686347685089806887464553341833982335807736833783485863383452644105755044282959027990055072982895939589365332157838499662038364688216146520598314026242965192729174197894847971648684066293351193952932348668479782441024685388637109204535254526925408145151576732253298197189713829349802268572934500814404227675876844916810559633287407005261596364350947328
686 9928097438116344302371335123719820079239891140493463636545150784975938725794609329590005589705094443757269996022850864638167755939820747940406792578401899316624844653444718921638849289192407541418771641878934975177714541870306698448034611456536166645953561781815707242737866569552505346435072714317302861239705219076574737589492139139316857682268060563113756402957361160140545623046143254942690950863807285490943055367320194403452316290736486866856359921447610593366960358554404678571993270184551907328
687 19827249737900110567957971775741739653993102625778391098133589547992460897459804982204934269713374003295815116468325644054887083231117985936876772805479232931450672381940429246680341284836155622773362253310283867340904142343821357086027524641740078449638681911263445111005750553648291055725696989716624807930318222822642872313918951890682579519194342819618733875080234003458767574997651517781745280718240520450073108988017456918253843566440116919563147711629297205992295910402691282050240513971037667328
688 39596777731945015871615004856959933688456638353658464255433756496226038606570239323328352883567118356211456098288212776203974809536702876935640948433392396284315043456000176320237041869159571122455349898814169590934250815382497434075274999520330448825021465425596572772343065370723304957710170469947247416582792448327145222766480638984253076327241889070255127838302366687643705019738018310137647387142646428638800861422375071301011544840883122286451412862370049249229521271215984586089647073509746147328
689 79078447572011474068758803869668547609243031911805025452015802535078582768741440561914454498462259473209891498845781272339163069908959495243767952299877901035463627778070150156541860452655971307596735965887241805251297291581653140805615384764075513609530478655962877071327310927029863925969438262105936399900360712905077347908316461104359032216753389274719101849033360263026105489930681163957271913180356921625287635514793180721439116616838964644707222510293525027886157115162416496624078751195178467328
690 157927347629419560149431492332730098309016438177204969406928932160497141979570303325351625549658642747447346545176693428388857885550944451806954925239033010523989351250262068919481048870131390807777649009983899068046790109266343813087367632395786671976274565947911815222052369443827600532145193360069231210062112986221585273191576987019585129630879254900445705018290330041108638602866173066223130749238277297473662671310955723882814759960704400542789114821653741872797525510753986312155161145181447651328
691 217939279291152074854585471280941437897217659426700556517968011005981136818826910211361269305465131056933804426653753934365279644501641856255803875996205861366242140105555937516217484785376869958424015466752261278678112053907916702592189135717249988881712565532896598966438768038865748484234870646997185604176138210655896360666279223793545339006431259699710694541213236352159964970431504413887068541483579731225058455274574714765723386947381042314420289731439834880080778513847370887132110055021431800987648
692 435247759397346302382931894011017257308460216497683442519488421838948274657734964991587909684077406093486845996249797904786863408374139009086797614884412593464705606546633307151950291985192507319645157260364083338379054369190481243847776731950334169215122469463118184058254956768484204186307346214384002555257189461491606266422382033915630026787246701732601949599421505834772513889024066171582668740582168494235155179651755864788337797293748679203706217102153348114099803585142773039427282162701855409307648
693 869237566708995380159600651671082097229325583000194718459032792102767205060402710757581661897640737479618750083292979513825062440408101576933977029922331954538693250925350593697194455281794011082891997436927953079542263841558546648029209968871818304253274427672969084155042265861979070985251510983883792829854844484805635861756359363221496127636667440222531959701240041136267128179546584891136363799099407813147094381005318219234655753887360236858499468878585530388100280783804874884703643197376756237467648
694 1735966490244940080157385807459050206927192150683884384816681923494198094884750687172087916318388255204660276113036278807956105464037888491971715746410165145386743503243653416682365075352528426379520413120958966712470517917498227700184060784971496994689698943636734714607703952322474583064987263679167235654915867341164778540622198813391424680629890990002132815610635559764324095624307695763328613584553145127285347598694132950160587580744342396670521726749097064439634375016291435630457297943860059620507648
695 3466930153364208056555840190529121769892140058518361013456130836258667267656254271723648608600399125136110115147976853513357382754394930561140609758618960064663137388449127255967856903637678596784873277825182055809599174978511576333840079393239632278611651789906816290245537651325593677693294061867733305642231982052857569962587357312435828754809163345533191791153428336535177434924060820785778746969027659360413254744236686686168060063733538422309495674841571897912338436591386897954350927854822397887643648
696 6923883446088033469190684432579983080985929702038364625250432544222190471898193901790702290025679454453229764944769093226730623319906839291233659581852041871838694141948564952242043169896814712967977418541949432023692326292891683518871495866648695561156931181164594149637188285828949340815918270893748876450233992755807253980592487073458417351230411296952979112998948393591910397031326400931189214504113255314504908382604717854343903097289547726387331576922807556715583617035902260928793665751715573449883648
697 13827870509892287377924835343533783576025463681636420618963012138892526627285252675181432167420213483735052652343814714002936578653038226597244456359384968522611111646785318572347735110546337630797074927692222298149973053164652241914228356312825763121132582418798491969254372910260328226133985557786451422454163402940177354630611340197337102180812014092327934567818121879134194878026037573904519732163853785541327837887064257863096806257562094284889982331151042903995522341826096500900708000260288457786523648
698 27616062439610238593935446188619167372709002890174658520446301472661077631023877216881543125998982017859495496232453102773754775980237587492056849923684251833752587293980783538576008126685929246060344165164257219897874676745217024726731885627970221829737249790233525723618778879396921587356601314130903212037942196345638558507583089845885650393472120534667028986181915344529530933193125503882775808980011807226415465006285746075419939503149386408890978250053851033090414293627716515973556972043885307020443648
699 55152995106114186945224162554483539018159962454007820338000910785881245300865250407458588760013232194737495796759690857743800846751010560037347409889008714641125262549323943900313732204698618652222753114393099495663354886356759852775737503544911086432329689919737541633622656895011634509054414755986203209547177097052396556522250561246992622217325494774302759755904169532929944571266451326843642022478376039375746405576290320530932234225380945500601121744743865551282787919829521295718474231857763993044123648
700 110148183488646358081083627525166955532932021697206049225059973385712380161491307150925317040515977547988130682669802831241121428090354296634941985362613856076420976844994998451327072577643961209101392701567273069263556790695241100793608723327601556024364306064089847693887544703339304029816619315577216633144191941606750386842972168416631974516964090755746690636006614326335342094161464898985486260293680605868267341171813742086369645684923402086616522609853351689044128390443982841551894702171767425988558848
701 154207140361086136605042873854098818949266230150218960948649728983147967298081885753652066838105543755690568448825688547596274934966419593177726737402239511118985104782280970285798954399051896387210171705842501424594035976351237758881339422748415348201927841153020211717786011768699589453968536523647047652869899333442427383625933740097554107355885861993799933367984059353528631340060205895187407801407296497803184715995174223380157497668490744083139743560660480126885810660561478136094666844662013771740189032448
702 307974313804439620231061332321986867289999275566956117158791506861992057760242603953191232463420057401503027357749289376058583819657108889750032482045533202869980016491031890332421439419019301473593923531633766225537734406316438604478885904499789783693730611193098140970048008620815757168145253203939413960328903232147962566180794666810614108344106141470122080848703544596400588972450993130799960322751854621893669178084765921142283638997251333523354884327094809743976920455037354378490447042856210264878846312448
703 615071200738249422522569036004653751885147491449031461851592440207507140276421335606324928818955729035529616700748913221237931862481757214625590469924885042440957052108508834493812575931159040792630605698647899625999971384511519667379249006034540434377217224473708969803868554254345059402432749959459303427857269482194294566617529718169271635211049629926389925888433498054426518582517373328239538900230886778683200024135671673145164296786127389816473031746829943147100559361785761553915305361867094868529877352448
704 1228392540267988885621801751029979944698753161236244437189771576974260273824357836606759555347198845963713401667023730162036459345736665658908309974127113290220493574946822163316136351408529031534911252185610785366127677622213627585614917359383772557759294182247201619435049928062217501080569426718352719040563069123622054215217031823581590502789064608292174855044485081239063531411712445143012333616048385659998655094515747649446371974131524740879149331849312326051634417746570222475289383197846219517298839912448
705 2453295300633766423272467939335879631906635123024039996446730760758073624229314706689897078966725524878440733911725775910468128418676965076709826374009010273019908360984191194496039721439928956308146926304254392631517479583468333896077074865079827635379101780183481975010515707241627994531372888954554037030193942733735934477951923971695838680873951260120579366039833491343983976891863737504998283913737801865519450469118793003534457661652545266122054623401504092192887854066820606840246406734099563496684228968448
706 4899630841874200315747594462723016400976201080702215263517994853017530882120234234759619328688443113079241779896187368694163104895795693375718520600402033992208541290605565605209444468953064783404835737221092191844264817778042180776745123141328322903713278427619962571839703736480960566437368472174162901570391579830422295909192997525295116203678044998191472227942724791978456821264403853978652943856715247828386761344742438824021994233047217986508026947889592463664796275046357493461477856006220264645315105128448
707 9785381597505731654043038099247255605963792498299928809634861752975598276946229105529701106067601860659908083899100761919873581254624044660301655321288808379046376787954053112886003879827955572457911551951749861559115230127035493075901112060794907513172765593362976154191632304070688418673953710513749488176840043169207504312180827592738086305798809295441968297259390303288040493476605614177804824817796087573179749967628701763949012109722292783092175352666368673733162173806054924733300778739225116161392611688448
708 19543081552961925598039870446768829385416411515931520552868265420405975814070461799412322056935017777438244459407744177203990267089911175615669667320347987733550189490285636920590318861434022769804026244083317580452898398292962814532125078631593990334889876966753684071487715629737178790231201630022471851823052087181979092845831663348902436199017397877803834740781657299039101669335437943163116632273966013278175916511076690177871050637432117306213624285370269183671960734323303749335500796739887347861581304168448
709 27672947957975975873709782750849648505965144293761781980402099776149251444743870910321127604795188542361839629440329697679938326509513600944310899120794521269064483135114039248407846086710913295233153011113372054494701930512663722685289817414051640422988352474149604417576044370627410128398985009710283409865580184134107746191344232745100546713900856527987321715241725091002225708574932079545851211640178518212501296631875724930224181457176482694845431307036243973296758922327646693915585290377517849721328333207109632
710 55267833377921083403039235861554434045229313722035389701722427132472414673280915044482519176337827993500178035563286049550353092831264314746722120073987391009565823246746657767399115945565903510366808696965018876965406857220195381310775208667444075364864306447804142077637731915142674944124815165494127817325953999104130167821844386695485510345442948628637185503341778096022798556846536484308752274245184320725111638672144308818186285816790882894959909975471412124141821406947164592412574290015987831529819140765253632
711 110379981474013984516467960780261600663731593030261160396905078111345680193003281669671233707407515786209658396596475950613628716146153222762789537448859226496924336549866655372135548012477417020197738477428223501309149467522157343685162347316976083265657350952149350906452916603204103971312830385203071640945828566273513907224531051406521583983684539040624255234849619540648977803746224606338737518829021507177863657936815742180923540655964509173669557948998752172243071376229464755374211954554141662989814846436933632
712 220449468261435480841321397345432374443942605918318809172958069251735825655145424002562177616369729327267075634502650163130451660463248766581396092936313931641620693174918111262493983966337209451348836999645466444872073613378042049438502952878260514775387279723468012359507962426832407449769793366138630794299005019243828060919222676714236888356689513149957981580641965796629914445728466894999747375287190719447264460456988183531783619843190487499968882974779479066063264432857878844884673694685117433124806269843013632
713 440279691522709268732753786782743989960100365178619078257249036129597771150363391298546334876344753285844582151723396416459983038734699053254181135031875642898349461525652014751793300653989866424643597582587056839870115666251506034000574512933336293835493056119481720506983958573882483401134050427642468430168462619566026314581552093878593961887066908846579617368030887351352009506293281788482605770233099496826825109529534546061411604082474909851511994947727242175179610733894150462644698264035060626213484792886853632
714 879324367111751875922085141597318729072202556642468075055846961574739415794874345589965674165874703096673047548861749577871624138755830858289743417984636147453104676747145777182802860313083268166826130623588048301028670242438564356109137600662381197112398990490231787479394001298943279348816726295575903260350320516007839633520602162332898145156420082884930391363572346927029471069830293046334925197674088175458832792411118737892293264481942117517198938467928236844087047463974995458339089070607916359188912767481413632
715 1756185621295182425665253218066147718515673786587050407123536244841399931252722796958003179767900952509068919698670936031711936713343489903871258019462317267039385022672031221590469505338517362835129147662118699778699182039354815102921764298951998150789911821653072480677438114601582183703069678938105896179930310832258062597779292368980095870623044324181105084042779625632018862835887428817262354767444342487467933451369023948989494678538500400799158316575406587035974907115101494274914739520658319137774802484573765632
716 3507458796549799305738898957382384387376237835219386628990569310583473307097308391170703784531724327732150061003457439703487979983818842466974003662078356374592989624170056620337624955598811713918471765490469023260638891354424980700606200302519249887883268453724109060667945212398752062511144710053773340139426660206891887791759637334769890210591302236267040573611587458799804938569772490482662109355113984479329684767444169831488095268064866804560613499108498822754410157535647434648801862626205911279363939768710725632
717 7005120145175477649205371340507699463817420147132225498884002155970710509620943775986027725984716061789963442242584738529127162638380495005834717414137168092886939121164718225645751322087990947881298304863129641428194907727061629425688644315222603426959539997832511267845638607162416311399796655043502461129662046963482735320043952524464430649691086518145784814981926115837837937803975291465719917680836337801988022123956874020801897282293258283202738773010016370242275260188676425744208222859321883311101240453346885632
718 13990700053154896513454565487306727067740338580674023464660022629905666148087368764600476934959075597498743927892875193286740794848187472360606672177998360299061763046917287504213792003906212426297305627231368257656990628449012819219237703805774983615031090686205002584130892546007951872550669759660872321157513780402133536650907055563492245398533831170254585987858062096607391309533566958053052643501290174382339074727354113306980159243858040150017234097208868965085727289721327641943111733408469938873094679425168965632
719 20090606086076816082235675380176940400938614310070644749944921671472770257312604425398091980322755647879405661548794357005099807349129612108728724336885493063092454788114219199553422869899532777513149260900144430159926916811562125562168358464785431169278100991884294388175736396761906462176585335426710317912247497327036563563121588914194866420884005931841285809520077915845792993358328276059554644955599344710285906267446043082670718673140957628608006601442729112091835035718521721018722777469266493836777652870232993169408
720 40125326879716322489556411406464849335962921298784449557990168124279044527941405364133094694430207400287029303065890162254988566900547243239740854732470101879204140638549540696811880968028434402293351772644723539710960030461237270681064767184350663686224953605588692510963136751748000735285746631392711713915015467181680824566718422464604850540728873624585462115564090087981547280738483060183875872972281175287583617923462696435866487070708324964652721574526418341353909272551826882979580255763229218833636635768518405521408
721 80139193652033783275328755203766636945442813204121313529675542454433045845147332343021310933424285796219037685568827692851160291940826562003482141514220222122201127635258088486065944298549402973282937926475783065027863891287218143040580479467532265384426711946413010537057251191664749352868537569244364987485037487418418322271544275880125484566493935313283955708772658087808851266629499549974475829066624914582047840925770575532401724924379627272425800022848904458049314128363143711306396855961989723681732246550114790801408
722 160056085460457299138325596970676855412021766289295493373401733291111813018846704508612457493852902204714821740373863591908888307879999384243530528687743315460707575348905908308925167737069121365757983956703467047724505674266531741298782220620368649939560971679749113852331091942855817921503419193042265292870039915647470222119686769820819050030695069600130531555596418552837898839558648827367890145809067673671545638113205425473127227673678821078255133987504063710507449588307629675914803417577796715358953674177624468881408
723 319668798837170379229843493943592976388149025286517506781894983039609931689416404933389242602094841477007922950800518969833313280239841092839145841382857211423091130671876104469656452170295225596372045461058620119666346247741122109050985974734747265842208096237062161137608306389218062752912505036422857327414913368431358110613072331716201496130703974040250110425324648305952621792960711837818914037062300514785286743422549717747549946857618013133051203482610633503798663425319853372864373369131358673840153869881807007121408
724 638453306492870812672294984306627107508977777372129428589465755327356174227598430919890943246456504719736962108641601395908891332770685168293924490771164799215365469065543098459183299256545152001714494266718221420809856564376837125307459218449376379924014369869485733478092908722698457816748883668368072910221387142914095523266988799258636602568014576002146396399947604415074015978899086303443472803294585995794222707893974920273537863901783858038072082612340053284322275591507250425059232692261815292574705641965022408081408
725 1275142916265911126637356719542038723871681271192772273799620897772399704152133015235000546740298833513490960316302135675850183774239184783822916882928777746971521664919377315420334850402600177429212240295125259605714412341602375530189353365895973562255677106724312399338812500693566888233900712991204862101812799591812031762608879895812355270321429405851561323422366970547498538435780143167201212242610929963381725158314145531663373041667235090344927576377647915135630124442044286192753241381769265201440403526070533995102208
726 2546768169944848392821019964846924183549257119732623686409434887504235955378820545891899892561333787715892196405982266124768743058163874098584678547706379364390841890798247307973598967705327156588815176577756396476391555422837954988975505588757634601347840975098277503330607829010039648708928471280617182112566998009032427832919819413722674923547946628002596645987805098497933190725694099713273832334909413094238307187390243860196790407727709314649253287065934967042512191705513572505640724301584419978100543928209641159262208
727 3697900327891721692079560546626407568892150058125481671129109076306205776341552831377229072024232417171340221589364656884536624283543785354705139241439615346404995022586445022084145947845332416579812096854409310974559872546357254651142685590621932183941702325775445075917438708405817272821131303657235380051451303654370590128624192893782168805904260205121191049998150468392028544782534675396447520481496540825515006431451202059393588641937853245439888071616327520408699125036465770937913431766823478059789619299714392725143945216
728 7385627537464526345740383778485798532566567025219056700130675248880066419583026084430925712260682367159998338131152306396625159597686746177286937758983283966609127186648639196862156429387167059735838190128284471977950737780216053055023173038593527896880835699706849085901381334098624722954321418386182640086155080758797840055559657176376138770806800001196799540771136044262881898342541082500459723942789529800418114717772206729704548821286481907727095317510279622444722030892474651457224636492341490814903769983944200634253705216
729 44252894205554087579320569547750701124901145948448302784450792607823495952409922106980770174577401534333847762067707197747903904379036168398852988756553067994548436831034620135758416864807226448488065976997043681040589249474386473881324620861651544011792211594775379515056491586693930330977881156579729856927307626902097536189798461222366359805828210468965237974434671500969561262037373571548464637835128227045118235778351117308343103340944233098861013318874848170068525561510135600610838987997000713479469348619481162872571035648
730 1210744936627556865965189857822887057230954084573029320435480590867262124687873024521918860509422591164658025378466563341969887309083304722785462068709799750462069008667716288421173651305286972227572379696911527372588717410382671960774383778841911939891998191383951444496358822224412366785089174077224358401578284188831068808036425082849847331049787601817623184401015428532849589378635741784406639051557499670251264141630636375209739417633306627057789120339804930147057980211305921723824641503470367428573650682485510429554507776
731 2418172738768666678171435824261192229678519124939180828160221781715049789525213891365128344575371910472077672179023387588642879626020242516615441337089069621575136062066038283468704695914827944159849198872766460810574685166430512706470837814240216388601263755713720963871945756169369205207349873148569045306856180738285801688935483080816263072795513578937219750388415012169743125975162023007750551853980734933814165552319701712609681254741026207806286862225739587620839293314320878912015061250565746602483559060104145135023947776
732 4829729359984926986157134735371577697053300667309827691949254050867325152902525841262358215756270687558754617018386880824484293242634727563855099384043294418798229002050118552265822711241534093019123392363340112021415511477006937802383700928655955601733703994853233309947230042272548027302083673752812122158654383955912604246140978699705470469560884314659692673166527295335232675844180360642352738352809655637815479572029283028564209896614640998864078800254751157602626560741380807066570243860201599542724386994637538494854987776
733 7070710514329556571744242966892970776176749567168730706785946461324680469061936136294853103558182223635462181519305737741618816481574861413464647229244719912113709922639430412329828821778342292112994865872528127484368539631329971749563684380209457664096697538327666090845535815840831499559117616945423150053326232950289577856170182972937909483052630959743255088378220890035002252402027050647902158246895017493176670251152291506494995785921503906275977157861205536976061828536647866398064776090034661169329547763226203595521348599808
734 14122128358761773279164268388962420284802053573971045685789695770356115127766442896998166840677192164989789346724916192655243478740300755903964494439280529396031060633844325086469918488435759972806927967575679277343136443728864818309577974196113824798927703559863034953847008488398745483580163879163462650561737332272561875801041855492222473864408708673510596677229080912956759260137836332216684778296299106742528872132129371138992532951965859534781724357322210070726186346583479293160438130642055231797143486037021840694036354039808
735 28205776516076731274392291953041266378219667563067370024806707995741347888281022386402880536038697734932853671244421155666401307578136964219683917166263615548943537972686209959446315264834520728260933128528367560326362679395777954024001072767199009770263644838249322696549269554133463481597709338940444945454727119762488043669166502102167699050572956406586048993464540115200486181710854053771749929633068090440554766501210123384579450720337443293484359580191264023848884023444361653006919878237111283064668467514480337647260881911808
736 56334802047670465313774349886731353005018434633680952604093403608942831798547913486165012509111270000987615297662454166028360558110228304198090916362819507729352969614123126757374716435087480389289992349452894429871665079437031091931884163663252300405948201467634978921783405106619924700464274319745015561613280092058943840905774152260618080876199918590853596418554383902290538593004788905247219729177973533424383658787281734527259843545753514115893155473693314718265141611739873974982909238243541168069100156063208585638076175351808
737 112516519255955372377506221363518066050673502649886099899493696611158007261116249576870383288436678923148550323561157817660387717924663110776401775002344980306778591562827525029492228677438032113896200182832682153034060103671392854483314163390512061349947750122255991083987811528953806537874835583984266507319372324379680521410911819876953171849500988245184437408693122103914089677705836532617493195840254146819493739445487177677905078605471907943010859076454534015660977663260897228644586765963303434997897232784684815003720831991808
738 224727699696350972664688848134227571510423597847564131218491029789024089418061679655054281023837292407247762014854774596123271232242382494104897988599445991931609711823518965480848885920289947076050062440829710749160578078903708895134815273956881827788234111527284950334786314329116600343217880710662662027604982013323807712555319573354565535121378734411151455863252065341303133443084351712487117978848657431567992735231659024837865886841278022443243237274923419170622308747193130664819807193956432949161917410409963896419656094711808
739 331697472405627274823086615884761405404794179321122667197304934784619139343599036060484546734067064591486532585327056791546313507760074472936380024844311681195710310542361081596549752785543697373340096836576770451512407731752739349506244126650097445998415677852486322151585676422257451310324348452157019026341641608727825633707527008841979778643990438070808245121872276505609244212138024321015546366089561090217531149116585665763285043331754283587899742567108481255812810844059700113096462868051663112336750748467875243624046301766746112
740 662497245437756103341055455633210548683980268073014775720642251342516218364783968746430981948814401797891917831927571958420066679682379514657795819244388134828000289082990374441100003814846741080850354706798043153202530036445447386709471038449599478212715636532472829471147779417708180019219487032038730948743838275623641718900604789421045648405845729743713242196381820185034711600514593866029901519639231361799725091386066608183791775857486231362849660873256359761667517164152291117897079448915171007978921843136145275952617142051930112
741 1323203944611238783781802935832542170888022658562623845375890872807681774304532552248726156196892754112979596866973135314659141840876726966409071629922003723729200246222168989029405498448272523384649520223569276079655135989138035639153163115997862646467997605286022128840853464212940404700953367056633783101449980066454691389731583352520934295163667364933860874679882663161485037828311250986976251893800516114757413397133477937174817368486478515717675408637222432890770034510626022139631104468723526858924148860827156946460423948559450112
742 2642836462367440040403349789815573793672915950618689399592977742095249636707103173206140506918795878278693802163384893931837456381159776728532239758526082298866098273823601208463190866435788708525121707953832035105265327393303016488373583141505310106514261591394863182298944872388862449146141520960205032818849578629812663912873780428685401915776998447618225822578195667596928950860109965074904137681545831483872364972763752316642067945678077660480278856327515856579893930342801317792204992715834016577388874521498422843620221370721370112
743 3921962147889210614846064425143790256911758196720887506355739376399521187878792459192965293111969573822989375667270025979247848868981759956290235643433331753560667690411461111527888299855265029182626155601407136477217662297004972831104675591991497439848752117791903467779923689917993113672242370466332073965026241189974040511608239319541323572412493173283939368856695879606716977428250995757138756806402600800283755312998795150394456340191144832564550706623739722193521051659649517868027959746576641059201586649909486764194963852934267273216
744 7833367120115556259915948886874807632347502182044872863523509771880445316640682775093762476117827228507415373866966698001839826696644593462511070741864515317777994056028854612426611289552714480607643144466032086086750200911330666014224637326305523404409319930295778337767915850540761278375999899369354930936535397564009687822594433412401151454400950731726877551469746144248044084513782296127886988000481734321172397750388171747419037236477122026663969289055701583700812118948107762733823121219487907966340909472931169112042164270258995593216
745 15645676648535425145639422818493269182211108960785933550054573326881270959053693231550656715463755000548255488391998440242936287109479890452117248763965993362818774770174735859859228482398090029225663653768799770675991029714171782063194440092291121572551769467216269353260710931086639169757464601393110650632650330026513101512188335171025881505942997506173980928286147209733003460813474343042884797418991466776316424524663866212348669952817436207630324793295646885610676693612840471942283792725114706835902402574483200432306102821908922761216
746 31249351175808353617124645550546228578051288719933628486959780695448603676473781140559735021932163017090952231880332617105179887665947172643153716931434092943396205419072005375508825824676387036519029014172451044185332631478559533957249408083334742578627171357312156234070717191158164716886663537070585211419796776902022600704540766297501548767065852323769401881981103761438887469776666232993751735801805811760451276929048296175814022161057473914922375331254786965832792264994143068082506849753779492781809406222355220093423084647590412681216
747 751987027999871767091628563127708394483925434661356773691094104504807460536389504560243655660944025651983756044244496973533278948996173013233048451696644763841526620154538057980585670000685154290437505706505840713575283391347728225222098354556993197646795964967262526943425994448829295653797559301019648031886754908534879365192203023579222149362002081800424368457811320542249768250451637487347397924406186095407917673155927271315355882147127776547583970824379652959927940750173841475118875789952438537109157527954781418754110112992803684352
748 1501960689319735476886614463399050943887750838973203975735503916820459171585637979537421183953285523000147648231751570998353440408639533139160063802056235143785522707009596563146141988365456081900826691896901037546122724594635742071814779632910098105225705172493293814430331778226508443785901315889860316954456901765640097224704793296135813076286662199958158021666782236563935836846968688573188950403858508842535332137022352421289272043950302064907861639873894407153968158278068418932795984258696973703377221745551104250220721055712885604352
749 2999905412062747639574596982499088933084176479628108400646634863715272201932334533029887916029844775380458973615610826994522948477566725059569696597968047171016788589433051200966799201013917106874314305436061537494708802084781094160603366004627381071498132641730867654324071501232393631510370234256890544869229851963543175886695227271762862511105476000711121366393912397269466355699291129727286363633846058681924667301166774349675091240288818400538002351353299043034187337746333155750799928543399009229060831985236149585166048118876093284352
750 5991800338288123932516727400648231476839170625896170838669133741646512094544803115872174802230759122134734127515639047637538845927237303055267869835669239726740036978593497930907258540410443260754693565544944776058684727525098077399277102517737367582799594440288048470538500974649481646458709487208638920091003024492154925000910787399081955915583586765415040153595567038251979312020329818859070263658541191561131632735684566414637700781775615028236603399081496569098945112204280590088626473261377208185692896170633746800830181373034073423872
751 8987684443392445512733257905110535654738708359450117956874267756873390421921850014283433605776671620854598060614287255740315519465861081588053430103139387868366640354664387041022040172943032119647343757887578384666036118531824130984867708760485742821634688122492095625696058442087392738912999704321310391821003030186525972347007341527689188999320439807882573336152752807201005897808825727660837618044607134181220304336275797474836827599343681827753590724302500212490444440952335874663298298496261581782403461302242339670919666092385559350607872
752 17951433471033100815922911937145134259898285236500576298449653357909405685294046446655338332652549311329839977817430315725308627117600193588462983699603200139702383201444289278463336571427571248227788535846772449140288458980007858693287826265853827409350370878009819533849129723481939677315404407646162904287299516498975800477762204515521526020981588149475564064298135661102071975722788715179333797240934440533418832426659554818401667089994948851962298384583921789915842400864244876741919582072863818816036494027908279201360214259430678039887872
753 35855123427967424290022831809894186454001875705403483796098232300748936835508898285018345914619773808640283329043894010569172682772601022869493486500508344437297279936579711542887917956979691898141452474825029916562965112411705503412363333208846655058652345465391833820518743544487781105412637706186107364777750931391305868882350934839160084959332673283281484456237917616304201300002470432613355382249269458798633422397359649167301426178892034647991377164216402603259532350011006017679829821779649694644169404013833343017804549509411897838927872
754 71615013448051099557920019248037518820474033856819635906786242762176435392834583787106793419185609475682097237461737942180391870858053607613832925781891828936206980842566377232839402793374245875289964268062769632661839170857510082917572502248829676862165307970162806653044523934984859607686421986824245769948334261401715793308492351108920920186330994518708163647565917118339223531256052218363536426045758235333664155150508643980886356136291253757831950960140164015587910418200690736847592183846519096497177577009593483744018301348233803697487872
755 143040065302734784728766322104620492606752198747330307937140573591093876219916880127701997176649556741773561308844663304921740924676414531844910905167754470822770992718364909498331904956662970905144210339854175582167934641236680024498837968357828878027327622483003372257612572714944587265208099728814063935507592091409263033089447656717926667898004462628672974535675351885317784491163868553345354987694904030055288453152824781966165924845904528483182395045243517935841147672280219950761480451392001292516166086781257446942866430848821133544783872
756 285701213848465425744610128074779606915323665658270935934276869294354902210517763030213581401213790037802808329728548619391895780848008441354074594152744668241701757179285258335492855044713202115567373790125370005123231149533699352260360261776597123740813197766587041652979971733118117374808276171148224557193411302138623260694265793582475185152801998139316975119068535083912529265582919698613273014269256080359061852601895375032002100443147974032493467225807095210421026314687745232520701726515914144353034671113549225289772086332798472260943872
757 431979475484433056504625701579488743269460072872653328033917669159157332271150481562469196468259959802212947401180945900358539248633392381282889965518932892356391546049630508001755447801979843591644325095934951061386694300742103633236514425814061610190585780538084898657101345917448792378445331842368456849784371002341730472484044228681131073249924986283556679047225374054797038752967875543495339727982247152891115202386629535614769887538495106013155895826948099913453493427538801367038113774959903239252592545543381932404878820445702179640368431104
758 862817649751099441772379176018930958815006151719070393351791679399846826129794072475630988336567686458947352868598784920879667813003597244928369152308368301650717271932844377535879534597707774567240594527505412268257050761566999596947844855076403124047377795578679438633954113827256527964109206124881920968548597111823139566818696372124330018035057393631617240429131714947093522533663535796939494573704089282561020671080600553276160476482546008072819917570267840101442242282529236504497471357984780990194150307362357797384864738061725182957247791104
759 1723358719827866556483728671737237149548929545040767720126359531211289873151801561045266398708576268292424768795615180118653094563445271254528562099835093045379568128901160881111284166458476606397285317133909653624799159318366133036982597069518708440261997946832357070524479536951457485998188828538966784741995984176347271565516104342427214866907601174316281023110251626399954483550178187897362865780705818753680357549262497869184814142937330155006219992620166029989440850008702490349541458309059503876132755797372328036264520404867905516327984431104
760 3442176278218040872446660953974590830514844954333315801762930582592566906545758623740932915741088146217712554818261085263679491678143246447387894855552945888774825498477350950094789733780380667868348328866174967281681949830499139039578325834681102479753831354204834235274239526823216767966258390150257341594750107286804682583966979735742713815050392567841701578518067449538695192527900874592682178270480325776258190945420550665960256597777280595854774353048778467160469648072295910529510895403442963535152233605050137013395201065672881497981639983104
761 5232098836476994064195566054975441217089988432372326409229178171452484506640137047964263054768386133718116688971118461706100216781407932839608373773766928143318433406097072977877063449736163861683828856100202426859821805399452013933064613683239157927120252439756044143463331464517542069013788368553507483369791098773153628194444202176739763614430391662286174145472129380269832919159871049341916492648292778590050790071625279307894427802265235203535285910521611318009081175239679186586511335785482953931960456041113423912432382615400626312077584466182144
762 10450446989078260297163133061562296203564774973676463461698087532485951094743701388020250911938588599423468100645960906323829702530787045346391175309709066571171877250024029871826146283942444349832931236496385979650345326242482173259370470316411453027805274851766258804905174969726102165176794728939365785004220886920996926024529495050639773964287949826902248856368005283002232270573811695415957844730108966944791555021766861541716185797967249570827516356177738820173050811187500134068333507113081997125611401893336718400691177717674463103412010844422144
763 20873464793225481449250383543919264747978372206897308635961020515729729705844398706821463879602269540098377080190469275389910615089179925373045158980450637952624889593595042068914484736537950855651059713198592708946227168660277668427509560105342747567050326170119557814128463963091561649518107564100634529028953517507252739776888585928521314951421526029883766365418221371815045654000870076303033887420394512230014262471328816095247456027914654414540962226662585888715501302910277491817084475793633690214895859925824661782219885104129675777060327751942144
764 41692215014598072389152404795328602442710243120372452269371014929905130439535058534688808105590197701708208366558165310985250238864189787834660314846355923198825539902874315122261087457298085578005070256978131280812085403646607414012038684474333788754076436525888058191189640669735136483424970635378247229790395918390271551015239335509211408598497229283482975421453077067532785474825073072682193627139472708702854382324773243645887139759458816445308918245458235923526730949990065774440898583393793223793754607252495606285116229962415872818928562831622144
765 83275287352189338998525330902718756687874032343627379683554637759787499486697579079762405461550399310779871380374949026527314219423948049065180521595510532161171413984676575547769073022424210879648113539193993944617355185423224213035777902821808705007378262177671415807071311268102956543829789946374576911834165838062497359606350375194563647935401379050149108019650801908129787365307925593554554519022807982180631772045117145995400128964425456423104260463392553901554912519582113481433301140796464815046690771847467113736652981522496015407130736951558144
766 166332860036934297108630522736017628744141130922713592403790855683703980742779375990940739605961768059970007687345809450521254023936258936379404955441733184527214739500547931227961263511514252278491267875734816236552162974089312597508781824586347375852746138479536346815294491444999516194507823296014765441242740220697622016452825428351990444522168153388268145715789860662847036572147043552999348467562629089779847707126221807346255055183223053245593651577543345685344883539785550807410293194094229220551902693296953283972751192863126065224296959410438144
767 332231427641926834037810645146205206306333040992022690040559937638645374855318245440647659956989430281298937051464920492970687896834381856021376054075909329800719791248025006719557659638353813455841610044679457372463669535023403086443126033378098671465658246034239181632240921733142318521546606987864529231404325558633751057246566994762913328969269454934550239262706468240717735118271592071733930383029390415519089965984438679822799705727157757720239997323148317018808032956932442571943216043705930744976915292593710536647721805345323244259366910918918144
768 663596535332107239831251150064470497947481986364835392872335682064270503199894581034202888887297286853588751692817415726196510241919955500202083951608235119969413475337386769485324419610452624453309611199837112974661913108555818203663547929584539410359157169196887812633797984313885884627897510872366531385190617106021800469456983092255563986185224398387670983404594588064225093933056823097435556240224718376045128540318429151670481338454235670043296630622312413406220104839619072737038923923008469987773750354209889736652155294339711880509102985937158144
769 1019282541082507570728956749954033300882418427607198728668433682945184214097988184287002853191284481285446905340894025371679979498087886897116969889396385220955592461295710093342432221997581841896705940786996898882491513309425213818667836390423603781506606209090235025133782298061400362818208174227444937943427328371318808458167619123693240114860144355504112449240073390270296400374030811817405640065384832178546699097681881382392639137140098903591510097696074297960448203033473730868369939799402213697533952677029856458692317260442619381391094807413691252736
770 2035914134230346667967188514529036600211922001350680286023364074902684452016325987875932566253146183252936703827468845448465978824990635518747996583523197444681873709470797585266378831376500184673935144621941678817106916263085765033781828123017651827556420837809585572045323018600031553435776969172669906546071242644331810424173718156682224722374353508563153937677714888778373585086454911359905248471892380910302512986996479308363891037584516557589944711583969996732575321772900547920132040099937513731205996379419583763050854315674691970793713654256145268736
771 4066540143890103100842515255703491958146338996895377560117518165193930063422603831620357674055048934264524628171600133280178610424770444698140708787096856101670814205177198023091123031692368210454652361101597918894030029815144453582777349871649083722390032417871582773399113822269930429636887143252626393767954028611180089318660608572769171928044758301962536417825533186706309855458871400718464777584760895886831635411827193713027610786850927954681500230893126126575734547270588353704455820207362107832185175759030712230900591105632398569600500974797493108736
772 8122531474065419706404372554785111338890990560535174446973976205646133085169340146457020259845896139005287036641354596798962131055418716401020970727395536994257532138310966773254018830768881805990748148422362066819697699630266859985045607043138290952744215133487644540870027577786749169406462128267254506845859800581231962447285977771740768548697302591369074998638921548629726602757143714955380313714350598080883328130854346060166802306758708232291835218943279950692511134987472546087133629696544392940617681721932733082486464331169682993642037306759615348736
773 12541167443243258272038087654630911388832477717553536240817254821422662340412860803319083693321945799570824038001067994998599483159559599287236334808097913394714964831672916265976867669958482627538580214353745722048857204008745278253542443317125234870138136411097148599067622156147125242155419002013173540384136137771052399082349630860767759270430543285971990542723757987900534121759804544842306570285279512504138626203328332728491849889862094212191945845792592906321614158780185471164208833606726263950517257177774722867610625188223732104805426934674699403132928
774 25049886627894944247586778684970709089998654919162996866206983371231938135996816236376796448082683859065802910501206468546998339167121046462037438655358273160794961973301729207952108215042223956829217824991419778170457906686746243395619942421152177247178139825258278088002364321972420766031039104118545190244181289490743745856230565339845248226265838996406555593534478325409425514270025698096904852861762366884053416592143667746938337614172623035683589598396508128361051519914950035037683143061643389181358334843911975349827572798449715069938920760599186325372928
775 50035044431560505396166615736539750175682838542506796928275757300399369015434187862664976247269293557257063935830515316357219538005450233851188546727047353054848943360709990413342653200577232444238130110497380344462377761842288816350376030954098895698349656322189153505900404157711204599527116417743210111513019863506333687541350160918699381005147178041248757785347375206007830515051731950017057293414530700535805797910706427241848225352537395446993350281016973629931437371575099125200442150850303659965025416427370642243339617831520452657070080041284484074569728
776 99940965302284242226448506754493376055593256862330108907923437184689984818434092528575644660593062928644247684877459535565779922283040749899106352798075798719518622678342470913800571663952571562129643051907481991050619740567921532948149145936144531779942247263223762910207055891467796019525724453978043394975261860573555864876318425283678641066057069174632022472602517171120624008881170984135918482662972604092785425544433588604103800087673216629377537211508882814769192616514829910963685014345694664751989303610825453693009295410463291909716081181828571073609728
777 199624349074952504209199465390097014878786267457395463080913397519849618957759513431398498428261647310102303255689373857588541462049862475647328276893617816314843387544450076752553067745237676209449627717375278330181831517893767062111268675475571593811643278332059945401177356394415324827553832140254055307373459517521212002873578073024280715216034097538867320792576751829878739198615134151384917923735793497684075492581170466897824072917699979145542605572028114545616291895982606203762337426372524573927495034510081396253996862466472669670471028118925640600649728
778 398734861135012246010221303076122792168300327180700810619250670477225032135795122792563941558026403259698470809727567760446345360247344431704830680549751872025813419166469639057721935239218463641243016110867509064127722394454646178203155242190571149592187497202203168525814691846318229413255219472481462134965746354149306653834685389976588714225114177330668932089800351649557545117441070863345001640223150398250739713885912252075769193711866545919476431063348019570984405366796133657501548028287297940069829103684173600289696964272434845814703916988140095671369728
779 796444690102217583933700095681329607909614674972052698641911513508901723926582553044134454407723399739251277888140186133805450450870299404266414429059308471109599515705445812288585552467246840077533789333298717051316177084992165953092725842715011854078101238616763958233049215547423389278918067596930557159014011203691431527898206551950646796969823553654216181356141714062163735117047178082613153453900078944183640263757771324908737881716645978397321145395175711765429571683337659611311832619531697629052463008221898208093996525774459423581618390775685271653449728
780 1590844579244404656350084658346601683454445128637342751897431505102943115990745138085091965971605349117640089975533595653925303952396663310998398378005320242100033795715349501895874675084257366343868436359642078646238757095065827247038816862736907517653810993903796920238012533401682157318280525773714775168587340223674291212245598821637291018657332795079968251044551768727343791552157838400074410538141943911572690336450535985772539440577474639679990459406698204635872609018173169144691862610760895982174185602157507104195405137082349541736557814059012687268937728
781 3177610042831871792034540378907196354197000196137794074661338274484126946490224821393534626713802328669863581468918638997570593917033190448644870798435254125256342984979689778192124395036288635198518947705475169668107162748990169908442020436660284259239095524310674539607721593392263051225329738009032803459156345692526098008125153163136862063257223213292738070140479662808881420282980668227525833139188434755525210328000744527318673156099744436864323532208202799870048202158177515971929822644458142372532555956241437805755196985533448881457051412422637230623817728
782 6347082746314766505511675718441274200360518118689846461051648215370839405876653549434183521955888878619445542738314339384749549063787992736373502410598370142507180521592093245679006827983952115954227513846384745340944054860793012922651488444931786139490009125967378940445938411429714913479563586489297202678937402652048504932887127436055442589683091286500342235649225660961517962581631896092588649127467998308279476602682874632043814925467756486994666575323228602626803031422482873701016387315347015597263725384731335191735241572848816104786221489972485743053897728
783 12677932437562847389136502884509342848380622883532004739869585313131782300487604418726105453192955754891662895771947641307543783865224149540980884072696854754231714247341517285461234318571622210337277574439465941193200631186284260016168229140891720929671910624040285304316910446436834597471417659315776794479368530474134130003548337861144408034549065317786029227802072073618891592409333710116800966120659872377893362239468125569195949953937195626718621261698580269946808846198183486074313178050047140403751016554792892677907386827716292908473095054835784687422537728
784 25323481693295621194948338779997347316237107656163152526386025995649175888447743527541347474005770459282341945326373343872716962052786677035898179586531327843467198704642024997577265250026075485597298486287380676785845782367048664287146820888179039655979127136772646740314285710239321109118411891517648019937882747526922508652343561745952214012431865487420449928964517841758492490764156466190674038073897722879188445029271318129885035992946304928769275648004448523802840869079238535789342226890022134596300886417441360819929809619964339687266008323427527221709897728
785 50582362244873951548468031371239628852031971507737215875758992862129778622105702919416888223858628365632131435391773982881878163833803292465236166039642733963112089951835905370313490091453569416307760638870221830173447816827479983901025078034352945086360930311249516462153628912331421555312662790998583155630813056238734200017070836970638379328763369520524617647974345821940523329770987143291098212370301480313622444792852726964484382374049850642929054090969545876728010565738466966302928912980570912805113874881941740497243387885244514654332617247187848615038025728
786 101035851387339573246974287564942404947703646122204492540537056450392560163890685419728082851427314005542016294682714190571932981640668542114168276384916153311512190789106124435448188566060650168490235930925006322308988776245898777531799713809789371963841122402761838934529925130250757052163774638562283108605241281019324983022951017762950439820672353403442611692306953873958065845344427554293217746270242827860774327272271062677360939394829197680118433423609753057507293547615042838957294176545661983782004958710523923822157278313348680937150143977854139438861385728
787 158828099973792201455420599050110436716238641992117494546433779387208037432667961915815199158611269948299905822720654074468877430143598315091971710977698827871845052667215304301089470403572062625032666836748101197294244555111276681505104102207290298786941825298830938168050588732076541201102838464918653132548126057517297472524306095184956555232150064792456422039536432556576574654767512811324094273605388903870552154820922950067725006940395712116714911415291281344443272869483015986072052711265759144812110686283713520234802413785585161294126315331178616913434232487936
788 317252568099298136488442918688755363837115676643723570352787810506775387339675261636665449895213770966100598188354706742252275853029924811834792638295464930853428967266810668005399886910269510471969417756087353485183519670639014418569631187218666013562197927757469899891946396179147497497108698713089458433618317733361091420409297841351809240527612212347091846364061068871465485742932233198727714098574391536603609544505611036067433668844089773278941716726678309965259569445600660942713081002974496022309710891445398921887045480632273137880714291575386817473750484647936
789 633699921414630650572147830920066396970832034832482981595898017153718534935928118873750361379225864253874858224145919675619368266805400805328690967132979985731725861321262243668255674507931332787270202862397444240206964007865522243175074388711604069944712018346589042701654624996110523000917616014885642406351679052917262854967912533315002943982172851822510640705570355097403285330952004213364095396611334691467105673964506376416661617082647238921108313901261272077308344355564423238868037387933899468363219032554164692487723647109307676664570629421866062192455698087936
790 1265793495505256862248206503706153498597419899670283425825806759038372062666164838772636425077670273378061924472852924750117180708498693359421566363216016386488627758559141466954314450240982415842389998935507979950874046494123027745994554606377244896491050290434728292516489542810246794197133402726574728873406418498815539467288790993970597455439510432951891472947218017963896763495376306316017525381804114815991911866731768208152208075716120252570904377624668758422641213732681912989921861660675593946682758078971420877307812440401409578184729238436732199111590921895936
791 2528382429845572177606199807122104978458366582911401885855207280122762168625424026434128183160530155067335710405794856504487020983941679750656387002673914633259683381360467854807630336028872063411402992355880478589121821877545099420400090312966009126507756320648710611994920857786650471175668096790378466696347617392013108427424047590476083331675405980593385423568966826218080955024820550718283542292808656657647024110185970097080353972860099217889081091509604066166795364953725697827677920258566715660645933418211957883648824189328743338490482212195883269063845856935936
792 5050371942631404032273302592480735333433136346658181436065449230066581799468287706838774598927050777330506328266797553518897484766455321759410788835530474010017019233976248594181299188701146586712133491839503323091278363110592722386194986130924879091010823163828660144084413711691537613827236134680451084418434709120597141375573007105213051331934480167927783693624025683109645842650553877289476520516557627861559129626782620839863594893670420838006954275052492521787062874084649015521276512053849234033739043754927272964496653213069957996070913025942066340609890436775936
793 10087990338914831091280478900183220178679082507786679301806966567659280784657563961266214602173165109820874876427993356886900227050820528495686920617680272311131294127473596250130720957468968585335534640871103052840857128953149386670960578786217249864999294638730350003894951770437239043789510752609675581860787739761299673771371180965671257274444408935566733075423790158918269779597794216871783806148863265171769438754511618036040963895642109925354635388207518138057559386648813624886547847998020115626399178399765935118422203242838033680317322116703672879486226646695936
794 20150537916377696728037886487105312073591010230141588136902743012775175734922289577792562014198778877238663941142926032128275981790119291573437481079254050781619001912217668520075031946468673484349028623697447097403617736794830582584862631621599743627651329599931962242760837615740365577694003881118176907986193163685927150320156953941347220277996987053293904006827349930495697442064196205004704908180143795113826806861033267347297018350462133719477333430353450918164621690083026559966296385538895453417279497728121247682812533654944038762451837000769048157392862955175936
795 40250318486202892490516833968906924563050307366115921759710407157233089170168055966526951561741765874294574676699294696635577489370001600714906525120737271172983127650800796525951215406256763270051454340336735578869861567301232770146216669234917228023992752893501975117375965568371013295732161224604340563190147645688830839325781869017288640717797608501030693238360498254099414584198342566206061776136965784482364040261229970625629866745750432820190345368627339288994829159081177680603580256752618769658685720487150475798852589874345719354187195033342401542695678625447936
796 80399377664622567443207193888586024887472772750788271584162902119152790630018267722918508572537430855850979286667418034030815425364992645356785645756363301854225539616061064778894848196536992867120370030608681163708212937282614024194649985573076524745328007964829010884509198539077960370707877526291526758886488884865485192992796460689081176520916940287339103889287264377880708875647202760063043459618557446663236152203833938229334928238851432280157291325732216813643107897406630295946898542217216851095665487053553079698982852925663146666824405173784150138966378268327936
797 127995606210748308776919186521332189551796364774776633373106204968340938856206096491341410093499031042751026630543184526255778688119924881419229719719738192422355674922695015687465457414766108833628648693308056258538101092024602333728241878112091590602392148421521362616229938125010594158815518740740347250381106894007025429853146009110691414685736777612812255556037361378230745485877406028390560477418684211182547615519081165193878395703381382667552739150319541819713616745647204909496240848606761975970917181555394749929096712559450872175177489467089231426019157311322324992
798 255670016894956743995396362548216687772435488131271644886041323934663754107065708224654094135267950402546323680262969301812609211681099110057544590299631833407560492264573197656821226666632078854358899023617858475923906452087900800612325472521737283592746744112301951163089730583216788182522256236409375665339037912696447193354890676437434503527483852887075370432607544586853995982251613012376502651759153031169973371317232885972834463232008907827435195884849965680200653391955611148118723255214113344595464588407147174718517466659262359374499784001514948771669719225301204992
799 510699252754777348011278180994909627897767203872155297420014352558257262417919200497954524336348294956029795634396606976141397091034833864634203580844700983610798149933706587422893576761723553388883904689668477172979908147533488226328217107913219794246821756280619622403125060699984104405095413987457898006106069083945905434342105306041291787371574381219645997895693918054892428763494709816433528571968650198504055356616169239368596520523234852952807412340808108960973257256171151019009188738249573650383671924246192068290376695123967157334597884222971075034070591333824724992
800 1020120151384769004533002113342178775798117306064570393356625477233885295268849051313872133663006283201613030862778548230613150880043919036901079914458476611141765371127800533480623096076668773771597603507604588020349271534186049109195710649607706109278336593086834170705095632608226818559685296595177321381788213848516698270714066528674996711850145211563955826253208949057299198244027795682537437847587120790253884122250794605276631229962458678340738414711584500164316533474941691911112893540612905611195616077584684243200165503982214991259893839415329687243216333370600456192
801 2037689986351044473240565523773677697946132491467646739796797511542255897717647754566641390744969805290168806599871065093478077300037097907846151242525943532551937098856327766554739489215136130341312857076515670861536514254091289324661365664228402868392473595446313917625386412949285922988329256860284783805123334476872838767836585824822222528536429017495161475906172806240633569241347318011833636150944864793749172542994116185117899064048299028678677994977804507561756286221549513917811929350577114271993507020582920797327084472987454110211795872258992333353869500984634376192
802 4070292075647769287292331837378741629718102974030898992910457859375185704604150899966811403020911903028156777585933673590123478951943672161280071775648240300755297582423784907932213880496713069524210408469776961025603799587368340228870816204655280933356123817116995407109558270937286777470483401928491959368942365956457049586278326364009075095034467243307869020474811333931034644475394543412746989869123301070057716246274416896970406632883107309528278004437261430068861627742828480070844167963498139552041164490262690073775119620551535243080807164797081559126022087665036296192
803 593521662543373212675888693857968370475079758379842591391037169000208502822098565263202023301491216627576599805740833083771670713460810349819627833724881907064063106757136412349003333604955455025209875494183819011520343340293924259466838552652991182335151125518610947367416995615944968445288492767089395725238767850571644088232913445014090801634139137325436520448124518142002194926286687991227350202624020231495931840529087191825332606056015241093996877521462712004244804988874793746031961600892211873589590697004299095333097221090515357937798387869377419101520771402762620502016
804 1185565055180020232394668348566038385149317489087047399404929500961535410652830968997522190160731545255279305026387706103894067156806692420673072169705866914980649887209575943687737740132175372843129875712441906046074986559806552230799408161308871795227498716951107059224831550828708640218981013051483710653394733109296704817469182806244108067097791604830067246340241489496043097168339070370938162176676133317231056216908432890711486377822197756569721664356355075114199975758550407439541540913489596679786954648346944727467060732280996422639037866142685736574438409909184564822016
805 2368180925192105210913671683684767060424068136263675140133300767786148662568132466146325703588878686166268062783903447490672717443639212134874734893007014607812788449902150808771818393170398513030975043850279178035595317363503826489063721118723351330048486203936763888872934165464887502594257500774845273888767145700638192584688960611036490381216491192093975578308594396250450265870476003124447461126087062313333018946371771876809542607635889042141107325512264292357439621221455235786328377602504000118750136305190390909419126975752168536973936103488623344644564574776670883414016
806 4730478134521456098526072886589423595402168064246765292208583323105785555351799228441082101379594439102610370463308340335230567272175634889049272094638339403668549102427021196842996868842283445664263779212460329280170667976348257699740574544824234768090409099776599491519888519762961905105665869552279661989200873085327764923676357963041125028525556124469772618592773279469551434121642829096097549598235444054926269559815910546310622669670681808605041462560668560051752064391773813501374043941602250164321752269852857848554147635787636408039923897690806407911193762663337102934016
807 9449218037171906694351588052738502076671929010849914393999606221712049088396744483483395996346922560209653493114114644257693087623601549981650702043869684596877329984546093149223095633133582716302258130394413260886435184937816935657127300347642851995009343062718129840301661034172498381993386179923065577253016447489441260103908928633959924348800912594097758775889051296506962937493242486427324244291052285898108822210214859164942272062483675537898550544248435201344480265619225544947041471622675830181002601012152605935153470193380169503651289850917471956840321706744261447254016
808 18875017793208821622151565129674903894455832683891353317626723744423075502177117802342671524165323039747732205933918325607760547830534009089891677214735267693212691796105724499645718659824371110868746846740542012882117029462334814646263656097332515614127114617405790710269211576569765552410193829599363185218113399331321434882244781434532872495984607324270493500983349216678227994970670514809254795323485927896743277628214739202654502409018541724878406556431672031847528925001783830285292991767790629867788355801845419563583305104214759127805676792140043981557663911876206857814016
809 30501981800461591215645379146236222588153556976903070134541441425939286765930371585371810516004281514089450554517342674478387298889304867272639782742839613847487012350529895382496345206930230274312261964628442551646654537586649757495271648674240501540323154557856544650475353841958924079293407970022781751313050414235517403261526766306262978055100398009293968558047914955289450780814796140345886899885112881138258591556713530155890456688896344013586078219841333391857577533888657307807416486894648135856886559583836531250481507045218436967028281821856971973023375108201075131436498944
810 60928556507267330744953362434311144311780420590554148969530010143497617916294046588262577690424575233894956669906709153468319629004791061890921731986741082656117770997867215600241811079043914380253327703845265631027006847088035688332737031072320214119266127237835767644023149882205375564827706685969472171035326239936186527250190240735182089962586126906387656722106383647013851633414229889326001996944238627471746896455453370076934550689292092409514455697351658258369127278461080218887048821098586315317926648003036930609113541839465685701844313528735199630016138139870255479147986944
811 98704110352419103271636109860907711229129440153054162526970319548821064593703625287763993329495206340773729766225114819426497593909973186475154282416367397504093341287956770604543763497928782814009975265349763815359073294380642151194543651684540828028612444931451148808850204139667810989640834042154880410659736418223331254461539113811081636249784229734372164427402996418321763055910023113591174076757561235939837786961331223804485352889656999345520195084118921131286072809039261173466400975321333352449723454769567597684974978798487214054597709636946975704271364142738849356881627971584
812 197164805872851410435171613810510158664931031170017365470282342584541475017277032904261401529241192288938434309379936167767760879506840359414541451272580766346840295292993021955475655054826320873289509722241011347751916819674018662654836185433912965911535736474333667905852581956408187567780421083990054812727520717046122162044755483205669093408141127122499330397115551434482729381432653773899190866950222782855757995685622791501692622790149467713841921432647529545375245925822858880448279185478520689739141407890045106762211284102373717337297214014116318217350753123693535377645931331584
813 393843981180578429910671808661868553050837284320753209972051992535353217363996853284571107453457036298556491108990551013654859988743386840169233655728288651956460287057050675330522877549785240686659699092464118349727289372043567807318446363550739967045444008879796412079938512552209382602096152149107303556833402268446137455913320531049223866378831903700996891940551208686937107379770602349963421207999278566609084464281255640136704438679940081035065148480630875258143778695388126624776163826678117535689959065783840278645891185472006781705198807013529617407068991383312735989849164611584
814 786719090579060166602518635232272421934723731032173950954702423518178638808427354437376490540404164504501159851210280423252431428078306468802070909346201455397789656354787462047754798651509078053416367293917155186597013905400922732653864237774278915256420484225352213095987312489276634599390229190729719352799204974313981273886645798608953670863283012689494478021173295532748923872765079481020471004738547245212166574768355163331457771157580790200063879660017755023452911721571327303249309313890088630918496549488153484398794772237391748120687738484102129056309599995279345566559800131584
815 1571505198678113255356293645853888984564131258941613173432929296696141566552639447537704298718993029190731737412355948495430156953522783960107910233137565926566481942510266589379845065588449455026520484879150951469325739721727025577372956629474795979903622572400278402119456571750068642270058643207614741335415556882476987084513116394421518237367192712607622171443569316864014736450182268155082896856384595599526053293630929425614965041431935482863398768445345166382867965177554457002088917722701240708258446271537996305215637765187142331340830045765196667663627036584581971813044357955584
816 3139153919513231557646309904816186775110619335525419463432328565421729277610318015863114013585536962326216837197487613884706741030084669144946780451005119955984335406276726120692721456651210257068382876624164539632129444477378431995132908343288328841882714978926172627742317959734248755631810499638402223972259495130400638397406678981645145986633580961218588029628012349670342278731052387687830144574746187287677567205084355954441088632788795959629619195798388892505228917546736444023055292362850968509807610544750304881112027567280394109096751566436990905322851818006840894339723070275584
817 6270613787815450736761740179756786523179001882630403386662462722778105219404848521991717018068033533779229912900467880610899378989630564642691010800527577943756595936101526555334844186411829141930462954136847741445710406731017471497928797201236536468259555624520125352609526999134716252579642849326340010585881658191124504912268728115487202886024946471295817259195957306267559596971419627684701023737985009362418412619395239791704532575376796324479645802212302431099712484580402298145720070101803668353293823633957756038838965335966057390978837149957637411883261662904180626975634524995584
818 12525877143323795649566890631166248611618778266456251468029258826837174032231575718830515684723778518808842829402509146907474892957721020930361025948595666393658642031130528890549060006007001828806549563740422743601445482919826995394711783012834789844176129725865502800571653613291640323499884975720093486535342067043475113573985828708027448575029214495093118678650751999519213751011468613204122804364797032920030321429889107994746668763871652799008916553899753191568399707725891302591238709252718963639670928997973618131413312908132773531070924978163916619364569348188108650358372076355584
819 25021128485950965707380353559744856641762214364061974863775386331404495861028310387973708137286414410760548240144071432208082390945261907971421031787715804005428785390675642224383561936236186829696998517722655592840496257822015494900373522680447418077386771032093875822386109218616094267364984021849740234585790453957328099862837082150513214078339327421750487570260085477125692622817964511018254712918477705130351545866968434466269177682525602972793882304523281206375203489247283257747366296128051592563374157783724473300462925396612318836554021055020415744443225481429264018190067600195584
820 49981154948418410286280905117076271219048736715132919890887772736869463123917397446579255987649338302244564658186362924064661758876471631109538458085860664259184266882059661298555408474913510038792797769701798772174112317931509107327536851431117521792019735007218357541571570537544698608890633092045302884959734914646219796864225317685625023705683187145975817136669949179954244320402159975188435281468391047911456625901036650027676335741983127832135069986866377411562452994286356455973874817227801404974381339187456059601564468391892191044336108096350837167466199562220742667590454512451584
821 81968971611098123954433527655143138577588909498880477074883175121932375535874286079754667640455301928176574509960362007301877467444767155087443653217449176172949272756040773207755818681334801804765997742170971606062076551601338501496455614176046455483246263360130421561094415974367108678001274243689916415165211280454328836307805692097481512251209826594575686358118204749381259371088253900868801498507406932496318221120622963193430010861678488719502440258259973631399863096573178695446025199547614645838018856975021226466690959062002479268162567494885928448247427333081254715108397690822590464
822 163738261222107043854226371058679172259928727392739268370029650917003544687807089922063314471702638289368153745748349735514463170990504429107119632450719652182843507547425441437020882071935033098330347972912571465872183626963446967473170437443813497929792268261995645809221113147744797314506858024892138738691960136050317489618144319479223470778316557706706958234996299357742512771806658136336679660839147373504082512996707654581510433970135884757486257151238169384471201840039869004497363723025831525211927638797990465053686485949021046507690823640698416576751206460431324089071066678992830464
823 269185301106292761407287737936706198143688003261728270757755208911790919363842764522613523200781892289948946796386343657509894086354377223643506767366438936306746328708567532871579950159349312486545668161046236485940623156886223172296138439468467526578340668838288845164909266273626888308254323890782683681821458310569216639997929478346984696269117992940963637592989541907567988601977936209314279059743999573410624404040573632362587302747725792241856584607525167221469080008612051058781730876648447894940122484047707580976204624138302845817614000960010527325926455802298493776100115693362974031872
824 537716442065444219493352093856864198154877230660285724466077353349754105569170208193219607828062525942202687099716384560724377115300554603730666563517812123896792489882259165711906119936637662348118698827056317819730411007007187006684698819223729715012044802780722026695021884710389250583632219334889434241043724142141157901630764155315493071974646469823213531827646300505257493908319706965233853739775050052946539889671265623780959801366221322164537555631802387105582085290105627729728744561911334245414518281892026162138991012061746451880450420630782484092244793677672697814459287278368296271872
825 1074127739399603738191332770894949512116622499451585947146459043087649052073872786580078792635042506862098643487459302631630398971910615600559320313890494564076666518505584997131127365746299723647357916448371001502258375100339730520711786705086362547180219848522697642648507454630127884559174972900814191721768929100238805415777323607005313439444599112128604835704875801316157257235412116911604107161218893919946768641573544898759720865273228150422208149871813124522573882506955826946359870081078893888543978008979828612752654002725788952233849717136760889850902515882056562366236153668778927849472
826 2145651517367355803387056883622359642911876365681180822960780820409109901629271399580463362770050943324360541840698787882229595174582044952577817514998153191554623113213197130111411936673590766194264343900149727986727068507117813811443862990405181158654177264351099296792879355801518618287559407990131201217164314307092459651057981107354228217078281751116371968147283399788293588336746834116823136392916644985988387819102311004952161247169791427208111879285878156893078077915918089304037057861498353224093140902072896462041448112405776997733981483764925986100037190987665977027775898879647622889472
827 3544611086065529661104432276981372960761881141429627275433825314613387212112925956129678510873866067164902824181809527212593747336192552465316412461133324742009257609084289270285567782800944365930146030555762281197365567163383825618353464716411773164361982248566878651094213607982993389443102717175390203092988064293687700928108596566358353948174582727781030920452660724300888016533894584637634570087706750164513151607675132808525348862302540043551421485161456669226648501252069917269321361064712084938652244625404033461133365458150917828292220365543322529508301240221266516022834327461823668335673344
828 7080649906245855126028729537137504918087965714034307076682689250516017884832693605104503151590602941388303922195793096553921342140237280645135443741669768334992093868784575566242564647388260142480275858600037409791537226117765092536545072323435230319603930358070322258578893484475647268628256651370475361645275882774712555592015300430142626327068900979268092291011469977110130876669082739189902827605731857163137123314961389739309254223434453896203616699510281073779093703630103440656055671824036208180354197623460365992461258375593522629534882249829471483991278993042483918796395308297740708525113344
829 11725539058496432869392453049105546098426919629167790317438068066532535220550238225333942717695526102124856169811469267872439289629754775520597598662412588539688022663286087250519872900441462584083163682020750625669132627680082639729321167153358650984032324336177999766356532574102146409623439679013185097366522334224813867909210185655014992284589109936275822138893896733676404673142541174726985678535001286777961972375369033571265519029261611619944833518855676224101717935447379267032302170559566764669772063994629930079629373864651983810742265465486494528852581443904155187675228694843105665921031602176
830 1944091533310250953371420295451076665806279274681215985041293726310519033434838233289960178082191383000136339890341745152900203841123226351955977048714477376612719722130102408585323103462684833204233671818733093757971030803924760772673551978029642140812257354198965074007901837003708365806441446269581080622298548164338444052289056774385400348477538836566787945323398779630860791915276826119352434990190166700626634774172339463364334898126825465026100630653663229471503795144016777905655108843215717500624329696075021526806774684065159955023839245362028676352592149951851872526086197662995165227651178692608
831 3883498481343196876177275300677340352686138010498400564141089836381047183632695807988905145557941213841849506125411614258014106429663470362809147634946518286575293700696182910239966019858872689141718152095842497408438922130944395887874786482409246257741708089375471951317786303148548504098589799859313873784580308384924439727702841209923064538010663868673629359210331249211238503965553851756224824033707855546321716809368173475080138410808973988428420588123152869382408250972088902949790954354697043872267160404022583461978749226154708927220594734491076072935016094090190749343667519618577446367604515012608
832 7757650341476317217166855851982689207967778898633209182487076777411357022128896876678384155106854938431906335792101665282893080110136890490258630224270619238928416239610636989266428191794526795593760467264779791719830310815447561226173406369763695827857990687768926795174791090086919068811991919650342602433272959210181560896618357714566811993544382382329363048970044908397041097027525506333727120416311700331832806163329082282137428600806246639744112618548984337569815949994031056583629626518257097273313295784562064154593919525376860840430940435131072194473463924808843649909557131505810320471693992132608
833 15496652376604183060392140410652677797630024322230233841463934244247414130481452192763970075742380073747458033949811443080490453704744058668020861951323805295009563784332907802591798004640779416405523267314133522493125953997936477340133674668152416217622089419733763362015194409973412009608031688356551251258512540210455089858293531140409784101597332690520408498862198004297611943192136350531762920152989728810932989458636347894314296399312203052456371368403226310035417884174717423506447814369594346804334627445087509379697933184327233929965172422964149680956029579449706106742258589105276710038566609092608
834 30956097688981910272398524193319585459952927050902467752561589567687307586734878040004481039505911099449747157607778457242117821101165572078274912379705829239171664275348858851752548733899600598986334807940300567419157778388855583150514738199466095077750372977831386527909813032192713255850480434956723444235549880673831228047922834410738790734710300572350482503083213661096593993204416526112011891809231449969423283667247744189142427996807315023174144842332683295800037575235896664865458726792049811694840069347288218906104751836379178255101899631273390799037509652149558448568734162679270720852007592132608
835 61837959702210711457580138743605096814150054896920774535448881878463046850244715540839417910832341938816715131573633522657200993337370463537321326888138423177929009926863357474507198094862132015207644568137242640397147099447601772960952599241659168537264117857959333163493314663164922212416234338344851848889080759587497573557266161183084638715587462760245768058820523979109410830833737882839982292674634073792611080960617575350547605846653838097613960596242065633830439544924575676346692501547326117607849742512402929672627594365268571230345086437812090421743987210548784443977789559950434804728438202564608
836 123527803676005087030849631924199359926003169134780310812269190681089224565629199543703466445659063830853600916888200459550967617302038129490201126205222671835494520977137535345320911531234652906463131768530655633068489403476436865046396651802020930113087029281181427519264185146087875510819115939610610743352473783254749723079518979017794646045808588183433718869922567317723530590212884612188918380527770894109266130577755874440914408489289835148229382018525161931092127690116075615549635568343153188032163324074294756203839492718432789255053366302548487993418410084384558860644204049714602292854800785604608
837 246760084589008905380319873976712631040720501280181917329406056055033034768882314541061517999100257383405181601530919597527524122999677720258677857935407694243439006611615940841139942434000309931766805124633148492980657064571075185197964699449481940094898149830318036554925947926789402290902291611434205571957961400425174566569610629459413680999368590223541548925075036209196419763070630527925383301543833933021389479394787219816175213768247286843126615731855313674248092539291927345952647286004590298843934301818002204184946176167047571259010646988138997837910208226622808352479622241931672830665169051844608
838 492930535959376914827829641513594750188735792463239541803973016241168999303781735192108508811105696532535666167273057827805275424357492368166112283849882309411576320396958244898420440919954617641024978392074166449416180530767285862923173424702285914688635400187423864151224027753632309009111403872332412902609019003221464767049817577954962922660776040599604207054341423947055150640593144445518273847821745063258733734668904728358163982308789976744389108853710533266184948335855621614084677853266220040489405204852568156357228500860342493782428890266991639221775685661117831800370421828771023761804257927364608
839 826150396166654015374575439621720427100422957899462554192907585898304666976364304837333795493438795404740116046525919191474137262111633446784228303982710712618110670717281669069776865394301343921536655267181371746046112794658601934859992326848917343842868732355757989074272541075086218918362939998152289911460139485989391315559623793582754421136909984893348944743242920540230504338185381515675516313884223162351866575226632011408872757231024338763058400800492485446415341968823618127606327949620850060968420200357237219024459888407789642432706814669363012266428340449891520179175764021881641096742885356430426112
840 1650331411835135352604928117618702113266255752925969795768276574001108696581726945171521511655755024775449446282007414578236717930974752676689251213700809004911655046197405658694542996044309565696968345634890732635791830459707002866842826617173640791772935272620399319922179429459926050067181506982041972799311600826414254680959742182926315144593032237394791258090104208271226657780234353564290014747494538939825830735639189564459913458959699745911436668367636349737549382193393119524876824689103903213423567692963659594192043704645938122040373220959754787549527900476556425301985093331949186484205422902994010112
841 95605269781944740623715070550077852069500695995009405658197948232677351157318675746575343257075215213067057210992315445174421217366889907149520646863751224282201946367538843501093715833285453701168124775748097670395646037720513895749861337682364389600122425928219078064794361126287197394362580686373516081924534874032005470364115243790972863862380189512118708085396710432557764033648943599628974474865801301881027015109160521132294330961699385183475645779654615935806352344893806064408132554685100410297029938529697493413691364375424945047477015220517653751888283625709689458113418508037335933936338749642923573248
842 190983177343389896799161109675999343162135788094038937272335661060156240284096034029429560671393615913639405356058012488507136015910859429432116172187897896017454872670131814461945511285229398035845160297635983804714912937105687514291912849854859701674119674958369495259354987259563673816145099886979467032746680233902550228469326093978189677275164693412048089335418282732448815329840454094185977714023745683540246810584932027034067972263887190020219088050132642226219773816962751689289411892327889839246233705370041669466339068715383600454806011216878431167072631759911860901304084835796221471411813403487526453248
843 381512710360559105576683209187330056092144679072408725218015267704847164708168479282485909574966791215850359420459713343753033668043771262793789795729846882022396661393223822881962621061117419696101539679438119332821253931844278704831432122095051997679589861633070921778501006723902447593466288895070121126678462898222831809310577661849213537046373595627328134442222941988696182331959675532897713722021347508823907706885286968835475815624366743217224967983092305658077664396991345321911089715092370738831594492272935610715044565878480131541332736315183946193372088768211335053537871426479451892655822083290979893248
844 762120284610496648229411005130580745665598458917825149953105098040094674872844003804586625512673394959366554387973063630417232058441981394366990896786394264018050518960917100365551302438069083818367245411331958788256432743608810395885495502423208645861133386198884434943524927123043647342949138027346001224272047699222825583360755556909102432276537350526572395165057841877360946272212053904542247974964424140847903288831256674851084374754424239295604012493720258911765346290271213644897048019809094431605194358052887251645515499784855429422711952566064394456809155730288246689398255540095478539832834682993139253248
845 1522434586780786082546339430636151353949610270017307901376574486922813961450325998352877759835571320544047426701774880534428080440681246130574758303394029744264989822599102014439276384289305070846041223252085569440060671600719496188192310870463360624713731574917337938165489871068310328025939728956673439809760770946664233264540282523608620130677148496408139628419667677394598959918538698509673577938240061247186961918801430478110666916543225485899513867090098939494279910829746264211997991946864514068767131131350589464533840868345756616196402031893266994064716574703052538809318170787176961356915435000504671797248
846 3041265757782900909964317018230021718015780436398071317340715464714534522107470881079369505705190108059544677541402623522345732646336514929855050167657509604332752734122190081560547528885745754151914772366593373224397744494947698302847769466193687863792798878622050019069887926940060553030968214382871278118833988781387612674934373036282597566016430809102996158207245244799010594743942988560113232356603922606185790624060997531903450008296268165285574924144330582738310187510257890049350941399256546204468872439711247549381677597504058041311693088705291099664437068868503666093791760346949663438321575114682555957248
847 6075341721579333363318765752833125207980313991907223265169908539594807472086088521661688317997273919719782397046302435961019484159876910217201276654474284011929747830104557271134562613486899988099421319121902941114714541823205216576752180261914719373263615735609503196035934574561077531435346251385382190065648492413444233645875106386275950364828786975666983464465310467996489326886309055579409448738978956159227134389467358163565066290759253069088662655591508788604779169970028457837782098983019613941903755903402196167519268796719932907067386675630845747450419449184847594506223063221961956144034903418329521717248
848 12136337809634942533109374427853947509867011920011590481706056026442899898104694987636273303873205496314644067849722580148653133999425765897348101735450246095030348882691974746533597464093451016763426142475080309046550219504889457090896132959970647883928195636242458009456315495634193995370507094171058469355629352263330926953391146828361728243588375827270043012579888873770698020576365797950503541370751723657873403656682422915964568628603942251921717628553206761172937726912070134528350944439263289351355044332048973241959221027229003688423689666493923074513455006090374262820678991370866229544363179534341266997248
849 24244052020874416210335372440616391118818530984870255734056239934210113978820309317781027292148329116932883636380465294568236962183023951095851064441381025474227780431794754532489737754586631870254771466864937571723102998477959506457195477807912761846339417675669420746277241340322068580569603430289441236936085816698440269532363119254483611968413184652144941709402415347496325752612097523582276899560959749191093748388362929182242019706324310749077031214116268906609447635715017936256507318872466202772355498012832169847672011348717088547293289045179175308552216259932274415307507323691881126702144989066444824117248
850 48430991704032800097311542588464190234112271422670271732280489669961560460061618885529018200490870184944378680339525446432299715425082443410036982882169805928201002514590660504905650946654186092876306008999028903516969608708868852132461698457095949503015011820312929837008926145357375693120268817029457636173280024475870462119533012406901210279886743928189151106113768232656462092608182782550219443333869428432750389981767046405935092565111588052806116470923421286552028606476671309591106758622558610994542286659855543772966503073289756888893971098129243889020235799959976131687077333434332062436160886225870518222848
851 96748027498826281422645842531285880593688486163281349519567475041027904782165292522628412494477144938903886993771255479533247636120146411605237995043557498961990047803372141295865759555954823200345881475071831798992378818335832292376824301399060014152073190487638388655156827636027201887404794266451347035354514047062981305125630331277770678117142972799252789148897904430978708600238435356281714536652255391665201965432750594326356037171384644946271974210726193373393847231969985921422856520755528169135220947881876384751815663980191679545440574494151707563280674364057617633267886988619016657909518142596051105742848
852 193268678816594480032644643590772402884766793074689864066471758024073583228433429295331662598191510703269008061213514301525986322766858704877810909009146528942634361279318244941656962435097645215502239976545905188780109422543686488733520487088288697289041523928704035261363081552834765482090548157197891351559279664954134655825604083294460624430535110755297756224976073221523853619002155873289935955464336271268057107941640263998370647171239976909510107864651449349690531857075175439424779167645568295843478085675162149242427485416279792645724986442544000020547419007360652651684011440642881894406764680556200589262848
853 329329372876032101899283837988293893644703509469750562836625307797644602566294620249604246372986637892366630175136736731877293055366128222997236950782165696275085020334270623547661598663197660082649845586505478182227726286999948125481503275900755934852946460094760403894918165238808143321567762207921912837692986167092402171011995556486614581157266652551369609957541790077048774248982218720898324667666864658234917875909367142311723057476821185969169901754836322478895574275264367588504612820302298132265356969880672255995793188787180807849688051395550498364709481285467008383267537825117044618920278373198533822559289344
854 657886574136434654353655213458027790572923209786882208729131017791210621699297177665916767367717493187200063086097234401367479457954503114845489881283222469448917051643519740649303900488182769012143871249724642961940007050427036108279662962677154439967187950203870966259976864403039514224703311409905030219743153105715835634905719791243717712880618486801409029593805329362957099369622249016255828018721631176907763739840002368410808068741715151478655115159014792419455168333357796690823138792963740766110725234208996326525718644991422740984630899592111570482149061004381952260757134744344474144989565984166994703332409344
855 1314232421800490279607533937788209657185086073110462151634861722667246599101833280668328212816840652068574920877817152552816881066867888278911941349465450502876876244013341368730713317467217349189425503802681758100827229908828751049354817050412930634979029429860433352832515178055094697268627893909305222604002433960884051256344878847343287477773583320601487776656656937667438291540444672109203916584337468853975858167434768410723366196508310348075381132111455525353344977282157301844928451496245312717698899497919847218297780258087148146592212636106411349636051753589068179328303604379479502952622715971926212462818361344
856 2625390598792937848747875781952474834646299269703127691785328434510729684800824794843706217160299298899358807354266989046950615589346730137035343230997705102364972294191372892117641007927671942767873624907304032502108948469420961971362426267735567660061095937118285783952889613037588111994224898668621027483772726323428033397303946587916026143622847182515196488663054426219614504872344606091611897246957892250922635587045808051324387690060737668379588479060840634368475319925203042281283690658174621172390228926594561032468604274902207076018573348068388712198170450224364263773986388346863731061329125410090070370202681344
857 4494662542176617974745194782342492917105475466702223836597625479051738382590980321449303371542377702531052511550288929691193631062553924988546553170148253147050401694026796536583238549862313119158370879876672889629301671014027629507934626291505736071612857078535814278925707431063241737989272810306956878507759966983853122046811406197704563001018719767011792705739190143671535307899812014398393858835049078514613581640472357364693949047343807754162110304532487730287686495780793314862100292339278626419169982171982648854686044580378572351325846898173514371060179284481907070625315260965424016041664433434583715044705653751808
858 8978835732741856189853827202594948022299537524113910078695812780099218307085593761388435776961149337243819005014306591478627451928821051125537054956055058350536049049002099572967681712101314546722011504852813045911749496106344464914449339862387544652051101056122306030209892617579219868970066087301810025050232919500512166087606018887411959287068571398662148889693489194589801287809253209596634583078653002247075028450762808609578725548500508279833924178953435613236998842261899192802364686778803312889537915683592628604640371536758025545525114065584287785310388043932164064474626798756572410758317824169136166559828628471808
859 15407661089435203244210850800182273311668313223732302349040192586702704076219281703968217540108239405859547828091543669707377417813371671367912031271867372852291836994230423543614943057097155645333415195127622914618873285013765584919091231429424084380143922472747480725153959538561968340208328032315422810985033664369526870243257125599824765054453448231362797107912284389528383727752749598003690189666587262055141292165663666931850401722146834714430173478227347758911601992064549093162724966801216407755264443478128793222307704207222285624852015441613790386434981560954369932829123018981506346175172229461779973874843816476803072
860 30779448499931821847819197235713924318832676040837771267755030730854405233944253735274353557348025023344536602723344716804577648150571345041107443398623676967098342970316971424927199188816752436709273523970249753054232638247205299639929776664021537047919529230183533392665460629428848498588449997884263070385156922089215623531789809477934181917416395902349814854007007157462719676798406195991586817868770755437216643100611987663978158682312014876438041410103979622107267500102677541401280987817994842507652885769262795525892997053941808192736351656773897564655992539129008584553808080404333193481485324094158192110094816821379072
861 61487316497671872949104163401932785796559393863626861326047158033921682808028982996420176959964089206938242401058649944455198317349158381879546594220947536522809365361570005519999302030347189697065227444538563530184102658643856065400489936714553033666472425423900154284790642831857459267942468326314466608327331141924133922784143138479500032096622284397236772488481946949387293233544665601960439547842935225375857297697721292726997603480783687209368973864027100185053312417437847031494563631428748510073399832041911441242695208083393119245885083700996179035666606804472073022377801466754231192746129369120511891720584620064899072
862 122831804539560930949582947320991810697540145709152166523702660604550281395701725209521230207417526009894578114206440666049593668114781209531277705260439051783754122389107969222683943669692216335502527503956935136005026295677536597465089235562598552433465566080025468874395705189841296558925785683108910334935711659970223611081767770197245268765523142852219766742038613215853784723935684972120955094264641973907573315349951250173075891117637770454504780923952405996414204932114368913096225710660439711405437235152701427233801249142227408843938583213932105593764376833382463929492553916051823251601949607560629143146644296614019072
863 211761744701857819402315507014473691561267961928683945870713482533490596809638396431203037467611049994835743682026949498829536920302989938697077095071842273999248568737275626862604565573175208622204586538352107670807610043415779320891741201504553025104376958018222021991082621083997174420008192167636610603722367175665761598988670450761615454961831552257856340791511015848670047546190613525097113048381408457950914185579452375536403461920457835416851757308682153593691637551717024095883308212895395102039324816899783267551437292795172569099363230473924944513579212737050580295017907252141772175599916602395585091994080910348581339136
864 423032729522642641536131109931564075718624384069412407390931604271018551721496169434810223194926310913076650510846025445766575197185635379563228409372508825627528061428607369576536607347983548374488559399471011132843813835689747607401221784878877792159371399189219976968373100336211639530129653656634422894862801979636106023353173919662638547690606376377359022843299559254327555965870343412035207854290603737919593518114636536295117881562965120836092487339796943153442730639786249497988706503233036189160207300226335745878750860294770629459222427736286580541950878066340456490148032416712024574373980538955927055139239936936311259136
865 845086211338037060781487597608711109041065884022220247283344222031074396909577362209646312139204658735874670164255693927046577674010157138888904098518811485990148828331059683344946512766328994723559894779833398626946195515515663444497617678602384378831082837736600862749596161778785738617169983660089012073002306420399984827170355415918092772240112614618400218895889851745629491860906844272878014587945042401255868531549085356862815589241869848240078593112937239522517746658495638509362265168786150407131172538594292604317592299184141089923773517758669132052963869614332255409436883612524043239208179940546991693653499818952030683136
866 1688218455611284572668862567217792364985435162218937987484122315246890346303781130685935496750753783139385725591967849207201778926788936173107632669215235969162589852281686130018559834214062969531750899638986897893455572312396534574031988228419551116639467120285063833190145695607484573975807132512255801077830646700447918234334008982340651442529541935815861268746907410648576777193947429133453136584737396774895309378248388427973805236221667975733030051528102034809468991130051346349635078669255997516934601940876700647157310185187155982075821307295299402392516381598195779809401909673441817246324998606542998419553811130600061403136
867 3372538002417818241168209103968575219997716119354710912544961597195902139095892926534762333829419392674427418787812662292817475085742621625549198856581103564150672728270711511378073412930874093370028662517941754559654235071563395930841134470960880747417000658201947183597333460995381209317398299538729709447337780916183812883938908609842233468990085862360270194170162787834164664387518701311672411438767797899628310008563489834160926422575774500321025352537404716974405041216250292115900952928556776287614578555355513484756377519163190345636774907615303587200019208306444481378882215483718154709215805907010222928503452643603970523136
868 6737296175416123979852387554113572305932387985337925488645762651227683762023913495661335761818366589602724994826516470922376941836463463301279240064982502653677557183299478805476456529860540555046956820158618853014940503763263093618291663946268099157288248532335444567936116393233414349504401852100833116259233369314900450352158834824229034429684306102715114752561781248709521111845643800340511377564215626874613359654838127896751327502227872096675384628977647632727860238047435743681229323856699115444710292206860423001342532769295037795423288205950427154545883150140664813776899324095491391069414722795270784332326814836632517083136
869 13459068544029540277154727933229469821677601287233046897289019992768734276872065058381394991955089643535434536832488636377975600385659529065453407542295309120212276877119893100706368026972049159731821356020777015176479010608821983359849913853210942839148416897693041183830393919545526583525849685527543719510615120132129544304782300771496567764281735719810638519383242293680313738758538129355545261561658010189428142377430500367012473962844720689622643206538363054762380631256800466255924435400145721631957885876610161690403022428937025336078509248424275846044640115646080805771096908157675900069766068845927095721322622393706805723136
870 26887160930983698351535725150359848996809992917915484837774055923341545535269866685976179982733968571966525552931775560012263495280490290327677204180881122498186234150522054072096696971776419222883884072490237803494586970261214340107928348724781819067967925655154538791214594311189723207352604092993777085546134066017582607856115155732819525161443037644537098642067954128346104067005216685479831342466893483983851237057735722612200833214054011327027626433895286507056629416771600337330430301908778137210620320127213662657744552346704582055226525537872033346992731616851153212766401966893396218049778298082755451116810798869793143259136
871 53712511968067779923777900991699527257120396405157094500740717828274601321276956045350377323669960920382252726310374006767327716999210754846930253722946926490924105167421893440890235851178949544220955400454487828378063261644868416734399619306335578698445474722873259614232399915622446657936476273236309871885747115203217889807113051981616248319951264222061829541575874440996477397830958003110437290543942536110482907257197360622106395897296451865586375935159404540342499550865460010889144662098238990375801302441852114647611672963140344042961942694748150513065842078500781212963681877570954602992627068314766172572780290337520155099136
872 107301688007747218110527752271073058827602876766137466098089255716340407719470017586669014672191174992561377423587344757050953719561150031443878432968679300981003659423659875299191089896957857594414967158841785469831062917138360849628107134619485405850156358296228777588655584964844699239263431936060268717990799789149750758108303803432767500317796826949181188746785504239892062652760363250028459723514377683822171404375846642059325994743865639271743877805804007308672758465534615459672723120183148171813582576744719297407185668506524630032222374675571769897583454950282492195009165368855710000435795139122292178050187233154928933339136
873 214357269924357687981881407060566116168864555746148655176870298186886531841404381078146338310015914215792068685959666622451462022502756100613497705138847984956603593699580883730894056054848368063531068541003809624119758677940939088994230739093864900183012922960526627929313127606131765106198381163969758096693218876621404048277005602437129222521969405867962589037605199966437195166617044522222080712174674244657434564713675218034710852004365825796759551645900441704970549470326147077861223499221042344124568306852623497559186869225496216246735769148144956846722878602501626161432216008948050679864071330976044014880196062792455748059136
874 428223455309256864635638250610285656349462829772578330384595355570837942272637102652653669055601720490117911871431147145322500348516536646117107830092068262097790647756512326204296091422899662433184058258686754902595803069658675480222207642311561235543616540699501509731130140708748718199640510857253474864673108724133425380810819493811975408984767258032942365819952097836629187579882222441272495181512063026371816118432037567752127283099140797962294295953461510876521971775092753720146259725537018573935759479356514496947509634048521833558566875268411300568916738667461131773989019690413985263710490359553447569920465418109528766939136
875 855466989083889734110800493495896806333103724627662984399570670207577445625545442438069456647926279767285424886521601949869443198656066238734605542570044312889556328318245082139732386078160991071073688003269370156054232323055936293783926072968170600355428110765476473604931442312605214208025473947379117048020362956648869139975512844809953847769876567272239108466286243524738447852325115015558351744256926558299517782317406010387606050589045542356985419438737795347232698847929357618105394952508820230747144815970001887725553283089263295342659187837811950656225158545803092700559640073502503723783108030357220614732340655931521494941696
876 1708978614775222521304332371406649674451107795399806985000263364972753394104528997945464009486474200697699977142695455726076235422108322844991022205625361765955298270079697505526734116268466156728958222310369343550520272498221697051470007412750209856543407845486316869471543631589715794133452055463041073464524580886902324138306806639611851413836019593720605888867067927262399641318963313651403384831932167632355999416791600958574920939980978536296151476629643614780730155899828965861745219892235592946979935157378224414964795732656954571737820771167094071264432618348426873090398208190403082839224981231163844848089397352493721579421696
877 2994126613369085194346967339823270789436364668558427014897644572309692988364851120447127192892773831481969175506960506487683158440677352709218368468006358446513976464825959358120972851260859469683910065072233067680910781367830841161605211008280066821029909175722412268084848320517678487484384823456526769070103447251617391426371496151432518225682071766030509963798588082117506896390280950082281266467211533375323167312125023589894381350577984781713143777202664445810187891479078116703607531139891920813341251811167908679647278629182744275658391910306443775804486875865767230943276399923793318260254470387543897588615964810513968373161787392
878 5981425080160054654151091495944873124003074752288910717628776071802795278892760343616452386547990767020159793274204586265716964997632446295868503384751569125113805067295751372571591772546337028349063182386575522169499958117951324230461007643588637311439603057994644959680823480592934784745746199778031686340682938975321616070462672098786264963383422619584089352301828765920812988431883361828910962866631484653801710039451079249734021616660587544627732395740376416613938635784481204778289912869253982739497395981407315390337950567065559576219374492155590234672352923283923606943523596429237982071627818771444082921304008187494849190027067392
879 11949224975137235964066952722508620222409380676100889536736702025283896100470699588082135025977525395922392699758027799110116696867954567272157055050058269866434964368702980925899563132930066940767730843369494009179696311216030469018755409112987783820153394249428138254837288077967394463916338437344087015950623311520059521047736966710337094623683277112007394706353809017068259515877905927274965282408589885615130857967988683048002973046968949833226159715595009204704252978219393403480385774435533596780828669204320168841956630797921331666987389752368447096756508531095394137383152808105643931619718375952477900263966356503738793119964987392
880 23871261583512104990012502763757560448543796373898001768545490464170004332668446396912441935201527529570262528847301899315178888490711713495242593490523247029210643973105150874479760464242109197622296466105824350275065843882420396902643542957537442413697536197769139633115770762267735504804862475572638458512299646671933653945519023445685229331418668245734861538653105927883272010480301006881969252584456782081058860307044486999544810108880428132494381565940968797275585494129138454978436370609987643922488190029184710169167585168199112730135311147202767964420083029427854583420502983250100362648744739048225003546239547799144308380000059392
881 42013365885813933981865183007468545553163656233527057086072044751373324305748935659221201505146789508771652187111595389657582058016369596941939272520369340439219773444053457029917816272106492575169278682655172652920183385953258642746872076911997885891105219219314774442545123565926475211696886148261745020857886338585272023026098679509861404126594135119852754640400148885499584631733360527171341899036432162793446140047244408001312610934887858991439620616202882393325336048328922269472571491774438237265032852067473322394927922224872312986389550775594043303741984265991070273019199436497581738104630514150001129901037858290959842540441779044352
882 83931354737246443997443713782885681056644335608529983031998201218038276642521131332463652029333566715912334822469112053634818411400910006573838393799841846084375006476710664820100380385574066819587453902587246062645435500627176027281206736354185909992705683481037275796521278012567601752196001415190685439856600302832641536645112162257166174540258960689722280652849123529566082984637418837002262706283353194503671362965263381641001297725630402736821330530652839549464577195424192761651295601534668321927099941886525393143953358525048993723973770725649155695044551327520276325644309839155151723810678399777533167237458537417952984811643550564352
883 148054718566915557717223327558123883401156866759837136385868151682724774197412312134165087466567014403546755817010885338615389584637332818395369351662249850050556961788542831578030678976618701968849382883944715768071264277338586698407871887456765833038782337471434406916742224928972139564629508580476026142507109500333582298881573822839323347128753414594274617702425767348740154369957599691614742273631769570683579106725713035489414989390601492783466571147656181745606843047035619356741363345772157997605515595126609774947391685211129926279367403542645422736982067118737923472374620338261952426910297497250528300532121966520068388555081180109602816
884 295774090627679120591398229092420343278640006946844053780632704683527782657105554774415132366747137523838187855527836121445505129587560774340078976310127063767664502138007217868713584075954573584226493156951133704426398659332862275691342651174108304977565374438923340805813505200333176652864594393036480314265989263408862214825326829375510854037281234244807676868268917333567544941142206189561258609417948670331152251340603011889557013846488540404126064231968911758928914724884846646025270173943767732064003477269671616629588535632828568897082408078494390433908705322001791567491144013610963514185339712698653711707816280674715543123703654636322816
885 590879005659803390830427862892009203237272992088796855988478726949538764529125501653468329410270818514431692764113111809630413924471180012882730520239445610492914368056485223475411184319599569082516584640200113265416090848446850095620355431120166486206682221171714792914150254940182118542129714976773071247226101603654167176846293287630854935635334550789601404105795119789132320681090663012577575989835987820813535663407411461918315318070226732712968983749556376915486454528768952688346114549319367743953954410183720583967581791616515800702867863467625435505283051472702942745079860237359044420741582240283157357988751362511343982985087309962018816
886 1180422684674318016477247785945363923470659429674865095162166604388409461948397856028100562781644312141238130335440355565936608695288342600039043424026007492776991413965860020229197586612208645868039679364072228189740870955367570683966125883156874139452209104599526158864213513449812623219329786571822468483500818129877857676594725151188370764561468151561931987864735727403522448287985435672553740508278345943109042028371577327099920508223744340372847050957377836652627363617792505391402428933534731198858258192641809378762444165308532053858895240486544114711076045475796664623558446824304984832259132210739784281145924155796707796252185583016738816
887 2091706320519839997261483689784082364372035681524118259224616696914198068575179510248773516721392335575979228983927471323160349046608771990675617982620856301500575909539129977791007764187532352948898119446633454050203662886874552079226658899369193323245183113213861443376069480509049051083544047555634061447544023365670039324693742471328002917023130991004003467656863346899623717750860618595032931357522751444245357557882091002239433887746494430684019269291453767765094162434731687671989743552874930615477701319389018263338784100810920732365320590389088529301389637710513716689760397765226727955422948818575331565210944915893344492384986751988811169792
888 4178696255435537218128934747302174770887595142528687988676401275731380867806047061603029051975274064938240025251629259510968569582101264640763804908087481640118481481581252878793076076829515265031602897499723838829294684688618109454948959684898526133821314456466182397860608281067902385663396960462213387568436125947029166970294179992932992352465147776779502133538141556778957691912850157908399544529065622101298677977299967571882002581657425622318975554036576039932408450347794785173716331214568346213077269180495899967081919379918259097512911162940358121425745537319249303794726652648660284453099683980207740932889347029103652079312796324172547489792
889 8347980984805928966453561381893999421024415843028255862136884303829599823299883699629078355249620466903791402272369839737681055151319112724629519170886949133240416572635032712515993200847694850924610418109722177825544015082202539037944242244066237125478467736124362392421396706031370914587827526628788059324009100282792733560380093421921137726306567137338878545917388014310675507561549170079984589515185012750260091998544229425296178060156653739690946714562264628649112809553194179057930526588210085359687879440704923483221186259214809082329695028914547992756292306391368991869439890750997738153745220141129179669668697032547416167483538506622846369792
890 16677181264379587987263882905831374958039322815486943141926478488052783309668469702337298199319045076673173816140770684280484200479486903615767991035221166215005361057908763661234360219391878338247944543553067174157376947037026264654310098862268697960496915524025760179308005492081985571248094432970551841775030165865924892433607906991292960731576279073377722659636826442952691548261983825856476960285207795417511096638737822206611238735180954405631805954354033517119113203561284204143473042739148301317748177241437107541306148631562298827278281224085457645818890233818592368719822067544206718692787650808677851662920027713584508918907785248641533345792
891 33316885526603059431755883256682697579685264915348293712100976409396516873906497855895806978716997720207966966180898072929406308991427047034652929215372576322234992016143602144644790402342098997547085669579053811049254184836786345010237399401438597271757114247330460584087089262194324615979042910286308893136217030891710799049034964402608162694965827048853752426663313988387920002186533418765743424898721323080481678299281700041337173641514574142303780642153526919449753721332777183551178630560326779887161566787232043145561180082492188553438195284022852912318805285244470719778946954964983357704567141929033223321716176548877466379665539682752939425792
892 66558985297098828617949543150423792772255969872694624111261240193964379218606235714238029674778826880274112026014426107203374019045549620546371494055092097410893290634500644944462488368729199014218688233007650433180784720441239779084522656756596400604341950710255321706639025672889602842111946706896935648209798862142776365852500229320728891281019834327215058530745377672205831554757774870071026877747691173187447571257901868540756025662912007293368196442219331003478006414907665624475541138965416520706325984018853764274241074752399210405475153641431416101671774592016797201379126943063440723981462941454227474774602653257949271531089663451347699105792
893 132968734446667084192607425849678119562341230392186061325261140072653143410033259610411070312823959267237161059321272706469620821662072208614575211495248453090810877124029160459439837945475656382350982715825809866420034972981379674256443036512029235033604378761608011787974585086865388234520793709308310934941344200274804329097048978048531108299519665217020848104857809488478120703455529348378558434167133740478407429083409573583268043586957943174106066304836794033608356700840029542290840931792605879744835861220660203796710203633826004340563545253544379964836049220551881684217560424326204376207646711166373661327737563055243896827999671069682582945792
894 265639665074328051146006730660492691874524983510543675267323579875044790888655927036099046352587501149917256779104301818650288371408279526612127604502093253140400149462170020313745818196112315061863597868301461709557955499868057361926521110609571787931437372609164951928092380515680547866335335931127904069284230077124694644930118402240762383014330289343635098864773696763491888510585495230098078970817161061710682939235933914976921806464302508591329596030379063577023128077434215176763017027977572541090225839612635931970233541645267004304845276147541867056123962516484388268501052815305282544972707351776992329318675984641338081145987672866490303905792
895 530685054976292083450674839042321133544004928287776539768337705424403746968854060396020947089008968061908330686335649363431331476376121632287684787402918395585836595205852542570169385445428902457359191044420417570486002317827140831819369821767567413161968537971658593235947819875145917052574890671478108006943537281379000661365345363643789778757437994302725914908047000057038946431421672879834953517778332961557955131585334498677316139452785282855011910163641161838057330559389973740378939776557148396381351293651577386690076813560860867920639393285494388753579592654056814830175783982981921389388269838270608171070405479385401099649409513327598912929792
896 1060184215606331835487902421635482864111381157251221659697819049992877554316571313425329208604850961111533355567969703052223817143666788338938630498778450767212322351769682581452979860195737709865771146161890206623009667277812363388859770706781866709102427004488247452545167949845506420225977572574633091319901305022020973618306256369125284241235298253093766719280211300163567109018806447425626254231015495573976054712283355754060916425222187253761252247550403612605078784178475696763674142589009649268000898796698123373239763707231522715992370944264216502412559032326216015215664365221978778009370252930707630890641382929822759138847093770498786870689792
897 2118001936731227304440758417183917447363040245659798755476671412832013633209669772097035345323233181339992714082895259585463654730940896185447543224291220009079281633556063216545506471960011269370647649584973664797059174087504134651085409933031169204448359637707564326438281074602347024113087501192753191762287391745800701086353204553989094806185493998638410109954590816095449458357260757332045441386111365586744432024001141807179547096458272350599582999609576758396051409468778501287358650325815537296922001500666250918275481559469901792630657387245119543300954969776059144636841107228982531702801371884606342945793213020328607083375800781480691910049792
898 4231281437508579722371074292477783418803437132747757897823287380463873461198777383296412638500045768299743370180641861390176648752733490257426373324034992859757817214318609830527681017065920808069699372459151531126953177669449610869830172485248595347711837526343927880741449165708997406488895086873051031621575409098206971774188644468962008117455706880049423743439932521643107514830742975563800476749409796324947626787054268955614762490887600483926938644591933800210088035048737556204385384045002355920401353673181641581743274239776864001415830971552179738572427477331759115885828941483508961687228351175579939189604330149913786607300634164221825140129792
899 8453139038616616365978245941007019553071460279811133448050787133374685753822178128250897197505112960935685726522747419611827969401386992986318452143990294350101143024162362576592180998167381910965691468434705978210923845559520884828523824925496089622796605366155839942508401214237967469611198116774958618259263150104793915217294818092200442274342583782178656764284953326051999471923483869828797188109236249724072140462742162569173880231037848901564236462598956322009876443882560095282227446069095266095895142885459329714766806668955177824528369077687307781628672887309553496712505415700560650510399491116167902319620755472199640250202748463891541804449792
900 16887472335052449571762351078846537963531355411388854825060836639745397422863149838726634127606347196890601678415087190370193607763919212882482849608745441105253698364272437507063259849301189758751240122394758084718678579855463274359336255022790528185688174895024526483682823195632509884604421280956769552453221548249064275562522484952847891845545477859987946732595339333082208070648759567482646173692533986625878668894838643366039762116360234073688526992350763537783231509530574456684405254423894213313159401778431866673851597010802520328924306316388374694312149828576302715297354638636403913292690279575253633106031347393832934527911639031453931318280192
901 636555033347993986442093011332311348898908182993764929449414757688059055604327415734069562606653832201480133722660464177928142517702536104961216320106357853854379449215915252836721023941139323155589280828550474861170772981435066097485484471146613936475401979611348692980800855773984205243992739088000943360825031550522345421297982520295716704311806271687765416812076635012699619905765682283391459731261052674662710863234211109399627522049313429736709437598921343914198703919198237513801628992410252574419037275348515871243543055348528622793824199960795050413701871920662520468570459043325399427990646893884318029109654041856708556729930889974499889905664
902 1271697062950324228269955172906638133772263462115209872704156384741871589774672103800685739412168689111443264434546486324313874394561423935488594282561249045724630029151410164556921079668071261657617795120818968009058423976402070287564653369407501248244001115785202844096307677784199506544574326986058077676564692541179863248407960361954312245798866864084398556709106079544949775857131462971042724177143825817082145711486466702185411205837134762198062529409708817804172310502741133824888942511158447570489642053299006040944108784140948675001190933411069929835960939580795080961091422992809475611236407644683561446904034055199800624666005986055004476145664
903 2540574384547892064656957763693000835778390730703345728331569336242511469778328601333549064946109776448733948603142703325509732983546400287948605184298373863148696525500948172024518976159084791068093365201940077243598094402670592501189039518314080108078500386723888213545227176019446908035437211336107989421408932216867750468902312550605592818160613606812556014487889155886233586860745935131090211508674858761627727623166498916344385475552782252519525406072677370293111830189021737307947097093463811660092489250887803677865283285515838790374490586948496156278657903101148501922894101802188515959603353817930333457647180837116675586522793885644406772465664
904 5075521777031528693545150992631243136467622862418139262914653175191798663679438816537477345824757568186728390647926738617721813306230988000938405724715682956365360344535534058624609464060379519071764692156038222462158542179043326038584660519337621502836360655877943276846940244396500898182006203743397967973608818117633595955863374555809367943918704997705313059563643841585745271233011130618972691730737962188452197681235235839763752213502405446679439073388298173163714454695020376567242481137317227086887557877929140549856036769457267494317166664701363152910860022700438632738176887122695758071495726372005189930437140005415211185099518384160402952945664
905 10139814468313755240539464095305654274198155121136754412667377573888275179229944086248750640662984316763848778732975949455643847807240639476171068019825622006681082095711811719368215654254347329271364426004667445175039525140017803646994917723592387073800130121768033392260749335695631963579792654873099936175130800116069671801637518318691605985212217964262334868952554860088195133492740935527361116306970106935080531233708469384009293718710050457774603615384588130721780250393192243728354143403932669177103562383664761615667398425773403512801540530532505174911988677104324330543736307961896966622105018723129323082707025283076816005239538155781310239473664
906 20257220396813567657823908594026056216021845395177254877405160313005960050252476689093568150218382125731385094885226580379086322914114225756713141699901769557532579192432631328580055835546932027352242481485924501588190274764039662886754923838052790697910971990709604152634915401094558264208924527439060821875743148258640640102797783452043538495964158879790159896539672899259756116594408647320057637811363243790927422767898924919422572001740776142192095691558191688315708606037442883421082740205890671586916993018743651382906432198325507479089307304433572569859055856432175448676255680720124546618355370991931399247837811544188852124945317169725948416753664
907 36706038442351565965765698526463001306516340549987157015911342727177650751871825433362675639562453417887542085928778651637109059776756541101681057030108884350824962066794521746913965051343230821731034967239771309161117737529711583180731847000516132529894097062095737184237857179295618802377481499476749290330808610304925655134939990012637191125322009042906093976149341206607467299131350536887658374460866826101165739910437430332085133054430558901132726434269849507662545886103342854386146262771890739495915648978763440062533263199745647670447435119429984440506249390726049358005489005851061338736053959800751141129005879775714298326232274246209119591226933248
908 73331137043661226121731134611341858277785428185099883592539338602102957365456838588106755066598011595581820621204473532501829175985005503821263456633690970873872587296986414906882934100927949477988201905862146357844180835756773127918171789487339573035991416088826064231688905509309030679609129443204052506795093157385862010349618574114887780223341046187433256944517154209889039393298445818050451436020615835203356648910828325982224243727797231083355628520873591069884351502067297960828358520891866831197435067996080607618086294434655387835492554257399195556182869998986961399928188276375693268433317206382557113252736728074298997819973535296768127807413813248
909 146500750971030140140689585579592688046569436045787134927144883716365176078625577739938711325670149825166869928201901369300873984603465477747293861122255403355560692267314773519098168197788069477727492511514768017259409203611936786051495150935162860119679789413955078443098260588851776520151123575006893696123080767395741461471572709131045172744796020284750449409375183268150133918059111418261267937442512645466919565021620258326176526437185434254881250291250262881759817947161404092070445936453887274024672983216595433009598180818149434193822517243705122273530222061255186117344713991747235165386265562589993466802456442607005064135302611278963022109498933248
910 292679166487466058477465919491988301804425838563072215065950247472111015222076970902609586577310971035480737664598960498202701964898366832250066691188420390445350774504739999845479811701185539982701152205005390189585656646206098907465101602706748284205553924254707328812705082055454756671915239324037185215022291179481412716570158003042445326155790682822028093256750894068060760122471078518462657387535928470806652951273729855030907570355501646744808261696244536897133002559448310626793649146884385257607001038019777798462091158230448529006398201539423995649505481455984452640710915915423568317760397553342871808289698685486631029587245754285150184572345909248
911 532675436909994950645904380377761359983130591512417633777706437482550562108393656048338326329916589216094191292692300628463988414159132649374857306393071252199132505245932051773246699635963423243292810300912842816346303550215131165673471302290133158747550550406207472221058744821736707204325473687433006295281870214503488669074839175690415971335935597868712904759123858151840692163600932652686009679215247639023175601589207363935767296525197506916187487162368351821267361326019580874205244215795181299799815005377809479522502264038322962483716507020623609580974465704809101428214131900041797074800642394265594798858696384519240125076517402425032453827788619644928
912 1064181437994558725472092751328266130866466276823183003452579396285843799425554355371960178489402366372069189065282326893599534089353326385762329691713910883546969681016317520531289007884873673345609536715389424777224296499272088798450198866251370143052070359723453187479426074049932043062281480692273365821960091371183937472536585642819757380016850883789890709697338498547603447557107796011185807345978154013430598296926318665533087834765212082864759380692431084722515272621773828182761747257369686270719050885695292868925007541251349596652897945783754764043330824436495545465651917236651081928527305383976312666737374857193094167266497161124853592219563933564928
913 2126029133480039914171947722427631631514006572559038462693508505658469062148994788631857504161803305619055383958167549136323778680321792295040259188784241099952725440715313243438922272119279255149142624316709562232472334986763754430635030275523326615529008072970612206790775480963654159825602134336116537537908695303040606275947566536624706700316948892026723476627572347487221482428692153914694713089872503659563280658695093051199585821347672747191369603911307782216355568572984942192408035918740876924559890147140078961225302859582741251334811356850514047438005521398813260607258182794126805447911131554000791736847681028230454269078680162076084431679145721724928
914 4247401006517773667526362577162250235652309176512727815619040840138133974329522393809726778426359230197826491041765378255814446758120937536114109584463040853953721083177420672355047371125870712887929733682147823713088219317354324938697942915928788889864772038385614798981720794994788279311185847195698191316160501407603272835059657468887110922273162199510811695899571262327202370476299415984505721720453556672515444764373191550353880486008037269139280181151645692089169989149474541953473816110933211863195965083024301504486067904739328955327342963642529858683821710297272940966747286632147233398014924318185363708424725960740541299613741605989593745522905399164928
915 8485507874182229734337149849790537457908939952498896271518355711645049230576521806121360694661996640175961555248122571294534601125571033165275856604463965389815819481451445131435568333949968182556238843977252896922449789324260951046609423032498390023729008681859521617041882580840595022939215385017900664656755366499560162966269386675636482417066558840036399963472482755581284406925508241190641813279690895369429713600635010191287269171253005953424286230545457385255841858891357589344980096101455166254263445938539447743918503426647790510407504468796414998527922249429933373422644643807995694920189496091878694379509794962520256154059744140933741314600930197372928
916 16952468101066459649472237959954037039491510170899210981448209657996200888799238972639144610285595395918305624568683339046562857121677665262836988751409043883950797722544747271301674624308154175452533245549351460211894847307491437703244803614728051677628084072205863840895699249069663080624034221496754950915804059860129059189101050920561536822603584879514376524234958773763566204635172160543511952530132303464793372956922267956470785867757692298666165128351871575752577144511058437299626921846711909197116600922810973527937452122163603442499966864464111293194629658395837949180605521135291202109686730093907946702747432815420778188597063615767573248457682796412928
917 33867921902213579828891519767827026388956361468728411143489095622789341388105692461254826326122490620040415041139312920858684738239308363193842434872677728509092869846517407598711387518458859452427463827534176507045333610911938822168845694810632893716824492049429963027482604523001672548103410566566832434478047469060305959821846534995482692407057054567980737548571770186315300395915547624288831576419781877762182930144183179871210374295234884648157028967808088366363284934320537121544897352343233559220352129746350161353807369254317332222863534049702082516563667797136881769015484831128317776996446743934385144364875407239099901817029309284137889609227116560252928
918 67661976663982445198232437889438205546819691839337074648045724009968665653604642023478312455583128791107897252457978120252401001822897361021145254247848499317927902826218779102490704999801336007952543007665079705185340901163089697016244425151906837398617751559483337655151868436281961614941293155737335816671026131885060247142603852853222778836128583335570395629872110197883797680020350021357367731336576343188558145701303563805450467079541170888860998773431946311875308993700258153032725205862428228221020931339346752282615025049927287106509266313020643762379371442508422472258587940635083287173263590757299284356534127384010046408036649758855929048934242402172928
919 124227241096807503955285536091671835831364371360788277795919990084022443087118737415818889680370627041108054914989951198598819580614712074789360465026586306078196863248026776076127784790562214747252432398764546520850381673069992437777752695621181344169102138143623183121485335637725733450845400843839655825226981840148619238644963376358922532434177494902683805821119893533094971081555118870645253325525548297913109831662371000040473789598084677584795746435909361848573485138231705056448726403248812954020346155625601406293014064061623054017255580177118850064944274248567388983159979626498063017596864970672828403348340273251960258118075158239970919207272851813362040832
920 248184127824321456641900800639290524557878005102184078214664177413660440834919019183529090920502938814654632426821696181846269911232912897854670922171402912281271667130901665024786006349669734774453688266955831024699216587687650813247357737632368441541256177446146874763381653665237079663563857119026533278966324905639059918922608355281268454152415593478974563747312856350658754497888787148330879320335610543135883916892980369358083269409987825135578261630501199956693724275202255536650700603242901775520616716988726753964149491673449026008336679560121448528172325791126246991705275250456787663408126354530988972438961777514970189435669135338979946289852847724358008832
921 495828722372232067872489385620417980862747805410727262547443009863751554685030331292743825211321020968102735164900318081059417151555919971079612552080699932274385281837188088114396351266887798672445339512853728404809809685295133344044397126666661882545342423175401589878570823231600681217746223618856994207175218760690537499499010919034923715782771838191650996520597385758169461866025540276389024630271022629140123131685945884607161926146037544455274057459001723430028403984242226094274623000625229062774143137084438632047633950745935224122982958457759647412363004225771522491947776822752176749502285905344252215790474880494273418126627786655132617117157074082916728832
922 990580721458187974474164194226965458643192677610658439923775557990723172593821043771240073111198360801781048878068237320051409794370430848390179235695586169614206624883803696933335890678510004420927575516046707769412534724116155927263645016689621229974330345771157756084838122950951824452891472092487915063748735551368218305813255520373571212445587676326954672408222226505061786130784650104895644652940251547165945944753887835896535988735846202792453727649997346247688360626380648835210919156783848220172186158577173208435679909109839320573284960333518391820908806478067181354688219226405220888965888825732572057713996719635137352235896588959203354279732328912054648832
923 1979012667627746687121497181302234742529585250023088657780717290110046751601199238582016975741072482853030030987582476839771057067772335569691029684867688251580220228976933905668032001919064010271633147769446332848857198832009943189946519457862250738814041861769613195396167376128073718413463344449341022387174049703057972809435646684911454185193401766816120412751429383966892171769154962698358491155434355691087524782562430585818102371634662200597176709049992935062168274004607356889692533579271923763229598218850848786831732723002622802539002069173062405568859466665752116287400435686141096721220367466248348643312018682122410477368606958892796462977228287638956408832
924 3953737096879917015635541222580316017480105475860043400382356291725059010094294636439911090735388098985720096976936682633496672724373976387354849954534030722694139182608880188486483323726491169146527613548424371698050759376568310383574859521070772463184288029013280663977026468514401658079281176019417684853670943560221703127278648946531510427284813899979540279281256670411198331821570111018198766743750498818446003716106337421700365946127318404003582145916217888472914940775393615621914460228528403690160315386886785061419517890152058200492155513889294277190847473923832624821801681989899134368776392975330733466920188100684646612644562957699520357626121728991619448832
925 7898916280942631358439815155858039472732604262180791902358387507924564581656716577241411982097004594783786304488641085127339848652373795015509163314905274924443892940783838816214589315834734833579830286801993469852980164659102215868791262155459256946034250101517386049855326579573789801325152908712933006192142575828371512454169317248665417384457710788721161807224089995112904044012773564093944528135326966385320024331445948051657580092789403446052271061947335417016763416659083351986396752604556484668504061685838579910541925445711146433375860990468317519090775946802678873223502766497298976068974809343746135795598995760687903237498580996396629284448992085337264095232
926 15780753743702913792768008219101871429770533802886390961381776006811265777542764731110501235897210336928950973923471694861259800560364793354694346594264672087766835114243529379170308630521830707447659601617439292300733296163084640434288394848352017521922403270127099833737459630826347106945954966469956056382393677012040137999253265800444821132589308244630448877088281842519119559729540721966654742578541291437930108714143874256215729305883201856192740278640172812055769550983949455954314939316923601093920833449403180851013258035111052730173760700696387710791496977932123321974201477446207947068291299928593321873413028342767843578729610555348736751643711479764307935232
927 31527423626153877189074171706833885220961737157133175704975428110304437961772496317912608353521785347126194736375797788957505486572877553790693224084419584219885593372331282262227473863316330770450054306081523071344140846913219969771182342795749420527903913160380810651158937959758101292501214309475357015338537193076931502087166397103460415244282639947266910207604445058696369975163686111805122182868544452168710989271594315821309248553617521872999804992032982796534992162385947324938764218487693719346209788472188122535752101568626291631651333800310612085149356039045101875465349279687178189021618312402311756195000502282370917485913932824150573892144920021812727775232
928 62986826602516038974366873329953662773621749030811558156077401170516012562593533345855611151017434128274567511792406170912720467033220935092785809070138557380390095323295392009197284576248446198043200622974207690251983087312736026442089001733761042481664386583366133771309175914326498124418725971040026603597901502111746791978320433133407518135532033241111737046803762518602212938757334336762577607758270594404559860557707590241226688947259148285888057124177669985354473543355024964052092843037917640940761213700898555599874748024593159005939502471307133626161716706397970666599603617353944168096476373960796645453861684053948610399620542184450795937930739673706876895232
929 116903413837865572480690079536037259854431586887171015356241167687162058129773237202162075951447120442978453089628370489686796317608259564397881854359653133992278754176330806866920246054536812751595012942895861596937047486295033569745903441599613578811645653809007897984545066068088261277623898070960211470551830653030429947785841573252517407314068132834368802330034628585366700360535374704373471866202765102191571615565136588657466363402602607379910601025621594838843263364855426289798732178347441086913454612752621321919295272737121550563196638849213871118823176218850639225616207811231331789324563113662128038091083857854166457109086950662072001543316138430789229402390528
930 233555150692736695151839591715439572394125471431001628911873099725377632333055068919297551339638814043036027068811007416070341682058270545649966338777752727064746957126651540553714385638826412302189346523751715885865553677930765125224048308482912827954872962469811007170605117437932862264970434903540170300975301978581495234661723673509935715992695216496059775904210120946632705044533857536693995785611503097611924915015518039137913091887089359337191963701524909082832685869414623974148280424232355691187527379663477274047367973732590402028927054631107003070501663443164258233196140179207981044172666482119369005182418615443234792563802788979608109192075297793085008697622528
931 466608029908698336578625942578692312806403264397193832148688774903767501310610608117871111191450360870218720518091033928501484945084071217109555104639906586479130262698720890346879906183164387773838605879704335625293074103755105289766851157465658911098162752060674361720628420926559025354620873688286382357460432661207683670310639577353972294018738584499008444913841072388044916335873468780642625742754631638408763945066763471891544579514527983011244954654457416594992004729221399154481427295710273160521335485414489165516986903755761254581299313873127653371384570250063647442754329442834799104341809624257358477566825327704961005180098663598960590638575873962655523723542528
932 932213674865909255394802107071585663286726494550680830460867731107803913366628219692703695358910768801778994340579670587457266871858793159446201329999703245523745836706438840255543210103290257224708692704579633860072090233459956562705369295669385527850100078475038703107048368454264943458622072204592655800781584303965154557840984441042380135525705055766702030424498617005973604559558400257286777009064186727425624754031805312865001478615698280523140522416646610787739485112225922100597649908040619005907119490680995755556075366956559674594729728796563759444607716681873371378588394259222283254593896030545916844068719424519697279741839992505864367949073806181260994730262528
933 1862426881940122709492714615769070342059848146218526237592595034820905598331705205732883692023590511979086979769431566334824445340784925743064109758799982958770437615860121861294930561129136581615300163059957507289469824494735243564588968234160003334522780867795912371214536880985501633004022108683043774448531452109002588356722616623159413593799001414226488572109242093070088368599160449852640151028786599038173136595308159001583676355276557267192136597774332203472928449135720488843963822415418716171822555059616438717863536133737147300430779346607158509412976360785724738384370491598714534547273305528211375359780970867673682720023818381661779309971333340645870424480022528
934 3720861404852844663825374938284601830914928448158782693382534166222027380071355800969474563304417493530325417467758801307615831875063473281641215891713603884807190142520477875491393941230024420280015027817061481400022471316512208816746136991358603791965203087145752055035279455271676860725345950298450399070267269372599859736501123745033486862683338678558353333119661072016167757997337563926440360794099255753221163464496248919302142436485511088524413553467524190572031882613066165014329216311315428496874164022821509989454244689210997953332351709385070504531794230055303593665729585426865006615945444845817098689887032102069118299859119959996829932898031725347113674922262528
935 7433755189666710557615117700272850837525933800056535698105107746390257848830358273591882849456914607474403921874684229039353061870819972535183498518753864729552274334821595559468927196875434562125669966176708779409126582827827044208221635642104042994641614537140939786989447507428441914611370480926877751790483854023294729188293905887986180837310014624838485283459193320862452570185353445305968480410788071521894654578553309845824168789104041289859914466018200802230989330458715066710845318768572175687458554978187363610129585418221856797845867403148856180341368326093349905607525079834335682363838018370188747011425130910465560720321519263023433744263884754889276660832534528
936 14851609225566207589011291808091254301588519278741149072924779322153709746885202957143061797218847944093449651832964731024768254276871952881469896502263787571083585701918914009295836585825132174573719896446516949576888002193381255941190847690067687555544274164802265704461984107357021669704175900024270005622540492160900932046042306109483550209694506098710116423560609245373726714193462097207376155286010385076829941312833976440478217164527814234835754964383334631079547479466581996382303771327407771036168823233031536976222413584087568378230775893894880981371179821383036447627992574003107224723409719749008172611079238572539649744108577699625729820390108222030136472426774528
937 27802180599559394953677218354017556565313602580278052918992943414687207985990104418450855894204399729766415930249389052686905094441558327058185430047751744513451934681904202564786173257031982778078325012435467276307593435107515721181014189239381365857554763715401725082589467623659830606046544562873059294441930467748362985076846646039229162011587520253579072583146141473600287128782453381442746624869407901791828511776698843789920468041955864891035875814566715076926036843202914222955188856923921315953675809542418842688046175854790663648882785707256061907072602611818198358089744190924851796862953132385970622459133736085872346462759110697868807096213821734529927441968305012736
938 55545017959103137727406213535800882906011843380029540498288662823791565107759130186059630200871964412417481664308112571737108322698550141246092688880475303786602847564241496358767384324022734148826888451430735502740736860049992230454316764850680517740444236545112036349339035723056684165827155745482117388952959454780776815800670931510701575041016583478792652122870768386632149751672515416386863366494849164485696334357251686369206733947263593818447608624639934915658269894549044496147592053361365665036277361730403896230097882771488048547680811564211147720704916621783675404235990021823896757795575257774749976286493400696039350491373231954884521092960661904395524722489070452736
939 110971602502770934791853066529438284626086283998063396407509929715676308409610772720707192074469782670834307348114465417038685805350431550635351493534564118692280283738112383640459345944549517505082804331681132939150297099871170006169668875443648791363767613572307503800267885301830376687816960408500853262544748996498357589429951399609191720773933433969208706666559160387534997760769167575657537495663462379409760269566109122661795695436461995807610985357011990738301155096173475159096418886712425940732720931383928880729447192862781226471158017642643246747727516283865927734981844312310167627560856522129755373283433476104637113598593776660061815510316436301272905444807447412736
940 221706842686822129352524545169918114871086070679624653213379652293292848750969692593120086966615211063713880363208434186694390605797488238755594084109435176557027331753569326528775839480027495316836644781798416328062163196024544328290340432564493916751641339164938448345847012438997392173239144618234029827018558314951141305255258547576175224695654545906444185850651501002104730272560138591732352404789691759864432684802528553893159599347860505313620369935091480988219600211759305781455883560152097427709232658840652200824955708130279724492743329361042695654906710076834512710663455330962525812049365260915606581326256307612452644572381205337001133505842121745247076717694587764736
941 416808390514315869494787976848995026954291591470861961468825331253907666516417250090262244232818318989568358690155797856632146584895903006335070103427736089925887169449167788893613072797404471379240502785892802535860803828227439938508072874430377611392497104268353255639130797722970535147611741400056594008435224893060257353996775731447109873811446618139966679751556662798371648308646115925040795642064411181287215297043647899928427322339765933371414411115710525279761320616566868310385780016169706074990229979587693562755839330053490397028251858959332140556764098513082216215015740181502170175976849139438986064148514108698011136773331080134763984460585725196948941184378430948376576
942 832730893072280385998806446983390054745850450542234335545530233202123949291557882718474991782280387909473655992793671043516465583568682296822880638744493820387387610432574516122621443038897849271421997612842874080778434557278419653534055121290982058146594026712963768116186258945517082398037808580003022876119570092823422143789205390312144220133821107961462521609293558625172120478410810203422183241718402417751656648097671015433270751493856963513433693640952276046907229077459822105298055524638185977708716957951048320960854625572442080425334965657391794638956387590077681838749974620732560445647615677891796372268252993546941709034706588253234915839618802915050484529259921933336576
943 1663693771989783195217863496541396663822517354561816045789975657667065069915486781839951997490855719664618491749071245894089166531076122576015918866249023580927649361029327723014935090477894163109035927892772815534251198389231808606989994201975371005850431356390213190710854858037009866088178540888612855311662843005181643208443433892222774875988914998548629187632598237032056626913020231221948730683657023297390052730161063963059066107301181990859737329142071532086464908335489859167455772447177545613680752448127676491118064399440633990839019560587555514989805032999472652395606069725197094133940006089816605089656999609724444570265280774144220318509924548854502560522639274017816576
944 3323859015250811053466954169704956478143061614075514250791060478155284300314565069703411354234894994760172686914685129546822338127473402625335908375860827742346011290717332541022248161526566883339692572498649796022863097316206481876288618255122359941623140258690311083733677927832089728418269029378060041724199509014405800971089487869556937393936697919785277844539327711052590714980470832960233760848377615436159136428012291822404669964348443645070678702611468689809564254819223598467486973841149189971141831827866151839546557655283229269483308910204386846114487813976293536368307971597040431566269930154318924200880703124672294566325516912481506832743183698051331602178903530406936576
945 6640675924538451896191063366459243175960191309273252040253545283532805895016638940059190471200763938019861914928102073818103002650222677475194257787656686215105659251829452219750086339452380741324327223309121477676301473161844770905321213188817084926532002065613681265772926558279826003634365158762267753837288636448707610342386577720569528752545601787822095478655629559677742416854911823523072001008158015391710490948163739651446468993031226717187353108019110841958994483561328677619295342340427988433455607350560587244660838361135948725653063716634627643112795846234746265405833041156871353335834900137155303546902239882578686939406708266111979783930901447981081052599037833118744576
946 13267297445208262882183205419171295880901391228854356080511575180111575254410845721213971159430671234807190288020446708778695450798210129342247408303823887603600093339040769548286676356661459167953248460129197036159386600379874756386158004335416482623654358106929928246802715048286402705704578355946361385860267971386160485301954759346799758845326604230305800899881644880926724146815475747586247766232243592469926199238952573051963382485854123129767178294298649602595805405678219374867622843887612902908902791005838053328874359010249732839987986110031197522950853119985777616231332387317632920084754343337536653403118629388332472970192597968396962741377821688326986402804168733885464576
947 25101698597719507334924628295686420916962367741572524052412654259892693393900910127934475750111830264884034484646079082558865503801897251419572856440309566587640757685075421147818710822317978215233645271805932549892936171256254126827434838955005469487556174757432981337830530973819666482619079072153509384197150670604354819004454156738246966962065950827278764109147538690040681200119642477291705182425904593901004230765460559473987323542524774616490547097141708508783073983822430947193474466088843277242277014558313602333775999050829776543790296014505854266888062266563482718332916533725959259609217949675768724700714750975637015073019293592795111471574370233580109046043655455240169193472
948 50150383866708107375147802825756990369932972139698123325465984129972227047257926479744113458630907103341796387495252286630875089383130730763547411409569403593123461103798227749411312535385317529312289310034230144718985151171016906797196060010595467883081187955262752025253773067635159383336485550025815246523607687295225736586853609599166234436238838633727444725478258258499564198288126520072653568017380346021023137351125816300375016181796106371623827059296814640351068525212650077228416120903460036110644376768373439131816897935877763312719883546965929733940727521319374904042762505246095034760359174251211918139068030027972872714841693257218864223575690319473625750032976041833735913472
949 100194964762390284062464071433779961584719342992012281620206883427833971838369520792737868037505690755307988766633326464629326274063866955037705215647416243384899231053111653794321294461597831058809769917495612905298741595763630427158278541698054516310810824439019596306976077609125332765591704393066797243331787353940000509754640082332889028041119550204883080603837630547011726647737489792056508298345555294408331722057576108126329774078591095842364289449440208976971635069444320752198120417561535246663251878085837559857934436698839810640317879291480474608052269484456542010582138650664617089224599176142719078053839175531902046675742925884982231154865998942080693896254000101034370793472
950 200178769541342674959860153347493224074892534442214673665910280130298805115769316588592758764562890093657286804111289401304126640931274695745443649798398666463625979857108372355625658352072937036689999594297407094330718155591820386784946489322051646748527508698146428356143376577281489691402657407900253906428550519510297898673017687857737304106449645533360340495549302761323394362532112413346357012201214296554765083923726270111237279855556243227064707993116169451609356438867174374400750686042616035746250864928518508424430319406315564143245243421047428472329855427650587450805018570669201151722628148342803909125666158865015280547101388545503147402854426063878815308388214484574165532672
951 399936108216431573703343387454806787409623411156604310770890778274024549834023377589774979985812815165017608855854853628099206238247862190324521488796155347693469116268878893140566027849341813333190984227234745642344130840842673092663673198560321413133029822149609079137865635293892108155167968373392964379492535813499325279267042346635036698979348889617594613675625198878244707357389928375965402812754055625764253398903416393950694967527726358927307394883741116772126360226357628509190443125699875235806921816559531970334359001997486890805245234847101279515576346796807986332428017359321892759237091920351385590552029217048942877135514720885134841273704070155799352304239957206683114012672
952 799031127292081873503873966522149641887205477869597052129790891162014430563140209548019291711461299918932874131502184677851560643811044348611712717550076784352252357293235542860058236655860093496998623693460394716211264167887969149997011644958629286728957763520073324712272921091154079077522612760333232572525834163464798050159726066166994103441800950802692919966070949313522372605519724553382866166379585256180689087024604015319023246889562031261195620163119950599461802667331203891932034533502508637608808528746703823856086264905478343863148579061759288637692761275943881997183210317323383765006535296780295630544615915227336037546399340748558666633321741440287652058557199493921790492672
953 1521353580629392196269402112639829403643823075431264170227036534216132485234911067747759554526657333794197694132154100316721020081744224093605774319372689590886019787410828533411548665100645474534529433923561392001192356606691478293109828499587951901579343549003993802024467565957856629997042292873331841281152520016116212697581888743045992278676545030611393527904674323524555495725499429421176721681862753165453090250117188857684326198190687735915642606947390612528533780349580324837751218950884104728671986827899983953240218919031736588323828563230565451440230854664249264889009486824444023603036248326552266452054904040543311821204042887953335372786267665718259855144025040432609906357436416
954 161094262134801828268018349979315671455769999779582099367435220939745276657622646700655456674127270176403177325209210645424907852904361741894218031245500936525248170536950293737013773337660109881062385276075424326321061547657272153933046533928282163709737919291878762525708882436495447321205860466268338690065220922586664820578287361303145490090520532671858867861579883537225502042864191172819934722995811142296367955847783497593301297708706802167741079438004618744646300173467295462499615772014054432749653642090273546663666755961315971122385393064289694865019979682690303518500422211096555634056557187957356168013024189136025807666422614545706873891108917389485487185278403580384105629952770048
955 321850798957456521335905253143655140066797428993751196375841041952270728412438210145604330121542071510406124670841904541804622772899355758954299372967146930976992300801210540687288990425218033112724455046405987059192275750207016885652224009889361033094942540191800029188672536414412745370462276115605701101509382269377890563859021778177091743392956382580089402693058555261758599370654214687954343778618134292451542575015029892738378861648369076439276719838805544674960112452948592817009053078625166109298463226512979253204831439108986695880346115931867744174984604067512875718147134497104043285309409061097004519710668206597424107582754253866979783992257904772778680858500189803070628532005634048
956 643027561856274998071955446704207844090921267695699915294308738745077854826347965563859924561460764552190255873936512640220161995901906567097348915528176062151502017124157268380830480631531457142509552600099893774447525882916234916597442607259298941594671437596454442709865610784519481012805114912921979559520206717464962917066346816073783525618534283547370073747581842912237904701280726104174763544558131381150688519167164426971745124331167134868809223150029151920670762509234448410223514643088788810353093253968385005813225314435399963963719526681945227628993424752670943606562637076888877400260190523122870996428764517634318200511826880544418338692252220569943952737008151817015459853052674048
957 1284709871848480773954220828196137593405576209804504461346670532128408289208161395406811540621152030065138279761414977304975136911660398881799032014145404587549268555901037250982764993979986281327409350429423561109419352689332143877064796795526092338722656444741385726568299422901179960164486941224801524399349565489400681139984220872979190722708717090913556743607820637047782765508133275558525278270239713861393914271746977623893580332533371824228543963307876108089739480281040671915161916431233456108593900581549091169854237947271452386717543937710313198751318257720301273598882847037754711076107519839103494511042139801545019878338772400092237060308123831650591810450390830365252155240557314048
958 2566734862793242626812943103953500370220032952180550287175710691351471390885396160249618840347925602290380991369592202115351986586777052629543313277979825670650860575962569909333602842152160115868012913107216357851732584951837415015201034704025719230270634841062260963838698500553881585525989045150623496031325967044186656796210537099406068984953612595400906729111471004454288886159819893153125367189816487209186747351535873718787518316352807915496322974437436728243807878835567928479308159669760484510298394553354385113460185942311331653054516717155298894709700022125358112435313830195476220111151140205269374894100595222635920725270686517435165069883048950239694106549988373936572651035634434048
959 5128111174211557235861234949992193884689792199722264366725701249298696524163375106484049274421437765359791872955898315500838998033621170023368175531897188335116606467972889589625787740064449028255704702565663697328554433768271303962718273319964494125167325776777377704829401975822470025768573019208887205777798110296501494499369684012684378422348002362447583029658910111806599342018664063446403542758022011436893804891552062371359765633347635392940603042554473379145992499930952937422899611228694568366050021717044628279204707692568275004776768902156959576103088406484157802957317754835929203751551115827348443521775256939851943689526731823826249602047341470799360424930414748788136853270637314048
960 10245527596399398298522301367390333635474165363039980621493286551530756738358337209481588412497475607825552363458539071202259922986795146233114098243369585825163794614718507450876215484018376251130280590254519944324954752549438177922445422971392171467263006208758204693600411627452837347003235584046126575875437246502688847327139729616505000819142210251192921721794314495037569606953313145344848897695332631716833530268376072616811401418760217790584487595313302854594315524161107569874783365489148290069520460154500759937431783439435793076238518580108194145803628949401009684646071429273834227316433567122293916050816924829039789570196622342220103906933917569167527090194641610210324498985986818048
961 634561017765821825973844488240856095006344173788756018916413295364729446348925461163454245468260216666277934291894396721680643932271102253314026452190489521253967995693421675932027882210748382105012430696683795507399036427737112483424070284072548944414950174065155565451301100164918772491634242605026684838831043077579474184216121539380545186743243328960885421404655246630147332288924521610368221682737130645721332106819725982452351531336152500007353255496549568907287658878732944159912374916617504917015238838980354938182836429654304253015218572166140159611042750412087932896363925756546204441795708531961927760664357003482190382833714318264184519998249061059253984870463424559442649138677560639488
962 1267801403313888977844087051990413845456834591004287144662289963117020972230181478565561375402326271517758317648894766325315931776788597188873438759439631098400763501918575886122517402626835176918930844075562639210571067558412896970083030673371874007619804434588022140028537055393691044757511822353701294627212501262594591107935192463163088731560688762512075772664321086318104401247158021308071896372692906361026971305215911200351065381539389307300001921983463353478356653477857276225476036150676144242983140077644365242336008048060862830174061276597860495554028557302755342455853777528987175341134177349165991222054294784697285157922013452681652728370076523377077851640789376309647656774805632319488
963 2532967033422384512837178113936570763283151893935420982601092360578504768487228807206946752342246406028919540472226761255112706244962699220043022642251000147653551200752632688206112249231768710898140633630041242829369601198516956525983175833301158972942898512725088899620024052133211140125682604738384523321756556867962280579623138940169956623802396980738960752751130095206608451792995252272123682565294061580391509018314831614927519636774101267041493131039353406972371965636440053893331159945410123540140193019689594551983673877566801254321115651807237366119246306479955857505135682835504753752688916709810454461632945138859115217392301650624756397017424433553083168012655556130410309622064624959488
964 5060673468680644264286030173385012904085524430704470538482973499075203722419877308206229154817647006722380655781083008386636137391957844979412958906042179389210469362531049079090970832801376580653283843881001606490994057413081706219617698217143278104905843735227153815567331060141837388755451201079566990609818643067068265976377272669127661562036349292258650038692202866077208868132499927413994782365034543896258832291580931945294999818913162713578953783157241625882614176442903155333464944622440874708526587175684523649889695026558956238664711841281573312912409568840213318070402228084833442570795169830766093672658339933584929215877545498382451071099158951186886320846902716228739012302376678719488
965 10110847569383157011222182267288221657937311219192271101944389908424048886339199909166453478105286756087140272688310826489824920035902550703832893741886110557834032280571242655905486220492779661366150278454941068811835458015859776073842940865897273634879479371479984031055836667852336256484149495116665225771874293006836493794969987518278392257285116190300060342624211469433185658497852273189670927871666305455836240862417244315189820327891515531117009883968939538897067007981619071993131200433130292586919300059371801681768253342887323917228912311029262126816263216333038586432924403463803092354534916998851557298416848912063032209742364294731503228228261697298774899773771653710166720869880968511488
966 20200739923788798420732299804796702915632910082320071399543286047185199162078633263051787788607506959269320459676871581085222798403204084915148084459462494776719618648912416158236764376025293062790407233659602727485980285307124449799158384253159397209257447050535845641710925511414720122650182318606933956478672848269520427221350877434283475323361845085972857326670564062059516098875833667958878961854895394286047833555703044391687753642931081719365921141284236611482878565817769919977764610075605009466109709858043071455604296355841516070053867700897832945485453215982265054279371399821371854344822403576910506364373290245875391193343917376464081554583508384665177547112132988429789368421934052671488
967 39027787535015467276021680993704797509284921053166419218319424947714629922458623605077544679473748662161405005769434196787719147061524914209209146138657806759974824097133453631518980548105274283269988232404242162037390742218712692593095594196995559847050184853804087367320096615300559988035501717076104323640411453044131612502814177796673941121351144424575596808067988656965622478423191211610345877769282445894577052131793009674556064937370797898323742292755010747539731502885226950924810125372371197164323961163760543300620589677126245278999903879994283279953308339177155843367487740590089431316678688327682349249776816324686980840281768656948108189800589207963116602715146698489917274334576787530448896
968 77974855410561362171618416590285365812595368165656779010028830149912329169872966429036537476147116185454564181926989358788389630269047409004837941938178001715817145211049129971786328536544706033539532676659155211310157330478922360153587795055657003638558845697998383067602546618301308507997265820978487824736676246594085502007433060648403280806680591323268425173073554675681709435558566155596305163391108573647696528949303415207855248673368275778073533538647076582407514412096057126218618926537857839646237613981753947695972954021534492726029461643195973818287610408814902647490044604769944171349287479804002934453865092736354205627388586705767114517782472456294020626421777965890592261014820304397008896
969 155788605056646865286040790289955108057393124212902740368903348696305255633231240636657394085393390205161020492598843634983743660702239926986610231585103798861855054061968375993207985611486646042333999182415101200362867459345553852823466949712384098767930122678762218439890289864750688419912617013088925862014662459507099671337610725458463138010806297407756883082929876463333251591403856033363918349112321559540409952188416052062826579646424124256087564345713164772607749409239676547651863342488716601096170360994793401678844138098701022197081292220655698154939012686233558801031087008332584807781826819636981936471527531470087690857356388297628410958415006995786931039111187804577596155971426546557648896
970 311255663627898107590938275063109706480504517222761166259108314616830504587858390548378239558299863452780723925673125683712193259650206009304831569044631834809299865766176106704048368509669614843409953912471826279521787283823421721683493549428607923882076034832082128699162090289100068078976483621655965981854597800358049630267388369171757986734100749358002894865714981230826745094525682613893438301615116164344614709134189547140078579054447046266800133112820462620657291083945175969030860948790535446137376199872391815925034194533287346026873506302219559767753876205447327487178035645553613213355292016128026581739805682259753148976611645498687372300627225488093385038896833441047094659503285203575504896
971 603835343010916472542302185546199445933405988662426438664591807378761402926787168051213710828547725513032307591992712213417731877079404234732340848213821901337873104365119997188661308645364155487038417425320189970983959912079606157343123839944652514810938899399392372869873682493953962643270066817248000800870289025398509111313402735269569011642003064410098073773212350024070146882840781384317797298723699328898778111044098630722885179113432550625845312660736827029874340491439434743404221337501138477579331617498633376900816912374919481221891069937689084063349849022764066241174952968041353536980511028852940422689810930006171296407645106749279823507800739824013197632352977806007556011229495727286455894016
972 1206426941597354363857996810991841921722607337362818848513181730224708383309069775818096479246516531923466752334830876959244336090088131864168814638802322605937954770208091747495736335148704043654402242452474624745911580550272895908961203072350906564853163633061315927914731010336266514986819383865030050503230947047979925727845047464834346868296362510740872605122396739437070544931340183859228657206805210252466417347358977979728693165460899832742017523132651850174493360315122022150870215063622513438809621919818154440382541309305140966100765113875971200677596497182607162177064774008944110838863143393540266431080070773151283251299756008395211526879773670817217641372180574742721657062758515123522702934016
973 2410371512668305299847421633053844977153447442063294536843766324276631230033794739331786203608830365080593741625763448661080840293673914507153917463986336346680563977195488543587158587484256708194335722260067863391810136069951986635729492926202661830302377283871983339021825198748862200244640424297597681152140627619303948238161098188651333665147415710809758205269174183444134032913131384692966284813496327657826633868834954808574829573949570332674020377354031916971142255009098332449034543741505301645008680858882027973176449045823486872169142443183289221950048176548213512125029637424684049374176439711065612536229778003443264382142781283626137766710313627498398976038393163072600600993048765592467476054016
974 4815788489366529654503911061937477365108698821680466702645940472146284063428368434401231997868648352065982983063294028262491350745601977159360293334425854559704298594030677624895072040302516959934284953990639159495422650486066473857794269163980398736425754865471119665525321390382241259291580613909277978115978654715604305327560517807283629667890895718339585081948464641388431309722747069315608403214544494465661316980531310977912182192962868887979644149751162933384159451184126977048857730196494938040556287322350506304610683599483344298461814191470805514964617958935759669207924528807671647310233600526162453933171595529262766723642295847896550972778312349984619589242140285136198573157673845071488552534016
975 9621688254092828160012466351645493664325960039623288629807617641428421211584911570806647800143648801960894000827714099096899221884428506437819801227365527871468642218230624630421036559369153852641383521591821605454230012622057264738391381072894277190916359510553291526067691217358469369059210859410358202203728887314161326466175973619689488758500433210306869959662575217876114484312625380746282092081459190816083842828310287201367733887155592565656931440653328287202167141593312412618555747852207565423660633364234194293978774789769910725557326566510889349623471226721339068179698116924656099391709856185453373975471760185977013453120300331177335511671093387321191645161011458243776880620945285917778867388416
976 19223639628289838493764190547271140983458807759898393914608099690711379653086201648665828962475873061484537940008676330784496915245813477844578039333136391557883058270679289241871477965291225513275443159729429975966191443119170012911715528841728358119458038873166237353995581752813023481812160632696327912215115110231360292880417919146524965425189570617413637901816792045899661810593632252969451859797118676352276389347950659778968477538462776142983478794402531606818063654193631674258833549520895704150149849329063284026835104524461308812479712971560237175017696505596215941125352314494450855087282293209651421191132949817731912144188034698387919375237612877901432945408756117628795015409243758920100705468416
977 37524504999271736379890979794545168307786573931397736370502654358025352798875737242727636525211429735660546536669715051430644183636583232040144825210938980467932688064833458910859695596449411208027792380700264625758317752257793187049074808123132731855223862094903884150968925697705613569824238895598525244176393369830411388584768584674537741673787406711885535253160037077145933969850504125730781853602752262562821883199285801875528854162429754634636279216649718259751478182743001344472702646739194349748803352357841211652753452762516307775465177835870678675161817230331262630469386204917317848538032197537064026668707534133109640409835927385120056931288993827322331005747952302042888129161589771765470617174802432
978 74972193902209599765451814601036895311687454133294534712147109405296778515891844221552904074103933241252733553004622609509057908381513139012975628737458483984938165593031941682139005631213432787336294777695735942398079903478172963107028132267375167591717831172933739856949685926187253583418516041677801272482231225188860913420078341897462168857733256825674789996624404213323887344369549790443043523724644016149764521722378303111178524142762137107138871782139535535114984732366967121878061249343615257965250161608126316654571935098608136113219842053897736824856354257413866278531040402876716330677191659579183030016716363154537645140572206490733090322992804842789694000978371179122245235352393802556104536785682432
979 149791069789999651636909417135763982155027721421251774299743180980846225607294811791095522384250753319841413638756491029939473889587930808102717254577981618693071683514539839844163857958075972326792301609690773629167614906325019584117606990312460156662792604938639968417622175208015739657566019716581850211569278053668051179587459225582896468726781349596432483845670678082950114924103209974485110762497289848648293429741958417939504116054437458982741600135661581082215106091983389042822781807764705448436516718189901255759328780297173627664443665557943626243449320983638148950245642661516740264348484721636777279811103768226971942641409961271712756629604300599944098514431588057127579760080905226689383338378002432
980 299276129982135285886209402608208508725701439125150014210470842353219508673587679649426590395748175476858388748860734261779019288773814273488139809063434983752791508096491334335229838423378882957664609137289022395182665452829229465687722708733150369521123632523591800582720883385383265915913787262971776561296255288527494588930042664619713161730450906377191223188969253834713536966060869811581404286494065909905558329642303177974056676220825500036241745152188280246727389379870076921608254107140720339194414593482876083072710313867368762824950039456843474694066697361135236165773388806840379919581537594604909464604379828565570263566553148885139477678936248245360755695392198921550482820711951521029138331763474432
981 597941489795168765120284806814111946114611211499911023614167291170601399407465376899507011703123249307391794677305501575138355662274661971913652761959957507215636417556863331483536996131833220201813154248494493935844744016690851655165222003437077808055607642785065389821857955788686376483051019058001598829863916226676841257952941278801324495356538909731204606586385368486554828711460475602314060053093129192335975458902930833088962912638889272171675266286125416192134193910204336088192887855129496267721916974292489397582626527728309094032485710039762641832914870347775695842057162960596071789364191652726763778768315688161546521480192952883423242466592331206641742519737558039051899741034939020423551978078994432
982 1194663929666015696135820390370102316946628496020563875396298077911643425496944034745390704783642490504445300208475189425251408579595092913167070698398834483828774617517402902160704657459722639420773893055200334223807063917196455255730246052529853403172366938236196939808810029164735972137555345719761793627144721481920240610929445434630572394108458118061728291133972351120885393278134637070152624833202459294299802757894123765202451747518971880043081140486517127724606852248815147172550374019644749192132262871592348178711400062957601283267908302385676497155134947129637795521149591565146649639174341614065947245560211977904220063258768610159016670687958150728060577702390913017196278557403270460150476187927314432
983 2346317514768036801816023329837775665872617758386776490414665875746552026503232070164034636012460357876882814968148378142644170563359302702264943323692008679671888873742106769633929965130882173896659627889632198867560340115197120987892539102055057164127751956552203956006434130779496866476663402406222865717342762738025632849789499024290495536557383655215827426636155655045655570401354401362794971439172741806553662926228626579864902139515631599941789898027815658003064836737616922640295120488418745199407933745072200905810217485077651921110723832612494808556337883828011116767027578287876491492335512330696982471164972687334459158236492134675578880313025331705750140180181456672979501817274817809951597240874650566656
984 4687861220223190328608228988456063637036728639896911944652070514876016717707826725816793189804264043417382535335104828141998766739810180385913609399106913471487018886957995431471710479300718042630717005672339466611510564399251845334425145218858109353639046462465821809631250220789012846081813620099544355957114896875090611938506317400903942577828197164633325377188566223577424269424110369289109498323840290600888192498098514728347599103917066648209738348437910460818369925884816303146786126746644601863842296983848369526039046209459957311444418307925766028172886556340174433811035691647812670768306392894032274485778867971343976336773523652651489408047390184465679937394922836675144695873019730609776956189296774086656
985 9366194227670644278584940395725901938814363375746603897889849529908287288561270667263116879004537802954137306586039136364059523364434878133548710755874966903255725349911161813701915608119232752954194081282865256378103499821606868191253743023800654235830140460067852201442050286919700610409667049968028308030080947617977798584795351477224007326275873293093869505804956070146480918842164932618030299246709058141243882038646677039224703292690695252261842460526302919641233291815464405519145822499120222082732476530966643479958167965383182700456307371292789134980366543653816472331449871437004955859789329897731619343403381594623905075210963274353613183256760773533235105840213228395206728260538500548920414474063006662656
986 18713370723280668904806158927492211730398481458529456989044438434181687922010849333235994838157214584178687914460623910397994300799029862477200992371324323151312877207941321826879911656570017721856070185697404613213994050310490635968081671701018517742844800881240265864593445956572291782545439115729603749798583097682367005170180135585084582939300134929064733535596323207814880106827527498295488694599702437506863261749478198086311818152613665181250326335591346676112877136524771466039986188252038043412563768323890578256044040033505651276879655702766455991380706883418395393107530940589853639054740025533926050752653170476836338761541344668626619103299823715179364600604130136801415859907000951644369311858433674182656
987 37388783133962501288705087949420441628072119613795704502475896711007570443958741054916354853809776501681032188755133712216554970607562090568064517544238335837400722662891145075093699100891140273704600761082887502454496750983316157807904037811934046451895368612295990022379213191177063607724509544991839586847707960830265197051009714369989400678797443891713714150336521784797740490522699716650045893825743920899975132863723141860228525856532709456797732821536905225010629580057449807830358226007614480760514434398506585731668497701527442596744744770310600916225155870263126529653054616749344625134215984798946738431519010067234433218930921274002878145169043695854306205137508194934186283014218736406502265902991887302656
988 74701803476762032792567927918333726868970663863285150445303526911872238559672443745804037719091312154666485222618860785890480843281694295275923423102266940131264494857294941726889262274059051121223830878300441372252829069938941238892731315851354343690423527216652264807266970803636395169367713013983391755202943264326167050059873670363311374583420609774577163273309347686583334010172770525386782646125547451484998243774167999157507454001812257432435972096088051556512819178775574349018814099013189265502270117426130066254829104418809847521252523939675117193191696659768692585868503743003226413110820786002540703490305616698252488339261917447092691251089934628903227993952172452782454314606979776002099888660034309062656
989 149252388105045019902409153174726701222879180988655368021670966018958774653353208677243937963576968828376551142653971703564573385651851258372717353721745728892310818270987461629768971910236798173496832608959578325459608303767369105650687535675312389538079383032838310282431995113261915053904588701270861001583069613879151945454732292246834347723496823914656208234880939174882962720818412505228837067302910218356591436048221627084123391327466844692154031556667490536339236415445962714426689533855470129657688954294263531890587809043026260191452090813956496529173379774089216880187742846620688913658617638558963023971763993546474608579680571075025421986478893661971650091725455135803867489963193946114234269416268712902656
990 298202950119937695158233338585984583315839834396718287583342475669279146767798211742282445724781644485546763657633213516856851212730811332115604621161472036134078118990466051900371058435852539253694809804155308520856587419436692661657998043566008363969052395966591843565135447723806640641393417094659360162532453370864812675849712447888863075876093542671298986956081553279788685538653846683135487213857277443479835208086684330153665132772057525095913952377906005993002522571136900276827474998621158563293465175834837264241628938080097032172921528467823737263084257754014466429847798348595780657177347107606037114792293962643225471039830163879117281981023702719960881313337124981274933410018337005186761345311048158150656
991 590441236358345752908341125653001328610059369635112403727201982495889971233489133905378149080443867486373863564373413385523849649432574976137480969101676876147570671344119466169059850230649033739203551362405456531054896781687023068597550866797492318066657490011724512872802064863170937538848756559716654259749441129358637607949125744029080189935350203925409997941454035227983918548120121735242435119110209052232539359850060323259974794637398554569495370032557112543258806456264724547889582943869631234822660907902659718918515713130776287406674721266270460280860037834480330340306078057369100283429835332350789480583812655791003149471567886156307109232393211330299911200308197150476169531037355229103684103474912026318340096
992 1179690860903470973741956246883368246120473754522678733375429004281506156224460295425856494158832154746426782097925769637954982122694256180768163506248616726033963740146027732816580015833134305579410944291577145794772728396977412776513729359484923421108928914443886827261219525837684344097838331755158277815458436734766145212720138167008265532287088570074420738972029480760975674997112727048155481055735306394555778199806573925495848613644952871655482550349125238064943416998550296858759690248817087949966708057867343118403527573158920495807077344604305182908410938146274133084967303268791450116691086521009635931241529379102016470645068547463430024240651141647649325955191234121013298819371630647754755026416884469618180096
993 2357003303096349561993610225253003658346719615164100282239560334817923589277921306963247266198633123451305926479162300156407516691627967671188379169591545892372940425446114340096217486684424113566290569237676472581495969005976539846509397163605631687408895184407038923682790767099954836155275710594791894265132804590887489712081355334370504927277872979379191444112675688150155579120779724974459089452778804004998180877020796470144361863303550822409358245966518149479870171596631440327809330624462358969952397428995169769539744622802261995773239282874859956013205486201257924268661030176608108796641058684452890068305889881669036036816493836520158990380010390136693876683980705772116687045006275592975021603573856602052100096
994 4709259349570249839929007409399981453800768185821910338622019914742797856927995319954452571300287775209746550967226434572551111916881841936756335213252569357512988410361579130898390542127745601153758310830184785457182443703634755501450439677673767116857318737874664742086453227006261875618123431294502520290337326283298948641388575952460452048456643439016288647743785716193325890579132499503270926753109172470127568922239554994965234412420226406108751738417365555988969301004870022751886378698940737486744730518592618189214319130439763222063780137407376836683348315614937812891212078103090889619961626809803295215398264084987044948704271124313583262767100397681203411641099308085085830924393000805457365086706398508504580096
995 9409043289660816425391891431595149149642626033528168019112803477446968755509248724805222567825000787969324401703177690069328465995077522378916231308527056441631998856604738934028762435817517578363693858856221495001770093652322728086397969846485277904539194139174805573228645156949717548434345811948798725856273596760197421356426520262774838859414830045808800447561521129007217929955218243988977391630553164941159954282937938861642515445228217421580504766550314947084536204787360778389137807414581960091149914621225510107116886086402931501325684879930636694745905044131918334078781408030576083867962922722563702685166746412822423558586583936507882211013869176574153115655925219038033225931650096003864298598734029975868932096
996 18799173852693173358194240030157783401374852054547698926920694330641045149260949804778146556865341044386553240020991945529757115207536763422990722502900780635805523744178923681247075757547082070981938578305832992987442205497592874114556187754050445040570250412856813860350092888463248460988846351609490943804278795805406217242897915019326675961630484009179381252418241481918508249592176709377085689929863953111194539491562219880405356062987155293858404893040846361020458030617839296178425300531174362684288786472871549180034665446208860091417241544209037415172097704522270981833061494933884855508045833230990621224162007288718410941785180820309744567450686315125327725083137631484183141659001119542850039250275181200823812096
997 37447916412695548848261935718404077480621321732254961398493250827211722190166555506669876703363102812036513426230014966570341713093132961292518136794584536888691768748994162926662214667159733294064536243714541597995938725676878226380303689262658106640422403758792803926714966490972812293414444887558761369125292315916045919997020239629319955441359175252186040071935573700472043041560221442302066163072301451286569849608667101010139718505373998069554406730330862398497752933580298985726150710917832905561768552841931844365746777934603643262605370694818984538015557190906286643214088243560474274048566853464084071090168080931637062576291430270382125147770473996173891563886895344182461224362907355073881084510394328897331461619712
998 74820711325152009058906928850892568717419402796722482143279340253712548594624127421804438612000082205645271915992136687785857439793584167174916928978582294842618182759654749476581059349473634279811343559746996960071081952641589241401199273554550298015510464890822937847400509796647018139256407572486790630564108102346029394228750631012057642273204349494568994726013255428268220287585613825596559940670679023961128501020235896773681706030512428588297581721940544083529166176512463851084771761477727313913744574545926780445411026101495846713923995409482003600908761303449552628992738254205878883042001767811955939756479752245846386116831731227407595858351783256241943673131524811549099381141457633977669895315477221322962304499712
999 149491480739829781411707135349838543200551504703306237305034129538292778327654471308299519262289782775858567156798137644288529502350241431380390391640503741164977664606780405886629121397420127140222382000989019885698695447157668506648153814341954516218389113559023285500742195920896982972390098782813463709474895199157087466867923665246236243791085198131001805025852147048569691541906618026853626587403773753749335776513220197418356187612270493969089751174646174357125463306535087546035530136770569395065440409702257003083058512929440629585627674018558466112955643594376838822800731668868769373082938793876372606280962330767529879397030370576980007808622347103184718457968642345947307350040342875911566258045152349732931436019712
1000 298683678030355970572601947934732600217849444312660580118220198528884077334249098393516690401568604515144731047928527555380868283338442645262926370039022790917051909337337467393905149369217219875323636806590581691102667209200794878611568986835188144187740653598087580112118884797148412708991213821046156521138647818585581496000991387646125089623811133706594560004930252505932031108039984420965245747576497023866173912948202830106415801812623108599912505741152023643770864972320289688547145370605667873206528688344604787913078191611674305763291623879493238212025314411649556638029102511365224572184730971953077105996878522653853498970867251997425686885262933669376382478073203179674926871900315589295491190779043256296049760796672


