1 0
2 2
3 3
4 5
5 7
6 0
7 13
8 17
9 19
10 17
11 31
12 37
13 43
14 41
15 37
16 61
17 73
18 73
19 89
20 101
21 109
22 113
23 131
24 109
25 157
26 89
27 181
28 197
29 211
30 0
31 241
32 257
33 271
34 281
35 307
36 181
37 337
38 353
39 379
40 401
41 421
42 433
43 463
44 449
45 487
46 521
47 547
48 577
49 601
50 617
51 631
52 677
53 701
54 0
55 757
56 769
57 811
58 761
59 859
60 757
61 929
62 953
63 991
64 1021
65 1051
66 1009
67 1123
68 1153
69 1171
70 1217
71 1259
72 1297
73 1327
74 1361
75 1297
76 1429
77 1483
78 1297
79 1559
80 1601
81 1621
82 1657
83 1723
84 1621
85 1801
86 1801
87 1873
88 1933
89 1979
90 2017
91 2069
92 2113
93 2161
94 2161
95 2251
96 2269
97 2351
98 2393
99 2341
100 2437
101 2551
102 2593
103 2647
104 2689
105 2647
106 2801
107 2861
108 2917
109 2971
110 3001
111 3079
112 3137
113 3191
114 3169
115 3307
116 3361
117 3313
118 3457
119 3541
120 3457
121 3659
122 3697
123 3727
124 3701
125 3907
126 3889
127 4027
128 4093
129 4159
130 4217
131 4289
132 4357
133 4423
134 4481
135 4447
136 4621
137 4691
138 3673
139 4831
140 4801
141 4969
142 4993
143 5113
144 4861
145 5237
146 5281
147 5347
148 5477
149 5531
150 2377
151 5701
152 5741
153 5851
154 5881
155 6007
156 4789
157 6163
158 6217
159 6301
160 6397
161 6481
162 6553
163 6637
164 6709
165 6427
166 6841
167 6971
168 7057
169 7129
170 7177
171 7309
172 7393
173 7481
174 7561
175 7547
176 7741
177 7723
178 7873
179 8011
180 8101
181 8191
182 8273
183 8353
184 8461
185 8537
186 8641
187 8741
188 8837
189 8929
190 9001
191 9109
192 9181
193 9311
194 9241
195 9397
196 9601
197 9697
198 9721
199 9901
200 9901
201 10099
202 10193
203 10303
204 10369
205 10501
206 10601
207 10711
208 10781
209 10909
210 9001
211 11131
212 11173
213 11287
214 11369
215 11551
216 10369
217 11743
218 11833
219 11971
220 12101
221 12211
222 12241
223 12433
224 12541
225 12637
226 12721
227 12853
228 12853
229 13109
230 13217
231 13339
232 13457
233 13567
234 13681
235 13807
236 13921
237 13933
238 14153
239 14281
240 14401
241 14519
242 14633
243 14653
244 14869
245 14951
246 15121
247 15241
248 15377
249 15391
250 15601
251 15749
252 15877
253 16001
254 15601
255 15877
256 16381
257 16493
258 16633
259 16759
260 16901
261 17029
262 17137
263 17293
264 17389
265 17551
266 17681
267 17713
268 17957
269 18089
270 18217
271 18341
272 18493
273 18523
274 18481
275 18797
276 19009
277 19183
278 19273
279 19441
280 19597
281 19739
282 19801
283 20023
284 20161
285 20287
286 20441
287 20593
288 20593
289 20879
290 21017
291 21169
292 21317
293 21433
294 21601
295 21757
296 21841
297 22051
298 22193
299 22349
300 22501
301 22651
302 22777
303 22573
304 23041
305 23251
306 20809
307 23563
308 23041
309 23869
310 24001
311 24181
312 24337
313 24481
314 24481
315 24697
316 24821
317 25121
318 25057
319 25439
320 25601
321 25759
322 25913
323 26083
324 26209
325 26407
326 26561
327 26731
328 26893
329 27061
330 26497
331 27361
332 27541
333 27541
334 27809
335 28057
336 28081
337 28393
338 28537
339 28729
340 28901
341 29059
342 29017
343 29411
344 29581
345 29251
346 29921
347 30103
348 30241
349 30449
350 30577
351 30781
352 30977
353 31153
354 31321
355 31477
356 31649
357 31357
358 31873
359 32191
360 32401
361 32579
362 32713
363 32941
364 32869
365 33301
366 33409
367 33617
368 33857
369 34039
370 34217
371 34381
372 34273
373 34781
374 34961
375 34651
376 35281
377 35533
378 35281
379 35911
380 36097
381 36109
382 36473
383 36671
384 36721
385 37057
386 37201
387 37441
388 37633
389 37831
390 34057
391 38219
392 38317
393 38611
394 38729
395 38977
396 38629
397 39397
398 39521
399 39799
400 39937
401 40189
402 40177
403 40597
404 40801
405 40897
406 41201
407 41413
408 41617
409 41809
410 42017
411 41959
412 42437
413 42643
414 42841
415 43051
416 43261
417 43291
418 43633
419 43891
420 44101
421 44281
422 44497
423 44623
424 44909
425 45137
426 45361
427 45553
428 45697
429 45631
430 45697
431 46441
432 45757
433 46867
434 47041
435 47287
436 47521
437 47743
438 47881
439 48179
440 48397
441 48619
442 48817
443 49057
444 47521
445 49477
446 49681
447 49843
448 50177
449 50359
450 49537
451 50849
452 51061
453 51283
454 51521
455 51647
456 51949
457 52201
458 52433
459 52561
460 52901
461 53129
462 53353
463 53593
464 53681
465 54037
466 54121
467 54521
468 54721
469 54979
470 55217
471 55441
472 55697
473 55933
474 55441
475 56401
476 56629
477 56827
478 57097
479 57349
480 57601
481 57839
482 58073
483 58321
484 58549
485 58787
486 58321
487 59281
488 59473
489 59779
490 60017
491 60271
492 60373
493 60763
494 61001
495 60607
496 61469
497 61751
498 61561
499 62141
500 62501
501 62731
502 62921
503 63247
504 63361
505 63737
506 63929
507 64153
508 64513
509 64661
510 61057
511 65269
512 65537
513 65521
514 66041
515 66301
516 66529
517 66821
518 67073
519 67339
520 67601
521 67819
522 68113
523 68371
524 68581
525 66457
526 69001
527 69431
528 69697
529 69959
530 70201
531 70489
532 70753
533 71023
534 71209
535 71551
536 71821
537 72091
538 72353
539 72559
540 72901
541 73141
542 73433
543 73693
544 73309
545 74257
546 74521
547 74797
548 75041
549 75169
550 75617
551 75629
552 75853
553 76441
554 76649
555 75367
556 77269
557 77563
558 77761
559 78121
560 78401
561 78571
562 78737
563 79241
564 79201
565 79801
566 79801
567 80317
568 80657
569 80929
570 81001
571 81509
572 81761
573 81973
574 82361
575 82657
576 81649
577 83233
578 83497
579 83791
580 83777
581 84391
582 84673
583 84967
584 85229
585 85447
586 85121
587 86143
588 86293
589 86729
590 86857
591 87211
592 87613
593 87911
594 88129
595 88397
596 88801
597 89101
598 89393
599 89689
600 90001
601 90289
602 90481
603 90901
604 91141
605 91397
606 91801
607 92111
608 92413
609 91909
610 93001
611 93329
612 93637
613 93941
614 94201
615 94447
616 94849
617 95153
618 95401
619 95791
620 96097
621 95419
622 96697
623 97021
624 97021
625 97651
626 97961
627 98227
628 98597
629 98911
630 95257
631 99529
632 99793
633 100153
634 100129
635 100801
636 101089
637 101333
638 101737
639 102079
640 102397
641 102701
642 99793
643 103357
644 103681
645 103951
646 104281
647 104651
648 103681
649 105229
650 105601
651 105769
652 106277
653 106591
654 106921
655 107251
656 107581
657 107857
658 108233
659 108571
660 107137
661 109229
662 109537
663 109891
664 110221
665 110557
666 110881
667 111217
668 111521
669 111871
670 111697
671 112559
672 112573
673 113233
674 113489
675 113797
676 114229
677 114577
678 114913
679 115259
680 115601
681 115831
682 116273
683 116593
684 116929
685 117307
686 117529
687 117991
688 118273
689 118681
690 118801
691 119359
692 119701
693 119953
694 120401
695 120737
696 119809
697 121453
698 121721
699 122149
700 122501
701 122849
702 123121
703 123553
704 123581
705 124147
706 124601
707 124951
708 124021
709 125669
710 126001
711 126271
712 126733
713 127081
714 125929
715 127807
716 128021
717 128521
718 128873
719 129229
720 129457
721 129959
722 130241
723 130681
724 131041
725 131317
726 131041
727 132113
728 132241
729 132859
730 133201
731 133571
732 133813
733 134293
734 134681
735 134947
736 135409
737 135787
738 135937
739 136531
740 136897
741 137251
742 137633
743 138007
744 138349
745 138727
746 139121
747 139501
748 139861
749 140249
750 140617
751 140989
752 141277
753 141697
754 142049
755 142501
756 141121
757 143263
758 143617
759 142381
760 143617
761 144779
762 144073
763 145543
764 145861
765 146197
766 146681
767 147073
768 147457
769 147811
770 148201
771 148609
772 148997
773 149381
774 149689
775 150151
776 150401
777 150427
778 151273
779 151681
780 151201
781 152461
782 152857
783 153271
784 153649
785 154057
786 154369
787 154841
788 155201
789 155521
790 155801
791 156421
792 156817
793 157211
794 157561
795 157951
796 158341
797 158803
798 159193
799 159589
800 160001
801 159589
802 160753
803 161201
804 161569
805 162007
806 162289
807 162703
808 163181
809 163621
810 162937
811 164431
812 164837
813 165133
814 165601
815 166027
816 166429
817 166871
818 167113
819 167311
820 168037
821 168499
822 168913
823 169327
824 169709
825 170101
826 169049
827 170971
828 171253
829 171811
830 172217
831 170749
832 173053
833 173473
834 172801
835 174197
836 174721
837 175141
838 175481
839 175979
840 176401
841 176819
842 177217
843 177553
844 178069
845 178501
846 178921
847 179351
848 179633
849 180181
850 180617
851 181039
852 180181
853 181903
854 182209
855 182701
856 183041
857 183611
858 182953
859 184441
860 184901
861 185221
862 185753
863 186191
864 186481
865 187027
866 187441
867 187921
868 187573
869 188791
870 188137
871 189661
872 190097
873 190261
874 190921
875 191297
876 180181
877 192271
878 192697
879 193051
880 193601
881 193951
882 193393
883 194917
884 195329
885 195787
886 196201
887 196687
888 197137
889 197569
890 198017
891 198469
892 198901
893 199357
894 199729
895 200257
896 200689
897 201151
898 201577
899 202049
900 202357
901 202949
902 203393
903 201961
904 204301
905 204751
906 205201
907 205663
908 206081
909 206551
910 207017
911 207481
912 207037
913 208393
914 208729
915 208927
916 209701
917 210193
918 210601
919 211129
920 211597
921 211879
922 212353
923 212981
924 212869
925 213901
926 214009
927 214831
928 215297
929 215689
930 216217
931 216679
932 217157
933 217351
934 218081
935 218551
936 218989
937 219491
938 219953
939 220411
940 220901
941 221281
942 221401
943 222311
944 222461
945 222877
946 223681
947 224201
948 224677
949 225149
950 225601
951 226099
952 226433
953 227053
954 227089
955 227977
956 228469
957 228961
958 229433
959 229849
960 230257
961 230861
962 231241
963 231841
964 232129
965 232801
966 229321
967 233743
968 234193
969 234721
970 235177
971 235699
972 236053
973 236681
974 237161
975 237547
976 238141
977 238627
978 238897
979 239611
980 240101
981 240589
982 240913
983 241567
984 241921
985 242551
986 242689
987 243487
988 244033
989 244529
990 244297
991 245521
992 246017
993 246511
994 247001
995 247501
996 246709
997 248483
998 248641
999 249499
1000 249857
1001 250501
1002 250993
1003 251501
1004 252001
1005 252001
1006 252481
1007 253507
1008 252253
1009 254519
1010 254977
1011 255511
1012 256033
1013 256541
1014 256609
1015 257501
1016 258061
1017 258067
1018 259033
1019 259459
1020 259201
1021 260609
1022 260761
1023 261631
1024 262109
1025 262657
1026 263089
1027 263677
1028 264133
1029 264601
1030 264697
1031 265739
1032 266221
1033 266767
1034 266449
1035 267301
1036 268069
1037 268843
1038 269281
1039 269879
1040 270337
1041 270271
1042 271393
1043 271853
1044 272449
1045 273001
1046 273521
1047 274033
1048 274177
1049 275059
1050 273601
1051 276151
1052 276673
1053 277183
1054 276209
1055 278237
1056 278209
1057 279311
1058 279817
1059 280351
1060 280897
1061 281431
1062 281737
1063 282493
1064 283009
1065 283501
1066 284041
1067 284623
1068 285121
1069 285661
1070 286001
1071 286651
1072 287297
1073 287821
1074 288361
1075 288907
1076 289381
1077 289603
1078 290497
1079 291041
1080 291457
1081 292141
1082 292673
1083 293221
1084 293749
1085 294277
1086 293329
1087 295387
1088 295937
1089 296479
1090 296801
1091 297481
1092 297793
1093 298651
1094 298681
1095 299701
1096 300301
1097 300851
1098 301177
1099 301949
1100 301601
1101 303049
1102 303593
1103 304153
1104 304561
1105 305237
1106 305761
1107 306253
1108 306913
1109 307471
1110 308017
1111 308569
1112 309137
1113 309637
1114 310169
1115 310801
1116 311329
1117 311881
1118 312401
1119 312931
1120 313597
1121 314161
1122 314641
1123 315281
1124 315829
1125 316297
1126 316961
1127 317503
1128 317773
1129 318641
1130 319201
1131 319681
1132 320293
1133 320923
1134 320401
1135 322057
1136 322589
1137 323137
1138 323641
1139 324329
1140 324901
1141 325459
1142 325993
1143 326611
1144 326701
1145 327757
1146 328249
1147 328901
1148 329473
1149 329941
1150 330097
1151 331171
1152 331777
1153 332263
1154 332921
1155 333451
1156 334069
1157 334661
1158 335161
1159 335821
1160 336397
1161 336961
1162 337537
1163 338141
1164 338581
1165 339307
1166 339841
1167 340453
1168 341057
1169 341641
1170 340201
1171 342799
1172 343393
1173 343963
1174 344209
1175 345067
1176 345601
1177 346331
1178 346873
1179 347509
1180 348097
1181 348671
1182 348553
1183 349871
1184 350429
1185 351037
1186 351529
1187 352237
1188 352837
1189 353429
1190 354017
1191 354619
1192 355073
1193 355811
1194 355969
1195 356977
1196 357569
1197 358201
1198 358793
1199 359389
1200 359101
1201 360589
1202 361033
1203 361747
1204 362081
1205 362987
1206 363529
1207 364213
1208 364801
1209 365419
1210 366001
1211 366631
1212 367201
1213 367841
1214 368369
1215 368947
1216 369661
1217 370261
1218 370873
1219 371491
1220 372037
1221 372709
1222 373297
1223 373903
1224 373969
1225 375157
1226 375761
1227 376003
1228 376933
1229 377599
1230 377137
1231 378821
1232 379441
1233 380071
1234 380641
1235 381301
1236 380629
1237 382541
1238 383153
1239 379999
1240 384301
1241 385001
1242 385417
1243 386263
1244 386689
1245 387397
1246 388081
1247 388711
1248 388477
1249 390001
1250 390097
1251 391249
1252 391873
1253 392503
1254 393121
1255 393727
1256 394369
1257 394993
1258 395201
1259 396269
1260 396577
1261 397519
1262 398113
1263 398683
1264 399409
1265 400051
1266 400681
1267 401321
1268 401957
1269 400429
1270 403057
1271 403861
1272 404497
1273 405091
1274 405689
1275 406027
1276 406981
1277 407573
1278 408241
1279 408959
1280 409597
1281 410239
1282 410857
1283 411503
1284 411841
1285 412807
1286 413089
1287 413911
1288 414737
1289 415381
1290 415801
1291 416659
1292 417317
1293 417961
1294 418601
1295 419201
1296 419329
1297 420551
1298 421177
1299 421831
1300 422101
1301 423121
1302 418177
1303 424451
1304 425101
1305 425701
1306 426401
1307 427043
1308 427717
1309 428369
1310 429017
1311 429679
1312 430333
1313 430987
1314 430921
1315 432301
1316 432961
1317 433513
1318 434201
1319 434939
1320 435277
1321 436231
1322 436913
1323 437527
1324 438241
1325 438887
1326 438049
1327 440227
1328 440893
1329 440911
1330 442217
1331 442879
1332 443413
1333 444181
1334 444841
1335 445537
1336 446221
1337 446893
1338 447481
1339 448159
1340 448801
1341 449569
1342 450217
1343 450913
1344 451441
1345 452227
1346 452401
1347 453601
1348 454277
1349 454931
1350 455401
1351 456119
1352 456877
1353 457651
1354 457889
1355 459007
1356 459649
1357 460231
1358 461017
1359 460531
1360 462401
1361 462899
1362 463753
1363 464437
1364 465089
1365 464617
1366 466441
1367 467171
1368 467713
1369 468499
1370 468697
1371 469891
1372 470597
1373 471283
1374 471241
1375 472151
1376 473201
1377 473923
1378 474497
1379 475381
1380 476101
1381 476719
1382 477361
1383 478171
1384 478861
1385 479317
1386 480169
1387 480941
1388 481633
1389 481681
1390 483017
1391 483719
1392 484417
1393 485113
1394 485729
1395 486397
1396 486949
1397 487897
1398 488161
1399 489299
1400 490001
1401 490591
1402 491377
1403 492103
1404 492769
1405 493397
1406 494129
1407 494803
1408 495617
1409 496291
1410 497017
1411 497729
1412 498401
1413 499141
1414 499801
1415 500527
1416 501229
1417 501971
1418 502633
1419 503389
1420 504001
1421 504799
1422 505513
1423 506213
1424 506941
1425 507151
1426 508009
1427 509071
1428 509797
1429 510481
1430 511201
1431 511939
1432 512657
1433 513371
1434 514081
1435 514751
1436 515381
1437 516223
1438 516793
1439 517639
1440 517501
1441 519121
1442 519817
1443 520381
1444 521281
1445 521897
1446 522289
1447 523433
1448 524113
1449 524899
1450 525457
1451 525649
1452 526501
1453 527803
1454 528001
1455 529237
1456 529981
1457 530713
1458 530713
1459 532159
1460 532801
1461 532981
1462 534241
1463 535037
1464 534529
1465 536467
1466 537281
1467 537913
1468 538721
1469 539479
1470 540217
1471 540961
1472 541693
1473 542323
1474 543161
1475 543901
1476 544501
1477 545371
1478 546097
1479 546859
1480 547601
1481 548069
1482 549001
1483 549817
1484 550369
1485 551197
1486 552001
1487 552793
1488 552241
1489 554269
1490 554977
1491 555661
1492 556513
1493 557261
1494 557281
1495 558757
1496 559469
1497 560233
1498 560977
1499 561409
1500 562501
1501 563249
1502 563881
1503 564643
1504 565489
1505 566227
1506 565921
1507 567761
1508 568481
1509 569269
1510 570001
1511 570781
1512 570961
1513 572281
1514 572969
1515 573787
1516 574529
1517 575317
1518 576001
1519 576769
1520 577601
1521 578251
1522 579113
1523 579883
1524 578881
1525 581407
1526 582161
1527 582931
1528 583697
1529 584279
1530 585217
1531 585989
1532 586741
1533 587467
1534 588241
1535 589027
1536 589681
1537 590593
1538 591193
1539 592129
1540 592897
1541 593651
1542 593353
1543 595207
1544 595981
1545 596737
1546 597521
1547 598303
1548 598933
1549 599831
1550 600601
1551 601291
1552 602141
1553 602951
1554 597169
1555 604477
1556 605249
1557 605953
1558 606833
1559 607619
1560 608401
1561 609179
1562 609913
1563 610741
1564 610849
1565 612307
1566 613009
1567 613861
1568 614657
1569 615259
1570 615497
1571 617011
1572 617761
1573 618581
1574 619009
1575 617707
1576 620929
1577 621721
1578 622513
1579 623299
1580 624097
1581 624709
1582 625657
1583 626443
1584 625969
1585 628057
1586 628841
1587 629623
1588 630433
1589 631229
1590 628057
1591 632221
1592 633613
1593 634141
1594 634681
1595 635977
1596 620929
1597 637603
1598 638233
1599 639181
1600 639997
1601 640771
1602 641521
1603 642403
1604 643061
1605 639451
1606 644801
1607 645611
1608 646273
1609 647219
1610 647401
1611 648649
1612 649633
1613 650413
1614 651169
1615 651901
1616 652849
1617 653617
1618 654257
1619 655289
1620 653797
1621 656891
1622 657497
1623 658477
1624 658321
1625 660157
1626 660529
1627 661777
1628 662401
1629 663409
1630 664177
1631 665039
1632 665857
1633 666671
1634 667441
1635 667801
1636 669121
1637 669943
1638 670321
1639 671581
1640 671917
1641 673201
1642 674017
1643 674857
1644 675541
1645 676297
1646 677321
1647 678133
1648 678941
1649 679781
1650 680401
1651 681451
1652 682277
1653 683083
1654 683489
1655 684757
1656 684289
1657 686173
1658 687233
1659 687961
1660 688757
1661 689641
1662 690553
1663 691381
1664 692221
1665 693037
1666 693881
1667 694721
1668 694261
1669 696379
1670 697217
1671 697951
1672 698701
1673 699733
1674 700561
1675 701401
1676 702101
1677 703081
1678 703897
1679 704761
1680 705277
1681 706369
1682 706921
1683 707131
1684 708641
1685 709777
1686 710641
1687 711463
1688 712321
1689 712909
1690 713737
1691 714869
1692 715681
1693 716563
1694 717289
1695 717751
1696 719101
1697 719951
1698 720793
1699 721631
1700 721057
1701 723169
1702 724153
1703 725041
1704 724609
1705 726751
1706 727561
1707 728281
1708 729301
1709 729931
1710 730297
1711 731881
1712 732673
1713 733591
1714 734401
1715 735307
1716 734869
1717 737017
1718 737873
1719 738721
1720 739601
1721 740461
1722 738721
1723 742153
1724 742981
1725 743851
1726 744761
1727 745631
1728 746497
1729 747361
1730 748217
1731 748981
1732 749941
1733 750817
1734 751609
1735 752527
1736 753421
1737 754183
1738 755137
1739 756011
1740 755137
1741 757751
1742 758633
1743 759457
1744 760321
1745 761251
1746 762121
1747 763001
1748 763621
1749 763111
1750 765577
1751 766501
1752 766477
1753 768241
1754 769081
1755 769987
1756 770881
1757 771763
1758 771553
1759 773501
1760 774337
1761 774901
1762 776137
1763 777041
1764 777781
1765 778777
1766 779609
1767 780553
1768 781453
1769 782339
1770 782497
1771 784109
1772 784981
1773 785773
1774 786329
1775 787601
1776 786241
1777 789391
1778 790241
1779 791209
1780 792101
1781 792991
1782 792793
1783 794743
1784 795661
1785 796447
1786 797281
1787 798331
1788 799093
1789 800131
1790 801001
1791 801811
1792 802141
1793 803623
1794 779329
1795 805507
1796 806389
1797 807193
1798 808177
1799 809101
1800 809101
1801 810881
1802 811777
1803 812701
1804 813601
1805 814501
1806 815401
1807 816271
1808 817153
1809 818101
1810 819017
1811 819911
1812 820837
1813 821741
1814 822361
1815 823447
1816 824401
1817 825361
1818 826201
1819 827161
1820 828101
1821 828901
1822 829841
1823 830833
1824 831709
1825 832627
1826 833449
1827 833977
1828 835253
1829 836299
1830 836497
1831 838141
1832 838993
1833 839791
1834 840841
1835 841801
1836 842581
1837 843643
1838 844553
1839 845371
1840 846401
1841 847321
1842 848017
1843 849161
1844 850081
1845 850951
1846 851881
1847 852851
1848 852013
1849 854629
1850 855601
1851 856549
1852 857333
1853 858397
1854 859321
1855 860257
1856 861121
1857 861733
1858 863017
1859 863959
1860 864901
1861 865829
1862 866737
1863 867511
1864 868561
1865 869551
1866 870049
1867 871393
1868 872353
1869 873109
1870 874217
1871 875141
1872 876097
1873 877027
1874 877609
1875 878851
1876 879701
1877 880727
1878 881641
1879 882659
1880 883537
1881 884269
1882 885473
1883 886421
1884 886069
1885 888287
1886 889081
1887 890083
1888 891133
1889 892079
1890 891001
1891 893929
1892 894917
1893 895861
1894 896521
1895 897751
1896 898669
1897 899611
1898 900593
1899 901441
1900 902501
1901 903451
1902 903673
1903 905347
1904 906289
1905 907237
1906 908129
1907 909151
1908 909973
1909 910981
1910 911737
1911 912979
1912 913933
1913 914891
1914 915769
1915 916787
1916 917729
1917 918613
1918 919393
1919 920641
1920 921601
1921 922561
1922 923513
1923 924463
1924 925409
1925 926377
1926 927361
1927 928331
1928 929293
1929 930079
1930 927001
1931 932189
1932 933157
1933 934121
1934 934561
1935 935677
1936 937009
1937 937991
1938 938953
1939 939931
1940 940801
1941 941599
1942 942401
1943 943801
1944 931789
1945 945701
1946 946681
1947 947647
1948 948533
1949 949651
1950 950617
1951 951589
1952 952573
1953 953551
1954 954409
1955 955501
1956 956341
1957 957433
1958 958393
1959 959149
1960 960077
1961 961339
1962 961633
1963 963343
1964 964309
1965 965197
1966 966241
1967 967261
1968 968113
1969 969239
1970 970217
1971 971029
1972 972197
1973 973177
1974 974161
1975 975157
1976 976109
1977 977023
1978 978113
1979 979109
1980 979201
1981 981091
1982 982057
1983 982801
1984 983809
1985 985057
1986 985969
1987 987043
1988 988033
1989 989029
1990 990001
1991 991009
1992 991981
1993 993011
1994 993961
1995 994501
1996 996001
1997 997001
1998 997273
1999 998989
2000 999217
2001 1000999
2002 1001977
2003 1003003
2004 1002709
2005 1005007
2006 1005481
2007 1006633
2008 1008017
2009 1008991
2010 1008937
2011 1011029
2012 1011973
2013 1013041
2014 1013609
2015 1015057
2016 1014301
2017 1017061
2018 1018057
2019 1019071
2020 1020101
2021 1021091
2022 1022113
2023 1023133
2024 1023949
2025 1025137
2026 1025641
2027 1027181
2028 1025281
2029 1029209
2030 1030201
2031 1030429
2032 1032221
2033 1033273
2034 1034281
2035 1035301
2036 1036261
2037 1037233
2038 1038337
2039 1039351
2040 1038637
2041 1041421
2042 1042273
2043 1043191
2044 1044289
2045 1045507
2046 1046449
2047 1047551
2048 1048573
2049 1049599
2050 1050457
2051 1051649
2052 1052533
2053 1053697
2054 1054721
2055 1055737
2056 1056721
2057 1057807
2058 1057753
2059 1059871
2060 1059137
2061 1061911
2062 1062913
2063 1063987
2064 1064989
2065 1066001
2066 1067009
2067 1068103
2068 1069141
2069 1070189
2070 1070497
2071 1072231
2072 1073297
2073 1074277
2074 1075289
2075 1076401
2076 1077301
2077 1078471
2078 1079473
2079 1080559
2080 1081501
2081 1082629
2082 1083601
2083 1084723
2084 1085509
2085 1086301
2086 1087841
2087 1088851
2088 1089793
2089 1090979
2090 1091737
2091 1093069
2092 1094101
2093 1095161
2094 1096201
2095 1097237
2096 1098301
2097 1099171
2098 1100377
2099 1101439
2100 1074277
2101 1103549
2102 1104377
2103 1105651
2104 1106689
2105 1107751
2106 1108801
2107 1109861
2108 1110917
2109 1110979
2110 1112977
2111 1114039
2112 1113373
2113 1116187
2114 1117169
2115 1118197
2116 1119221
2117 1120423
2118 1121257
2119 1122529
2120 1123601
2121 1124659
2122 1125713
2123 1126781
2124 1127809
2125 1128901
2126 1129889
2127 1130527
2128 1131997
2129 1133159
2130 1130257
2131 1135291
2132 1136357
2133 1137403
2134 1138441
2135 1139557
2136 1139329
2137 1141453
2138 1142737
2139 1143829
2140 1144901
2141 1145971
2142 1144441
2143 1148111
2144 1148989
2145 1149607
2146 1151209
2147 1152397
2148 1153441
2149 1154551
2150 1155617
2151 1156699
2152 1157773
2153 1158847
2154 1159489
2155 1161007
2156 1162081
2157 1163143
2158 1164217
2159 1165301
2160 1166401
2161 1167469
2162 1168553
2163 1169587
2164 1170721
2165 1171801
2166 1171801
2167 1173961
2168 1175021
2169 1176121
2170 1177201
2171 1178269
2172 1179253
2173 1180477
2174 1181561
2175 1182547
2176 1183729
2177 1184791
2178 1185697
2179 1187009
2180 1188037
2181 1189189
2182 1190201
2183 1191373
2184 1192141
2185 1193557
2186 1194601
2187 1195741
2188 1196837
2189 1197929
2190 1198297
2191 1200109
2192 1201217
2193 1202293
2194 1203361
2195 1204507
2196 1204309
2197 1206703
2198 1207721
2199 1208791
2200 1209517
2201 1211081
2202 1212121
2203 1213301
2204 1214401
2205 1215451
2206 1216601
2207 1217683
2208 1217917
2209 1219919
2210 1220801
2211 1222129
2212 1223237
2213 1224337
2214 1225009
2215 1226557
2216 1227649
2217 1228501
2218 1229873
2219 1230949
2220 1231201
2221 1233209
2222 1234241
2223 1235431
2224 1236541
2225 1237627
2226 1238761
2227 1239877
2228 1240741
2229 1242001
2230 1242937
2231 1243961
2232 1245421
2233 1246573
2234 1247641
2235 1248697
2236 1249921
2237 1251043
2238 1251937
2239 1253279
2240 1254301
2241 1255519
2242 1256617
2243 1257721
2244 1257589
2245 1259977
2246 1261121
2247 1262143
2248 1263377
2249 1264499
2250 1265617
2251 1266751
2252 1267873
2253 1269001
2254 1269601
2255 1271251
2256 1271089
2257 1273507
2258 1274633
2259 1275751
2260 1276897
2261 1278031
2262 1279081
2263 1280291
2264 1281389
2265 1282051
2266 1283521
2267 1284823
2268 1285813
2269 1287071
2270 1288201
2271 1289341
2272 1290433
2273 1291603
2274 1292329
2275 1293797
2276 1294849
2277 1296181
2278 1297313
2279 1298371
2280 1299601
2281 1300711
2282 1301857
2283 1302841
2284 1304129
2285 1305307
2286 1304929
2287 1307591
2288 1308737
2289 1309699
2290 1311001
2291 1312169
2292 1313317
2293 1314463
2294 1315441
2295 1316647
2296 1317761
2297 1319053
2298 1315441
2299 1321351
2300 1322501
2301 1323649
2302 1324753
2303 1325941
2304 1326781
2305 1328237
2306 1329241
2307 1330453
2308 1331573
2309 1332841
2310 1323001
2311 1334719
2312 1336337
2313 1337383
2314 1338641
2315 1339777
2316 1340929
2317 1342111
2318 1343257
2319 1344169
2320 1345537
2321 1346629
2322 1347481
2323 1349077
2324 1350229
2325 1351387
2326 1352521
2327 1353733
2328 1354321
2329 1356059
2330 1357201
2331 1358281
2332 1359521
2333 1360613
2334 1361809
2335 1363051
2336 1364221
2337 1365373
2338 1366481
2339 1367711
2340 1367137
2341 1370069
2342 1371217
2343 1372411
2344 1373521
2345 1374601
2346 1375921
2347 1377031
2348 1378277
2349 1379449
2350 1379897
2351 1381759
2352 1382977
2353 1384043
2354 1384601
2355 1385101
2356 1387681
2357 1388791
2358 1389961
2359 1391011
2360 1391917
2361 1393471
2362 1394753
2363 1395943
2364 1395829
2365 1398307
2366 1399441
2367 1400653
2368 1401857
2369 1403021
2370 1403137
2371 1405171
2372 1406593
2373 1407727
2374 1408961
2375 1409917
2376 1411021
2377 1412527
2378 1413673
2379 1414801
2380 1416097
2381 1417279
2382 1418257
2383 1419673
2384 1420721
2385 1421677
2386 1423129
2387 1424443
2388 1425601
2389 1426811
2390 1427737
2391 1429201
2392 1430413
2393 1431613
2394 1432801
2395 1433767
2396 1435201
2397 1436221
2398 1437577
2399 1438771
2400 1438237
2401 1441201
2402 1442393
2403 1443331
2404 1444801
2405 1446007
2406 1443961
2407 1448411
2408 1449601
2409 1450819
2410 1450177
2411 1453201
2412 1453537
2413 1455613
2414 1456561
2415 1457551
2416 1459261
2417 1460467
2418 1461601
2419 1462891
2420 1464101
2421 1465129
2422 1466473
2423 1467703
2424 1468801
2425 1470151
2426 1471361
2427 1472203
2428 1473793
2429 1474999
2430 1476217
2431 1477369
2432 1478593
2433 1479871
2434 1481041
2435 1482307
2436 1476469
2437 1484741
2438 1485937
2439 1487179
2440 1488337
2441 1489531
2442 1490833
2443 1492063
2444 1493281
2445 1493101
2446 1495561
2447 1496941
2448 1498141
2449 1499389
2450 1500337
2451 1501849
2452 1502933
2453 1504297
2454 1505521
2455 1506157
2456 1507921
2457 1509031
2458 1510417
2459 1511669
2460 1504801
2461 1514131
2462 1515313
2463 1516591
2464 1517569
2465 1519051
2466 1519561
2467 1521391
2468 1522693
2469 1519831
2470 1525217
2471 1526449
2472 1527553
2473 1528823
2474 1529081
2475 1531297
2476 1532581
2477 1533881
2478 1535041
2479 1536349
2480 1537457
2481 1538839
2482 1540073
2483 1541317
2484 1542421
2485 1543777
2486 1545041
2487 1546291
2488 1547537
2489 1548779
2490 1546057
2491 1551269
2492 1552517
2493 1553743
2494 1554841
2495 1556251
2496 1557469
2497 1558681
2498 1559777
2499 1561069
2500 1562357
2501 1563739
2502 1564993
2503 1566251
2504 1567469
2505 1568377
2506 1569961
2507 1571233
2508 1571221
2509 1573771
2510 1574857
2511 1575631
2512 1577533
2513 1578793
2514 1580041
2515 1581287
2516 1582549
2517 1583767
2518 1585033
2519 1586339
2520 1584001
2521 1588861
2522 1590073
2523 1591363
2524 1592609
2525 1593887
2526 1594729
2527 1596433
2528 1597693
2529 1598941
2530 1600217
2531 1601489
2532 1602721
2533 1604021
2534 1605209
2535 1606537
2536 1607821
2537 1609087
2538 1610353
2539 1611601
2540 1611877
2541 1613179
2542 1615433
2543 1616711
2544 1617949
2545 1619257
2546 1620449
2547 1621621
2548 1623077
2549 1624351
2550 1622377
2551 1626901
2552 1628177
2553 1629451
2554 1630721
2555 1631951
2556 1633249
2557 1634557
2558 1635817
2559 1636849
2560 1637617
2561 1639609
2562 1640953
2563 1642243
2564 1643461
2565 1644751
2566 1645801
2567 1647361
2568 1648513
2569 1649831
2570 1651201
2571 1652509
2572 1653697
2573 1655077
2574 1655281
2575 1657651
2576 1658941
2577 1660231
2578 1661441
2579 1662781
2580 1664101
2581 1664461
2582 1666657
2583 1667917
2584 1669249
2585 1670551
2586 1671121
2587 1673137
2588 1674437
2589 1675459
2590 1677001
2591 1678321
2592 1679473
2593 1680907
2594 1680689
2595 1683397
2596 1684801
2597 1685863
2598 1687393
2599 1688681
2600 1689601
2601 1691119
2602 1692433
2603 1693891
2604 1695061
2605 1696501
2606 1696969
2607 1699111
2608 1700353
2609 1701719
2610 1702801
2611 1704289
2612 1705637
2613 1706437
2614 1708169
2615 1709527
2616 1703809
2617 1712173
2618 1713457
2619 1714789
2620 1716037
2621 1717399
2622 1718713
2623 1720031
2624 1721201
2625 1722601
2626 1723961
2627 1725173
2628 1726597
2629 1727911
2630 1729001
2631 1730431
2632 1731857
2633 1733143
2634 1734049
2635 1735807
2636 1737089
2637 1738423
2638 1739641
2639 1741079
2640 1742401
2641 1743701
2642 1744993
2643 1746343
2644 1747541
2645 1749001
2646 1747729
2647 1751653
2648 1752977
2649 1753651
2650 1755401
2651 1756939
2652 1753093
2653 1759573
2654 1760921
2655 1761751
2656 1763549
2657 1764901
2658 1766161
2659 1767569
2660 1768801
2661 1769851
2662 1771481
2663 1772893
2664 1773649
2665 1775551
2666 1776881
2667 1778221
2668 1779541
2669 1780879
2670 1780201
2671 1783531
2672 1784833
2673 1785961
2674 1787561
2675 1788901
2676 1790209
2677 1791563
2678 1792913
2679 1793989
2680 1795601
2681 1796941
2682 1798273
2683 1799621
2684 1800961
2685 1802287
2686 1803569
2687 1804993
2688 1806193
2689 1807609
2690 1808977
2691 1809991
2692 1811681
2693 1812907
2694 1813969
2695 1815647
2696 1817041
2697 1818451
2698 1819577
2699 1821151
2700 1822501
2701 1823849
2702 1825193
2703 1826443
2704 1827901
2705 1829257
2706 1829089
2707 1831933
2708 1833317
2709 1834669
2710 1835737
2711 1837379
2712 1837837
2713 1840087
2714 1841401
2715 1841401
2716 1844021
2717 1845521
2718 1846657
2719 1848241
2720 1849457
2721 1850941
2722 1852273
2723 1853671
2724 1853749
2725 1856297
2726 1857761
2727 1859023
2728 1860301
2729 1861861
2730 1798201
2731 1864591
2732 1865957
2733 1867321
2734 1868641
2735 1869947
2736 1870129
2737 1872763
2738 1874153
2739 1875529
2740 1876417
2741 1878229
2742 1878913
2743 1880993
2744 1882369
2745 1883737
2746 1884601
2747 1886503
2748 1887877
2749 1889221
2750 1890617
2751 1891189
2752 1893377
2753 1894741
2754 1894609
2755 1897127
2756 1898881
2757 1900153
2758 1901353
2759 1902991
2760 1903501
2761 1905781
2762 1907153
2763 1908523
2764 1909909
2765 1911251
2766 1912681
2767 1914067
2768 1915313
2769 1916839
2770 1917697
2771 1919591
2772 1917397
2773 1922383
2774 1923689
2775 1925047
2776 1926541
2777 1927903
2778 1927297
2779 1930249
2780 1932037
2781 1933471
2782 1934833
2783 1936183
2784 1937629
2785 1939057
2786 1940401
2787 1941733
2788 1943237
2789 1944521
2790 1946017
2791 1947419
2792 1948801
2793 1950211
2794 1951601
2795 1953001
2796 1954369
2797 1955801
2798 1957121
2799 1958419
2800 1959857
2801 1961381
2802 1962577
2803 1964203
2804 1965541
2805 1966897
2806 1968401
2807 1969811
2808 1971181
2809 1972591
2810 1973977
2811 1975321
2812 1976837
2813 1978201
2814 1979209
2815 1981037
2816 1982401
2817 1983871
2818 1985257
2819 1986689
2820 1988101
2821 1989499
2822 1990753
2823 1990927
2824 1993729
2825 1994947
2826 1996129
2827 1997911
2828 1999297
2829 2000629
2830 2002001
2831 2003641
2832 2005057
2833 2006461
2834 2007881
2835 2009251
2836 2010721
2837 2012123
2838 2013553
2839 2014979
2840 2016401
2841 2017801
2842 2019217
2843 2020663
2844 2022049
2845 2023507
2846 2024881
2847 2026351
2848 2027713
2849 2029199
2850 2030617
2851 2032039
2852 2033461
2853 2034793
2854 2036161
2855 2037757
2856 2036269
2857 2040607
2858 2042017
2859 2043289
2860 2044901
2861 2046311
2862 2043793
2863 2049191
2864 2050621
2865 2051947
2866 2053201
2867 2054917
2868 2056357
2869 2057791
2870 2059217
2871 2060551
2872 2062061
2873 2063521
2874 2064961
2875 2066101
2876 2067781
2877 2069227
2878 2070641
2879 2072131
2880 2073601
2881 2075041
2882 2076433
2883 2077813
2884 2079169
2885 2080807
2886 2081809
2887 2083693
2888 2085133
2889 2085931
2890 2087857
2891 2089441
2892 2090593
2893 2092351
2894 2093801
2895 2095237
2896 2096449
2897 2098153
2898 2099593
2899 2101051
2900 2102497
2901 2103769
2902 2105377
2903 2106847
2904 2101249
2905 2109727
2906 2111129
2907 2112013
2908 2114113
2909 2115571
2910 2116801
2911 2118371
2912 2119937
2913 2121373
2914 2122489
2915 2124277
2916 2125621
2917 2127133
2918 2128601
2919 2130031
2920 2131601
2921 2133059
2922 2133793
2923 2135971
2924 2137441
2925 2138797
2926 2139409
2927 2141827
2928 2143261
2929 2144759
2930 2146201
2931 2147419
2932 2149141
2933 2150567
2934 2152009
2935 2153551
2936 2155009
2937 2156491
2938 2157913
2939 2159419
2940 2160001
2941 2162359
2942 2163761
2943 2165131
2944 2166721
2945 2167327
2946 2169649
2947 2171203
2948 2172673
2949 2174131
2950 2175601
2951 2177101
2952 2178541
2953 2180051
2954 2181449
2955 2182897
2956 2184001
2957 2185921
2958 2187217
2959 2188919
2960 2190337
2961 2191069
2962 2193353
2963 2194537
2964 2196289
2965 2197697
2966 2199209
2967 2200771
2968 2202253
2969 2203741
2970 2205001
2971 2206709
2972 2208097
2973 2209663
2974 2211161
2975 2212657
2976 2214001
2977 2215561
2978 2217113
2979 2218609
2980 2215201
2981 2221589
2982 2206441
2983 2224571
2984 2226001
2985 2227501
2986 2229041
2987 2230541
2988 2232037
2989 2233531
2990 2233937
2991 2236519
2992 2238013
2993 2239357
2994 2236249
2995 2242127
2996 2243809
2997 2245501
2998 2246977
2999 2248489
3000 2248237
3001 2251489
3002 2252953
3003 2254501
3004 2255989
3005 2257487
3006 2255761
3007 2260501
3008 2262017
3009 2263519
3010 2265001
3011 2266531
3012 2268001
3013 2269537
3014 2271041
3015 2272537
3016 2274049
3017 2275561
3018 2277001
3019 2278519
3020 2280097
3021 2281429
3022 2282897
3023 2284631
3024 2285821
3025 2287627
3026 2288809
3027 2290627
3028 2292193
3029 2293579
3030 2295001
3031 2296741
3032 2298193
3033 2299771
3034 2301281
3035 2302787
3036 2303029
3037 2305837
3038 2307281
3039 2308699
3040 2308637
3041 2311921
3042 2313433
3043 2314957
3044 2316481
3045 2317951
3046 2319521
3047 2321041
3048 2322577
3049 2323969
3050 2325097
3051 2327131
3052 2328533
3053 2330203
3054 2331649
3055 2333237
3056 2334781
3057 2336311
3058 2337793
3059 2339371
3060 2340757
3061 2342419
3062 2343881
3063 2345383
3064 2346829
3065 2348447
3066 2350081
3067 2351617
3068 2353121
3069 2354311
3070 2356001
3071 2357749
3072 2359261
3073 2360833
3074 2362249
3075 2363797
3076 2365381
3077 2366851
3078 2368441
3079 2370061
3080 2369837
3081 2373139
3082 2374633
3083 2376203
3084 2377729
3085 2379277
3086 2380841
3087 2382337
3088 2383933
3089 2385451
3090 2387017
3091 2388569
3092 2390117
3093 2391157
3094 2393161
3095 2394757
3096 2395009
3097 2397853
3098 2399113
3099 2400949
3100 2402501
3101 2404009
3102 2402353
3103 2407147
3104 2408689
3105 2410201
3106 2411729
3107 2413357
3108 2414593
3109 2416459
3110 2418001
3111 2419579
3112 2421137
3113 2422691
3114 2424241
3115 2425777
3116 2427349
3117 2428651
3118 2430457
3119 2432041
3120 2431837
3121 2435161
3122 2436713
3123 2438281
3124 2439781
3125 2441407
3126 2442889
3127 2444531
3128 2446097
3129 2447551
3130 2449177
3131 2450779
3132 2452357
3133 2453923
3134 2455129
3135 2457001
3136 2458609
3137 2460193
3138 2460673
3139 2463319
3140 2464901
3141 2466091
3142 2467961
3143 2469583
3144 2471149
3145 2472737
3146 2474321
3147 2475883
3148 2477413
3149 2479049
3150 2480617
3151 2482199
3152 2483777
3153 2485243
3154 2486761
3155 2488417
3156 2489761
3157 2491661
3158 2493233
3159 2494819
3160 2496401
3161 2497951
3162 2499337
3163 2501143
3164 2502581
3165 2504251
3166 2505809
3167 2507473
3168 2508481
3169 2510551
3170 2512217
3171 2513809
3172 2515397
3173 2516981
3174 2518561
3175 2520151
3176 2521681
3177 2523223
3178 2524913
3179 2526401
3180 2525797
3181 2529691
3182 2531233
3183 2532853
3184 2534449
3185 2536057
3186 2536921
3187 2539231
3188 2540821
3189 2542429
3190 2541817
3191 2545619
3192 2547073
3193 2548813
3194 2550329
3195 2551987
3196 2553601
3197 2555197
3198 2556793
3199 2558219
3200 2559937
3201 2561491
3202 2563193
3203 2564747
3204 2566261
3205 2568001
3206 2569529
3207 2571031
3208 2572781
3209 2574409
3210 2575801
3211 2577611
3212 2579221
3213 2580841
3214 2582441
3215 2584037
3216 2585521
3217 2587271
3218 2588441
3219 2590381
3220 2591777
3221 2593691
3222 2595097
3223 2596933
3224 2598509
3225 2600137
3226 2601761
3227 2603371
3228 2604997
3229 2606269
3230 2607601
3231 2609731
3232 2611457
3233 2613073
3234 2614681
3235 2616287
3236 2617141
3237 2619433
3238 2621137
3239 2622761
3240 2624257
3241 2626021
3242 2627617
3243 2629261
3244 2630741
3245 2632477
3246 2633689
3247 2635747
3248 2637373
3249 2637361
3250 2640577
3251 2642239
3252 2643733
3253 2645431
3254 2647081
3255 2648377
3256 2650381
3257 2652011
3258 2653633
3259 2655259
3260 2656757
3261 2658349
3262 2660137
3263 2661781
3264 2662129
3265 2665057
3266 2666641
3267 2668213
3268 2669857
3269 2671589
3270 2673217
3271 2674849
3272 2676493
3273 2678131
3274 2679241
3275 2681387
3276 2677861
3277 2684663
3278 2686273
3279 2687851
3280 2689601
3281 2691239
3282 2692801
3283 2694511
3284 2696021
3285 2697697
3286 2699369
3287 2701091
3288 2702737
3289 2704381
3290 2706017
3291 2707651
3292 2709313
3293 2710963
3294 2712529
3295 2714227
3296 2715649
3297 2717497
3298 2719193
3299 2720849
3300 2720737
3301 2724151
3302 2725361
3303 2727451
3304 2729101
3305 2730751
3306 2732329
3307 2734007
3308 2735717
3309 2737351
3310 2739017
3311 2740301
3312 2742013
3313 2743991
3314 2745569
3315 2746801
3316 2748769
3317 2750623
3318 2752201
3319 2753941
3320 2755601
3321 2757259
3322 2758897
3323 2760577
3324 2760949
3325 2763751
3326 2765281
3327 2767231
3328 2768897
3329 2770549
3330 2771497
3331 2773891
3332 2775457
3333 2777113
3334 2778049
3335 2780527
3336 2782081
3337 2783887
3338 2785513
3339 2787229
3340 2788417
3341 2790569
3342 2792161
3343 2793911
3344 2795521
3345 2796877
3346 2798921
3347 2800601
3348 2802277
3349 2803939
3350 2805601
3351 2807191
3352 2808977
3353 2810653
3354 2811241
3355 2814001
3356 2815669
3357 2817361
3358 2818817
3359 2820709
3360 2821501
3361 2824079
3362 2825033
3363 2827387
3364 2829121
3365 2830801
3366 2830969
3367 2834171
3368 2835857
3369 2837431
3370 2839217
3371 2840911
3372 2842597
3373 2844277
3374 2845529
3375 2847601
3376 2849201
3377 2850851
3378 2852281
3379 2854399
3380 2856097
3381 2857609
3382 2859473
3383 2861161
3384 2862829
3385 2864557
3386 2865521
3387 2867941
3388 2869621
3389 2871289
3390 2871937
3391 2874721
3392 2876221
3393 2878093
3394 2879801
3395 2881397
3396 2883061
3397 2884901
3398 2886593
3399 2888299
3400 2890001
3401 2891701
3402 2893393
3403 2895103
3404 2896769
3405 2898451
3406 2900129
3407 2901911
3408 2903581
3409 2905319
3410 2906857
3411 2908621
3412 2910433
3413 2912141
3414 2912761
3415 2915557
3416 2917261
3417 2918593
3418 2920633
3419 2922391
3420 2920501
3421 2925809
3422 2927473
3423 2929231
3424 2930689
3425 2932651
3426 2934361
3427 2936077
3428 2937793
3429 2939401
3430 2941201
3431 2942809
3432 2944657
3433 2946373
3434 2948041
3435 2948167
3436 2951269
3437 2953243
3438 2954737
3439 2956651
3440 2958257
3441 2960101
3442 2961113
3443 2963551
3444 2965141
3445 2966987
3446 2968681
3447 2970433
3448 2972141
3449 2973889
3450 2968057
3451 2976971
3452 2979073
3453 2980801
3454 2982521
3455 2984237
3456 2985949
3457 2987707
3458 2989417
3459 2990899
3460 2992837
3461 2994611
3462 2995633
3463 2998081
3464 2999629
3465 3001501
3466 3003281
3467 3005011
3468 3004993
3469 3008449
3470 3010177
3471 3011959
3472 3013697
3473 3015421
3474 3012409
3475 3018667
3476 3020581
3477 3022363
3478 3023897
3479 3025849
3480 3027457
3481 3029339
3482 3031001
3483 3032767
3484 3034561
3485 3036301
3486 3031489
3487 3039737
3488 3041473
3489 3043009
3490 3045017
3491 3046661
3492 3047617
3493 3050263
3494 3051929
3495 3052351
3496 3055501
3497 3057253
3498 3058921
3499 3060749
3500 3062497
3501 3064141
3502 3065833
3503 3067747
3504 3069361
3505 3071251
3506 3072929
3507 3074707
3508 3076417
3509 3078259
3510 3080017
3511 3081779
3512 3083537
3513 3085273
3514 3086089
3515 3088807
3516 3089269
3517 3092321
3518 3094073
3519 3095839
3520 3097537
3521 3099359
3522 3101041
3523 3102881
3524 3104641
3525 3106387
3526 3107809
3527 3109921
3528 3110797
3529 3113459
3530 3115201
3531 3116809
3532 3118757
3533 3120493
3534 3122281
3535 3124057
3536 3125821
3537 3127483
3538 3129193
3539 3131041
3540 3131137
3541 3134671
3542 3136433
3543 3138193
3544 3139841
3545 3141667
3546 3142441
3547 3145297
3548 3147077
3549 3148741
3550 3150617
3551 3152399
3552 3154141
3553 3155923
3554 3157001
3555 3159451
3556 3161089
3557 3163051
3558 3164761
3559 3166549
3560 3168257
3561 3170179
3562 3171913
3563 3173633
3564 3173761
3565 3177217
3566 3178729
3567 3180223
3568 3182657
3569 3184169
3570 3186217
3571 3187969
3572 3189793
3573 3191527
3574 3193361
3575 3195151
3576 3196909
3577 3198733
3578 3200401
3579 3202201
3580 3204101
3581 3205879
3582 3202921
3583 3209467
3584 3211069
3585 3212947
3586 3214681
3587 3216637
3588 3218437
3589 3220219
3590 3221497
3591 3223009
3592 3225517
3593 3227281
3594 3228769
3595 3231001
3596 3232769
3597 3234601
3598 3236377
3599 3238199
3600 3239857
3601 3241801
3602 3243521
3603 3245401
3604 3246721
3605 3248977
3606 3250801
3607 3252607
3608 3254353
3609 3256039
3610 3258001
3611 3259829
3612 3258037
3613 3263443
3614 3265201
3615 3267037
3616 3268861
3617 3270671
3618 3272473
3619 3274291
3620 3275957
3621 3277801
3622 3279673
3623 3281533
3624 3281041
3625 3285127
3626 3286849
3627 3288781
3628 3290593
3629 3292411
3630 3293497
3631 3296039
3632 3297857
3633 3299617
3634 3301481
3635 3302927
3636 3304981
3637 3306943
3638 3308713
3639 3310399
3640 3312077
3641 3314219
3642 3315817
3643 3317857
3644 3319621
3645 3320101
3646 3323249
3647 3325123
3648 3326977
3649 3328799
3650 3330617
3651 3332431
3652 3334273
3653 3336103
3654 3337489
3655 3339751
3656 3341389
3657 3343141
3658 3345233
3659 3346999
3660 3348577
3661 3350729
3662 3352537
3663 3354391
3664 3356209
3665 3358057
3666 3359809
3667 3361667
3668 3363541
3669 3365389
3670 3367057
3671 3369059
3672 3368593
3673 3372731
3674 3374521
3675 3376297
3676 3378229
3677 3379741
3678 3381913
3679 3383741
3680 3385201
3681 3387421
3682 3389233
3683 3391123
3684 3391669
3685 3394301
3686 3396121
3687 3398491
3688 3400333
3689 3402169
3690 3398401
3691 3405841
3692 3407681
3693 3409507
3694 3411361
3695 3413257
3696 3405889
3697 3416953
3698 3418633
3699 3420649
3700 3422501
3701 3424261
3702 3426121
3703 3428023
3704 3429901
3705 3431377
3706 3433561
3707 3435463
3708 3437173
3709 3439129
3710 3441017
3711 3441241
3712 3444673
3713 3446551
3714 3448369
3715 3450301
3716 3451681
3717 3454021
3718 3455873
3719 3457721
3720 3459601
3721 3461459
3722 3462961
3723 3464911
3724 3466901
3725 3468877
3726 3470689
3727 3472633
3728 3474433
3729 3475981
3730 3478201
3731 3480049
3732 3481813
3733 3483803
3734 3485681
3735 3486907
3736 3489389
3737 3491291
3738 3493081
3739 3495001
3740 3496901
3741 3498661
3742 3500593
3743 3502511
3744 3503089
3745 3506201
3746 3508009
3747 3509983
3748 3511861
3749 3513739
3750 3514897
3751 3517471
3752 3519377
3753 3521143
3754 3523081
3755 3524767
3756 3526741
3757 3528751
3758 3530113
3759 3531331
3760 3534397
3761 3536171
3762 3537073
3763 3540041
3764 3541921
3765 3543751
3766 3545249
3767 3547571
3768 3549457
3769 3551209
3770 3553217
3771 3555001
3772 3556981
3773 3558883
3774 3560329
3775 3562651
3776 3564529
3777 3563983
3778 3568241
3779 3570199
3780 3568501
3781 3573979
3782 3575657
3783 3577771
3784 3579649
3785 3581551
3786 3582361
3787 3585331
3788 3587237
3789 3588859
3790 3591017
3791 3592921
3792 3594673
3793 3596701
3794 3598601
3795 3600451
3796 3602149
3797 3604301
3798 3605473
3799 3608071
3800 3609997
3801 3611719
3802 3613721
3803 3615701
3804 3617569
3805 3619507
3806 3621329
3807 3623203
3808 3625213
3809 3627109
3810 3627937
3811 3630929
3812 3632833
3813 3634723
3814 3636569
3815 3638251
3816 3631249
3817 3642343
3818 3644057
3819 3646009
3820 3648101
3821 3649999
3822 3650833
3823 3653831
3824 3655741
3825 3657637
3826 3659449
3827 3661327
3828 3663073
3829 3665239
3830 3667201
3831 3668869
3832 3671021
3833 3672971
3834 3666241
3835 3676597
3836 3678529
3837 3680533
3838 3682537
3839 3684451
3840 3686401
3841 3688309
3842 3690233
3843 3692107
3844 3693761
3845 3696001
3846 3697921
3847 3699853
3848 3701773
3849 3703429
3850 3705617
3851 3707461
3852 3709441
3853 3711401
3854 3713161
3855 3713851
3856 3717149
3857 3719057
3858 3721033
3859 3722951
3860 3724837
3861 3726721
3862 3728713
3863 3730693
3864 3730861
3865 3734557
3866 3736409
3867 3737611
3868 3740161
3869 3742279
3870 3744217
3871 3746089
3872 3748033
3873 3750031
3874 3751801
3875 3753877
3876 3755809
3877 3757781
3878 3759713
3879 3761389
3880 3763601
3881 3765529
3882 3767041
3883 3769411
3884 3771169
3885 3773197
3886 3775201
3887 3777187
3888 3779101
3889 3781079
3890 3783001
3891 3784861
3892 3786661
3893 3788861
3894 3790729
3895 3792727
3896 3793921
3897 3796543
3898 3798593
3899 3800549
3900 3800737
3901 3804421
3902 3806321
3903 3808333
3904 3810269
3905 3812257
3906 3813769
3907 3816133
3908 3817717
3909 3820051
3910 3822017
3911 3823951
3912 3825793
3913 3827893
3914 3829801
3915 3831427
3916 3833729
3917 3835681
3918 3837241
3919 3839639
3920 3841457
3921 3843451
3922 3845497
3923 3847477
3924 3849409
3925 3851387
3926 3853321
3927 3855331
3928 3857297
3929 3859259
3930 3860137
3931 3863009
3932 3865157
3933 3866617
3934 3869009
3935 3870947
3936 3870721
3937 3874987
3938 3876937
3939 3870001
3940 3880901
3941 3882871
3942 3884833
3943 3886801
3944 3888721
3945 3890737
3946 3892649
3947 3894703
3948 3896677
3949 3898651
3950 3900097
3951 3902491
3952 3904477
3953 3906547
3954 3908089
3955 3910507
3956 3912481
3957 3914461
3958 3916433
3959 3918401
3960 3920401
3961 3922309
3962 3924353
3963 3926341
3964 3928261
3965 3930307
3966 3932281
3967 3934267
3968 3936241
3969 3937861
3970 3940217
3971 3942209
3972 3943873
3973 3946183
3974 3948121
3975 3950101
3976 3951121
3977 3954131
3978 3956041
3979 3958109
3980 3960101
3981 3961981
3982 3963857
3983 3965963
3984 3967741
3985 3969751
3986 3971881
3987 3974041
3988 3976001
3989 3978031
3990 3980017
3991 3981911
3992 3983981
3993 3985903
3994 3987649
3995 3990001
3996 3991681
3997 3993991
3998 3995977
3999 3997891
4000 3999901
4001 4002001
4002 4003273
4003 4006001
4004 4008001
4005 4009897
4006 4011929
4007 4014011
4008 4015981
4009 4017991
4010 4020017
4011 4021651
4012 4024037
4013 4026031
4014 4026961
4015 4030051
4016 4032029
4017 4034071
4018 4036057
4019 4038079
4020 4039957
4021 4042111
4022 4044041
4023 4046131
4024 4048129
4025 4049737
4026 4052089
4027 4054111
4028 4056193
4029 4058209
4030 4058017
4031 4062241
4032 4064113
4033 4066273
4034 4068241
4035 4070197
4036 4072309
4037 4074313
4038 4071601
4039 4078339
4040 4080301
4041 4082401
4042 4084217
4043 4086457
4044 4087189
4045 4090507
4046 4091569
4047 4094533
4048 4096513
4049 4098571
4050 4099897
4051 4102649
4052 4104677
4053 4106701
4054 4108681
4055 4110751
4056 4112209
4057 4114783
4058 4116817
4059 4118761
4060 4120577
4061 4122749
4062 4124737
4063 4126987
4064 4128829
4065 4130947
4066 4132969
4067 4135123
4068 4137157
4069 4139189
4070 4141177
4071 4143241
4072 4145293
4073 4147331
4074 4108969
4075 4151377
4076 4153301
4077 4155427
4078 4157513
4079 4159541
4080 4161457
4081 4163629
4082 4165633
4083 4167721
4084 4169729
4085 4171801
4086 4173769
4087 4175893
4088 4177793
4089 4179979
4090 4181857
4091 4183961
4092 4184821
4093 4188161
4094 4190161
4095 4191067
4096 4194301
4097 4196347
4098 4198321
4099 4200451
4100 4202501
4101 4204441
4102 4206593
4103 4208641
4104 4203649
4105 4212727
4106 4214761
4107 4216753
4108 4218917
4109 4220971
4110 4222297
4111 4225079
4112 4227137
4113 4228813
4114 4229881
4115 4233301
4116 4235041
4117 4237423
4118 4239457
4119 4241539
4120 4243597
4121 4245551
4122 4247281
4123 4249753
4124 4251829
4125 4253257
4126 4255921
4127 4258031
4128 4260097
4129 4262161
4130 4264201
4131 4266289
4132 4268321
4133 4270411
4134 4272481
4135 4274551
4136 4276621
4137 4278691
4138 4280593
4139 4282829
4140 4283137
4141 4286969
4142 4288993
4143 4291057
4144 4293041
4145 4294877
4146 4294729
4147 4299403
4148 4301477
4149 4303279
4150 4305401
4151 4307701
4152 4309741
4153 4311823
4154 4313921
4155 4315897
4156 4318081
4157 4319891
4158 4320721
4159 4324321
4160 4326401
4161 4328461
4162 4330481
4163 4332631
4164 4334581
4165 4336777
4166 4338769
4167 4339567
4168 4343057
4169 4345111
4170 4347001
4171 4349311
4172 4351397
4173 4353373
4174 4355489
4175 4357651
4176 4359169
4177 4361821
4178 4363897
4179 4365199
4180 4367617
4181 4370081
4182 4372273
4183 4374373
4184 4376461
4185 4378447
4186 4380361
4187 4382737
4188 4384837
4189 4386919
4190 4389017
4191 4391011
4192 4393217
4193 4395301
4194 4396681
4195 4399397
4196 4401601
4197 4403683
4198 4405633
4199 4407719
4200 4409677
4201 4412099
4202 4414153
4203 4416301
4204 4418389
4205 4420417
4206 4422169
4207 4424531
4208 4426813
4209 4427281
4210 4431017
4211 4433131
4212 4435237
4213 4437341
4214 4439401
4215 4441447
4216 4443601
4217 4445767
4218 4447801
4219 4449919
4220 4452001
4221 4454209
4222 4456297
4223 4458361
4224 4456189
4225 4462657
4226 4464721
4227 4466863
4228 4468741
4229 4471081
4230 4472497
4231 4475329
4232 4477457
4233 4479463
4234 4481569
4235 4483807
4236 4485781
4237 4488037
4238 4490113
4239 4492171
4240 4494401
4241 4496509
4242 4498633
4243 4500757
4244 4502101
4245 4504897
4246 4506841
4247 4509223
4248 4511053
4249 4513499
4250 4515601
4251 4517731
4252 4519877
4253 4521973
4254 4520881
4255 4526251
4256 4528369
4257 4530511
4258 4532201
4259 4534771
4260 4533301
4261 4539011
4262 4541153
4263 4543291
4264 4545361
4265 4547467
4266 4549249
4267 4551821
4268 4553921
4269 4556089
4270 4558217
4271 4560331
4272 4562497
4273 4564633
4274 4566721
4275 4568527
4276 4570901
4277 4573183
4278 4574881
4279 4577449
4280 4579501
4281 4581469
4282 4583857
4283 4586017
4284 4588021
4285 4590307
4286 4592089
4287 4594537
4288 4596721
4289 4598771
4290 4600801
4291 4603171
4292 4605301
4293 4607461
4294 4609489
4295 4611647
4296 4612609
4297 4616033
4298 4618177
4299 4619701
4300 4622437
4301 4624649
4302 4626577
4303 4628797
4304 4630961
4305 4633201
4306 4635361
4307 4637561
4308 4639717
4309 4641841
4310 4644001
4311 4646179
4312 4648333
4313 4650491
4314 4649401
4315 4654807
4316 4656481
4317 4659013
4318 4661233
4319 4663441
4320 4663297
4321 4667731
4322 4669913
4323 4671973
4324 4674181
4325 4676407
4326 4678561
4327 4680733
4328 4682861
4329 4685059
4330 4687217
4331 4689389
4332 4691521
4333 4693693
4334 4695881
4335 4697947
4336 4700161
4337 4702393
4338 4704481
4339 4706711
4340 4708757
4341 4711051
4342 4713161
4343 4715413
4344 4716289
4345 4719751
4346 4721569
4347 4724101
4348 4726277
4349 4728379
4350 4729897
4351 4732711
4352 4734833
4353 4737151
4354 4739041
4355 4741397
4356 4734469
4357 4745833
4358 4748033
4359 4749571
4360 4752301
4361 4754551
4362 4756537
4363 4758937
4364 4761121
4365 4763197
4366 4765129
4367 4767673
4368 4766941
4369 4771999
4370 4774201
4371 4774519
4372 4778593
4373 4780781
4374 4782961
4375 4785101
4376 4787329
4377 4789513
4378 4791497
4379 4793639
4380 4794337
4381 4798219
4382 4800401
4383 4802491
4384 4803709
4385 4807027
4386 4806649
4387 4811441
4388 4813621
4389 4815451
4390 4817977
4391 4820219
4392 4822273
4393 4824403
4394 4826729
4395 4828987
4396 4830421
4397 4833397
4398 4835521
4399 4837771
4400 4839997
4401 4842181
4402 4844377
4403 4846603
4404 4848229
4405 4850987
4406 4853089
4407 4855033
4408 4856461
4409 4859821
4410 4860937
4411 4864231
4412 4866401
4413 4868623
4414 4870729
4415 4873051
4416 4872961
4417 4877263
4418 4879513
4419 4881871
4420 4884101
4421 4886269
4422 4887793
4423 4890731
4424 4892941
4425 4894777
4426 4894969
4427 4899571
4428 4901473
4429 4903999
4430 4906177
4431 4908331
4432 4910621
4433 4912763
4434 4913569
4435 4917277
4436 4919381
4437 4921093
4438 4923953
4439 4926169
4440 4926637
4441 4930531
4442 4932817
4443 4935061
4444 4937281
4445 4939127
4446 4941649
4447 4943843
4448 4946177
4449 4948291
4450 4950401
4451 4952809
4452 4953313
4453 4957301
4454 4958801
4455 4961377
4456 4962049
4457 4966123
4458 4967353
4459 4970659
4460 4972897
4461 4975129
4462 4977337
4463 4979591
4464 4981789
4465 4984037
4466 4986281
4467 4988143
4468 4990753
4469 4992961
4470 4991977
4471 4997389
4472 4999693
4473 5001121
4474 5004121
4475 5006401
4476 5002561
4477 5010883
4478 5011273
4479 5015251
4480 5014237
4481 5019821
4482 5021641
4483 5024323
4484 5026501
4485 5028301
4486 5031041
4487 5033291
4488 5034961
4489 5037761
4490 5039977
4491 5041999
4492 5044513
4493 5046733
4494 5047921
4495 5051257
4496 5053501
4497 5055571
4498 5057561
4499 5060249
4500 5062357
4501 5064739
4502 5066993
4503 5068981
4504 5071501
4505 5073737
4506 5075929
4507 5078261
4508 5080193
4509 5082751
4510 5083657
4511 5087281
4512 5089501
4513 5091703
4514 5093929
4515 5096251
4516 5098549
4517 5100817
4518 5102353
4519 5105341
4520 5107601
4521 5109859
4522 5112113
4523 5114327
4524 5114881
4525 5118907
4526 5121161
4527 5122783
4528 5125693
4529 5127961
4530 5130001
4531 5132461
4532 5134757
4533 5137021
4534 5138929
4535 5141537
4536 5143249
4537 5146091
4538 5148337
4539 5150251
4540 5152837
4541 5155159
4542 5152681
4543 5159711
4544 5161921
4545 5164147
4546 5166481
4547 5168803
4548 5171041
4549 5173331
4550 5175337
4551 5177881
4552 5179021
4553 5182453
4554 5184721
4555 5186851
4556 5189269
4557 5191453
4558 5193817
4559 5196119
4560 5196097
4561 5200681
4562 5202913
4563 5203837
4564 5207329
4565 5209777
4566 5207329
4567 5214367
4568 5216461
4569 5218669
4570 5221217
4571 5222699
4572 5225797
4573 5228081
4574 5230321
4575 5232547
4576 5234909
4577 5237227
4578 5239081
4579 5241601
4580 5244037
4581 5246389
4582 5248601
4583 5250967
4584 5253121
4585 5255527
4586 5257489
4587 5259763
4588 5262437
4589 5264711
4590 5266297
4591 5269309
4592 5271613
4593 5273857
4594 5275681
4595 5278451
4596 5280661
4597 5283101
4598 5285281
4599 5287519
4600 5289901
4601 5292271
4602 5294161
4603 5296903
4604 5299061
4605 5301487
4606 5303761
4607 5306113
4608 5308417
4609 5310691
4610 5312737
4611 5315329
4612 5317601
4613 5319913
4614 5321161
4615 5324551
4616 5326609
4617 5329171
4618 5331433
4619 5333791
4620 5336101
4621 5338409
4622 5340641
4623 5342851
4624 5345281
4625 5347651
4626 5349889
4627 5352283
4628 5354597
4629 5356531
4630 5359217
4631 5361539
4632 5360941
4633 5366167
4634 5368409
4635 5370751
4636 5373061
4637 5375443
4638 5376673
4639 5380079
4640 5382401
4641 5384611
4642 5387033
4643 5389361
4644 5390389
4645 5393987
4646 5395801
4647 5398597
4648 5400973
4649 5403301
4650 5404897
4651 5407939
4652 5410277
4653 5412493
4654 5414881
4655 5417201
4656 5419441
4657 5421907
4658 5424233
4659 5426569
4660 5428901
4661 5431219
4662 5433553
4663 5435891
4664 5438029
4665 5440537
4666 5442529
4667 5445221
4668 5447521
4669 5449879
4670 5452217
4671 5454541
4672 5456897
4673 5459177
4674 5460841
4675 5463751
4676 5465461
4677 5468581
4678 5470393
4679 5473261
4680 5469517
4681 5477929
4682 5480201
4683 5481811
4684 5484949
4685 5487301
4686 5489569
4687 5491973
4688 5494301
4689 5496679
4690 5498401
4691 5501371
4692 5501953
4693 5506051
4694 5508401
4695 5510647
4696 5513089
4697 5515451
4698 5517073
4699 5520131
4700 5522177
4701 5524039
4702 5527121
4703 5529541
4704 5530141
4705 5534251
4706 5536529
4707 5538943
4708 5541317
4709 5543399
4710 5545801
4711 5548379
4712 5550733
4713 5553091
4714 5555401
4715 5557787
4716 5553109
4717 5562517
4718 5564833
4719 5567239
4720 5569601
4721 5571961
4722 5574313
4723 5576653
4724 5578849
4725 5581351
4726 5583761
4727 5586131
4728 5588173
4729 5590861
4730 5593177
4731 5595589
4732 5597953
4733 5600303
4734 5594041
4735 5605051
4736 5607409
4737 5609683
4738 5612137
4739 5614459
4740 5616757
4741 5619241
4742 5621617
4743 5623507
4744 5626349
4745 5628757
4746 5631121
4747 5633503
4748 5635873
4749 5638141
4750 5640457
4751 5642999
4752 5644801
4753 5647571
4754 5650121
4755 5650867
4756 5654881
4757 5657261
4758 5659417
4759 5661991
4760 5664401
4761 5666599
4762 5668801
4763 5671513
4764 5673781
4765 5676277
4766 5678641
4767 5680963
4768 5683453
4769 5685829
4770 5687497
4771 5690611
4772 5692853
4773 5695381
4774 5697761
4775 5700157
4776 5702401
4777 5704913
4778 5707033
4779 5709601
4780 5711777
4781 5714491
4782 5716801
4783 5719267
4784 5721649
4785 5724001
4786 5725721
4787 5728753
4788 5731093
4789 5733521
4790 5736001
4791 5738419
4792 5740417
4793 5743207
4794 5743009
4795 5748007
4796 5750389
4797 5752531
4798 5755153
4799 5757559
4800 5759857
4801 5762381
4802 5764793
4803 5767093
4804 5769541
4805 5772007
4806 5773969
4807 5776811
4808 5779217
4809 5781439
4810 5784001
4811 5786419
4812 5788837
4813 5791241
4814 5791249
4815 5796001
4816 5798449
4817 5800867
4818 5803201
4819 5805691
4820 5808097
4821 5810401
4822 5812801
4823 5815333
4824 5817601
4825 5819777
4826 5822561
4827 5824477
4828 5827361
4829 5829721
4830 5832217
4831 5834629
4832 5837053
4833 5839453
4834 5841601
4835 5844301
4836 5846689
4837 5849113
4838 5851481
4839 5852989
4840 5856401
4841 5858791
4842 5852593
4843 5863651
4844 5865941
4845 5868487
4846 5870881
4847 5873323
4848 5874481
4849 5878091
4850 5880601
4851 5882941
4852 5885377
4853 5887631
4854 5890321
4855 5892701
4856 5895181
4857 5897611
4858 5899681
4859 5902471
4860 5904901
4861 5907331
4862 5909737
4863 5911921
4864 5914609
4865 5916637
4866 5918401
4867 5921893
4868 5924293
4869 5926519
4870 5929201
4871 5931661
4872 5933773
4873 5936351
4874 5938609
4875 5941387
4876 5943841
4877 5946253
4878 5948713
4879 5951159
4880 5953117
4881 5955931
4882 5958473
4883 5960917
4884 5958181
4885 5965807
4886 5967889
4887 5970673
4888 5973133
4889 5975539
4890 5977801
4891 5980339
4892 5982881
4893 5985307
4894 5980921
4895 5990251
4896 5992669
4897 5995151
4898 5997553
4899 5999869
4900 6002357
4901 6004951
4902 6006961
4903 6009853
4904 6011521
4905 6014737
4906 6017041
4907 6019633
4908 6022117
4909 6024569
4910 6027017
4911 6029371
4912 6031937
4913 6034393
4914 6036769
4915 6039197
4916 6041729
4917 6044221
4918 6046657
4919 6048901
4920 6051601
4921 6053821
4922 6056473
4923 6058963
4924 6061441
4925 6063901
4926 6065929
4927 6068833
4928 6071297
4929 6073741
4930 6076001
4931 6078691
4932 6081013
4933 6083611
4934 6086009
4935 6081247
4936 6090881
4937 6093491
4938 6095737
4939 6098429
4940 6100901
4941 6103099
4942 6105721
4943 6108313
4944 6110749
4945 6113201
4946 6115561
4947 6118183
4948 6120533
4949 6122449
4950 6116977
4951 6128029
4952 6130541
4953 6133033
4954 6134801
4955 6137951
4956 6137569
4957 6142963
4958 6145273
4959 6147541
4960 6150301
4961 6152879
4962 6155353
4963 6157841
4964 6160321
4965 6162157
4966 6165121
4967 6167773
4968 6170221
4969 6172741
4970 6175217
4971 6177331
4972 6180193
4973 6182641
4974 6184441
4975 6187637
4976 6190141
4977 6192523
4978 6195113
4979 6197599
4980 6199957
4981 6202589
4982 6205033
4983 6207517
4984 6209921
4985 6212551
4986 6214321
4987 6217543
4988 6220001
4989 6222421
4990 6225001
4991 6227521
4992 6230017
4993 6232493
4994 6234889
4995 6237397
4996 6240001
4997 6242503
4998 6243481
4999 6247471
5000 6249517
5001 6252391
5002 6254993
5003 6257497
5004 6259681
5005 6262397
5006 6265001
5007 6267133
5008 6270013
5009 6272501
5010 6274297
5011 6277511
5012 6280033
5013 6282487
5014 6284609
5015 6287551
5016 6290029
5017 6292543
5018 6295033
5019 6297589
5020 6300097
5021 6302609
5022 6305041
5023 6307633
5024 6309661
5025 6312637
5026 6315161
5027 6317683
5028 6320053
5029 6322709
5030 6325217
5031 6327721
5032 6330257
5033 6332771
5034 6334561
5035 6337801
5036 6340261
5037 6342337
5038 6345337
5039 6347879
5040 6349501
5041 6352831
5042 6355081
5043 6357961
5044 6360469
5045 6362407
5046 6365521
5047 6368053
5048 6370541
5049 6373099
5050 6375617
5051 6378139
5052 6378913
5053 6383197
5054 6385609
5055 6387877
5056 6390749
5057 6393301
5058 6395833
5059 6398281
5060 6400837
5061 6403429
5062 6405913
5063 6408487
5064 6410449
5065 6413551
5066 6415649
5067 6418351
5068 6421157
5069 6423661
5070 6426001
5071 6428761
5072 6431297
5073 6433831
5074 6436361
5075 6438877
5076 6440149
5077 6443981
5078 6446513
5079 6449041
5080 6451117
5081 6454141
5082 6455593
5083 6459223
5084 6461761
5085 6464287
5086 6466729
5087 6469391
5088 6471037
5089 6474451
5090 6476857
5091 6479569
5092 6482101
5093 6484651
5094 6486121
5095 6489667
5096 6491729
5097 6494743
5098 6497377
5099 6499949
5100 6502501
5101 6504499
5102 6507521
5103 6510151
5104 6512509
5105 6515017
5106 6517801
5107 6520343
5108 6522661
5109 6525361
5110 6527977
5111 6530581
5112 6531373
5113 6535693
5114 6538201
5115 6540301
5116 6543301
5117 6545923
5118 6547753
5119 6551011
5120 6553277
5121 6555781
5122 6558641
5123 6561283
5124 6563269
5125 6566407
5126 6568801
5127 6571153
5128 6574093
5129 6576631
5130 6579217
5131 6581779
5132 6584353
5133 6586903
5134 6589481
5135 6592037
5136 6593329
5137 6597193
5138 6599753
5139 6602149
5140 6604901
5141 6607361
5142 6609601
5143 6612607
5144 6615181
5145 6617701
5146 6620281
5147 6622897
5148 6625153
5149 6628051
5150 6630457
5151 6633181
5152 6635777
5153 6638341
5154 6640849
5155 6643487
5156 6646049
5157 6648661
5158 6651217
5159 6653711
5160 6656257
5161 6658969
5162 6661553
5163 6664087
5164 6666689
5165 6669251
5166 6671881
5167 6674461
5168 6676913
5169 6679639
5170 6681137
5171 6684781
5172 6685633
5173 6689971
5174 6692281
5175 6693517
5176 6697741
5177 6700327
5178 6702841
5179 6705511
5180 6707201
5181 6710419
5182 6713257
5183 6715861
5184 6717169
5185 6721051
5186 6723641
5187 6726241
5188 6728837
5189 6731401
5190 6734017
5191 6736549
5192 6739153
5193 6741793
5194 6744289
5195 6747007
5196 6749569
5197 6752197
5198 6754721
5199 6757021
5200 6760001
5201 6762571
5202 6764977
5203 6767801
5204 6770389
5205 6772951
5206 6775529
5207 6778207
5208 6780817
5209 6783421
5210 6784937
5211 6788521
5212 6790981
5213 6793841
5214 6795721
5215 6799057
5216 6801521
5217 6804253
5218 6806801
5219 6809251
5220 6810337
5221 6814579
5222 6817313
5223 6819931
5224 6822481
5225 6825151
5226 6819121
5227 6830377
5228 6832993
5229 6833719
5230 6838217
5231 6840811
5232 6842881
5233 6846031
5234 6848609
5235 6850927
5236 6853921
5237 6856543
5238 6859081
5239 6861769
5240 6864257
5241 6867019
5242 6869633
5243 6872251
5244 6873121
5245 6877501
5246 6880009
5247 6882697
5248 6885377
5249 6887929
5250 6889537
5251 6893251
5252 6895873
5253 6898483
5254 6901049
5255 6903737
5256 6906061
5257 6909013
5258 6911633
5259 6914251
5260 6916837
5261 6919519
5262 6922081
5263 6924787
5264 6927421
5265 6930037
5266 6932609
5267 6935293
5268 6937813
5269 6940589
5270 6943177
5271 6945481
5272 6948481
5273 6951121
5274 6953689
5275 6956401
5276 6958901
5277 6961681
5278 6964313
5279 6966961
5280 6967837
5281 6972001
5282 6974857
5283 6977251
5284 6980101
5285 6982567
5286 6985441
5287 6988073
5288 6990721
5289 6992731
5290 6996001
5291 6998581
5292 7001317
5293 7003963
5294 7006561
5295 7009201
5296 7011761
5297 7014541
5298 7016473
5299 7019851
5300 7022177
5301 7025149
5302 7027721
5303 7030453
5304 7033069
5305 7035751
5306 7038401
5307 7040953
5308 7043717
5309 7046261
5310 7048801
5311 7051129
5312 7054273
5313 7056937
5314 7059529
5315 7062287
5316 7064389
5317 7067623
5318 7070057
5319 7072831
5320 7075597
5321 7078219
5322 7080193
5323 7083581
5324 7086241
5325 7088401
5326 7091489
5327 7094233
5328 7096897
5329 7099549
5330 7102177
5331 7104709
5332 7107557
5333 7110217
5334 7104241
5335 7115501
5336 7118161
5337 7120891
5338 7123513
5339 7126201
5340 7127137
5341 7131569
5342 7134233
5343 7135021
5344 7139581
5345 7141951
5346 7144201
5347 7147603
5348 7150133
5349 7152571
5350 7155601
5351 7158271
5352 7160977
5353 7163633
5354 7166321
5355 7168897
5356 7171621
5357 7174253
5358 7177033
5359 7179709
5360 7182001
5361 7184701
5362 7187641
5363 7190441
5364 7192981
5365 7195807
5366 7198481
5367 7201153
5368 7203857
5369 7206541
5370 7191001
5371 7211909
5372 7214197
5373 7217281
5374 7219801
5375 7222627
5376 7222429
5377 7228033
5378 7230673
5379 7233229
5380 7236001
5381 7238761
5382 7241257
5383 7244161
5384 7246609
5385 7249537
5386 7252169
5387 7254887
5388 7256737
5389 7260329
5390 7262737
5391 7265701
5392 7268017
5393 7271113
5394 7273801
5395 7276397
5396 7279061
5397 7280263
5398 7284521
5399 7287289
5400 7290001
5401 7292591
5402 7295377
5403 7297993
5404 7300801
5405 7303451
5406 7306129
5407 7308913
5408 7311041
5409 7314211
5410 7316977
5411 7319659
5412 7322437
5413 7325137
5414 7327769
5415 7330501
5416 7331969
5417 7335973
5418 7338241
5419 7341361
5420 7343701
5421 7346161
5422 7349513
5423 7352231
5424 7354801
5425 7357417
5426 7359409
5427 7363063
5428 7365697
5429 7368511
5430 7370137
5431 7373921
5432 7376513
5433 7379263
5434 7381729
5435 7384801
5436 7387201
5437 7390231
5438 7392953
5439 7394869
5440 7398397
5441 7401109
5442 7403113
5443 7406563
5444 7409249
5445 7410367
5446 7414681
5447 7417453
5448 7420141
5449 7422871
5450 7425601
5451 7428349
5452 7431013
5453 7433747
5454 7431769
5455 7439147
5456 7441981
5457 7444441
5458 7447417
5459 7450171
5460 7452901
5461 7455631
5462 7458313
5463 7461073
5464 7463809
5465 7466447
5466 7464529
5467 7472011
5468 7474693
5469 7477471
5470 7480177
5471 7482961
5472 7485697
5473 7488433
5474 7491161
5475 7493887
5476 7496581
5477 7499381
5478 7502113
5479 7504841
5480 7507597
5481 7509349
5482 7513073
5483 7515821
5484 7518529
5485 7521307
5486 7523969
5487 7526791
5488 7526833
5489 7532251
5490 7534801
5491 7537741
5492 7540517
5493 7543243
5494 7545649
5495 7548727
5496 7549741
5497 7554251
5498 7556977
5499 7559731
5500 7562497
5501 7565161
5502 7560433
5503 7570747
5504 7573249
5505 7575877
5506 7579001
5507 7581733
5508 7584517
5509 7587269
5510 7590001
5511 7592779
5512 7595473
5513 7598287
5514 7597081
5515 7603567
5516 7606561
5517 7609321
5518 7611553
5519 7614811
5520 7617601
5521 7620289
5522 7623113
5523 7625701
5524 7628629
5525 7631401
5526 7634161
5527 7636931
5528 7639633
5529 7641811
5530 7644937
5531 7647989
5532 7650757
5533 7653517
5534 7656281
5535 7658947
5536 7661821
5537 7664563
5538 7666273
5539 7670021
5540 7672901
5541 7675669
5542 7678361
5543 7681213
5544 7683409
5545 7686751
5546 7687321
5547 7692301
5548 7694977
5549 7697849
5550 7699897
5551 7703389
5552 7706177
5553 7708573
5554 7711609
5555 7714477
5556 7715989
5557 7720051
5558 7722833
5559 7725511
5560 7728401
5561 7731179
5562 7733881
5563 7736723
5564 7739521
5565 7742197
5566 7745041
5567 7747871
5568 7750513
5569 7753439
5570 7756057
5571 7759009
5572 7761697
5573 7764527
5574 7764769
5575 7770157
5576 7772929
5577 7775623
5578 7778081
5579 7781311
5580 7783777
5581 7786871
5582 7789657
5583 7792471
5584 7795261
5585 7797901
5586 7800769
5587 7803643
5588 7806437
5589 7809211
5590 7812001
5591 7814819
5592 7817473
5593 7820411
5594 7823201
5595 7825501
5596 7828129
5597 7831583
5598 7833673
5599 7837199
5600 7839857
5601 7842619
5602 7845521
5603 7848391
5604 7851061
5605 7853987
5606 7856801
5607 7859431
5608 7862417
5609 7865131
5610 7864777
5611 7870721
5612 7873633
5613 7876261
5614 7879169
5615 7882051
5616 7883101
5617 7887661
5618 7890041
5619 7893289
5620 7895777
5621 7898909
5622 7901713
5623 7904531
5624 7907309
5625 7910047
5626 7912889
5627 7915781
5628 7916833
5629 7921411
5630 7924201
5631 7927039
5632 7928257
5633 7932653
5634 7935409
5635 7938251
5636 7941121
5637 7943833
5638 7946737
5639 7949399
5640 7944301
5641 7955209
5642 7958033
5643 7960681
5644 7963009
5645 7966451
5646 7969321
5647 7972147
5648 7974977
5649 7977799
5650 7980617
5651 7983449
5652 7986241
5653 7989083
5654 7991569
5655 7994647
5656 7997581
5657 8000413
5658 8002513
5659 8005831
5660 8008801
5661 8011621
5662 8014553
5663 8017351
5664 8018929
5665 8023027
5666 8025881
5667 8028703
5668 8031557
5669 8034209
5670 8036137
5671 8040049
5672 8042897
5673 8045623
5674 8047729
5675 8051401
5676 8053921
5677 8057011
5678 8059841
5679 8062651
5680 8065457
5681 8068441
5682 8071201
5683 8074123
5684 8076961
5685 8079787
5686 8081561
5687 8085481
5688 8084737
5689 8091151
5690 8094017
5691 8095231
5692 8099713
5693 8102561
5694 8105401
5695 8108237
5696 8111101
5697 8113843
5698 8116793
5699 8119651
5700 8122501
5701 8125321
5702 8127841
5703 8131051
5704 8133901
5705 8136701
5706 8139529
5707 8142353
5708 8145253
5709 8147899
5710 8150977
5711 8153861
5712 8156593
5713 8159563
5714 8162009
5715 8164801
5716 8168161
5717 8171017
5718 8169121
5719 8176699
5720 8179597
5721 8182441
5722 8184793
5723 8188181
5724 8190901
5725 8193907
5726 8196689
5727 8199613
5728 8202497
5729 8205361
5730 8208001
5731 8211019
5732 8213893
5733 8216821
5734 8219641
5735 8222447
5736 8225101
5737 8228293
5738 8231137
5739 8233759
5740 8236801
5741 8239771
5742 8241913
5743 8245513
5744 8248381
5745 8250751
5746 8254121
5747 8257003
5748 8259301
5749 8262619
5750 8265617
5751 8268499
5752 8271377
5753 8274247
5754 8276689
5755 8279987
5756 8282821
5757 8285581
5758 8288633
5759 8291519
5760 8283997
5761 8297279
5762 8300137
5763 8303041
5764 8305889
5765 8308697
5766 8311609
5767 8314573
5768 8317457
5769 8320159
5770 8323201
5771 8326111
5772 8328961
5773 8331881
5774 8334721
5775 8337151
5776 8340529
5777 8343431
5778 8346241
5779 8349169
5780 8352101
5781 8354989
5782 8357873
5783 8360773
5784 8361901
5785 8366447
5786 8369441
5787 8372233
5788 8375173
5789 8378131
5790 8379937
5791 8383789
5792 8386817
5793 8389657
5794 8392561
5795 8395487
5796 8395489
5797 8401303
5798 8403977
5799 8407099
5800 8410001
5801 8412889
5802 8415793
5803 8418673
5804 8420821
5805 8424487
5806 8427401
5807 8430311
5808 8431453
5809 8436079
5810 8438977
5811 8441821
5812 8444773
5813 8447743
5814 8450641
5815 8453527
5816 8456141
5817 8459371
5818 8462161
5819 8465101
5820 8467777
5821 8470829
5822 8473897
5823 8476813
5824 8479741
5825 8482651
5826 8485489
5827 8488481
5828 8491333
5829 8494039
5830 8497217
5831 8500139
5832 8503057
5833 8505943
5834 8508881
5835 8511787
5836 8514529
5837 8517631
5838 8520481
5839 8523461
5840 8526257
5841 8529139
5842 8532233
5843 8535157
5844 8536321
5845 8541007
5846 8543921
5847 8546743
5848 8549777
5849 8552689
5850 8550001
5851 8558551
5852 8561477
5853 8564221
5854 8567281
5855 8570101
5856 8573041
5857 8576111
5858 8578993
5859 8581861
5860 8584837
5861 8587801
5862 8590537
5863 8593511
5864 8596589
5865 8598367
5866 8602481
5867 8605411
5868 8608357
5869 8611261
5870 8613001
5871 8616781
5872 8619997
5873 8623033
5874 8625961
5875 8628751
5876 8631781
5877 8634133
5878 8637697
5879 8640451
5880 8643457
5881 8646529
5882 8648953
5883 8652403
5884 8655349
5885 8658277
5886 8661241
5887 8664193
5888 8667137
5889 8669701
5890 8672801
5891 8675861
5892 8678773
5893 8681857
5894 8684761
5895 8686567
5896 8690221
5897 8693653
5898 8696521
5899 8699539
5900 8702497
5901 8705449
5902 8708393
5903 8711347
5904 8714269
5905 8717201
5906 8720161
5907 8723107
5908 8726101
5909 8729059
5910 8726401
5911 8734981
5912 8737933
5913 8740891
5914 8743769
5915 8746807
5916 8748469
5917 8752717
5918 8755601
5919 8758459
5920 8761601
5921 8764519
5922 8763553
5923 8770481
5924 8772149
5925 8776387
5926 8779321
5927 8782321
5928 8785297
5929 8788151
5930 8790937
5931 8794189
5932 8797153
5933 8800123
5934 8800489
5935 8806027
5936 8808829
5937 8811973
5938 8814913
5939 8817931
5940 8820577
5941 8823851
5942 8826833
5943 8829757
5944 8832749
5945 8835751
5946 8838289
5947 8841697
5948 8844677
5949 8847469
5950 8850601
5951 8853589
5952 8855281
5953 8859551
5954 8862481
5955 8865487
5956 8868469
5957 8871223
5958 8873713
5959 8877419
5960 8880337
5961 8883379
5962 8886313
5963 8889337
5964 8892001
5965 8895307
5966 8897929
5967 8901091
5968 8904253
5969 8907229
5970 8910001
5971 8913199
5972 8916197
5973 8919073
5974 8922049
5975 8925047
5976 8928001
5977 8931113
5978 8934073
5979 8937109
5980 8940097
5981 8943079
5982 8946001
5983 8949071
5984 8952001
5985 8950897
5986 8958041
5987 8961041
5988 8962741
5989 8967011
5990 8968937
5991 8973001
5992 8976001
5993 8979013
5994 8979409
5995 8985007
5996 8987809
5997 8991001
5998 8993977
5999 8996971
6000 8999101
6001 9002621
6002 9005977
6003 9008947
6004 9012001
6005 9015001
6006 9016921
6007 9020993
6008 9024013
6009 9026029
6010 9030017
6011 9033029
6012 9034741
6013 9038581
6014 9041761
6015 9044677
6016 9048049
6017 9051071
6018 9053857
6019 9057079
6020 9057397
6021 9062839
6022 9066041
6023 9069133
6024 9072109
6025 9074851
6026 9078161
6027 9081181
6028 9084161
6029 9087191
6030 9090217
6031 9093239
6032 9096257
6033 9099217
6034 9102241
6035 9105301
6036 9106561
6037 9111341
6038 9114353
6039 9117109
6040 9120337
6041 9123421
6042 9126361
6043 9129457
6044 9132421
6045 9135397
6046 9138169
6047 9141541
6048 9144433
6049 9147601
6050 9150577
6051 9153631
6052 9156677
6053 9159547
6054 9162001
6055 9165757
6056 9168769
6057 9171307
6058 9174793
6059 9177869
6060 9180757
6061 9183931
6062 9186521
6063 9189937
6064 9192961
6065 9196001
6066 9199081
6067 9202121
6068 9205153
6069 9208081
6070 9211177
6071 9214189
6072 9216973
6073 9220331
6074 9223321
6075 9226387
6076 9229189
6077 9232481
6078 9226873
6079 9238561
6080 9241457
6081 9244531
6082 9247057
6083 9250723
6084 9250849
6085 9256777
6086 9259841
6087 9262837
6088 9265741
6089 9268939
6090 9272017
6091 9275029
6092 9278117
6093 9279973
6094 9284201
6095 9287237
6096 9290269
6097 9293353
6098 9296321
6099 9299449
6100 9302177
6101 9305551
6102 9308521
6103 9311443
6104 9314449
6105 9316117
6106 9319969
6107 9323863
6108 9326917
6109 9329899
6110 9333001
6111 9336079
6112 9338941
6113 9342181
6114 9344809
6115 9348301
6116 9351301
6117 9354043
6118 9357473
6119 9360499
6120 9358417
6121 9366659
6122 9369713
6123 9367381
6124 9375829
6125 9378851
6126 9377209
6127 9385027
6128 9387997
6129 9391141
6130 9394201
6131 9397181
6132 9399781
6133 9403411
6134 9405961
6135 9409537
6136 9412369
6137 9415687
6138 9418681
6139 9421831
6140 9424757
6141 9427321
6142 9430921
6143 9434023
6144 9437041
6145 9440251
6146 9443321
6147 9446221
6148 9449477
6149 9452441
6150 9455401
6151 9458671
6152 9461773
6153 9464743
6154 9467641
6155 9470977
6156 9472321
6157 9477107
6158 9480073
6159 9482131
6160 9485501
6161 9489461
6162 9478873
6163 9495613
6164 9498661
6165 9501157
6166 9504809
6167 9507931
6168 9510733
6169 9514129
6170 9517201
6171 9520309
6172 9523333
6173 9526453
6174 9529561
6175 9532651
6176 9535681
6177 9538453
6178 9541801
6179 9545009
6180 9547777
6181 9551149
6182 9554201
6183 9557263
6184 9560461
6185 9563467
6186 9565921
6187 9569743
6188 9572837
6189 9575749
6190 9578977
6191 9582091
6192 9585073
6193 9588307
6194 9591401
6195 9594397
6196 9597349
6197 9600673
6198 9603361
6199 9606901
6200 9609937
6201 9613099
6202 9616193
6203 9619303
6204 9620641
6205 9625501
6206 9628169
6207 9631711
6208 9634333
6209 9637919
6210 9641017
6211 9644119
6212 9647237
6213 9650341
6214 9652921
6215 9656557
6216 9659341
6217 9662767
6218 9665833
6219 9668881
6220 9672101
6221 9675079
6222 9678241
6223 9681421
6224 9684349
6225 9677557
6226 9690721
6227 9693881
6228 9696853
6229 9700111
6230 9702697
6231 9706159
6232 9709313
6233 9712567
6234 9714961
6235 9718777
6236 9721781
6237 9723853
6238 9728153
6239 9731279
6240 9733501
6241 9737509
6242 9740617
6243 9743707
6244 9746629
6245 9750001
6246 9750529
6247 9756223
6248 9759361
6249 9762121
6250 9765617
6251 9768739
6252 9771841
6253 9774991
6254 9778121
6255 9781237
6256 9784321
6257 9787513
6258 9790633
6259 9793741
6260 9796117
6261 9799849
6262 9803137
6263 9806281
6264 9809389
6265 9812447
6266 9815569
6267 9818713
6268 9821957
6269 9825019
6270 9828001
6271 9831361
6272 9834497
6273 9837631
6274 9840601
6275 9843907
6276 9847009
6277 9850171
6278 9853313
6279 9856279
6280 9859601
6281 9862739
6282 9865153
6283 9869017
6284 9871909
6285 9875287
6286 9878369
6287 9881593
6288 9884593
6289 9887881
6290 9890977
6291 9894151
6292 9897313
6293 9900461
6294 9903169
6295 9906751
6296 9909901
6297 9913051
6298 9916177
6299 9919309
6300 9921601
6301 9925579
6302 9928577
6303 9931951
6304 9935041
6305 9938017
6306 9940681
6307 9944563
6308 9947653
6309 9950221
6310 9954017
6311 9957161
6312 9960337
6313 9963463
6314 9966529
6315 9969697
6316 9970049
6317 9976103
6318 9979273
6319 9982169
6320 9985601
6321 9988579
6322 9991697
6323 9995077
6324 9996949
6325 10001401
6326 10004521
6327 10007083
6328 10010881
6329 10014031
6330 10016137
6331 10020389
6332 10023553
6333 10026451
6334 10029161
6335 10032751
6336 10035901
6337 10039387
6338 10042553
6339 10045081
6340 10048897
6341 10052071
6342 10053217
6343 10058401
6344 10061549
6345 10063117
6346 10067881
6347 10071101
6348 10074277
6349 10077451
6350 10080457
6351 10081639
6352 10086961
6353 10090151
6354 10093249
6355 10096477
6356 10099681
6357 10102861
6358 10106017
6359 10109219
6360 10112077
6361 10115509
6362 10118753
6363 10121833
6364 10125109
6365 10128301
6366 10131481
6367 10134671
6368 10137857
6369 10139149
6370 10144217
6371 10147409
6372 10150561
6373 10153753
6374 10156681
6375 10159507
6376 10163341
6377 10166531
6378 10169713
6379 10172801
6380 10176037
6381 10179289
6382 10182313
6383 10185563
6384 10188289
6385 10192051
6386 10195201
6387 10198423
6388 10201441
6389 10204819
6390 10197001
6391 10211221
6392 10214417
6393 10216963
6394 10220729
6395 10224007
6396 10224289
6397 10230397
6398 10233577
6399 10236781
6400 10239601
6401 10243201
6402 10246321
6403 10249601
6404 10252769
6405 10255951
6406 10258921
6407 10262383
6408 10265617
6409 10268821
6410 10272001
6411 10275211
6412 10278337
6413 10281637
6414 10280089
6415 10288037
6416 10289821
6417 10293967
6418 10297513
6419 10300681
6420 10300501
6421 10307309
6422 10310513
6423 10313551
6424 10316881
6425 10320157
6426 10320769
6427 10326583
6428 10329797
6429 10332631
6430 10336217
6431 10339429
6432 10342081
6433 10345763
6434 10349081
6435 10345501
6436 10355509
6437 10358737
6438 10361881
6439 10365161
6440 10368401
6441 10371601
6442 10374761
6443 10378063
6444 10381141
6445 10384351
6446 10387721
6447 10390951
6448 10393921
6449 10397329
6450 10399537
6451 10403839
6452 10407013
6453 10410193
6454 10413449
6455 10416701
6456 10419949
6457 10423211
6458 10426417
6459 10429669
6460 10432757
6461 10435949
6462 10437841
6463 10442591
6464 10445821
6465 10448407
6466 10452121
6467 10455481
6468 10458181
6469 10461991
6470 10465001
6471 10468441
6472 10471633
6473 10474903
6474 10478161
6475 10481351
6476 10484501
6477 10487881
6478 10491001
6479 10494331
6480 10497601
6481 10500839
6482 10504073
6483 10507267
6484 10510501
6485 10513807
6486 10516321
6487 10520291
6488 10523533
6489 10526599
6490 10528801
6491 10533199
6492 10536517
6493 10539761
6494 10542281
6495 10544851
6496 10549501
6497 10552747
6498 10555561
6499 10559249
6500 10562437
6501 10565641
6502 10568993
6503 10572253
6504 10575361
6505 10578727
6506 10581281
6507 10585243
6508 10588517
6509 10591771
6510 10595017
6511 10598281
6512 10601281
6513 10604791
6514 10608001
6515 10611151
6516 10612801
6517 10617821
6518 10621001
6519 10622701
6520 10627597
6521 10630819
6522 10633033
6523 10637381
6524 10640629
6525 10643851
6526 10646329
6527 10650427
6528 10652797
6529 10656829
6530 10660217
6531 10663381
6532 10666757
6533 10670021
6534 10672201
6535 10676467
6536 10679821
6537 10683037
6538 10685921
6539 10689629
6540 10692757
6541 10696171
6542 10699361
6543 10702441
6544 10705789
6545 10709147
6546 10711009
6547 10715773
6548 10719077
6549 10722169
6550 10725577
6551 10728899
6552 10731601
6553 10735441
6554 10738681
6555 10737847
6556 10745249
6557 10748533
6558 10751617
6559 10755119
6560 10758401
6561 10761661
6562 10764953
6563 10768243
6564 10771381
6565 10774717
6566 10778081
6567 10781263
6568 10783873
6569 10787869
6570 10791217
6571 10794401
6572 10797697
6573 10801027
6574 10804289
6575 10807567
6576 10808029
6577 10814233
6578 10817161
6579 10820809
6580 10824101
6581 10827389
6582 10825057
6583 10833931
6584 10837261
6585 10838917
6586 10843801
6587 10847141
6588 10850401
6589 10853719
6590 10857017
6591 10860319
6592 10863553
6593 10866913
6594 10870201
6595 10873507
6596 10876741
6597 10879597
6598 10883321
6599 10886671
6600 10887697
6601 10893271
6602 10896577
6603 10899883
6604 10902949
6605 10906507
6606 10909369
6607 10913107
6608 10916417
6609 10919611
6610 10922801
6611 10926329
6612 10929637
6613 10932931
6614 10936169
6615 10939447
6616 10942669
6617 10946153
6618 10949473
6619 10952789
6620 10956037
6621 10959139
6622 10962673
6623 10966013
6624 10969201
6625 10972651
6626 10975849
6627 10979281
6628 10982597
6629 10985911
6630 10989001
6631 10992539
6632 10995713
6633 10999171
6634 11002129
6635 11005751
6636 11008801
6637 11012437
6638 11015401
6639 11018971
6640 11022397
6641 11025709
6642 11029033
6643 11032207
6644 11035621
6645 11038897
6646 11042209
6647 11045651
6648 11048833
6649 11052271
6650 11055001
6651 11058571
6652 11062277
6653 11065597
6654 11068201
6655 11072227
6656 11075549
6657 11078731
6658 11082233
6659 11085551
6660 11087137
6661 11092231
6662 11094833
6663 11098873
6664 11102081
6665 11105551
6666 11108809
6667 11112217
6668 11115557
6669 11118871
6670 11122217
6671 11125549
6672 11128861
6673 11132221
6674 11135401
6675 11138527
6676 11142181
6677 11145583
6678 11147833
6679 11152261
6680 11155601
6681 11158921
6682 11162273
6683 11165621
6684 11167201
6685 11172251
6686 11175529
6687 11178721
6688 11181661
6689 11185679
6690 11185777
6691 11192371
6692 11195713
6693 11199007
6694 11202329
6695 11205547
6696 11207341
6697 11212447
6698 11215753
6699 11218159
6700 11222501
6701 11225849
6702 11227681
6703 11232523
6704 11235869
6705 11239237
6706 11242601
6707 11245933
6708 11249281
6709 11252669
6710 11250697
6711 11253061
6712 11262737
6713 11266091
6714 11267929
6715 11272801
6716 11276129
6717 11279503
6718 11282657
6719 11286229
6720 11289601
6721 11292871
6722 11296297
6723 11298691
6724 11303029
6725 11306297
6726 11309689
6727 11313091
6728 11316013
6729 11319859
6730 11323217
6731 11326589
6732 11329057
6733 11333303
6734 11335321
6735 11339947
6736 11343389
6737 11346773
6738 11349433
6739 11353519
6740 11356837
6741 11360269
6742 11363617
6743 11366941
6744 11370241
6745 11373751
6746 11376769
6747 11380483
6748 11383877
6749 11387239
6750 11389897
6751 11393999
6752 11397277
6753 11400751
6754 11404121
6755 11407127
6756 11410309
6757 11414257
6758 11417521
6759 11421019
6760 11424001
6761 11427781
6762 11430073
6763 11434543
6764 11437249
6765 11441197
6766 11444681
6767 11448071
6768 11451313
6769 11454829
6770 11458001
6771 11461609
6772 11464993
6773 11468377
6774 11467801
6775 11475067
6776 11478529
6777 11481661
6778 11483473
6779 11488699
6780 11492101
6781 11495489
6782 11498657
6783 11501767
6784 11505629
6785 11509037
6786 11511361
6787 11515841
6788 11519201
6789 11522611
6790 11525977
6791 11529421
6792 11531521
6793 11536201
6794 11539529
6795 11542897
6796 11546401
6797 11549803
6798 11553193
6799 11556221
6800 11559997
6801 11562409
6802 11566361
6803 11570191
6804 11566549
6805 11577001
6806 11579969
6807 11583703
6808 11587073
6809 11590591
6810 11593801
6811 11597431
6812 11600513
6813 11604223
6814 11607289
6815 11611057
6816 11614321
6817 11617717
6818 11621273
6819 11623501
6820 11626501
6821 11631509
6822 11634913
6823 11638321
6824 11641681
6825 11642707
6826 11648561
6827 11651977
6828 11654821
6829 11658791
6830 11662201
6831 11659789
6832 11669041
6833 11672467
6834 11675449
6835 11679307
6836 11682721
6837 11685871
6838 11689553
6839 11692981
6840 11694637
6841 11699819
6842 11703161
6843 11706661
6844 11710081
6845 11713297
6846 11715409
6847 11720353
6848 11723377
6849 11727181
6850 11730601
6851 11733919
6852 11737441
6853 11740831
6854 11744041
6855 11747647
6856 11751041
6857 11754593
6858 11757961
6859 11761469
6860 11764801
6861 11768311
6862 11771737
6863 11775191
6864 11778589
6865 11782027
6866 11785441
6867 11788867
6868 11792257
6869 11795681
6870 11799217
6871 11802631
6872 11806097
6873 11807641
6874 11812849
6875 11816407
6876 11819809
6877 11823283
6878 11826697
6879 11829781
6880 11833277
6881 11837039
6882 11838457
6883 11843323
6884 11846881
6885 11850427
6886 11854169
6887 11857693
6888 11860993
6889 11864581
6890 11866177
6891 11871451
6892 11874917
6893 11878343
6894 11881801
6895 11885201
6896 11887921
6897 11892151
6898 11894977
6899 11899051
6900 11897317
6901 11905909
6902 11909353
6903 11912851
6904 11916241
6905 11919157
6906 11923201
6907 11926657
6908 11929861
6909 11933569
6910 11936801
6911 11940469
6912 11943361
6913 11947387
6914 11950769
6915 11953801
6916 11957761
6917 11961223
6918 11964457
6919 11968141
6920 11971537
6921 11975059
6922 11978401
6923 11981971
6924 11985301
6925 11988887
6926 11990689
6927 11995831
6928 11999293
6929 12002761
6930 12006217
6931 12009559
6932 12013013
6933 12016621
6934 12019801
6935 12023467
6936 12025261
6937 12030463
6938 12033953
6939 12037159
6940 12040417
6941 12044371
6942 12047617
6943 12051293
6944 12054769
6945 12058237
6946 12061681
6947 12065203
6948 12068677
6949 12072139
6950 12075097
6951 12078919
6952 12082573
6953 12086051
6954 12089521
6955 12092407
6956 12096481
6957 12099907
6958 12103433
6959 12106921
6960 12110401
6961 12113869
6962 12116833
6963 12118087
6964 12124129
6965 12127807
6966 12130849
6967 12134743
6968 12138193
6969 12141721
6970 12145201
6971 12148711
6972 12151297
6973 12155677
6974 12157801
6975 12161467
6976 12165949
6977 12169631
6978 12173113
6979 12176401
6980 12180101
6981 12183571
6982 12187073
6983 12190573
6984 12192769
6985 12197557
6986 12201041
6987 12204541
6988 12208033
6989 12211519
6990 12214801
6991 12218509
6992 12222013
6993 12224701
6994 12228929
6995 12232487
6996 12235429
6997 12239431
6998 12242953
6999 12246319
7000 12248557
7001 12253471
7002 12244681
7003 12260503
7004 12263969
7005 12267397
7006 12270281
7007 12274501
7008 12278017
7009 12281519
7010 12285017
7011 12288259
7012 12291893
7013 12295453
7014 12298969
7015 12302527
7016 12306061
7017 12309571
7018 12312457
7019 12316589
7020 12319777
7021 12323611
7022 12327097
7023 12330631
7024 12334109
7025 12337417
7026 12337201
7027 12344681
7028 12348097
7029 12351601
7030 12353017
7031 12358741
7032 12362257
7033 12365767
7034 12369281
7035 12370357
7036 12376321
7037 12379841
7038 12382633
7039 12386861
7040 12390401
7041 12393739
7042 12397417
7043 12400943
7044 12404449
7045 12408001
7046 12411521
7047 12414547
7048 12418561
7049 12421891
7050 12411937
7051 12429121
7052 12432533
7053 12436183
7054 12439561
7055 12443251
7056 12445021
7057 12450311
7058 12453817
7059 12457189
7060 12460901
7061 12464429
7062 12467233
7063 12471463
7064 12475009
7065 12477151
7066 12482009
7067 12485617
7068 12489157
7069 12492691
7070 12496217
7071 12499651
7072 12503297
7073 12506821
7074 12509641
7075 12513901
7076 12517301
7077 12520927
7078 12524497
7079 12527789
7080 12530701
7081 12535141
7082 12538633
7083 12542113
7084 12545749
7085 12549307
7086 12552769
7087 12556393
7088 12559933
7089 12563209
7090 12567017
7091 12570541
7092 12573541
7093 12577657
7094 12581089
7095 12582307
7096 12588269
7097 12591823
7098 12593377
7099 12598951
7100 12602437
7101 12606031
7102 12609481
7103 12613123
7104 12616129
7105 12619877
7106 12623761
7107 12627361
7108 12630913
7109 12634471
7110 12637297
7111 12641561
7112 12644941
7113 12648673
7114 12651889
7115 12655807
7116 12653281
7117 12662833
7118 12666361
7119 12670039
7120 12673537
7121 12677149
7122 12680641
7123 12684283
7124 12687841
7125 12691387
7126 12694889
7127 12698533
7128 12700333
7129 12705659
7130 12708937
7131 12712519
7132 12716257
7133 12719867
7134 12723481
7135 12726817
7136 12730621
7137 12733003
7138 12737033
7139 12741319
7140 12744757
7141 12748469
7142 12752017
7143 12755557
7144 12759121
7145 12762751
7146 12765601
7147 12769903
7148 12773413
7149 12777049
7150 12780601
7151 12784199
7152 12787633
7153 12791353
7154 12794921
7155 12798397
7156 12801829
7157 12805621
7158 12808801
7159 12812819
7160 12816337
7161 12818791
7162 12823513
7163 12826871
7164 12830689
7165 12834251
7166 12837809
7167 12841453
7168 12844913
7169 12848599
7170 12852001
7171 12855809
7172 12859381
7173 12862963
7174 12866561
7175 12870157
7176 12872449
7177 12877331
7178 12880913
7179 12884329
7180 12888037
7181 12891649
7182 12894841
7183 12898871
7184 12902401
7185 12906001
7186 12908921
7187 12913231
7188 12916261
7189 12920431
7190 12924017
7191 12927349
7192 12931213
7193 12934723
7194 12935161
7195 12941407
7196 12945029
7197 12949147
7198 12952633
7199 12956399
7200 12959677
7201 12963589
7202 12967153
7203 12970693
7204 12974341
7205 12977501
7206 12981601
7207 12985213
7208 12988621
7209 12991609
7210 12996001
7211 12999559
7212 12998053
7213 13006843
7214 13009921
7215 13009501
7216 13017649
7217 13021273
7218 13024153
7219 13028489
7220 13032037
7221 13035709
7222 13039097
7223 13042933
7224 13043629
7225 13049917
7226 13053041
7227 13057327
7228 13060897
7229 13064539
7230 13067137
7231 13071811
7232 13075453
7233 13078693
7234 13082521
7235 13086301
7236 13089889
7237 13093537
7238 13097153
7239 13100401
7240 13102097
7241 13108019
7242 13111561
7243 13115261
7244 13118881
7245 13122127
7246 13126121
7247 13129751
7248 13133377
7249 13136911
7250 13140577
7251 13144249
7252 13147861
7253 13151503
7254 13154041
7255 13158751
7256 13162381
7257 13166011
7258 13169417
7259 13173271
7260 13175137
7261 13180501
7262 13184153
7263 13187737
7264 13191421
7265 13195027
7266 13198249
7267 13202317
7268 13205953
7269 13209589
7270 13213001
7271 13216831
7272 13220461
7273 13224131
7274 13227689
7275 13231297
7276 13235041
7277 13238683
7278 13237561
7279 13245961
7280 13248817
7281 13253239
7282 13256801
7283 13260521
7284 13261861
7285 13267801
7286 13269601
7287 13274281
7288 13278737
7289 13282361
7290 13284937
7291 13289671
7292 13291381
7293 13295773
7294 13299089
7295 13304147
7296 13307761
7297 13311547
7298 13315193
7299 13318849
7300 13322501
7301 13326149
7302 13329577
7303 13333433
7304 13336621
7305 13340737
7306 13344241
7307 13348057
7308 13351573
7309 13355371
7310 13359001
7311 13362409
7312 13366141
7313 13369981
7314 13373641
7315 13377251
7316 13380929
7317 13384513
7318 13388201
7319 13391831
7320 13395601
7321 13399259
7322 13402913
7323 13406581
7324 13409761
7325 13413797
7326 13417561
7327 13420961
7328 13424881
7329 13428559
7330 13431937
7331 13435889
7332 13439233
7333 13443217
7334 13446809
7335 13448107
7336 13454081
7337 13457891
7338 13457593
7339 13465229
7340 13468901
7341 13470931
7342 13476233
7343 13479913
7344 13483441
7345 13487147
7346 13490641
7347 13494493
7348 13497877
7349 13501949
7350 13503601
7351 13509299
7352 13512913
7353 13516597
7354 13520249
7355 13523897
7356 13527649
7357 13531351
7358 13535033
7359 13538071
7360 13542301
7361 13545971
7362 13549537
7363 13553431
7364 13556341
7365 13560301
7366 13564409
7367 13568167
7368 13571713
7369 13575521
7370 13579217
7371 13582801
7372 13586597
7373 13590277
7374 13593961
7375 13597657
7376 13601149
7377 13604923
7378 13608697
7379 13612399
7380 13583701
7381 13619779
7382 13623257
7383 13627153
7384 13630861
7385 13634557
7386 13637809
7387 13641941
7388 13645633
7389 13649059
7390 13652497
7391 13656679
7392 13658653
7393 13664071
7394 13667761
7395 13671487
7396 13675201
7397 13678901
7398 13681513
7399 13686271
7400 13689997
7401 13691809
7402 13697377
7403 13701097
7404 13703509
7405 13708351
7406 13712161
7407 13715803
7408 13719613
7409 13723309
7410 13723057
7411 13730729
7412 13734421
7413 13737961
7414 13741841
7415 13745177
7416 13748689
7417 13752971
7418 13756657
7419 13759399
7420 13764001
7421 13767781
7422 13771297
7423 13775233
7424 13778929
7425 13782007
7426 13786321
7427 13790083
7428 13793761
7429 13797481
7430 13800937
7431 13804831
7432 13808657
7433 13812361
7434 13816081
7435 13819801
7436 13823269
7437 13827241
7438 13830953
7439 13834571
7440 13832317
7441 13842121
7442 13845817
7443 13849453
7444 13853269
7445 13857001
7446 13860001
7447 13864397
7448 13868077
7449 13869451
7450 13875457
7451 13879339
7452 13883041
7453 13886801
7454 13890169
7455 13894201
7456 13897841
7457 13901623
7458 13905433
7459 13909169
7460 13912901
7461 13916629
7462 13920337
7463 13924073
7464 13922641
7465 13931557
7466 13935281
7467 13938373
7468 13942757
7469 13946489
7470 13949137
7471 13953931
7472 13957553
7473 13961251
7474 13965089
7475 13968907
7476 13970881
7477 13976371
7478 13980097
7479 13983859
7480 13987537
7481 13991251
7482 13994641
7483 13998823
7484 14002501
7485 13990807
7486 14009881
7487 14013721
7488 14017501
7489 14021281
7490 14024977
7491 14028589
7492 14032517
7493 14036263
7494 14040001
7495 14043727
7496 14047489
7497 14051251
7498 14054993
7499 14058749
7500 14062357
7501 14066231
7502 14069977
7503 14073751
7504 14076481
7505 14081251
7506 14084929
7507 14088757
7508 14092517
7509 14096161
7510 14099857
7511 14103769
7512 14107537
7513 14111291
7514 14115041
7515 14118697
7516 14122561
7517 14126293
7518 14128993
7519 14133829
7520 14137537
7521 14141359
7522 14144593
7523 14148881
7524 14145589
7525 14156407
7526 14160001
7527 14163823
7528 14167697
7529 14171431
7530 14175001
7531 14178919
7532 14182741
7533 14186467
7534 14189449
7535 14194027
7536 14197681
7537 14201591
7538 14205313
7539 14207239
7540 14212577
7541 14216291
7542 14220361
7543 14224213
7544 14227921
7545 14231377
7546 14235521
7547 14239301
7548 14243077
7549 14246839
7550 14250617
7551 14254129
7552 14258177
7553 14261941
7554 14265649
7555 14269501
7556 14273269
7557 14276953
7558 14280481
7559 14284619
7560 14288257
7561 14292169
7562 14295937
7563 14299741
7564 14303489
7565 14307287
7566 14310001
7567 14314843
7568 14318657
7569 14322331
7570 14325497
7571 14330011
7572 14332501
7573 14337563
7574 14341289
7575 14345047
7576 14348909
7577 14352727
7578 14356513
7579 14360309
7580 14364101
7581 14365441
7582 14371561
7583 14375131
7584 14379121
7585 14383001
7586 14386681
7587 14390587
7588 14394437
7589 14398231
7590 14400937
7591 14405791
7592 14409553
7593 14413411
7594 14417041
7595 14420851
7596 14423509
7597 14428493
7598 14432393
7599 14435929
7600 14440001
7601 14443771
7602 14447593
7603 14451403
7604 14455141
7605 14458357
7606 14462761
7607 14466611
7608 14469121
7609 14474111
7610 14478001
7611 14481829
7612 14485637
7613 14489413
7614 14493169
7615 14497051
7616 14500861
7617 14504653
7618 14508433
7619 14512279
7620 14515777
7621 14519839
7622 14523601
7623 14527423
7624 14531329
7625 14535151
7626 14535721
7627 14542763
7628 14546593
7629 14549599
7630 14553697
7631 14557999
7632 14560957
7633 14565667
7634 14569481
7635 14572801
7636 14577089
7637 14580941
7638 14584753
7639 14588551
7640 14592337
7641 14596201
7642 14600017
7643 14603753
7644 14600629
7645 14611297
7646 14614489
7647 14618881
7648 14622961
7649 14626669
7650 14630401
7651 14634439
7652 14638277
7653 14641831
7654 14645921
7655 14649647
7656 14653549
7657 14657413
7658 14661193
7659 14665069
7660 14664277
7661 14672719
7662 14676121
7663 14680363
7664 14684161
7665 14687947
7666 14691881
7667 14695717
7668 14696641
7669 14703391
7670 14707201
7671 14710951
7672 14714893
7673 14718733
7674 14710249
7675 14726401
7676 14730101
7677 14734081
7678 14737913
7679 14741761
7680 14743837
7681 14749411
7682 14753201
7683 14756941
7684 14760901
7685 14764807
7686 14768209
7687 14772493
7688 14776193
7689 14780179
7690 14784017
7691 14787869
7692 14791393
7693 14795563
7694 14799361
7695 14802877
7696 14807069
7697 14810951
7698 14814721
7699 14818579
7700 14822501
7701 14825971
7702 14830033
7703 14834033
7704 14836609
7705 14841737
7706 14845529
7707 14849083
7708 14853253
7709 14857081
7710 14859001
7711 14864881
7712 14868701
7713 14872537
7714 14876441
7715 14880301
7716 14881861
7717 14888021
7718 14891857
7719 14895739
7720 14899597
7721 14903389
7722 14904073
7723 14911177
7724 14915009
7725 14918887
7726 14922689
7727 14926621
7728 14928733
7729 14934251
7730 14938177
7731 14942089
7732 14945173
7733 14949821
7734 14953249
7735 14957447
7736 14961421
7737 14965273
7738 14969081
7739 14973011
7740 14976901
7741 14980699
7742 14984353
7743 14988403
7744 14992129
7745 14996257
7746 14996881
7747 15004001
7748 15006721
7749 15011749
7750 15015401
7751 15019429
7752 15023341
7753 15027251
7754 15030689
7755 15034897
7756 15038561
7757 15042761
7758 15046201
7759 15050521
7760 15054077
7761 15056641
7762 15061993
7763 15066043
7764 15069889
7765 15073801
7766 15077609
7767 15081571
7768 15085457
7769 15089341
7770 15093217
7771 15097111
7772 15100993
7773 15104827
7774 15108689
7775 15112627
7776 15116509
7777 15120433
7778 15124297
7779 15127831
7780 15132101
7781 15135979
7782 15139441
7783 15143773
7784 15147469
7785 15151177
7786 15155401
7787 15159337
7788 15163237
7789 15167129
7790 15171017
7791 15174109
7792 15178717
7793 15182707
7794 15183361
7795 15190397
7796 15194369
7797 15198247
7798 15202193
7799 15206101
7800 15210001
7801 15213881
7802 15217753
7803 15221683
7804 15225589
7805 15229451
7806 15232681
7807 15237311
7808 15241201
7809 15245119
7810 15248801
7811 15252931
7812 15256261
7813 15260737
7814 15264569
7815 15268537
7816 15272461
7817 15276367
7818 15279193
7819 15284179
7820 15288101
7821 15292009
7822 15295873
7823 15299831
7824 15303601
7825 15307057
7826 15311561
7827 15315211
7828 15319361
7829 15323311
7830 15326137
7831 15331139
7832 15335053
7833 15335191
7834 15342841
7835 15346787
7836 15345541
7837 15354643
7838 15358537
7839 15362461
7840 15366397
7841 15370321
7842 15374017
7843 15378073
7844 15382021
7845 15385987
7846 15389761
7847 15393811
7848 15397777
7849 15401689
7850 15405617
7851 15409369
7852 15413077
7853 15417401
7854 15421321
7855 15425257
7856 15429181
7857 15432841
7858 15436753
7859 15440959
7860 15444001
7861 15448789
7862 15452537
7863 15456691
7864 15460589
7865 15464447
7866 15464521
7867 15472421
7868 15476353
7869 15480271
7870 15484201
7871 15488141
7872 15491521
7873 15496031
7874 15499609
7875 15501151
7876 15507809
7877 15511763
7878 15515497
7879 15519661
7880 15523457
7881 15527539
7882 15531457
7883 15535417
7884 15537601
7885 15543251
7886 15546961
7887 15551191
7888 15555037
7889 15559079
7890 15563017
7891 15566321
7892 15570917
7893 15574861
7894 15577721
7895 15582751
7896 15581521
7897 15590651
7898 15594433
7899 15598369
7900 15602101
7901 15606431
7902 15608377
7903 15614351
7904 15618301
7905 15621877
7906 15625921
7907 15629981
7908 15633973
7909 15638071
7910 15641737
7911 15644341
7912 15649873
7913 15653873
7914 15657841
7915 15661787
7916 15665761
7917 15669721
7918 15673657
7919 15677509
7920 15680701
7921 15685531
7922 15688993
7923 15693211
7924 15697189
7925 15701317
7926 15705289
7927 15709321
7928 15712897
7929 15717259
7930 15721217
7931 15725191
7932 15729157
7933 15733111
7934 15737081
7935 15737977
7936 15744961
7937 15748981
7938 15751873
7939 15756799
7940 15760757
7941 15764689
7942 15768793
7943 15772807
7944 15776749
7945 15780701
7946 15784369
7947 15788701
7948 15792661
7949 15796579
7950 15799897
7951 15804601
7952 15808433
7953 15812371
7954 15816481
7955 15820501
7956 15822721
7957 15828457
7958 15832433
7959 15835429
7960 15840397
7961 15844351
7962 15847633
7963 15852341
7964 15856289
7965 15860287
7966 15864241
7967 15868261
7968 15872257
7969 15876221
7970 15880177
7971 15884101
7972 15888097
7973 15892183
7974 15889609
7975 15899287
7976 15903661
7977 15908131
7978 15912041
7979 15916111
7980 15919201
7981 15924089
7982 15928057
7983 15932053
7984 15936029
7985 15940027
7986 15943969
7987 15948041
7988 15952037
7989 15955921
7990 15959737
7991 15964021
7992 15967873
7993 15972013
7994 15976001
7995 15979357
7996 15983969
7997 15988003
7998 15991993
7999 15995869
8000 15999517
8001 16002109
8002 16007993
8003 16011997
8004 16014709
8005 16020007
8006 16023961
8007 16028011
8008 16031761
8009 16036001
8010 16039297
8011 16044029
8012 16048037
8013 16052041
8014 16055929
8015 16059847
8016 16064029
8017 16067963
8018 16071241
8019 16076089
8020 16079957
8021 16084109
8022 16087681
8023 16092091
8024 16096109
8025 16100137
8026 16104161
8027 16108171
8028 16111873
8029 16116181
8030 16120057
8031 16124239
8032 16128157
8033 16132271
8034 16135849
8035 16140307
8036 16143541
8037 16148161
8038 16152281
8039 16156379
8040 16160257
8041 16164409
8042 16168433
8043 16172461
8044 16176481
8045 16180501
8046 16183441
8047 16188533
8048 16192577
8049 16195789
8050 16200577
8051 16204651
8052 16208677
8053 16212683
8054 16216609
8055 16220107
8056 16224641
8057 16228813
8058 16232833
8059 16236841
8060 16240837
8061 16244929
8062 16248737
8063 16252993
8064 16256701
8065 16261001
8066 16264649
8067 16269103
8068 16273157
8069 16277189
8070 16280497
8071 16285249
8072 16289261
8073 16292827
8074 16297361
8075 16301401
8076 16303681
8077 16309453
8078 16313497
8079 16316749
8080 16321537
8081 16325531
8082 16329601
8083 16333717
8084 16337729
8085 16341697
8086 16345841
8087 16349873
8088 16353901
8089 16357951
8090 16361977
8091 16365421
8092 16370117
8093 16374161
8094 16377121
8095 16382257
8096 16386289
8097 16390333
8098 16394393
8099 16398341
8100 16400737
8101 16406419
8102 16410577
8103 16414543
8104 16418449
8105 16422727
8106 16424209
8107 16430861
8108 16434881
8109 16438789
8110 16443001
8111 16447069
8112 16451137
8113 16455193
8114 16459169
8115 16463287
8116 16467361
8117 16470823
8118 16475401
8119 16479539
8120 16480001
8121 16487641
8122 16491697
8123 16495783
8124 16499701
8125 16503797
8126 16507961
8127 16511653
8128 16515953
8129 16520159
8130 16524217
8131 16528219
8132 16532353
8133 16535773
8134 16540481
8135 16544557
8136 16543441
8137 16552693
8138 16556753
8139 16560811
8140 16564901
8141 16568941
8142 16572961
8143 16577111
8144 16581181
8145 16585201
8146 16589281
8147 16593347
8148 16597153
8149 16601551
8150 16605577
8151 16609699
8152 16613761
8153 16617781
8154 16621849
8155 16625701
8156 16630049
8157 16633783
8158 16638217
8159 16642231
8160 16646401
8161 16650461
8162 16654513
8163 16658533
8164 16662689
8165 16666807
8166 16670881
8167 16674967
8168 16678957
8169 16682959
8170 16686697
8171 16691281
8172 16695397
8173 16699481
8174 16703041
8175 16707151
8176 16711741
8177 16715791
8178 16719697
8179 16724011
8180 16728001
8181 16732171
8182 16736273
8183 16740371
8184 16743889
8185 16748551
8186 16752529
8187 16756723
8188 16760833
8189 16764901
8190 16769017
8191 16773091
8192 16777213
8193 16781293
8194 16785361
8195 16789501
8196 16793281
8197 16797701
8198 16801793
8199 16805521
8200 16809997
8201 16814099
8202 16818121
8203 16822283
8204 16826401
8205 16830127
8206 16833881
8207 16838713
8208 16842781
8209 16846891
8210 16850737
8211 16855129
8212 16859233
8213 16863313
8214 16866361
8215 16871557
8216 16875601
8217 16879267
8218 16883593
8219 16887971
8220 16891957
8221 16896211
8222 16900153
8223 16904431
8224 16908509
8225 16912627
8226 16916761
8227 16920793
8228 16924997
8229 16929109
8230 16933201
8231 16937339
8232 16936273
8233 16945571
8234 16947841
8235 16953427
8236 16957921
8237 16961953
8238 16965433
8239 16970281
8240 16974401
8241 16978519
8242 16982633
8243 16986733
8244 16988581
8245 16994977
8246 16999121
8247 17003197
8248 17007377
8249 17011471
8250 17014897
8251 17019679
8252 17023873
8253 17027947
8254 17032049
8255 17036251
8256 17040241
8257 17044507
8258 17048617
8259 17052769
8260 17056801
8261 17060921
8262 17064721
8263 17069287
8264 17073101
8265 17076907
8266 17081521
8267 17085811
8268 17089057
8269 17094071
8270 17098217
8271 17101369
8272 17106497
8273 17110633
8274 17114689
8275 17118887
8276 17122981
8277 17127181
8278 17131273
8279 17135431
8280 17139601
8281 17143741
8282 17147833
8283 17151751
8284 17156129
8285 17160307
8286 17163721
8287 17168573
8288 17172721
8289 17176879
8290 17180857
8291 17185151
8292 17189317
8293 17193373
8294 17197561
8295 17201377
8296 17205421
8297 17210047
8298 17212681
8299 17218339
8300 17222497
8301 17225839
8302 17230753
8303 17234953
8304 17238961
8305 17243227
8306 17247361
8307 17251561
8308 17255717
8309 17259799
8310 17262937
8311 17268151
8312 17272337
8313 17276383
8314 17280209
8315 17284807
8316 17288641
8317 17293123
8318 17297257
8319 17301439
8320 17305597
8321 17309759
8322 17313913
8323 17317973
8324 17322241
8325 17325901
8326 17330561
8327 17334703
8328 17333713
8329 17343059
8330 17347201
8331 17351281
8332 17355413
8333 17359651
8334 17363161
8335 17368027
8336 17372221
8337 17376283
8338 17380513
8339 17384641
8340 17388901
8341 17393059
8342 17396713
8343 17401393
8344 17405581
8345 17409451
8346 17413849
8347 17418031
8348 17422277
8349 17426449
8350 17430601
8351 17434801
8352 17438977
8353 17443141
8354 17447249
8355 17448751
8356 17455649
8357 17459863
8358 17464033
8359 17468149
8360 17472401
8361 17476471
8362 17480681
8363 17484871
8364 17477461
8365 17493197
8366 17497481
8367 17501401
8368 17505857
8369 17510041
8370 17505577
8371 17518409
8372 17522581
8373 17526727
8374 17530801
8375 17534851
8376 17539309
8377 17543401
8378 17547641
8379 17551909
8380 17556001
8381 17560271
8382 17558857
8383 17568653
8384 17572861
8385 17575651
8386 17581129
8387 17585443
8388 17589601
8389 17593819
8390 17598001
8391 17602219
8392 17606401
8393 17610613
8394 17614369
8395 17618767
8396 17623201
8397 17627347
8398 17631577
8399 17635801
8400 17639857
8401 17644171
8402 17648377
8403 17652601
8404 17656229
8405 17660897
8406 17664769
8407 17669413
8408 17673613
8409 17677819
8410 17681977
8411 17686219
8412 17690437
8413 17694587
8414 17698801
8415 17702551
8416 17707009
8417 17711443
8418 17714161
8419 17719759
8420 17724097
8421 17726671
8422 17732353
8423 17736731
8424 17740909
8425 17745137
8426 17749201
8427 17753563
8428 17757793
8429 17761981
8430 17757577
8431 17770429
8432 17774641
8433 17778763
8434 17783041
8435 17787307
8436 17789221
8437 17795741
8438 17799841
8439 17804161
8440 17808337
8441 17812601
8442 17816401
8443 17821033
8444 17825029
8445 17829451
8446 17832209
8447 17837933
8448 17841853
8449 17846401
8450 17850601
8451 17854849
8452 17859077
8453 17863297
8454 17867089
8455 17871751
8456 17875841
8457 17880157
8458 17884417
8459 17888659
8460 17892757
8461 17897021
8462 17901241
8463 17905483
8464 17909149
8465 17913901
8466 17918209
8467 17922511
8468 17926357
8469 17930719
8470 17935201
8471 17939461
8472 17943661
8473 17947933
8474 17952161
8475 17956297
8476 17960641
8477 17964883
8478 17969113
8479 17973349
8480 17977501
8481 17981731
8482 17986057
8483 17990317
8484 17994421
8485 17998777
8486 18003001
8487 18007291
8488 18011533
8489 18015779
8490 18019297
8491 18024271
8492 18028261
8493 18032491
8494 18037001
8495 18041251
8496 18044209
8497 18049697
8498 18053713
8499 18058231
8500 18062501
8501 18066749
8502 18070561
8503 18075247
8504 18079489
8505 18083701
8506 18087841
8507 18092153
8508 18095941
8509 18100769
8510 18104857
8511 18109171
8512 18113521
8513 18117791
8514 18118801
8515 18126307
8516 18130529
8517 18134713
8518 18139073
8519 18143341
8520 18147601
8521 18151849
8522 18155953
8523 18159571
8524 18164609
8525 18168901
8526 18172729
8527 18177431
8528 18181633
8529 18185941
8530 18190001
8531 18193561
8532 18198757
8533 18202967
8534 18206761
8535 18211051
8536 18215629
8537 18220093
8538 18223633
8539 18228601
8540 18232801
8541 18236791
8542 18241081
8543 18245707
8544 18249841
8545 18254251
8546 18258241
8547 18262747
8548 18266881
8549 18271349
8550 18275401
8551 18279901
8552 18283693
8553 18288271
8554 18292609
8555 18297001
8556 18298981
8557 18305533
8558 18309793
8559 18313849
8560 18318257
8561 18322609
8562 18323713
8563 18331231
8564 18335269
8565 18339697
8566 18343361
8567 18348371
8568 18351757
8569 18356941
8570 18357257
8571 18365509
8572 18369733
8573 18374063
8574 18377929
8575 18382657
8576 18386909
8577 18391213
8578 18395473
8579 18399791
8580 18402337
8581 18408391
8582 18412657
8583 18416971
8584 18421201
8585 18425401
8586 18429769
8587 18434113
8588 18438437
8589 18441541
8590 18447001
8591 18451249
8592 18455581
8593 18459641
8594 18463681
8595 18468487
8596 18472789
8597 18477091
8598 18481321
8599 18485671
8600 18490001
8601 18494299
8602 18498313
8603 18502901
8604 18505909
8605 18511477
8606 18515801
8607 18520111
8608 18524353
8609 18528721
8610 18531937
8611 18537329
8612 18540481
8613 18545941
8614 18549721
8615 18554551
8616 18557101
8617 18563173
8618 18567433
8619 18571789
8620 18576101
8621 18580409
8622 18582121
8623 18589033
8624 18593021
8625 18596251
8626 18598249
8627 18606283
8628 18610561
8629 18614909
8630 18618601
8631 18621901
8632 18627853
8633 18632167
8634 18636481
8635 18640777
8636 18645089
8637 18649441
8638 18653753
8639 18658069
8640 18654301
8641 18666709
8642 18670921
8643 18675253
8644 18679649
8645 18683851
8646 18688249
8647 18692651
8648 18696913
8649 18701191
8650 18704537
8651 18709949
8652 18713701
8653 18718603
8654 18722761
8655 18727147
8656 18730909
8657 18735911
8658 18740017
8659 18744569
8660 18748901
8661 18753121
8662 18757553
8663 18761881
8664 18764929
8665 18770527
8666 18774881
8667 18779221
8668 18783553
8669 18787871
8670 18788257
8671 18796559
8672 18800897
8673 18805177
8674 18809521
8675 18813601
8676 18817921
8677 18822581
8678 18826193
8679 18831079
8680 18835601
8681 18839941
8682 18844201
8683 18848617
8684 18852901
8685 18857197
8686 18861569
8687 18865963
8688 18870193
8689 18874591
8690 18879001
8691 18883351
8692 18887681
8693 18892043
8694 18881281
8695 18900737
8696 18905101
8697 18906697
8698 18913273
8699 18918139
8700 18922177
8701 18926851
8702 18930841
8703 18933391
8704 18939901
8705 18944257
8706 18948169
8707 18952961
8708 18956417
8709 18961561
8710 18965801
8711 18970361
8712 18974413
8713 18979087
8714 18983401
8715 18987301
8716 18992161
8717 18996451
8718 19000873
8719 19005241
8720 19009537
8721 19013959
8722 19018313
8723 19022683
8724 19027009
8725 19031377
8726 19035689
8727 19040023
8728 19044497
8729 19048831
8730 19049977
8731 19057351
8732 19061957
8733 19066321
8734 19070609
8735 19075057
8736 19076509
8737 19083773
8738 19088081
8739 19091881
8740 19096901
8741 19101161
8742 19105561
8743 19110011
8744 19114369
8745 19118647
8746 19123121
8747 19127491
8748 19131877
8749 19136251
8750 19140617
8751 19144981
8752 19149341
8753 19153711
8754 19158049
8755 19162267
8756 19166881
8757 19171153
8758 19175561
8759 19180019
8760 19180801
8761 19188781
8762 19193081
8763 19197523
8764 19201921
8765 19206217
8766 19210249
8767 19215067
8768 19219457
8769 19223569
8770 19228201
8771 19232611
8772 19236961
8773 19241227
8774 19245601
8775 19249507
8776 19254509
8777 19258931
8778 19260721
8779 19267711
8780 19271957
8781 19276489
8782 19280761
8783 19285183
8784 19289629
8785 19294027
8786 19298161
8787 19302337
8788 19307201
8789 19311631
8790 19315801
8791 19320421
8792 19324813
8793 19329157
8794 19333441
8795 19338001
8796 19342369
8797 19346773
8798 19351193
8799 19355419
8800 19359677
8801 19364381
8802 19368793
8803 19373201
8804 19377541
8805 19381987
8806 19386329
8807 19390801
8808 19395217
8809 19399621
8810 19404017
8811 19408429
8812 19412641
8813 19417243
8814 19421641
8815 19426051
8816 19430321
8817 19434871
8818 19438921
8819 19443691
8820 19448101
8821 19452481
8822 19456897
8823 19461331
8824 19465729
8825 19470127
8826 19473049
8827 19477723
8828 19483397
8829 19487701
8830 19491937
8831 19496509
8832 19500157
8833 19505471
8834 19509361
8835 19514251
8836 19518581
8837 19523143
8838 19527553
8839 19531961
8840 19536001
8841 19540711
8842 19545073
8843 19549657
8844 19553509
8845 19558417
8846 19562401
8847 19567351
8848 19571677
8849 19576201
8850 19580401
8851 19585039
8852 19589461
8853 19593901
8854 19598321
8855 19602727
8856 19607041
8857 19611611
8858 19616017
8859 19620199
8860 19623137
8861 19629331
8862 19633753
8863 19638193
8864 19642589
8865 19646947
8866 19651409
8867 19655921
8868 19660321
8869 19664779
8870 19668937
8871 19673551
8872 19678081
8873 19682527
8874 19677169
8875 19691407
8876 19695649
8877 19699777
8878 19704673
8879 19709141
8880 19711837
8881 19717931
8882 19722473
8883 19726543
8884 19731301
8885 19734937
8886 19740241
8887 19744693
8888 19749137
8889 19753579
8890 19758017
8891 19762459
8892 19766881
8893 19771363
8894 19775801
8895 19779751
8896 19784689
8897 19789153
8898 19793377
8899 19798049
8900 19802017
8901 19806931
8902 19811177
8903 19815781
8904 19820161
8905 19824377
8906 19829129
8907 19833643
8908 19838113
8909 19842569
8910 19831897
8911 19851479
8912 19855937
8913 19860391
8914 19864561
8915 19869301
8916 19872001
8917 19878041
8918 19882601
8919 19887121
8920 19891117
8921 19895719
8922 19899793
8923 19904981
8924 19909381
8925 19913527
8926 19918361
8927 19922821
8928 19927153
8929 19931651
8930 19936201
8931 19940419
8932 19945153
8933 19949603
8934 19953361
8935 19958557
8936 19962769
8937 19967491
8938 19971953
8939 19975729
8940 19979137
8941 19985351
8942 19989817
8943 19994131
8944 19998721
8945 20003227
8946 20007721
8947 20012203
8948 20016677
8949 20020501
8950 20025001
8951 20030089
8952 20034433
8953 20038981
8954 20043409
8955 20047987
8956 20052421
8957 20056961
8958 20052793
8959 20065909
8960 20070397
8961 20074771
8962 20079337
8963 20083837
8964 20082241
8965 20092427
8966 20097241
8967 20101771
8968 20106253
8969 20110631
8970 20111257
8971 20119709
8972 20124197
8973 20128681
8974 20133089
8975 20137651
8976 20140849
8977 20146627
8978 20151097
8979 20155501
8980 20160037
8981 20164589
8982 20167993
8983 20173567
8984 20178049
8985 20181151
8986 20186689
8987 20191541
8988 20195893
8989 20200529
8990 20205001
8991 20209339
8992 20214017
8993 20218441
8994 20222569
8995 20227477
8996 20232001
8997 20236123
8998 20240977
8999 20245499
9000 20210797
9001 20254411
9002 20258993
9003 20263447
9004 20267809
9005 20272397
9006 20276569
9007 20281403
9008 20286017
9009 20290519
9010 20294977
9011 20299399
9012 20303461
9013 20308543
9014 20313001
9015 20317501
9016 20322061
9017 20326571
9018 20330857
9019 20335571
9020 20340101
9021 20344501
9022 20348953
9023 20353633
9024 20356381
9025 20362637
9026 20367001
9027 20371501
9028 20376053
9029 20380699
9030 20374201
9031 20389741
9032 20394113
9033 20398717
9034 20403241
9035 20407787
9036 20412181
9037 20416771
9038 20421337
9039 20425879
9040 20430077
9041 20434811
9042 20430793
9043 20443957
9044 20448469
9045 20452357
9046 20455681
9047 20462047
9048 20466577
9049 20471089
9050 20475337
9051 20480041
9052 20484533
9053 20489191
9054 20480041
9055 20498201
9056 20502641
9057 20507203
9058 20511217
9059 20516351
9060 20520901
9061 20525431
9062 20529881
9063 20533987
9064 20536909
9065 20543527
9066 20547361
9067 20552611
9068 20557157
9069 20561689
9070 20566177
9071 20570761
9072 20574973
9073 20579833
9074 20583841
9075 20588851
9076 20593249
9077 20597971
9078 20602513
9079 20607061
9080 20611601
9081 20616139
9082 20620513
9083 20625217
9084 20629621
9085 20634217
9086 20638729
9087 20643211
9088 20647933
9089 20652439
9090 20653777
9091 20661551
9092 20665441
9093 20669851
9094 20675201
9095 20679727
9096 20683009
9097 20688721
9098 20691001
9099 20697301
9100 20702497
9101 20707051
9102 20711521
9103 20716141
9104 20720449
9105 20723617
9106 20729369
9107 20734361
9108 20738917
9109 20743469
9110 20748017
9111 20752399
9112 20756993
9113 20761693
9114 20766241
9115 20770807
9116 20775329
9117 20779543
9118 20784193
9119 20789039
9120 20793457
9121 20798161
9122 20802697
9123 20807173
9124 20811781
9125 20816387
9126 20820889
9127 20825503
9128 20829953
9129 20834641
9130 20839201
9131 20843789
9132 20848357
9133 20852921
9134 20857321
9135 20857087
9136 20866621
9137 20871187
9138 20875753
9139 20880289
9140 20884837
9141 20889199
9142 20893753
9143 20898583
9144 20901889
9145 20907751
9146 20912209
9147 20916793
9148 20921377
9149 20926051
9150 20930617
9151 20935181
9152 20939761
9153 20944171
9154 20948881
9155 20953451
9156 20957941
9157 20962481
9158 20967161
9159 20968399
9160 20976337
9161 20980639
9162 20985337
9163 20990143
9164 20994709
9165 20999197
9166 21003601
9167 21008401
9168 21013021
9169 21017641
9170 21021697
9171 21026431
9172 21031393
9173 21035981
9174 21040489
9175 21045151
9176 21049729
9177 21054277
9178 21058633
9179 21063481
9180 21068101
9181 21072671
9182 21077257
9183 21081763
9184 21086321
9185 21091051
9186 21090889
9187 21100231
9188 21104773
9189 21109321
9190 21113297
9191 21118619
9192 21123181
9193 21127783
9194 21132289
9195 21136501
9196 21141569
9197 21146197
9198 21149281
9199 21155399
9200 21160001
9201 21164581
9202 21169121
9203 21173791
9204 21178081
9205 21182797
9206 21187561
9207 21192211
9208 21196817
9209 21201421
9210 21205801
9211 21210619
9212 21215237
9213 21219787
9214 21218521
9215 21229051
9216 21233341
9217 21238271
9218 21242873
9219 21247381
9220 21252001
9221 21256709
9222 21261241
9223 21265913
9224 21270401
9225 21274651
9226 21279721
9227 21284381
9228 21288997
9229 21293599
9230 21298217
9231 21302731
9232 21307457
9233 21312017
9234 21316609
9235 21321301
9236 21325441
9237 21330487
9238 21335137
9239 21339781
9240 21344077
9241 21349019
9242 21353593
9243 21358153
9244 21362881
9245 21367501
9246 21371689
9247 21376571
9248 21381361
9249 21385999
9250 21390617
9251 21395251
9252 21398581
9253 21404503
9254 21409009
9255 21413737
9256 21418349
9257 21423007
9258 21426553
9259 21432259
9260 21436757
9261 21441421
9262 21446153
9263 21450763
9264 21455281
9265 21460057
9266 21464249
9267 21469321
9268 21473953
9269 21478579
9270 21482137
9271 21487751
9272 21492433
9273 21497131
9274 21501721
9275 21506167
9276 21510469
9277 21515677
9278 21520297
9279 21524779
9280 21529201
9281 21534241
9282 21538873
9283 21543503
9284 21547681
9285 21551401
9286 21557401
9287 21562003
9288 21566737
9289 21571339
9290 21575857
9291 21580291
9292 21585281
9293 21589961
9294 21594169
9295 21598751
9296 21603649
9297 21608551
9298 21613177
9299 21617821
9300 21622501
9301 21627139
9302 21631777
9303 21636271
9304 21640849
9305 21645751
9306 21648889
9307 21655063
9308 21658817
9309 21663721
9310 21669017
9311 21673651
9312 21677041
9313 21682987
9314 21687641
9315 21692287
9316 21695941
9317 21701623
9318 21705553
9319 21710929
9320 21715277
9321 21720241
9322 21724841
9323 21729583
9324 21733669
9325 21738901
9326 21743521
9327 21748123
9328 21752893
9329 21757559
9330 21758977
9331 21766889
9332 21771557
9333 21776221
9334 21780809
9335 21785537
9336 21788461
9337 21794837
9338 21799553
9339 21804121
9340 21808837
9341 21813569
9342 21817801
9343 21822907
9344 21827549
9345 21832201
9346 21836921
9347 21841591
9348 21846133
9349 21850819
9350 21855401
9351 21860191
9352 21864653
9353 21869641
9354 21873889
9355 21878897
9356 21883621
9357 21888091
9358 21892873
9359 21897611
9360 21898801
9361 21906949
9362 21911713
9363 21916387
9364 21921121
9365 21925807
9366 21928969
9367 21935171
9368 21939821
9369 21944521
9370 21949001
9371 21953881
9372 21958021
9373 21963127
9374 21967889
9375 21972277
9376 21976561
9377 21982013
9378 21981961
9379 21991301
9380 21996001
9381 22000609
9382 22004393
9383 22010167
9384 22011949
9385 22019467
9386 22024081
9387 22028887
9388 22033633
9389 22038319
9390 22043017
9391 22047721
9392 22052161
9393 22057093
9394 22061729
9395 22066501
9396 22069909
9397 22075903
9398 22080593
9399 22085281
9400 22090001
9401 22094671
9402 22099393
9403 22104091
9404 22107781
9405 22113451
9406 22117681
9407 22122901
9408 22127617
9409 22132309
9410 22136857
9411 22141711
9412 22146433
9413 22151011
9414 22155841
9415 22160557
9416 22165249
9417 22169863
9418 22174673
9419 22179361
9420 22182337
9421 22188769
9422 22193473
9423 22198123
9424 22202909
9425 22207657
9426 22202569
9427 22216927
9428 22221781
9429 22226329
9430 22231177
9431 22235929
9432 22240657
9433 22245361
9434 22249649
9435 22254157
9436 22259381
9437 22264241
9438 22267873
9439 22273609
9440 22277617
9441 22283011
9442 22287761
9443 22292563
9444 22295989
9445 22301987
9446 22306649
9447 22311433
9448 22315693
9449 22320901
9450 22324537
9451 22330349
9452 22335077
9453 22339621
9454 22344169
9455 22348657
9456 22353949
9457 22358671
9458 22363433
9459 22368061
9460 22372897
9461 22377521
9462 22382281
9463 22387093
9464 22391821
9465 22395907
9466 22400929
9467 22406023
9468 22410757
9469 22415489
9470 22420201
9471 22422511
9472 22429697
9473 22434431
9474 22438729
9475 22443901
9476 22448389
9477 22453381
9478 22457761
9479 22462819
9480 22466701
9481 22472069
9482 22477073
9483 22481551
9484 22486561
9485 22491097
9486 22496041
9487 22500791
9488 22505521
9489 22510099
9490 22515001
9491 22519771
9492 22524193
9493 22529261
9494 22533961
9495 22538701
9496 22543501
9497 22548241
9498 22552921
9499 22557751
9500 22562437
9501 22565611
9502 22571977
9503 22576753
9504 22572289
9505 22586227
9506 22590721
9507 22595743
9508 22600517
9509 22605259
9510 22576537
9511 22614671
9512 22619533
9513 22624291
9514 22628929
9515 22633801
9516 22637269
9517 22643317
9518 22648001
9519 22652821
9520 22657501
9521 22662359
9522 22667041
9523 22671853
9524 22676629
9525 22681387
9526 22686049
9527 22690931
9528 22695373
9529 22700441
9530 22704697
9531 22709611
9532 22714721
9533 22719481
9534 22721689
9535 22728967
9536 22733761
9537 22738483
9538 22743353
9539 22748119
9540 22752757
9541 22757671
9542 22762417
9543 22767211
9544 22771921
9545 22776757
9546 22781089
9547 22785751
9548 22791073
9549 22795849
9550 22800577
9551 22805371
9552 22810033
9553 22814951
9554 22819681
9555 22824001
9556 22829029
9557 22834051
9558 22838617
9559 22843609
9560 22848401
9561 22853179
9562 22857937
9563 22862743
9564 22867489
9565 22872151
9566 22877081
9567 22881601
9568 22886657
9569 22890979
9570 22896217
9571 22900991
9572 22905797
9573 22910401
9574 22915289
9575 22920151
9576 22911949
9577 22929703
9578 22934497
9579 22938319
9580 22943957
9581 22948819
9582 22952953
9583 22958473
9584 22962941
9585 22967947
9586 22972841
9587 22977641
9588 22982437
9589 22987229
9590 22992017
9591 22996549
9592 23001617
9593 23006413
9594 23011129
9595 23015917
9596 23020661
9597 23025601
9598 23030377
9599 23035091
9600 23029597
9601 23044799
9602 23049553
9603 23054221
9604 23058181
9605 23064007
9606 23056489
9607 23073613
9608 23078413
9609 23082571
9610 23088017
9611 23092819
9612 23096737
9613 23102413
9614 23107241
9615 23111677
9616 23116861
9617 23121673
9618 23125393
9619 23131289
9620 23136097
9621 23140891
9622 23145713
9623 23150191
9624 23150989
9625 23160157
9626 23164681
9627 23169403
9628 23174581
9629 23179301
9630 23180257
9631 23189041
9632 23193853
9633 23198653
9634 23203321
9635 23208301
9636 23212549
9637 23217941
9638 23222713
9639 23227471
9640 23232257
9641 23237191
9642 23238793
9643 23246863
9644 23251681
9645 23256451
9646 23261041
9647 23266141
9648 23270941
9649 23275799
9650 23279897
9651 23285071
9652 23290273
9653 23295101
9654 23298841
9655 23304751
9656 23309581
9657 23314141
9658 23319073
9659 23324069
9660 23327137
9661 23333711
9662 23338201
9663 23342743
9664 23348081
9665 23352947
9666 23357161
9667 23362711
9668 23367557
9669 23372389
9670 23376497
9671 23382031
9672 23386861
9673 23391721
9674 23395609
9675 23401351
9676 23406101
9677 23411081
9678 23415841
9679 23420759
9680 23423837
9681 23429629
9682 23435257
9683 23439817
9684 23444929
9685 23449801
9686 23454601
9687 23459437
9688 23464333
9689 23469181
9690 23460337
9691 23478781
9692 23483653
9693 23488561
9694 23493289
9695 23498257
9696 23502781
9697 23507947
9698 23512777
9699 23517631
9700 23522501
9701 23527219
9702 23532121
9703 23537051
9704 23541841
9705 23546647
9706 23551601
9707 23556461
9708 23561281
9709 23566159
9710 23570497
9711 23575879
9712 23580701
9713 23585591
9714 23587849
9715 23595301
9716 23600149
9717 23605003
9718 23609801
9719 23614699
9720 23619457
9721 23624459
9722 23629313
9723 23633803
9724 23637749
9725 23643901
9726 23648689
9727 23653633
9728 23658493
9729 23663359
9730 23668217
9731 23673071
9732 23677921
9733 23682803
9734 23687161
9735 23692447
9736 23697281
9737 23702111
9738 23706937
9739 23712001
9740 23716801
9741 23721661
9742 23726561
9743 23731493
9744 23736241
9745 23741101
9746 23746081
9747 23750983
9748 23755861
9749 23760749
9750 23764537
9751 23770499
9752 23775377
9753 23778091
9754 23785121
9755 23790007
9756 23792581
9757 23799653
9758 23802241
9759 23809501
9760 23812637
9761 23819281
9762 23824153
9763 23829023
9764 23833889
9765 23838751
9766 23843609
9767 23848333
9768 23853421
9769 23858311
9770 23863057
9771 23867299
9772 23872997
9773 23877883
9774 23882041
9775 23887651
9776 23892529
9777 23897323
9778 23902297
9779 23907211
9780 23911777
9781 23916979
9782 23921857
9783 23926717
9784 23930369
9785 23936467
9786 23941441
9787 23946341
9788 23951237
9789 23955319
9790 23960857
9791 23965541
9792 23961601
9793 23975713
9794 23980169
9795 23985127
9796 23990401
9797 23995303
9798 23999761
9799 24005089
9800 24009101
9801 24014629
9802 24019753
9803 24024701
9804 24023521
9805 24034501
9806 24039361
9807 24044257
9808 24049217
9809 24053741
9810 24048001
9811 24063931
9812 24068581
9813 24073561
9814 24078569
9815 24083537
9816 24087169
9817 24093367
9818 24098057
9819 24103081
9820 24108101
9821 24112801
9822 24117481
9823 24122701
9824 24126589
9825 24132007
9826 24137521
9827 24142477
9828 24145633
9829 24152311
9830 24156697
9831 24161491
9832 24166801
9833 24171883
9834 24176809
9835 24181427
9836 24186689
9837 24191641
9838 24196537
9839 24201469
9840 24206401
9841 24211081
9842 24216193
9843 24221161
9844 24226021
9845 24230977
9846 24231169
9847 24240847
9848 24245773
9849 24244849
9850 24255601
9851 24260539
9852 24265333
9853 24270347
9854 24274969
9855 24280237
9856 24285181
9857 24289981
9858 24290281
9859 24299969
9860 24304897
9861 24309559
9862 24314753
9863 24319681
9864 24324049
9865 24329317
9866 24334481
9867 24339241
9868 24344293
9869 24349289
9870 24352201
9871 24359051
9872 24364097
9873 24368761
9874 24373961
9875 24378817
9876 24383269
9877 24388711
9878 24393713
9879 24398659
9880 24403537
9881 24408541
9882 24410233
9883 24418423
9884 24422689
9885 24423337
9886 24432721
9887 24438191
9888 24443137
9889 24447971
9890 24452401
9891 24457969
9892 24462901
9893 24467843
9894 24472801
9895 24477737
9896 24481549
9897 24487651
9898 24492521
9899 24497509
9900 24463297
9901 24507449
9902 24512393
9903 24517351
9904 24522269
9905 24527257
9906 24532201
9907 24537157
9908 24542117
9909 24546961
9910 24551977
9911 24556771
9912 24561937
9913 24566851
9914 24571321
9915 24576787
9916 24581761
9917 24586711
9918 24591241
9919 24596629
9920 24601537
9921 24606559
9922 24611497
9923 24616453
9924 24614389
9925 24626197
9926 24631361
9927 24635953
9928 24641293
9929 24646261
9930 24645601
9931 24656189
9932 24660373
9933 24663043
9934 24671081
9935 24676037
9936 24675841
9937 24685987
9938 24690881
9939 24695929
9940 24700801
9941 24705869
9942 24710617
9943 24715793
9944 24720781
9945 24725647
9946 24730561
9947 24735703
9948 24740533
9949 24745561
9950 24750457
9951 24755491
9952 24760513
9953 24765553
9954 24770521
9955 24775451
9956 24780449
9957 24785281
9958 24790433
9959 24795349
9960 24800257
9961 24805381
9962 24810337
9963 24814693
9964 24820321
9965 24825301
9966 24816601
9967 24835273
9968 24840001
9969 24844861
9970 24849137
9971 24855209
9972 24860161
9973 24865153
9974 24870161
9975 24875101
9976 24880109
9977 24885131
9978 24890113
9979 24893989
9980 24900101
9981 24904981
9982 24910073
9983 24915071
9984 24920029
9985 24925037
9986 24930001
9987 24935023
9988 24940021
9989 24945029
9990 24949801
9991 24955001
9992 24959953
9993 24965011
9994 24969961
9995 24974951
9996 24979429
9997 24984997
9998 24989777
9999 24994729
10000 24996157
