0 -1
1 4
2 92
3 784
4 -3856
5 33856
6 96704
7 73984
8 -418048
9 59474944
10 -101917696
11 443355136
12 6249181184
13 37406654464
14 -217868812288
15 2345945595904
16 4101714673664
17 699056521216
18 52661959000064
19 3420344569298944
20 -8264891921072128
21 41548867031793664
22 394584048715956224
23 1664285930313220096
24 -11385406798384070656
25 156209061881838567424
26 126201853573628690432
27 12608572424112308224
28 7688183410582548905984
29 189867277471135119179776
30 -594095873224045521534976
31 3499822613881718680059904
32 23305483200431565823803392
33 67296253056602296060739584
34 -535158807525804690223661056
35 10032394918556071648879968256
36 -235013006314246655124176896
37 11093127702897686923008016384
38 706726542907040691216818634752
39 10141235769911254573743282847744
40 -39272109546611015043100910288896
41 273233753868013321959843913793536
42 1283320535002692106596654025539584
43 2354575643082231334978147386916864
44 -20969295987742882473553845695807488
45 622786286004304458504091274737352704
46 -488902838049887551630248258134081536
47 1987562763399146940460918265784303616
48 54554766530908478577019686477275070464
49 518509951858760856478467796979201081344
50 -2421448847618220533400300700185634275328
51 20117563112288997483529387725926604734464
52 64898158042562961634599325535847028097024
53 63707631381678466648053661914925153386496
54 -496099143870312040250772522566851552608256
55 37402093127136855375039479460230257992269824
56 -56326460766424124024397464630714061467680768
57 236432656619026855077356161114972621084033024
58 3797226293375675349531259208566627054370422784
59 25173197168901589308412893639369081289153970176
60 -139645579275752154838131401518325691382629400576
61 1411799626327364673865280516911901578284765282304
62 2898947163227245417942846550723890054963178504192
63 919711462279167775240802135087869571792197648384
64 18639629600649049265418889527212252953949706911744
65 2172582188822391760451497895113215601555954682822656
66 -4800854781178856820517386943262047676653462928490496
67 23079471842322691813001947432040634097025297661558784
68 244690907783574814100990787995407590064275103837847552
69 1145579797089765082986674400255362193921318191884140544
70 -7480783039472391150264950649275211254656517859595780096
71 95069618386374546421252999940364199777626472160413351936
72 101804433722940945339953175117363593537464465563513257984
73 220924452547440552764428765864608501631942646000779264
74 3994046530671525991705998234888312547936837074479388557312
75 121893877762158804324073152200059110189451442663124059029504
76 -355605151822536920696115216105848719909016823541158941556736
77 1997849625797348908546507309927872419157086830558884728406016
78 14737604198311769873731478389512275252778801269779613156900864
79 47816906924065414328832300573985290127515442022363440290463744
80 -364441558343451263706797469739507473153527067798316348528918528
81 6169194352964064102120796240714320184241840186445844296723595264
82 1308792226221217011224662312604509768996189351071336866275917824
83 4255958067246926951489176650977820795167357693740116963173072896
84 399023894944724685135428431276549138143184476206623123182027014144
85 6587646382238383585423189575874611812940138243361594224569403572224
86 -24041532842087279614131154508622196396637392066559347476887102291968
87 159141293895541490445156285077979117229705028411078311230032601677824
88 829190871308524466455829405548435315178126874563539891061770718019584
89 1758845496886278996450249818898159367742127207557920514123121427480576
90 -15276862229932255741612470467538011119933044857297319569413475638706176
91 386758051276778317753011861730187665795080166187096513944671137724104704
92 -219127084339641386996456563408643545754601917425697802928900214785835008
93 956103940212938300593154271601115122341846071247042180023625737184477184
94 32069930173012121112931329276813300973690933510896403125978276455769964544
95 341404413617747855628688310564225340386997485225590985946619057738199597056
96 -1511927388384503544776746733323942819228728191626494222458928803160675844096
97 11904890204967727656937826285151931815681439700411225605287205977664660701184
98 43105304245308489545138814323390759814905328900961938006432166690319973220352
99 52321359139998752266373263599025235912990565654302997727003884412289463353344
100 -454439142390958820497109835722052655914266682105932016053429605761682606391296
101 23453658086526432819879851471013383670126579941895195521592169373506206838030336
102 -30415882328026108502661752562679475988918372057714478757344030108000459335663616
103 124032774253244746796282943531079027247254859095580389771879291400646686528241664
104 2292242538908144707513312490605830897444318455241298703216510455115166380680282112
105 16847083669269918480127745174984177104302528207420093642059869352051312395030626304
106 -88946598681734267001295868152693929375243623306714762910606722466480722019075751936
107 846615795761915097735083166074293786045398648169478250049959957057744952634864828416
108 2010263195752163411135315628725703201925806187183303603625378908293664803706596491264
109 984457442195426257517690217888754889437770051916301086480707011910617678386397446144
110 2700052929406459010101769917251953162470589323237330929125093452113786729152770998272
111 1375891759778127661827746154099778195142270381689090207270302293332670043431923628376064
112 -2756504065741565485397068170194620726794197820690852002329496298466961642436304228581376
113 12690680729886064468785854071246590499283906132593109871190994938408392369931987028279296
114 150864959085016896305143923718140229401913194195772131246305671600210384375451045586796544
115 782759298865600434611005504332726238638365151706489695301641618779056362275141031112474624
116 -4876008439559877324013459379643624384581858499347895154774090406798599236427808272619143168
117 57675710092414281915541029410322271859274876309423437911627907777801968807208038843625242624
118 77535485641171232533287200121333228231704576285761446572136912386848899089372708186183696384
119 2168893468510898464776182461198380968715307562467956534910869811263159105487552319875710976
120 1977319741764011990057360149223476421442632343152231112547554073547446261405567862888122548224
121 78003551245041518887105090336355743509215169309553499389667267569547807997389016868596276527104
122 -211215894929742588806352379713762543389076542082871777060152466572013163858538830131028933214208
123 1132408508468178206204019312812943879979500264346366860116702140154281971277268960586564301225984
124 9265483730739425434041394510577076987598634839915527993506908048715246821296558537034613437497344
125 33615578620733173953407876354826929389521298005585687338319191388903076283800340174694154246291456
126 -245131289092461429213285408483280055073280352495867744566429254050724761631940954224124855054237696
127 3782356240571081934595511472861794574960757169524198460041957748857844023569808819149671089605443584
128 1719285274139544673426335589355791308175868987238069416135085395705626770988353572554132868040753152
129 1389743166597568943198166576840207325563755506881817908355517873891514104852329167913113303220486144
130 221410175312015510548543096390406638117122673549312709654527531090224191899647676611434371540009877504
131 4263870066008154578015002808134493165057975731668392361519719415140479341970204437620031378966483828736
132 -14627163532757718487478944321667877269954795926222049703964612413887047041581176120270481003221369225216
133 92192826519871556819290807050474973662615475832908065015339165297103874079762588514743868355620649304064
134 532173570630060133627909029091434124117677586948525511709750614884744081626602473846727990664543875366912
135 1290969774309216336398839540656392318570935587072159296319649714883350126699285694449699440018510372143104
136 -10844916016829364323390193788238742008728529348733652239407896745148055605200534283546224097039562504667136
137 239494561407799654173780561279537047774609346594971134903715233749041990982405208083221780432736929569570816
138 -82381650594113531071919249561129072367712509156204537768994579162337215896846886226770926467033362214158336
139 440955523457770033692385137428821885081874331252690676631507215836850620640784868083237910158425890482028544
140 18668383591081213903141169124980637695904074548706267417336330614802764154563318060175078311917141290041475072
141 223848459534631147722298558981554876711326813673764067727134401080170804605797925818500100781905691403159076864
142 -938662861930576842306698123567692433182072762861109894422217539834565760853232246819909264766084674812773400576
143 7014377043239272134944451986375734724004586919761629202699735119594419486020503976980724667545726999081775005696
144 28370895134071049950704139733815869804304394105098831514776297753951300263466945615928017334656126677621558738944
145 41456570902594702353117843711083930622443496248803080918461667047918692152380885854997127148409076174968558977024
146 -372263058445951209609951056949959315637079769217536141656278742595675588688359962613366563603897355389452962234368
147 14665093781128132718229210123812274716678096476015447751451758561946057246575253173314119919745333853945296714727424
148 -15921948820782812997955305905827645590702027684026061710398472303763052174905003611894182903896088272388174240546816
149 63809630756677012057628996872081214997755395107227835313416070775377548957981807899328223240961296636230722834661376
150 1374082057709790295539993700533495426144968931211386295368851699414726484734794713812997309048831915838468796526362624
151 11216872679310173748959517467887545363173845321570722218108692286881304739436028737250347841633588300135332265542549504
152 -56313749560013730904889570775923115178568432269339856563979275061547767526471619292512988263285256885939178789727633408
153 505820096010918133804004555926733056716240247230766327355218972686800987357241338996652942876458663865051238652427894784
154 1372759628568880707653984127560284377715952472233075328784807601005189457266116731279082830216688222685938451926581510144
155 936848541468485097731499936408192694095639401038415334316619190914534589432713140238249171977300554656395062716038905856
156 -3891919770079524375886227417779567880668650223987764305032085176524702892595318348531805702916847546235377596401551671296
157 868787910024386820815708528520845263418019117308587064817504423852940173031686858037977364330760922620823052756580495785984
158 -1561148971500816032069934693922472752202429991470750825023313881017342174631549456219910228597484474011795088298362743554048
159 6898315148854969304812145945114650965541382997374551513442973730075048309897268212439831820052493368223973980591613955538944
160 92468270426068761387064893593100794096682650212650188740627159725747176728170302128012192992439364964581574309644724605026304
161 531270597791212765610828082665776208685872256409539962237619895543924484189441837809502819284870931600561886418985189046747136
162 -3154974076794793060112998677890119782559879142962317500244906154843366438455048823907679151314264559697281726905426462235426816
163 34875543681449114099225880533835581131503450567068315941052029574058321812303578405386494434956358198907143887057277878443966464
164 56839669828323296608691823865188078674052517330295135405861945666660179513774022580926230355397398348950056401404318797069811712
165 6851748365668357140594090057916403072057778399009529401241115660840646316893500834704934582349037362119410519006119254403579904
166 905824893139947195819704150095062832450662398782635897589129419344032851466398011252483280201032561826473959590790842421203697664
167 49760317493876817800969547208057745145689384835352493367691032826602519512863304820024340838076535340726570761065290667556618633216
168 -124390406113344035370768036134607268578809156791890105750988329067257432331969421895019458231852851722521814833304284336589883047936
169 636880274947434728535319482867177780569518893397376342360796438551019937565732978282213020495084448214406265546922949208719904210944
170 5791913680837894414980673445014805609557254311523549798779834700296549635089835803537871329843221496334111379035374991071153458511872
171 23409498268391237116743242198200168595235906922490456981265920356405596492507903079717258421387493168202048854203299796399820755697664
172 -163137199804028217398402338090378094057069574243029211678389868745441147262798434222175576602739107962321965202018646999764105246539776
173 2311981205588645073532600378239506787622619403674507757437447856186589575589320032451903852470009772207270419537980728887803514869252096
174 1629363058659669012495578148321985197209694569875115314771166878160375919640285115056751046276574986641021704083198243558575011574841344
175 329500749416303947946992610565032166368938401050964506947824169916624169886127403093279698217459652851405509623998393933836497583079424
176 120181479661079105048577053859098838854219272305959400708007924717110675352730804308761488685661684667272051473157064872414079751324434432
177 2750230004245559932903305128120371309740233676000341056133948753204471520981036601390793588722312724187841383216575312221371837932030132224
178 -8841817385043360922914584296334827791420043411691875887591876058254045011606734550404192722371495524053999010988620556507101681075162710016
179 53100435582612364735192735364341825648301893026587707253325025516492062221392595136487315749111092398398592996561801486194286309359040331776
180 339386575921669691540260858793358261164454254146221666387566788828851085392838012438479903116186206018239365906151195089749046782492644737024
181 933530078369322933981939872198352970801039576227925215386100276449008267948701610390345126497877111010709111441715464142879072755117042171904
182 -7546652920597306970157306844378125807529061970635742167384668802918418446956600719231040806312969337847421772503214683792742841146177233092608
183 147876443130175288159236576075943098877996913842056557229657525872401942723319879964952830484830666766340732304042725554202629158192966044483584
184 -17232438841034729907368889711017261247505243017901718264745105358759573639548423843331669285051040080182598954191926543921165525924542525997056
185 192066716364769238367417447622684378863983339091451080095974072092700753457960478869944084972385311540580669004768033238700971269280335193440256
186 10745478760192054708136527494131017676417957922946418071756256668672806431070466267350002364944466506340484158598914116654979991577220075543855104
187 146184484062829953515163372499511699820571413652941778452487831684280313441045726331739098471515328332269358182240078429302039586976069567731728384
188 -579413569832774053695695458605858619302638848733798785147240716900724752703091353670642289043463976411150464636906453731757049006726117116763701248
189 4113921685207493025678614805697299977622463743301999942726246225323923313368029337796417030850070446314224124416048818802701773579011473756068511744
190 18521019437426444105214006049534283772310102060954174147249371503840629016705791523070365121465954086807158550122568713793540675292585340633931055104
191 31935459539802379602615560521986386698640149632728823224224080613760405763526940305079921510961236568186787095978337451828265546582083932430622785536
192 -286257101992605696302363024420727120633145767454430526695140835111735945432317930934788040201764115432349876637433083936081142303667731292174382268416
193 9143697710988741697639753756999546116743950777914515109757687945019798974259871724845441210279845148652864803010581499698895925015202084207848392228864
194 -7972843479318752567425022472635713013457729293548500199907298702720242261440901681551062946121086032290484389262596352655884746173797649099809240383488
195 32058706793923673967149580810452503844095560584772559854123323030224478773040739306978352273636074099273631397647946661397286641337418066756213044936704
196 817468439024267126183663738116862277094189755059657973791711249657143351920974532658344825084267111408592565920818672529890706211286048104247316881342464
197 7432269016322440365697262680544419984985488169667595658292467564925371177309405782622959443944174478369912768964625058707758890525530847246009718188015616
198 -35445427436161855738902340210008403451833409118901990273255970862074593736747165249577132626546030741032715923081520788631852916790776940604496969818177536
199 301045248969066970587482795859208226690844807722063946889974130046097942113469791842954129864950939039626819476275710872002556848761592503945653616423993344
200 925504839449613725844502847161017082188600988101194721268276588720519465168258259651104533777367545112296126259184164564645408090456790330747307631598108672
201 826059736548120584163704055100289874722777802362538488725071805122461687028365059735830206019551516809511350617678424263687069741388937260791800591458238464
202 -5890997051912603609674726528846065728985557115569924996883750731100416566598136377009890007528926685910183234200662273553261472904733343498421154485135998976
203 546991327752305584841685019540104584542435641556646615019573304239899402229678585126267165199033050235167733159378490081637298332639735066734864003776167018496
204 -869558437019593586552691004305298457693235682107232558938196418040169899128567067395277635353848444054565518516665589956797806402566933032736926039383532896256
205 3700503591169323703493763852477336043439742535648710917589218626320929957312897748709322327332567099232322398742278230281260015896826193357161231478204424781824
206 56330004652375975125089141822481214815586480219783646096500340357755654221510940518740365029573001851995266508457331344105704027428282663007221674418214096863232
207 358364327226662660990879713414087704396824732354837940192265356666102542929106026543760806488700649752938881474325352815600238407418327637745379701549827331457024
208 -2027532526155661318832704400479281228502409448296910785020116502254256447133989749705180626237500520217018012476011950685909468438257083917977357620378930790793216
209 21017503428720229213071571977165047359751997271037217527172142360245765221111049915846616805431521308160480255891896102739372234304987785735830307593491487628722176
210 40538135435237770092515918624904094395134850739787398620062083022587033168425247071202601990973418731967143303695967816449937812995342368149372736695214654749671424
211 10322942578388498362207000416024790413398489617965222966030793824307834575125898158357587067262292240689623379396065084447194268923763061731781649093151568695394304
212 357546569524421944026293460026519186011571003564702054662594337656642498053836879630568380109289225211095319161937290367742153568242008141333782221079073638886408192
213 31645989668197968177357875724286014227091722955534811097853659103504474510597808750668116546102267011934869770720367553248048846457625438761810623840959583695230992384
214 -72560031417435778905373064299360780752742742758387783672705742506044774877293985463590401466421747288450755594658462550712680005463516165036278871137426316333213024256
215 355105365262851369438698787980430014172401638091751159526212463443038572838291616534394885440596568328134500237650120365249153908206110760501569141609816302361725894656
216 3599981405272752779242815276569834857082597573849862022828799318735498715650690589959845861497979012279662779667003174523316249281515262690863035025177394278663144341504
217 16164632464782803478510824573287382581585527697765826242633518002329356520801663874269477786591890388812031298554765043613580387096275190106630270953384653802384113270784
218 -107561157978277386176234164155939180141070869520721705638586119561353899835465667876938207943404240201828936410674810307582076672684137760801312544415829573637292003688448
219 1408858507653041319708455685672450238351610051684176456587662932765505404793988051490546407360339091128849498222742254355048750052309868416299560828815184998537457559404544
220 1357848945550046023970424594298088113120922237450994334174698778354612055302782396520579408329256651387977476549353263042378434601467934157515009094656553138540917139963904
221 29161143286385602890610631332853432936949735516607861797843000765436253440770620691823634255852749285115813592389760061867402404385072192743788381080840169956093707943936
222 63359719789044915142055699465404243128056201601599647793824479363656379089807691363359470628213522823843562901470771428253179030116438225177660548262148151675639076942249984
223 1767971994921368517225676912348803224680874622769237280683469867492533624217378414377273696225558328607483454713897745809232958529939219085495749950726430803351880757374091264
224 -5307916541619374895020789444272959809775862509426068933544580461112334452701636702238801268374673898334058332090325028885100476930022983278088442489355189361384816922159218688
225 30393258657799123101885409878317428298629829925564148805379051401807861784198093089695572273957028043043216480588828330249039841572942091099732838649050860147094392213816213504
226 215129129484082784097060022372121850253487463252186716737699980566992062050900887318458997094817012727006009076752081846549506685050383123742704708856146599665921503923760267264
227 666435205488572477053243508940255365564739456742830722384557439602179167593083190636723339283102501607170121181196347023113418836676385847786937382249720654440937809070853718016
228 -5168171413169926045488418133061067700725780129906270799437422634149970024149128523732217393496175340471396909909055345971682156261511668601188842229739884168936881488612227547136
229 91040943518895288631973806956129204314429574811471107259749738354989725904246970513032426822686659538358461505531642685792613222371834794288958605883414561778274554828576201375744
230 10610247326144570357561626457149873312123934899917179876436492697576608934383647364281313800902970572198439191436401301286040086819356913296029862187867520293431094277091436265472
231 77042353512142298280424870597177711618894257632536901585651611616522081985626718190628887843839710766217565258180890716888599963397488126976558117561624566654820089087299906699264
232 6103776301204128214929538818846750834661670693963164882990456142794071050971786314357200169120476889207817800521697255507281829653035135362563067247222308746510057129724326470221824
233 95101833210636599338808772749586027209799892805401969378880691285341432254568173747917733673050030967277870152649061686143289190083744747462866384391068960000857672114838617924304896
234 -355562353402114543219454041743884282553566178492229898567327238532527264033381240588111792156716955657206974021316622394874490413087854139935186467239925596104849897447672783732473856
235 2401040091133589054399100389183411564663632251791383161874939127347467905726834418394939031625832759827771623934993328741634170674951620664511446872919580282301494651928134825724084224
236 12000997704157864253740744028432130741278180776188612631414694196760410703809914409527328941596011468390258675717611210975534211902586296406488707013035721246394560216946948783611052032
237 24047006134449081504531811358615631611074408268165396395675476770076927365873796894503969003321552645393280755893145476477639323253537010935253154836133201336434916960578172837978701824
238 -211247061423699950197069227492125291322156356140632358815966773880427665226093119131337538094271467698114247508559885190872576291182973633407365931187056817246209905056845204164932796416
239 5684879873202663667828178154444429379836750854655322231977504168897528208074977557737126504953990778977446263957326909193125116873441621597370672681929147174328393360366604175638135832576
240 -3723457584861394861812127521289025126655766342065029876619304341697543019476434403392516175029228671939377383250670558735428066319505316671996872142419112969539595357979914190323686834176
241 15639173444678796248743768847055917124184983199551413565773419822028286151520769233934603042846555567658749751407575304971081842284257029649414883146368899126723807484643259359564822216704
242 482289816357353247716880860021979784646237552713901210116173982084096663223697008984194355171812627765361198233131162496554830587265431562527771086793895961445305377000546579255879366868992
243 4902267158021198262536849085006441719445048543520328469944969649350363709965776324802016200528912609734055221968074463870169187568909849739313757860096238624534674555483825051196895667421184
244 -22182628686031414131236810893640291376043429772662189046407124569869397387285573516318182926783626796026794012362476055685955738936785277094647234563883003432413785528088639647669746407571456
245 178448617083888244134550011843510723086175664908069162423599903788936167905725580286175964395404661598004928272845009217490240627913760363808229663311547125446013170900530930133521624052269056
246 617179604418629382308183815455370516156908198951866618288237495131696978150080793270302359597213934993592351782160672522878460939363976212264253807092559026182056220980255453553886139361787904
247 690321288332431784116920383662664445622896229331524001213104746970090231746200357512385216039772743613107822761785263065447796924954180511464413181115336658401128223941251342871188744840413184
248 -5813371070346532695175386747342931281434574155934333619997666284824291762482421145988567064332400031990446659779228693112195174942308948772135397202390933017786882330491428415637632460047515648
249 343396755058387926231456831764134976572016738993663762014482339748722805509361670865761857895772848198053472337355183561610630928813881801150059780682657306419396694630210584427354158680028217344
250 -474315987387137848541584566978956037179016873109296454581686481740518944983489123902952102435374857960230674962043424775367555580646412039854890690658064248935879451882891076530129018850216247296
251 1954794905097482278276611393525255165716762327196296882619265734020614706479563513925505992465179302956886119139238468226134461945633777479089945048213438950470068930168660354629757614467198222336
252 34095824200848825891276036975377977022764153000211497828091418482601343043252608743766500651755782487232536668948312173693988059241431471840561353451150247131461048805758791512353596723833690128384
253 240357395568527598640875728419837352192498652007203554798640585013304655689499856624936262475204501769473936278884816033418497443163981593189127802505361628746927279946581436348098024039550669553664
254 -1294652635593803598201564471816439689090786700462195673235253754689962657723544185072698111742078003368563098710297203217986979285002412419419497458171562572740918963482265489508754208104806390693888
255 12621823424303782353796495577728918142410108809925639140060747671545160688720066713440624307056017068267862085574198820704952460352317157235619393512136502757703276215456911755414100629000765837410304
256 28312359428952923144193866501630764367581712937608856515967731909186568248463093432149709412880874085186166004819630803099862315183239907982124343584916783791117942702743473612479974299780695472472064
257 11823767415492357120774194084018835742078116384344204009290729865141938067549077806850030425482305467420471183873401103520798408567213124448204623730576525216853653258349416567954535989042765591740416
258 92377687708205767194371031382783032477083639292909627618695879163743782495780031653833025696404143595232479658645850396918835503101691648568705465035005201969626185319381552104466892916110135880843264
259 20065352164834099794506690919440375851586933123507665153343298860590418950376771788233275154613827414361027248963605105692323219990582815932513817607816903632025924983149691626795923142688972129796358144
260 -41865968331582511357760028743549320439102583767544017191341149787475444269771850860680672838092244855734290003130409143044876348651173653064680655328012443103587920120640908719624192695817948941651017728
261 196089862926789770735552899026206449554843617962465143538497591654704833494023332838552286484076243986427567737666566859498772444554446418937489400631917698179020185791375422253609082004991079540341080064
262 2224772743298785961750656752966675134499444294458854085321274528702412936992692727174750077630625941821698946537697889896106264712445932195077074415683330072048287990581972396771565697746526404630884122624
263 11076905992681967851160600280656924422428116087704179221894691639119067236870378804913307401171733302499357768055261740794363640052242594626915595589763595011995786318461819905615369853741017614094797111296
264 -70328978667001079138379780914493888242891931926958782498013243482766948697966474006343852349147503408983501162054071584795791076045051148552490037973162357772454182996239836518574725340025416830949791891456
265 855815652056149037918890253223140330962565034989264944304209384848712721927067888097303183858762961464668780737660653134132875510914981389244045130970014298304780363414385918450081732114069908674928520986624
266 1055117330036833825320416579366846767290668382291016925312369845836621960743592769936779630942968970302154230362171543443210581191192936194119553683771496261882853011995194618824235474761925122131562523000832
267 7827918320339637895783194576867075327726723018483890612133919433382683502467594507013129869449987936926578615146734086059037792447292468445831681112254568781724669287203663705816982436998315683836931866624
268 32059785870370704345396867620640660194510514369041634299932452186815135710923355195761973311688902081121980605740470341075552687847581861653332082922014625007660852491395929473915657454005133373543429003280384
269 1132834837108590406607434285123453162639298474919827267863506811817144707120863921061953299889988721457233026585199027353356319602287271245800169888512175492283482774746768457526333203369531285735478650497662976
270 -3162780068468496080957484473615310381301295028115489456001048642665909660935404120800736907156666302054422796470840659402631863743250629560165538217800678155829185243063944276535485992715742427200937053992779776
271 17277874421350525920280021852005116322839428014635908285427793245150682143933777633873760801820674292265513238995220534100939555002065997357847770670694300545561018902413006898548537453478058731720254656142639104
272 135566201346235347701984790086107085740786894952189451483346265955178525131025962431133749388824495817913589737327427364513468086171569162666551760729907022716505908782731754887792523531690923071140191035344289792
273 470448813648328340497417908974962260909996759638707851553568759750414448729837598576450364471567452241082760813307175037916929480849936227226975629228853692693967365939676925581847754489081944511684631128633769984
274 -3492744306654008550390248367016554547317587760884934948090031852594978486765170155585734934099132238340629081064126437826943317414355057199352361070605114382169706816822106491326391471215089506331436276004637638656
275 55884635470544205863329711560664269290343562623623157943876409753640905624466595025926593647546850233918178404169461103992530337348803720797163608616746882306902758629529055609666593813131415063879382647468988563456
276 19899884227903468200081620601332271529725098751518827970625023067407426689039881402051817101634858767059216240014734653899371135525529568347881138047926903960911923959617609179698811890973576054362743874453508194304
277 27146945418442425228131362775838149206722767918259431205960433593230516703525499742526573438336940715155805380752953186463018357412270840387895869121750298855296228796967524084279070398983006957965482700227513155584
278 3412203104661000862101191129978847487658988208021821326369679989188276224261427163124210716900923289934139179618282722805353755779574498302879316216820321617480872292862863898695869880800235741161227756732613920817152
279 61643258479999386771282295029297350149929718548347038617555110405672178235484741422999484162252444405877929631892612489714413737601427886783701655778924147170193803062603136197221054970917565909971004002110658674950144
280 -216873623820378943064972483578142083211427067631190395326632109289903493547635607432014955110170481198420538305682928588553395315297258225540095663052051278112270701851984799823858373535514956071482870438318126185578496
281 1394034183615001279498119703187008612440515279701968075146687077539552500131956988884260602850499553711040118861220253767840593884654063666917717233812119812682792330101061511920864432214375748030671544302263766389620736
282 7722707710300563694355315375923370315833867069750381699316292854246589652024784412783860397065950363356905768332949592203251670166317910829713763313915734758031948812160877177426221552471732019458089571820347425013366784
283 17769030318742382676804555219023424548527949220764818324051227931018681314229559762861736350150817204017616213582685701105184597863373713475048517154327371652276392453804344627257995243308083667196529556336213771958616064
284 -151403415305620456671693322334436597844687076255998622818397186198094092875652179884004800412912276714833705382480101712616893200688556346164006766263822690016286303880836821364147954836389610021011215933879164264238809088
285 3524351873470804656903501838801074878581732965561800081365241368295145321565193932570896840123393380792237246214006597010857222981215671056460170517279663842458644704285489318455408027051318820333760083493380527499828527104
286 -1530037935434784974269662676468238450018215452060571804483673112010310987987598525463614251474384174879862374340616975588868145296988857050124658344060721605497372643233634825552097661165546536041055992781937064019950043136
287 7346723230819922085493515853568441925330145017489690080055889034115905561097989651226576056233627948990226535088493924370959199119735647016544537266260692720994467434224467662697446983549358733825311181660881650487778082816
288 281900950620432070405615655627651184007734516143166236223728447585307359694150742555632619417699824415696775138768762452528109724723745019435533636345314616168959917850648070718853218493231540605529671446095872471570698993664
289 3219630762833825517429644335164161969808364833698705620708790094839794115701674178722591374916807202661252188633228655431161509161994134196212295643468441963958942204725758458963293865877744327540522319462438736534622168940544
290 -13803524070420714616060993886445629273209525678146808169917952711611849102440513894114582617480388276634717770625611096978401028279632162351428326421434923304737160454005501226340261666750417963200453034335978423438103887740928
291 105329186478167695625452226502388988325179740979869809039641139486945869812902757092459070234949109644290540291959834307062415035537925330737871869616538855713687699781270237179731801420706982619035688117014221948690756601380864
292 407653715939480055253737767947519304825709505054677815369453283779705211573049415718316751813562771048801174575189905292314027380417427546491534686896827962510308931889868169023420882170795329314458915728674540989378191817703424
293 554319138734134744861084866934506078226631106601670846492593637321446056905738071998711517720755138618378779197816718304639458280007656353719317401661159979367402264388318110129747641482315144533816026164241545616270603841437696
294 -4939240897345636951794266928227545532160187004183694272475717177414535411327861273453239029304931972214271545479842714685577800652972660196074831424042705297637940237441487875974590281455996761301912148306346258629396103279149056
295 214965724360373009294301391844449090892975861054519655018479058349017539389352534149077523402866813018884995539126662482788421031449151436115362263632348404796975506058433195228203382799654763940759984257804950582491264590255489024
296 -251721725606210482308365199279242469253149046316575569460171293843283971164311811457557124709301160835247115702574925236446622648454517129272838394471897542745635722432545825999776407531814928158631674479206814638987954812111290368
297 1014033817006508837515052346999323197763243170819615719658583255794036875175871763763292205583393098991552258101572816953876025230679928083276813205378303941382832830185869320586917572958676606322876918469570440432005482954750951424
298 20497672836907732498793821098620477287855948951150299666898121917153140278282369652018596765700056842763534402286071971473519697959705526853391931615985608459494371003946734543250547826548607779530651915040606370967022819328009437184
299 160356958936118180597834730739713197073419457452469392234091705638281278087810504799241857309175795141145231948393077457751401203541827687176653038399627852623531227805655883898781590117576793294259370812947009163026322138715050213376
300 -821638322481184234860812683256848487967851977238134843325912830539679828954864592864047385255948878752277664577482927296082280133346455304252349611259614858333340879948437743926320454125489888760129857117221925002024888445872296165376
301 7552406005279885872689068812939865545623827707300404498014504777737843306120049407184094173720681156660111338738764443848739285738544603879824586511910668959532704292282967389414005878079403957087381790571298308227229945676079776661504
302 19446762062313895833768718118571376761138400884644762857951152505591600620818466131370552165985863541906008630976294653550926158911623134236135634856221083503162384455997545691821235447820438088295547116671801943340132179119748354670592
303 11719652094663048899761912175396614095227328597529863464646792887132238549028048321912414931891737794972202382054708240406262984941826581824061454319648823387445846699564807640145853607027227774719256682012158901630000839090101010038784
304 -24175409553963398311434977139121458217414287039483963094881511933704576440329591004945510003498611483784630042254626823129229846233889442912550455755919819777083749122687242613477876531309637111422343709701294024423146604855412031225856
305 12684953558031786684313468499200829833602067584208105933351290200488253719890761518647727601057961575001108058035043656631816400585363095729906397361755742275118103120953121286756721028602289161545494960219947263401161629808864801750777856
306 -23849180697736858695123899961877702622260167472288510730591328978959258123922275009979287046921756907218247903379018768906763430560365773166928957251331014312581760304102333630245560054621948084191377815463382853201115094267290793904439296
307 107104132929860016797740401318791332373147630417867055286884621779106954647821989560403484498914919757491979174574310692662961452868390262932292208174736478312556798665378362286270452272686491788756850427544303009800008353430754752131497984
308 1366885449855200651138558128237452756696338294451327817084080862287799586006314550501249455592152587287206763123987047421554233992099604015362686996734208887935679115892733349720818691043406382411120515113722316834914843278860898451117309952
309 7537875991314285286218181067504075259957462295318848476081797277711445307108361124725439813845774857413181292630889686586043185189539484668470173149706940375798571697393575745998075041029380699594921002563435255167285525542355314942299602944
310 -45637047007624267594878680830703851776545767445188447849862165931385578287750346415136813500349947936328729452164066331103871697551343782835970543219390703175292069135876443199567600867640712697910723197527905565006586061445801444362416029696
311 518186649086744545913338653898162170826055113203300700711358777720708066759487979403010091517263500320382296708758706810810494527985151890316359802201747368456979680302389732681074801126215063217073125120585052584954892503985433313172978139136
312 784191089414618941437634792323676926808108547321632228651312494632604120649835741798042261572167331310188884312500501083482527809114165034904308072518344659051715737412098397937604624995625239478188311474178589022319182551561156491647263965184
313 60588157986943431525693454569219173849846433339562220016607399264093361977043166672299808405062387135390376888005477802624332321793007262340353888354554833586028014607472754325352228251313800263120232981479333246576918048452454210443321278464
314 15230911914662390082455221986466284001149235958952823608947867347649878704533647413326943648412161972111455848504601904435596162716148300600776571951303050408282440305018360102133751724707350245713751821442164626998661312746333908361444392435712
315 723569766433476498740885417600762514846338113689981454611918505762533133075738178471911389679116944235436832481532948565089500261916603412473116378290894018790562970639165822449153001360115355431330879722791286461320857721604592475223608109563904
316 -1869242719102439992720667122093597201207665891030193490433181564512248147816071376516571615308609931816246321585258356052586741152716262718879471291256745500994840252767107689446625690577941924123702153671296670484850694100617957681415740075278336
317 9748744444872222830013519171547241750305554519818053198562742345556840121839378677592666898298751904976500856972551197681273946731034143574022810165322124327099524721922359302099419498483328817018592698916855604114773691228738294186445497188745216
318 84938330428334182045495391142781139202139880094887976067061731530131653476624390037256291488939994265853347229112503870796324877671982514678643955061488994726577011519654235916645696437144021832482298245003568190561373808315356884922849511618904064
319 328822144033697455234429871057985665458390786654316198286421312057952593274144840932185682463935752484173275671339482585598202102764846132331939140078071317303004567471278454947205404570909776235262517012056513941807836423449138402074531492679122944
320 -2334007940029951963981757313762441822554698290538595896154053658079498995121337338120875509940681207253932212055805387320441776615710744338336266689974641535398999677514465645809332105491052488954690710562199333723070433711259112400564773513097904128
321 34201524142354330858175886425935476643722934553502449083610418052498618879023096284008504314365266472148155959851848458871368923811028709539003358263010454510144072408499450210755156378947343246552309927325556017265866267074892670296782788082127601664
322 20624368406556210052016382649652385657089819667186553201715000789401320821089681446484874787011915037674265866195296673392702449016912343923308368878890188816700175011338186417349775324960287086565621265958538313524403832253807771571614349675382964224
323 7558881677133978962382529110748257357838626997689771126158290506053422301460411372767071893754981224225263269238806963220844296453244027088537246669271290860437265835341078945635279833346363245162274662834384758363198221353540097120808029924513284096
324 1869909659511669982407440050255591005233859083175573302119613496664556731696231029201501672810455602491337258317387168257301205349014033402778532972989284856141893781423809037597306990518627948837604369994932190947732667483578574463121542891153437753344
325 39815445700988627110056547708539957243950420880711744464927607923053773338665922795562836869505278703363755375430569650636638456521472451476390625535464596810183967917352750166847822351835526392646825648132221351733146164039294921958456788143078767591424
326 -131444122387550367242229874728262588104684514946505877868120996836279288759121164789928491401352955628340735028362785911125809873470704268280205492554441636650389478574427595702334500290191697199094889880398468347400656745681335041891618599083888835821568
327 804839791173447583170838623877385198708172628352312010357209475360658559703434620503836331664423884938711446508088389697888827272344242142227674990011599158841117315345340922536893530459466100194724896763897471532914835995234842856124543779443819595956224
328 4937467934975696268364830679651458991079251465208786161067756731154374646232469814390849350513415054358308074808982240961582990782037251733690528850054618478861916459442688846604622156538593221455778569788882107986175240699436929841725121961762919477673984
329 12922992264771222778292861150792135936768169448270429769265729399235974080667708955736336419030355371645128823237848132176634854743897875546290544365904047872894671668400835048680121100036864922377507618046450997875761894419066253458866431318298412529483776
330 -106146621744373715082500600412653389316766950681020407302709565044827021957197280038140238772597812549735659592544834953029597887776053365395523297252502273717362557496332411379633328390072780831496622623180983068994562336765457856845069125446003559524990976
331 2178654238974783190763944876065514869508271740058743201827538709532951530261916041597815147401416372907109035817155335559050262368675715527560596130472906665683654240832638675037412919577316613067982070748334078932645111457605105666126102802437064839244283904
332 -454747626043574319180786937719701050699760660773444055792077081065756311914233197314687386999908407663170327769930226916554074338061289784713620743530658220432740511643109707940123925029941088442878159548256160086387621087604621091551887037468544309665988608
333 3282074948127987025510609342883324315236149349985314552546516259217756494365875270400847163808889185142833284669515853730872973260585121229891673667973951509702248249348053816182733357597060853437248853443163571657320923023302417463208489074164407305276227584
334 163031888839148496621044846647102051393716565085915314988667912837778173923724733979052243121281635893594953187054198806453387025489197389496560954876959807081935343167260948792651733395211024910420799854344899022254659569353892163598115260676259094485683666944
335 2105924680204450326783859853760862114007088379621093985579759416530123578608894673581244474819122265009736970471946566982731805223166112036733527378516633026655959889773448129734502364987046714158647109297512483155249608735025582851723496455857929273125954912256
336 -8540432851639843493120211540952982316341237828448874143058871221854357559487738879107090761239890313709848633685205559077535593085267622250818560989494016142907547514277142950898096463293013744361594697068774361774302578954282372226843208997311275865871164112896
337 61891892532170628670973053789371412978606186243748269590703949408003699699665491559851383978720437207462179730608319410874641477357233230204718630533952517948002993204349226175507057893528233430601648481363102895169769210042289893497819635366743484937061095440384
338 266974911756294783993857725038722751108852650041790703785983173386083509926166121993145375544252857449652464155949269655178403627740987029258296417891124994024634456054749815615016755464215281400343946424620375126518905619557168600680062326012999662035339157962752
339 431556407883651024527141008421956841764637692525137113566958054331678629606228610397290267570026820479791053857176071681741679653980795478455593028505918101868899350871480928746522152452157436760161231573191169567628299072947819372447980007127053965144433302175744
340 -3882194082627270736572238445093408980117504176670538522610760606097429158769193244293351403911262170612574163477132696125504474514988435201403744359518754744171347960562812410077005289568309945726634272377609434225562572370451487232094691396212567551809964155600896
341 134185056345108666598985543896975063300418415684597772825176937824758536875211171605753733330439146776071236423233607571341243375109630139364125006786399481376844632706971820212327580975132830830615801806502353107260993594912845929399481987966021778018759875059777536
342 -128596617009030878807994258724953782550492800560610594840431598766908195973236472422688728086321021700445440391390822490082960528712966818640142473453847726582330769255438266072749418865797647734154235313161877847336997630200807221484058056324943779096441556006076416
343 514647624755008256952749445721220303992021050314462531288554506203458488999854341587400496952817093575380287823756370617796414616252643545636879270988360083190742529430147360895401623343349996793150562149127508620513255697998588631207178753481827327752316945237540864
344 12232734083590672087845299513438469861059882244359211236367715276449127164266116900274752192302972988338840777784250033623299588579351153864867231203351778837056590035193947783533766311765197962774355194538446986207200961083350331855901971203688339176546440681999040512
345 106454983839597697012552893580332457905831774469073942978936300092655774913063158771090652782607015143568815877013476839393106743690008823272256567804412539888308653074676577546565563380036495631662448477977951272164916195924730757184416411478418963416239451284600520704
346 -518371893037373617984176213445014210033914736157564498323392703479238099217588078155581531169094443223197792808675495935757260115231659619474940301791512961224468365015813083047607666608777334451900001928295237537454504891927372424887171146409419856177612421608071233536
347 4501984601869041953597191265369898014101941269025527851880488453765308910268484372959161484418856836487277096255222244905448334559016630669586038035649622665249224743272651792739733519182279440291030284271986567335840137348318108352843072103481248482900139905667999727616
348 13175202637759411581266359783504538821965617836134074143777432396559264751296044873956486904244635827611938749277439728826610299654133843281728725260780820455744887755274176323206268190043834169550835775862706007972919828383910825708432629518947424373142108486181232574464
349 10619295907699168013481736210010663913211786360694245767023166032834538994812991017103797900930548491476948215050435653797979684612357076629538207373417503455945018801407055248668393388688025499357589846334086611440603371945266129293520506117284819805301706208555086905344
350 -66001374338090839643423775251515757826121100763304562224419270498226249486584363651929602242553207929004230479493182081548767671291264356937285983481925147774802713234860118469851482717479288045184400949240908597942472049561131577018453447314447631289772376822088705507328
351 7995806721211996998138010789750104447943649256113609021638740383177279469840923663812525806988278850979647218560692078674687995423845884208101585665682049710889469956980278587811803191096463427213233203937687890807119161488947953635372733886097917668730134447044179959742464
352 -13378985655603110389289470865336999875004659072884704605768073238040137146430949792139549302318068388560835712211943691992555958759446656904632412862984135035256422589683165880563640542117968953207556712360576104848125662810125061805095294806946794635364919496053909908094976
353 57774352214105482393977189953303550804579672905082703976817941178969531196933287160846856565950602457420858546506121155549382961629459331531441986586488403340358844019536350064870186488894539381491109553600589829715808646144762203694126458742507846103403466968122258668650496
354 834760977855939909978087581184836415142913854670786170565859475895948899534746523652715525436160787235396282585292010729270336592522491393250137754919686553490503981374636002848491391960459418686182159522408479414428480893598229984901252176908544629731980492140445917190815744
355 5096947664860140573616827854168261721962643110744695146549767086736178845688794203622076244578364393975277322354968999398386237637853981766432036550775474766273812285833521151608967129754191397661733427633686629730182414270625619071904331956548384352253783867375710532297293824
356 -29407449350271003894253750304874087409997137703105448382612707733673120632171294393939213528620787453607348741749673576016786326629016650673604107205075007989775899280750233178305039807200839683069207434035568215324824071039578799055066619837075453417557971892979104121794592768
357 312710938681820067796454051089594195263303401970002186445890647231653636492914217142205415886762283961143892335552676866674074094111084656987185080144823866390841232290267626807474681360716838061499538688835458316288685538240072130033634683353422408901647971630827075797226881024
358 564966936313878094746608511857400900934623355720566232372957752324544981604560991406676636637499717144937947307443274351805678067315783592069651473108286674103757199860484798293437385222491615634583537564950430737090836740113106686651707889602751551250599708192811922141199990784
359 111103721964205243648434807670595000885504219395675413340437221462978486561766929540257518302167992692749401730313730866668620674817228304018322039841067450148102426570270641635546127034544674469306501452334326175178395704579028506651589400736834623390157106758682167754071474176
360 6473905924374047741142783731102366831017382542872952090980435092665845369438582015771329081392556379758598920090753590816637107541521698117090440443713156604939162275665153494650838017672757753721014730872872285783885138620960149122870697491095700759121547914503451301938592743424
361 460732991663341062543144940995170339471757442005392562731658454776294208768119280115774338339473653763479153198785086362603069237495351760245059914220432385493714624725436041318138818444836783764199372626592126860915676393651580246909953695764448862280135937555303001813784465506304
362 -1094735881227732684295600520308924110148245291414739154250257612201897636848071637746247349640182790686321119235528684645671836797566470629879332973996276299515062418456436894288741780238023568070797089613056606239167292177960354616781372484426525252931583905030077524003556381687808
363 5455176401686403607675334449255528385407097720169457053791419741167492399175492301940234530000868999960325946077669850863485623070808134930386100683513823164563429786356600431944355576133741286931235705580145320832579829506394100885439330239778819592953482130168059172902659512336384
364 52915027270764264448032581421791082755303208543662046728103782403211332064699609421350209090365483210266838476751989686459261169289910234513493435728739221812842341124298427151102053622425425763142201927119927467017453222313015505276516435179425385980347172584487868456886741179039744
365 227807881215839452725219042918091357072837488700618136175777131620158706598561833509183087778309600577571387468701382591119788555784763172520999957659259697218315800889244488166320877860531374903638798311303535245236813643294094914072716611235604545171519402409390053066605583616966656
366 -1544463825091657250242726285299934987544853780771572672865477949166175258268077285076475143926790163045470784168866247140927924990588827196432016866510222337347650208641169705463505655667345298516210279780194576467016569786892248712136261630231044887100108923812340162477048435358826496
367 20867527843942262157034830312172820654430675798713241762022536447280202999720490920294874635600916458408890303444411630132922675839869725425451508696813252111714102959581806491412603170967971211820199671057916196917603002200929982355892785177514785322038141388113418395781731199204982784
368 17912098862222319288942446454155116051638853450622057120844263158743928107161634154212737078786582890040541247585931206240761324073250659070705451820126419422024737586814741918128055222707984927875481970143470284898308531948297833041265351300403213447076164063994771578589495812058775552
369 1187827793640009541161508722035296353383027122406411107801285264820734132486470560037912720085127309822560248776527424834579473359259319018183709068422873328776697560873451404294822400318999177279674442527481526983290304603471861925557648206460173011568804237613439063267878427682668544
370 998547581034337916133796264316029244966354706645122985266380685229703160714376648823198510117071409464659826418038508745159956639701083138616388557070168661569169365537330390865532237273232350915981532267097835146948196654707675680617735399956854220645475977677085642169243006749747707904
371 25629467997771834068589667316710195299712731905441445607917258389615456092211524955615997626615770028405120467244177531370297591996214926503101186104887504487276362185970022485619044712551511116469122048323327771642777132834129442368708318577489807631158494953501894779573039004107130535936
372 -79132744663363049101962001406282668121039817644133073203531483426595507826886570197958823820663410355513491736281523333016984247822193509918152024754813284618817544382602407414363764855930560117821590440263416257457306870068623829736073077682906400983557363376854019927329594950414044758016
373 461861255142954308696459982990396627833298751484068711488195218082666957886118984068185015624742249378495020031738018133956585744879330089080934138190033469575325166206677198962057791421881121936942160485031369349960112033318500150008768920400984995930171164584863429207684543215896587403264
374 3137316036127828810400472120198255513301834088259372710492533703831653142019815794210828864845426433242556402193987399315223814072990232807769673816306605353260138987689354628642641052426002239810896998836592516067164321859341786783139507271898675385122675482034322123679118380475513477005312
375 9271411149076702640607792159158686845790630455659460124582098444185265400355207057128946834536801132648867706747965123440564691248737748088726550362014671417359883051164983959123335598508748790734085155882730786706529687425782778695293428602493567407858447205334188270074723354561164821397504
376 -73133660939439901746283684908559970860035105275728408915805084893704797809464689499251780759764100440837673232642440122062522002909890248381176709630931882916580245790751139194972459682570119516713450724267793430096532320514203576517861698549279125892179484057519229100211474250892152705908736
377 1342880339625435739753414862898342707027559711735616356062846195561713621109122435715734259826463763344808360807636417491250052363513766313292430511166162079105402412794125273159257047962382734629900010718141150711606096824982807797254900362190202313751885034945002306463798111799844528787030016
378 29523429786968359512874487102419222922788917056643866486761073881646205272341342660865513707116967204556603784568977322971169124358512190476398473398824905503353636236660196197594938279827790141030730066772531262360848819088444614051453694378947750843063682504595357323705136953695085332004864
379 1366407954776187332711350063027345456608446242603193971635423063444028253208067687503396613325195935614081187306575513110083994941905876994194569188721523394897438495495014382157428988257930061820514537462366720588318425473415387714322384100219678228738447143811957578291568627568019277552287744
380 93127912509443884530462684363758245750929317082171961431624769884869230465815122402021839097055724007870454697568739668106643044807141079235326701171353525551700194915560505409618991204940518645762911254911798534712898353517454936780267354434644673109053045118287580903746582959749305128265449472
381 1372112644006112624368428851003967533404881722136827668505043184547460984653379340422668878320698984540845967761399771130741344037792902580514284517955362738706283670937023400628374840451781151277607194000678981685169870301056635182544690783650491982307631995096234397016709560774933381082737803264
382 -5253425465532768527634595659655197074959976193107040291137829465303290388118601234601704695199544133937850821568650816024542645694368532236035707687120674508427557227834099917210746547487325860185498856441597918459941967866516100679505655836255217979199581059150060113701330503237949917773143474176
383 36194985972880932266118918868685415399738272762674662997944793014857791355709438287302365621643654725440597981473823641296196038674412460938506037385740700032942137269338651087104148892243015485851241487024917932720885913786124256092142932177494407828946990232013949126410702900483852593270563536896
384 173498051457595763196057718005260349704554271875499394288332748286193739050945270504675159461390253186319536719795359087508178772814582966529016225760683603356939752148143180352935594057687336005479202974363792532768833934366280039985090235482992710485843792839102661516018936665490095949064012038144
385 327772513764820240417871143889752145680273052579917279305357531025060664017919965386432752349330515932607709033706949527873925801732201236241305925282038566722016388133699217724283914156584104167150276199834689874673172799925960538788743873258315378122576221770700476096588251636088489927639484596224
386 -2907451478294894727164796233381444174306910078761241862832006916993785043851227948217999644859244980850439391555568651332650742457715028347722631480089887625066511953023024607059265741686916501506428848616061479510969909969506815758525723223260829286164595346331271137540136121071062279713590731603968
387 83522227143927057025781615180099565412744256965543243474184395168442736195740462765889087387527352906402785837862881753051650779238198609947372686881817936626358382022487608207946765475401590460477929589956925683568859870693588624687373126904627020000935186894845945876295542323141895896398231003725824
388 -62036191904530004380862213465456539455915371940017670679086854427255123354356305473851026549844049201845513661742940902782158111935657937149137665700812242946869249414704183742085648364295463378741031532276032269854093820646317249343236444683352112764436216124925865622512919138495676686025878631612416
389 254264932582862208393279198736016977525100312562024648448281781870394067670072672492829004384377268213578373170654084407351533372876600468693224208835827136249632515444775377722480279401198876298665129883377034107413140195680332386415453694326625763896901918042828235705450449240120421411567221212184576
390 7242083862523863811733859872527917859433016290715559012259144812350232324675144527426185026528848250485518216513621662682916216493595521219000239677441979967110877458341274180305604709626789735161829553613873484558046257276674599186270578199613753069677743671841175869112739884663854608926262791529037824
391 70343259294181690027633375044271623655532678305119262915717889851376119047951753646652969324942513279690183612524824611222643775799588570666318219628151163014967781352061441057416255853154755569593369993480933100814067853139122776944327211635538901404422212406366317729586202956193101203239329691760328704
392 -325157791593065487779498724210331724993382590245808403486415546153890370314562321641755431077017614261597234419143961700237631210572736501718731007188498211299066590425654731967370863458973304630214078136547177313519684815936150399282317946868745833759244309525201926823536690337685461114781177619056427008
393 2673018595203087762085360560047225074604414711926658056099952226898025647711884282067098757810377544721101132483705059619218047268616775269837377116956869929039756455720191299361824974126104684067229776595443127233644830005187454652746663036066670767080957212629442425920645086957532974293897671147398365184
394 8823095643380739815644846160982395053804235940997906115351418907811959644836502704393968345931599066020213518870408180376247931216373448596424625780591093795372031877826373652496704650026185562522257274163061893569874400261854141814403135677950342712215325534705143975747943768386030249259309368845526892544
395 9049759482335080772985653127158675643306314324046530175320870969975398381502487592073592786308564492727622129993809489805335714248298936950352644480575789658844528099671851597123244647491665101353151163236248191228699723126080894165581739218757645309938704568201094411962660549055431761832444227995152941056
396 -72688858124708557513881038438424207421613375737315051541284911022027820183171382598347188696354719614101941249532283737561914099214646615172303658396807570697243483966628391910102821358636988700488962088166324241591454893210581024136691538823324591332077604798826365478581300351977336353764918461052376580096
397 5025513304528862503171009286756365414121584945109907527481282052872874709023743949385080186721818441921865579414349670190933947752143703808283601489568451217358070892886879297572861921505750346356290686299840502535231432897272261747780492987660553030024237843760603578415185136752460435993291604764993660125184
398 -7364155898837759580298382472081428374119940738243643439183483887290741769450510079387140409331488091172488010482241112464150129300399778931317310141424833599756518211531790306669971230350265121801463550378014056537435748719570430439811737664517467040434716024243590125768782304117564367229229508204869764251648
399 30717916314499270720984066805990271261492420210765509442004757139079077273852585142713942716106772322834270782468292690435399972580485425428114541003385267616485519572107392461496803708906532085689127568370283191192968331427358893122157303095021035331600250126331982232063030037361360597309617493909655041081344
400 506597490464536827034699244252757761769127616297204339391780342372829594046618676293137819473039049725535444446399342021872647913404569633417074909202053293209992575066530653089011645380408384176715653687432343383198927469896857111910609543528006824630716673176920016703293174286746232479316186784996586845896704
401 3426236831378621116407863982645492843751792157366538142806198491262060431907424001798764425155586216699757739625957084285122186013902393435757555233307323566491150954454695153137906611579380734631479363440429893611473479339659280794148190514205534174565946445314985192702202588291274526249032123453944190086414336
402 -18825513421120325897876453994336903486211703315879681108757904054949655933402784809529983919996578218470440427413378671471329715577337785976368960972028400074475136601580516335540369426768925916041379845206305012186623207973660720416998122424353744894916741730487828132388075893921425598912625017326297648900079616
403 188062511854965661538897857730308123194495366603468249544286150773732569423237178969289051444178312964752080644013927263839258526303918282472371075953596581351104710581353660017079012248597376568665682840423364511713225345089647431269436128776595224116244092023154043907580207601397483206785295238451612034650865664
404 397678403940698522444111203131292535975065994968085318238695303361993578386138144857772485482749771790050727932615658342047512376558593769768132732107729336170457272402285188386901595486050585405293784152640763657825089645538673526315744887351512869393928728470030033766264296183976716245913222896917091786122330112
405 138815385062571947793937533798874479587573378588018080460913847314905551797467914327791068591133386222939697277251219173456824524646485633072130273963284386766282876736549812601307389207949758551263420698526165734295528693836590063905345727897381547793740870057853423613114440964899634791674737913656441765892194304
406 2127874773092825106777657001308244903526671779167288895583306666943113700066273001115599973281578150894850029701261891072182618300948519518358740421715963670974169781120378621193829429873695204493176366839488530955658657383698576186747852970277732697752088488390543368664145772219471466419621540227524612951652696064
407 292483206439124784159253008864152473226368811276829981653433748419112030459854184799255448688044748136506601218133656970901790359110521518857369066172510339155680873014881896025072911904678703513380324411810996250084518326658957753967665074791974332856369726208129792291909424613025899509726760565279251962302526652416
408 -634552198800343491067116911331416841221179149112006750590014286505958044792146323798146739689412080690017345063940559111335802664873054618647589484427711185251466132776102806936278915822848490136878620804833787434058200994105241156563085140343113709808648587447029352406270691098724226374202343127145929280107090804736
409 3024527501567834023985393297317395956538052431298188035601397652183758147107647024322050579804304445033857632204061528808537552278770650665695497393494360074875247587836314306328321477606708957076969273269511408985494655826885780319965359452447454833651583259711333691715316071085010723351245334637446009914062635270144
410 32777197426890934161374703560863857713415465724471571624364834603975375153074304323250399857234151235081245685087835899405256275914861777348472083541407937456499579399129746495364416344963206462642046193646714960188725635700620150029507550409734426172997614216079499528962425780732121656475501698985300141300655190966272
411 156573929210292520911228250012762149311862319044756397640428742278409732413604735579900331555494049025225074749142435324635339618006068913960009089836351239043552970711009147068212664570120591323062194267224125908850252265396373922478979475082052656477419311709045985947961931657336790540818737486351696161606032701784064
412 -1013143406260647148613999882322859805728617903321247262199772222510899382521539406459624217367634412590287279162051845758403151197556780745747160706500530801478076338273436565950989840411527918690559894281151449256029207110874335862746664481060452497775857826769101932903369028057052215381661858450395683565817901011173376
413 12692277696546796008779026555379179893319614628571347056847036430246202110780367991907932000338633988976727986637319493883834176275253982183909987477933556856686565660404293100137939950299108213754446407167019537336494393936030616349910851033615468824427539658777744128247115052779808277522333632145595983459191126853943296
414 14256782885345589649242377595200589524216159007074689858010418813858279222821908358806437957612067104390793225201068036841364333477518858318221179294365037939148820042040296235263147479973247871087262212778338569933047174340959093875571425608369523555243130275030676853053361759366094394580813871337209296560153329133420544
415 30213623559103566318581245575386387951375445926153186774695816385233642429346139190564532663706127155774748858244151889038577613451831695921514374618631006377161931804162408486343723274578898930142723304205269532414623959863794952012000156988894039379820050212038260076350228583947618520680105982605723027319369498624
416 514654012934445684246170702159193294868183898308153819762321346798061963269888202678512460082178440871127893182759382039774081277292531780667934235140245794123253012048117200297746574294838301842078939072785318319563210652599430021087677333385653118023896448091038201271778001837438385038108191756829085293931413279009144832
417 16443552578476629799883837980843528853756611862414605846177974135602422290578158910466757098006293549261602122379882333219509231364321749385499456649229471973010207133745297714465677115524438731094012546037396801180202685035796068223216038893628246516317516365016221051960833194401595580336148817705934192092048126681886490624
418 -47297415343736842503203680684294788536002440378425411962671498203451799815890932583009841357667231656073630038095109569973756727715246220097818965533350853640039039449178787137574847294556274144085512415836704612528768934491451066843650498258043477136933297929537896472776724943035007897510793515635452024802117858181425135616
419 263299878394363681142485252729397254305787027852653718190990326758506157237228219950341550654136954272877730654772309578043342808787696490381336306276228314659688856333507643587656294178147175895854430354797306538161492081292774173889485336591911415149849316490046161675827990986627403831644356476942549838551638350805887614976
420 1981663658486221573396368888322193647866970328984455719497635433943012485292117113977198967762861713371141532568469976794983167416682667137732219301125889254658450305539652188118311888209040912881454390248525685759457139325752398435914798078382628278709294887328136693627272306428640295251216220358734818847983488448563955892224
421 6573361698262720606602648451345989253816336243258246976031417002671630173932531200102704172460628227883867494844751818596330325390434862958592487576095315734221805542493551737663491978467405467223708910789878047087571395936613157048143122343453433662591926757895018616752302202432865553869229720060446345987855446807343848751104
422 -49675714589745460226044687579196798337891175692690186388245322629135166614963909755142387795183523722512501294463056697833068656215270258466230901531827091943382621984084814404328463645961359830626621762993069224692315263141213729781857646647002837238254959573694541014408613633830486298894119943825604031343530608916454554206208
423 825299067580093078233916757772481920224708418241561587936164256483358444121368276488928852186347674353143924796296816662954023013052239753232575038423428316243304089742275078795953323740826070738463260987577284921588382852828635623259934506098227015121363016241129673471834742979715263077562701501077774630246668074903458214313984
424 213603915627602613536808425169457739286312292426795825272802544841425149499395166573523854309608547931700646281194085152353659776034397863607974271523164674792075235129360370841061757054919127420725928965522587838513202169732860494838449902648272636135031562149629141865937454362989410092494495269313500528251113069982568199225344
425 511358197514729179459363680862232155144393301808117939938179797501268114864176764298505347764112575568889501791341851803467576106867073720766716991943769252536061476845988294424339810855645160228789498650589629315746322562584432466452185829354150919870296651021413653772393473629446090403790464210197481773787799098417899378835456
426 52417906833164370094892643293149417245873475321825915343888995616239367561027097714547198741219768060200965485877252711859852030997063974610188689179950689370267664924129738700910230490090451204931449782769752796244501259525972806086334315506212409437216660127128893210181065825116903278187087712116426795039153337236701283094626304
427 890674928101517925360885958124940814084957178863218755428996460394640294865097799458050432489211144623035557656983611809687932708676400114108210788176296053540310274468097440717027478623657137205907120879856402722146440251603552454656274643859803833451864373489535080407468557029513842889092117615712232816711228758205566534060867584
428 -3212233457310577712457691743435984595883975349007378648811335852623891577168733607893930044693559689490738104789553686221602056805576162209406501249971260023265518740478916407860988944588240456613421991774423430428405180545428264342145352742180056264915133871665137387628394627060980859058349777747550197206806029423952680239495118848
429 21059832637197069160074642938354907340008815561515767254925239796795678714326809589001379728212175256569172243446118175331520898320381588723606841463357064313667354384982748833948973363794902927620327926067702283966036137594562565921535585236457791610771639004690862268068673928884519641455652183151382183691691185889445303318577414144
430 111951466353611328254649871924493492618850595527326818047754669428291707962357963404006912934218523205460882598518086913839346948940070172631959528821174467879002155725147177483835722181784240808760472620898112480057816478198322046472250480666031868204614705288488648106795437806063421458737121878959921917210394922682585230521090965504
431 243947223552398727655201102977167542771409671440361709416128372180446603183437254944879782333270955322944265239682682434087476814681366499201866886195920370521998794181101610501942315548416060831480971361184474025980174654743245730076599220904250193187378129368703087962408672389215010844912528918476137663836104542854887351571223412736
432 -2106227555127725666915224328278599550390001297216739081814770222983772161881367194793853786393383941925812841709751289831807163520617223443998907994023017211072008432947566274506958769993557853519591565430641533048024608792231004015025649763432431700128409998477346239614145080468520408349657513260930571783761501536782099318795420041216
433 51839464473238335567787216118349421051325915912526452488518864066256294207872560736698198735863982241803265688531778830149745698953053537620792270662851947569377235439149101144498048553629356284735819311315636489340406842352035476186416786736087613749538201705531107785252124777781551778783300832978142353277774651926141783571095107928064
434 -27140357307127644070773671630541991612190299159278167608262919091974812453859357663137147124717705326431784711933368409754592488671766430867080701686953146551154321574727030646661404827953136291056444852568027923465552063380089147386600236190961125985989698139149898528014762890421051342942489212519946784814027733736832896902790368985088
435 121420263014026831288443012708458766624347944024611018055027134604094856230255237010797841162142691766945857392158044337815508359545236530498099540118410908006758509213166266268160797383487429095003932872354809272616970939986338477561979969121482589496309808437700937606903799390639920624425912418850859214726046201190643293340926532911104
436 4249530920644680532285456340759416547588098434112471236094665678137558219214375913588514746150017087016033386724106302568279263288338841711979104054723206512413964937284759607974057236277026610460551580541920990544310808544016373457122855320102254538581842453819035044108758746150781324425935533087283040981340459080932242943715125036580864
437 46277610822511780020518998011545136700010590207248341345151924768073551423189587556915057391120303070306721786922355102596292054321067651863770745517242044896890815073237504238253999685170287677263287446527584907028884536385439646085434300318062127123091623063054590125217592871181134414215697300587667988909414118914446842579276946594594816
438 -202799828486064683092262876649344905535534884599873884000992534832503903335803323629531083110766810769842276669884307484781686878828365841467093237678208286764886035727100306328474024574486225552581735981419411281670049804324321378585845991822240634882740528625527693977783357078458071627398923833461999261836085765609270170462030683843854336
439 1580492427383271502367979364136898166539980648367587273400917163428730930584494213240864458034806632139639745548045362970767860262804883115918900938586435421623914121817670089945696733730836442223771468526286100582372549985857937959089401173365128629073964939587312237401342011769814134356186394593247468490942325046834397373912941527295852544
440 5849398322064116283324769674739110864315777966983174782076895231753943134703154939243025543192519258338388224319079451019284539992701348263432302455058388418745119441996568702460167197956202143787702366577157428028095981169116777200376155047192953671431401782880081445590916661382239414678327283792753137551003567905230942690818916247847043072
441 7375015035725487408007688486500387308833589658279311958866388556526988025285407114137336238171414994906670698111714131079093431878013602590456250144450143217246429422227086571636255261429867775010641083066725102836563262656360394008856410201034050642686500236122435087117530296223830227764789534372077269718190076244464432672934839321691684864
442 -64737728317650682578614413647839210827630355709621234131019807835295756820175569173737146707227291709234149997698386756802868044629713372210856101452311811802434386449485850336067027237013171735965402696401258948528990399066219016573808277241181542792126774742600669557884102263723746392877322604227424659516632650463318649767067543617799192576
443 3149582457536555342182125743675208831607808370368455211470740788517386124715461088306104602661741335290637614523007778384103592838062976157008571575745675485933627447321149731068155152368909824771298574782782491784916607666289579578129263356441718203134487517410291066068767655547616579410805986675914869609672297640903909343137366333536595869696
444 -3955507439606656478786494334182891873805948325471405406234546981576547920645456927529680888372776623089438738846417310140032153331276998505600322300426209929757349155656345419568623163278500361134799716085525525606788929247467078323554233415655901561815997325026948058244318266382852483421982093958672285333169195579233457340345533014613013037056
445 16057816366985159304603466049947223088293354276830152208762175167282579181246433369022562192320530319627082580469883061459020702612334897381269310779779324429030217505105723426721427549797213350973971719714796547115167087926975845543066449360433593718119438043187971689546281603461274428296761157372152131917056019463041848539047957538401392001024
446 305408512517648047433927962801841562165742047226067822182936301922829984395093125590825471881442060948176027772416478604658317572391620446698887556306063864162366517555289005531385764442765090793359945995325461031273751595047976231598692598581301766920292150267919559008699619451225714396800007356764390337391030867437534581157469385346996483653632
447 2290631743593425000787067928473367967272694900225364286836560088880189579477919270517135629598168693019083058938268073707000355948859247527881112125680765743235456823092540288920904284186942717726752009820868589540779311343684130928268945303768809898679623606688178465203142573425677471716439107774879300576594810109451710327066392472771168435175424
448 -11976539059258063859792669259802099612829045614848856635764460019555273020968702855007759994029636909573944949710365967919384113336595754951879685451787208324127000477365560645996667189185908616397456543691384736564931637017969335462200499013862850523422827881768570621002542216036463187705911618208366577102110451105815375831730474792493338188578816
449 112695912051186340728422395683405184525611224402721070199956446571906832455663599151363148528293611709069826822358405238399225014356362391138283576685816034195911942324040876941537188941038996042695925746842781659824403323712146615022827848622280793988896172869626310290914895023208167283035449992161847679957254850558368718720203643629709050433765376
450 274876755095579706674018838757730913751624861226552074053724313803107629398206669114724748107310755947304785190728737931848330773029822178383504112327424898196685019980816845007137411876587324850063076436775747751105389605824105589731322337014952539382979734631816206300867657289253412653278241085301878440459409257726616229396826264969919495745306624
451 144530094781598778513820306859058886331530577247628463975202377160335862391063487010191344389715887384864430862787772416487825897132507369529230160515214811772123894064024101389422229557157622012384556689183298975078273347530627017554391907628316995783986040765940296275436066893413653701740846313031272682725331911705537546521551214712715609850773504
452 128496335445987188546244390270589928135450888157202052942178612369606588875865429665471058253007101758764684143824970240015287594558056428159842055180427689054231499740023276811985612096047375247571400164592744526249583649138345734057795849128912072909119795390359971970705903785065182683279956421137891258608226200446218231700424492755874530660974592
453 185122169410317026590909160025724011012884323289921197431111141495360327140378323134025119987109241224331325892666131570191494099543907826889800739339245054902007594130234509090012041729430924148752717174145581729186604476173059835054664124948113426389122042644455791956467822984590015490152890080440673523616324314634493723567725206328747838626840182784
454 -363436069388846582408118100885172300197691069886414802938388712981525456677124307233949652809243137406197823919238642693116292787141900703161972484666446618649940749880579934630721280069435826019545745471278562778902561613499788205399030316322597567123252444624693961796284014458836073028912278006134956369317455065238682854273510610995344640202931961856
455 1659558752696560501737042713428994467127932835553222796689090852907120453165440129972834425954477362328837712591838319538795594924867692489212789482639486457880244902191858325784502257925650404241883648977997161799091628757874767222050935779851252433527968937867646307121882850674257773619497562570872211215321434991389363502750833945205903923593510649856
456 20185888635037409218498680919778964264207155562587495103936704445334415434735839608254730065821718490867719108826966829383452583357399198246175303837807176359382397969649406172572058330611928858773709211778287318712523989946704843431006794293594393712411917644156955336917869958389375612861556744821762849610621222497587941011032844073127686459627566792704
457 106839983023627321721054541186757649987401946669744159831845246927309656473481048106988885235475690876770035277217074649625619858230874049409156505040464572629880782131382788503543508428896003314874097262715411606013774568989496670929357163207923376084906144664630954529245920672398763107628550532080627770982557892381581770684254963126216824832652407209984
458 -659396617634149745435005072760438697739393084932106141212303676914670272491653915887066133645237129410159890294976861515194629215878451790487900674789487058355091074455135150382620487544279185569996429728807072486443623585919745717939237190487199600903332219839186124379416634931153483674776865414067816123559366695315591717479369516245183788036143917826048
459 7695142577476728319455037700093902474401203695618000604325161893154465019870986975581739080096278641903764788370013131614274779889607821175420621621302956078584226998690703480597573276056877421840881054486785985532000699766210178645599939910913614252052892763591815680063799988206522097562040474002455500573223502569755645475071288404497973487308135091666944
460 10765298916503903397185993602551029386993539147084550253187036946068132856114971157377573318828332082804389891478955233969944688058003939340279244014413174706125512400821938021773359706006574590949072926348535694189411829840576283118012477262784843399300759044167008848601772090071964291518926921898793049823959430580799164628546126990956810478346732834914304
461 450309393287832019101980490330624361226162065426945794751562757808264126373389829409778744949020410013381950880839751846997976948699952842892157305103250900690329317444880158401597893446719210201052466136812226588322725675639169669146819036172579278755487651850879764859629401054838172243025182355555870105008502077888108975580713908443297592525864237531136
462 251721277129639479841350932554670906598615245835274744832671496301597233206745090176493603349840723078521383899468519421375336932530252917416681609720037444085169338047826625676568008321017647405567289053015967067823873696279718595840552672155459452409876050438232721674024721826744914517450909950299478905991211124604253646654679781560176802507425478747357184
463 10516222715867844071843108207870362212156568643360005040333657148555608864206374606310329992316694047517025774502632494578270802087163291838678610320403978459186554623830204283283546730150589290180179191796999908941452715608932501910329108161763223710520354122222111508865241078379035838349326291259410612293582972835621381655584312932686447138403570692038590464
464 -28048218915048869673868699931967704855066080501396962838760003674993745241102727669844976808792598871711686797726963070822067183944867268760336070387001571287908147002143522714106082644961508924581766699516596415467614658465051104288015120173274886380446842545781475881533281051030980934785780247997606611307359245010553921571257848347649927320353192563900940288
465 149024340540564594089385500731211919142614023442660736360942735501524492853962116883710059371001390061531169480772887398360026632189340634033734669215105490267191639482869689639138594647979525021149320417813993565295562698600112258844314342954365369414076633443030155622450763850942261700883012661166351815348262400678171200635657887160607682522395559247063547904
466 1244469484082723935862256387599337976931895149475713849667417946592779719265811112642582991350991959706090747138998730795933325636353359269606800575474919464588476770010053965113108489333805628738963728560220705946286680563664346539919490466589918186981823821195813042076327699370273523133387314592277845571047508103103906881925974510566406793890155363121877745664
467 4612203179666792940622549896799288020097816771690548484821307348957850896229424254750179044172333409231219516326734107591327982471489302443011882537615651959293094544135061619851766704065483919977882913597639174375639486355551777298634385006333881542122738331024071820243249168749675099358025259391429419220033769101029918391672241356434418781679546435192766857216
468 -33339799394729205310952522593732781216020488040829511742342440246403770446416287247865557571460341605802735749929784784786867165243240138784585285005041453627825740605785016608852592294822999643123999156798850578546025514194497175078223870384471165721923026047632737613807218922599166003987318415762661183724322872240140903031504401133164474650670962772009535143936
469 505698348627400781947818619136886440751102628069509155645259730504951104098676852693282417985202010140632406234816618442036462067925229751669440554191330932798323982074386955184021610307141473538316292801354119631072433315331400089523533497195690400573718051384895110200916254350537222511501431373210246449819480727086436079147170555814368033471890868161782894034944
470 254196314733625276535856986920293729993411216565927508402202995014368628830820883895683667210893550145859593703925592836534971228907494158526362414466825777051575579990930991309156566333475885169246960566689597492189890784382848688644877096829851310099245786397659603842283561281678810242419871571116938428484510343825227250788183497763147375555932564626580409679872
471 159698949072656980126233465073181858966175391967791111822290948709757301906104934880857082113480706544628170353856023082912308572393579347057669070156612508630641562002273502416490092680451671004492535176747496711441537135256115413186417245525457374237169980557444447277877152718583783224147398017001563138923229777053575195917857043710732889136343282334131147505664
472 28973386390486034596986478013941235576331524373223106747552434838534643284029538775075477248802563912952208284489167882237821457336419546987346234156391480386773927345605246011760191899415957968010873115476692890233015182470628812337265018595802957410054477719463090132326276291914505767592051858845860342111589863169009884284691427993844906116137344133435854604468224
473 576095783580809314837590424462162182027154123670684999935964102662347140327405253271170552791980220711454546835730951340389004867648098729042006209289621879254959054904678572619969784912412045297985985330251469519813157119738109477838301639925901518157612076958234685244371193295199965979446109130537877164221457059138814345549465752037934568995075477910154791245316096
474 -1951948061761996295821713423829409866346026301569936028752191432496561766870398036933032758638261620114357697371680969721467324323503607060741554801906929108718181883022140341395237656335478393387952955361124520202926948674915385391370601758856452912851673291461299893989870967768268061059331057651535731361564957743062048036964205780756353741224179875228456068795334656
475 12186929725276137611496505100060021077596008024014128767578005416263081163652157726948590536799686679604386891231761459843569939060280921842930816041071059421753484534210663250406189418971676886567199875662206612743290213102724016117538166463422430275465910252250332558686596447032045657829074726109980840538373277059647048938761931482788191269941197950033621305392103424
476 71759582696601891728321476228379111208451817300219271265294764669066561248640007815752015969294527895217969116116172729021953553408202262505926349440104671506959175609335460286892100053143708503183273942565179145621921449313326641127658234395800730316263101197408629251937920120701811944523240019421765952871017170944437880037035433042332811182040075015860672285147922432
477 178501283840593838517904552158010722319556687650259886715514852094630754440419859658072255297318581164705707813120562381165041392254607486067950758004333477831172041563933379806998218521602288045591515645743257005968685220739467822410439334485436226816571892977810450334411966669141307338725525053668879677281585749865216954361120250042917017953175617275220246406809780224
478 -1488811942966158737401062071506315040888851681977642097593666724952183380059804581816902439085306502463998694708807136066207746667598651949610820545374481479490950113726091893617729600365267678347476310635632653971834275678855952435932561246686877922654965081321038575497650752531626061760408390371228585516188776337880107026168373558510402977567707082592118582809529942016
479 32082888604133181702982011472589639494136894818264454335358208031631271528136575866861273391612031963534667742592320269201258939383299808307735014090101091625558437698985693428309802296101057982839387729130136182972197907597673170954442494476338286493165566584627427910327492502861096339599460969320183808615913345036822058254642059793831032606328391675895984352087586635776
480 -9626950368691162385445157187625685836377861030336218094576678413787994094888393547468076107428544014218561070793360237104817991831505623029474598333404691421525885221037610489219304048419256232666849633969043550303290760294137990489221641962492582821198934597863423282643102334658488821519249204381807886014266778622705499062569001946280756548132340595396790644218030718976
481 55456545545047406075231990050375273583662269111301223508125953576679027405725852525099996066754920891517029570909462200875250091553787913318004417173309619908605690374450869505793844945075044555717414081228333109004443389499645109026527125820185260376757939980466481892308609777286936703566469073625183291482818453661407757334042059415245452690095142477007525995525286395904
482 2468609498730846817256705247179222699829111997541852371777686066710157329871256776692917823070555691989581728307042221619675047223772167816346200933475990717025720919767121281524858588784865260167672878086046358364481503856269041824365011325605778425747975082872417697672969106021862750046567229366493488445779593736764126653418076240821204625623159452381605959397360525115392
483 30318704782941688834533763244741183224646555705934907925894451650568027431316046545845136063777260318735129686977234308263037605721931070585195432366856776313921124106987557646542489637635137207585128637316928788430368603339152391629049511096312373665898027380095142828391947123429707465635860613342003926597050904098995289019333868249255770812377900756697634029948673755971584
484 -125765604251103675314838570126873582346484563967027994168979044511499570125815021457284771456723725708989321637446169543413958527117610110269188172834563000071142824260494048571363862925201098491853444047194715627217899390609863506490409386250533204505612785402024394495380809311506912489918817875644812332689167504163764765806322842963607598548517415921735693051345621594669056
485 930413867848038081217820495206588752725756684282385103878434207487636955522541766545448847251569299957863125749897421099223365027347341742290739350415403930937828084213729985704543911534642249175768439282441457822626692750533736109968578330952325008778437843756410286978862746784539755934203096450772549212710664230694277754822412859534841966970167929480095784048803173164384256
486 3843555927706628342466269926760647992424606433339326999638945350187612027532492419013925702877088462884904091811058775212082816316577436685089861268950644034718663846569477539140159592746076138366488816643387994683834336876427678159085870952044770612544940275110712755557157360040052975375102671777133929604863026750324518742324252397857744323909360641330637487496375568751919104
487 5808570675706986114353923359872185631549733250282301513070445528729777342738263557510586437378759019446649391286012148408955443844377064859290738383466733953722554762866821559082031938161875084737475504593148680751042850174010441980285730952564972372015841286268941276032497490947693575415354893689848394543085744111417693323649194272845007486217808922627643953434209403099152384
488 -52246908842140823970080329014168124854733965365734031536784097923602830658763307656138775553203005402704468299289055683612147462583913751456164359067642417852044075166290455243361370842719640103081310246865376249420325254849566872497238208733816121263242485525176299045187283294530008034070961652683823274707168412621933913085163729799198234420045624879946241105253106263416373248
489 1968276061689375130453759547297944833860659850693770308721595255025404948956946268405462109465146573011634673389815744109581996475364960786486395657137825906903089091712160648082717374075209879268895527894153505570277639334295575143416595768943924664636296787224955564905585912856651184281025844346843802741601970345514250321485194330445463309516468068477600898747739419374983839744
490 -2055421587147904189511787400288384806317187877126662025472163690121386670791364946298276279949338345347385478226945054392579072041585187862331256096772059269280920135841777397097410065006614829550416132545369771142711086320274526034329949064756319923116663407133610984671588074118228206178159210072871469384301051561592277157283062238868535516263976397887516681901128786351170256896
491 8226039071039592110558266897507681824675514788206810321531042064720530504492333053242841462978992292602956088916827943468173308776569847297278153626320616110453764692096684773915916250532621253177724108585585594907669042408278007304167801515879962424692266019913604769917500250328802541544718304527058845307211079197207955692318027641996726010707615972563234572098803229889224769536
492 182815602739697142477884200818511438965497740233084378298113357555786922098073683715059324794114042341358577696587539211945771145837522742177739350770899892615980649022651964232851300252535084028416681502478234803240562364220412124678897866145379608851695412040110698704171651300331669958132882065959037249541349150207193872166223679196398900719161808126111262658871237753053154115584
493 1523642656441343395866838184382563336711749151260549475242742448912297444861951076726289810377669067527620717062170959685703796474734631158399710490631846270106028367207136397801769466430379131963561955054376756961567174690245885138208803986644897861033059457455859635508244055187868393306023039759179927763611405542088405017331156173074655731914682782946723311947822791263197922852864
494 -7573847376479356149154238775062893873080797964296571199682423880726750512146517317640756129656043875545868771226781405376180706801006870092372095741753805173506843849217566490401429369893391886493994856359981925580517924525267293241526666516217067475335747298601039291299234328761349762448547059439264661652261389587779265645469677373424716411194947843400009089152926407059859977535488
495 67281782936501124488715793917287178348134333616266461450362249526818126364530743362534289824997371610552541364451940282759666480379065277340355336577736323709876667897089452278131332176628896790186312006523712444989051757509936816386069429554383364878388305289988129560410735426719287617607278177922228274061145394620534490751059083122008064258216162044202010184929212850615529404104704
496 187206431932196447701299447142731231993239614658530632907860825928398177641101475693165458327566658156167934493922307882384400175850955251310487162939126828886072334422826777816704759586744476742835692728947195527509234949385314307941641690383743805547004594717674734792150662325405742431378420171115908777121049318247115617818876044673251143694883375898960312586666754667395271008190464
497 135181132806167964760014114779820438681833534540843335528881871252092704227584198924340878268722160812519608280227809848964497748507271682742494357289817505528137911921812085666468360882145016398298263518846097628559537469378919680572203226821554689262479066993545490502991902880220102206501402284179439995230544208917896178238040679838590090569822893653510853099689916190903587219439616
498 -667853988285755501968875587511438532108704259149359168051784902568429284159796195154845722309499994037958404149740540045996213833548590433673045043278170912755181099092333386175214073475854812702581458978506373988165926980831189203713374856472333662597128805202838226836629400148012284023874540549203890017448000916076546321328356625743631578004816645295365725311145637824556645572673536
499 116826332837084767814238291655403234674643417914107181850608573930719346485389640678279648501604192357916109792053489101703866239228000517356502847841093222538615302147884319702764548175305674141860125949337152980619804618367688131194795883543629283531548420515981130627708526088478672798633023185424714267158467536920103534264604148662045142282730618719917553113392855077800871715189817344
500 -205219712440124288110627050596339118865151102085091586837687675859371998309918925569671073543194389304267972471737840772994394653224116941412700840745530799122059603862812834424637380309772972347370496073919208460314676583476820747684418638774881286883478741662747515587776011965437154285729458271010799934171791865147975246698875382854890113860299123028512084494895958330769099074545123328
501 899902623564142042487968410538356615368607255787791589996724582610346320999614171982332288396473478488631292020563966889612112902930894844036157563797670072215959071032623793113061690361828737612504803723196458513575973408982671651424523957728243977404101289525416313378506920373200100703105716605254393807993440623434471763520718898383290265586993365366465739151976992859751288372109246464
502 12357842665465299264746777594809814994061342436622698344705623081853516257626555700822260174531997793312200550195382823187297193708829521921151513457838234253766052520741182796262770736571994288715293350975619934466284930041859183078339977585381496492200688464656739214895728372656304560095791067728373037776232953635521817847578571626837592901270993261899470711717418413143694960836711809024
503 72423918103622764540335420320290499045510741169938925794939194163048640257930426233728749169731050062795888053789541511747829041139897743245992715903347444321404638544448298992583988724300868514968198391794104506732813637216424898048539270747434660176863060330648946189287590597020191489500191786371382348611704084725058473491974635027555956397451835097309525820822448528624399632804658282496
504 -426074441943655681434446887736494141618199348148592410761871664670050800617432191707752858461811947887151938487569196456687907377115997671513624464032733202548709694555300803176385116366565908005864264742835422165544135230158154563388032188929117655762250104825856615832403077361546503411058921873558893400782403146357445879742657514922967614908227959221418698350790269139370165406245381472256
505 4650100911740753906925730584656300099135345706969016105320851441530118375583452754638519544741685101906830787637062813454659723724733881560571175996741418956329033297266213971241907402241560853544265527137093569458916032384701883077079268577227210312641614829438936452413142163912361200809254609967530985418066656956916000694544796066261228021616678268114138173831431510796410405715721609805824
506 7844404654401690313217201950370151698315663698458157947926325707440687764692186547368510887667999941547896642250658862723785650071852809194950608544474707749846938828216272073921015641930386250153378642734380206202166303554607154280201191629376169268793913620052836464109708361284033481135154401143326573485816668284380693335126992007304666034813558448977733065258480808370500593505362857951232
507 1129059604801923464845545099560723576698559629010908888826373093060971426598850603522003754798520619442005206498646058566985174725192573769042202812125875674138460224776591541305330062186889841940816421859337824078705786471283793622225493165377700084274856613386335725011840828539337754659146200771524580144835767590680801622148476817586518805058518362317920640238171303545915731594050770305024
508 112905816112483105598879857285767912431509188086918919263511437795707322777429673800611094857100287735066700313852782295335531556718575667364423226895838596511699189763558604777018234862967786767010883113589415579223886259226967674459622985607071002815416973131351332128650720028658393477163716284106037732208261053753931033379372586931104730971504162008205581408149263535875701130193694342774784
509 6704501787399928046083504489424795123310826856462143939943168618911663161762110937630142518381014732713883016006317153288122009330727612357115438814597882497333589585465922066266065306291167339147411115269066353394971580645529199986405211728288348928628188487715064764644627368340687363623601343146135032754938943434098232606870852203202004501142350804095894309050159420253997166751572680482226176
510 -16489074134403644559466765735682719697181614686069232179269158633402741418577135498223811422415344037409809265932609694628815969669361478089063689379806182648456787348127570475314657424267976639151388175344764019674545159923481061716879631545667491530020262546944150656690622357828977426272328215791689352241281021106777516431569446509608712115522604822334654611431349885657208032473797147100184576
511 83677995305635438254545588840912155934265115107991391010941261104799839123130525402347760215302700306285680656547484720946393209288770384061410397036740623365195277169773183626680963277933477086210417952465633742112422960289391388524108475252417689834721308489639885552903538829229700095839141484277922698270820830965198453435211864512106058093342858416084247318247563501190439880788970372075618304
512 777062213844825990473990586155877088530934514659230082673562060087316829120770730654941460720457293190302875285472937044458845403976968708083274103212139407234417941561571994826605183376600440142431633304094902511100372363756789350045587977210615506032354305450641110335943518881281457924846203780133178824569830856314446300908222131875376147130196476088106224735194148054308741153801612369374216192
513 3206358785736877969265045207732714489292941032544048781657339446550253376885505340804670016112156379448968353307999486457021242844327057937663341020178207786228882958387176870129089234352362474927518374922684365122347176032597412894968135548443119407049797251516201799072213374317032242173587262522855020429377080225957561888725735630464638700324445643339663861542115632897307406818604955245041680384
514 -22145643897123132117474544431284312230184960187771159725386645775999789552287193310978662196895322546173848207337822310250749845931217772049236808343650994092727408324274700374282094247238326923635972389782500371123410325109548747617476924240609399314905580844396282927741790481605406899342450044021428613671210324599225331555546436708568173337573706811188236208755842839229547894526849190043116896256
515 308926216298250999076043905269405703760002000041970613556719394148393373106116919379668916370359440001045249001344932373751598721135800999904526578796767898893958896093991214732338051803385557378782746421315128775869795077354223896403716949607899556154080159165050743275906014968007848862755180884049080022381880738637078789205004310232016309826015464308685425721340170974281460389757334543572356038656
516 233083429096000914924282688493904778154266639516822757476715733582825604387563958486000949932425410611102973240945122964423327728594043789081338029481522997416929213895585915664516960189272137299023057065713027128524895622705930868919625739009168665816781347422160964958157466499762016892576522366147402608945277387773096161133544572769330220223392948416355560433515583118470553558176665011705562005504
517 34134548745259163554033437141037904359950753070749190665371996653856263364003250957921184798726578672416951066740429914498241997776332755796237442739122151932168659791880707132610235361254141306391561508266775242691270831647503979283523624097854586923008206683288930170140837764647124781350196425944775672037299679460167819255688199971033914116295979291676108763678158911973288192339078584542936694784
518 15648082461295527988487179027285801073680776590409348585405011845057493414060620855812293010960515025619540775216890828077265447525591780387255973962406400488826685210107200407856644373821632004286929021478190961778545626470443048252751052431316336226377877318696568636696542340173934395563530004547516937216953046965302644672509685899221860312985518915984042742270699665007143072048903309640368025239552
519 371340060267175314597700892263128875832453881783178997904535353072014724921094254114785880362413033266875307751571566750949969345407173279954955226516324906639301795298348184517373979909156342116814043493574318952920656884038956021852639063383892767747792891031910667692762701213808164976407613628262765935827225193251769379322877260942589247994742550652075341468200306891699960089307332091593902253932544
520 -1178368741940966753097152389816105452614053053876725814472504254046561614473677658123345639726212173586683736732410765734219497797691020452335748628102812232026634632974682569541186065339308082179601907159942777018166819809371697108273893893909597419575709756106128454240778447633431900044336853241187982265342450124610880726489616176665476142936706320442703199888995376961937849446135543195031017772548096
521 7011037217364278918696790673728362289116740220505540405290660829537923226839188248971818607982312503995401187143370939349193937263567425436619778488787672907401671785244444533339963916215732704468808871447344347283305736447045752538643173742578761639553471994178362154147918413261756826855125588187618797291571379646027481232555231383312312409511459594834527191400689153558697381656855695213904712681127936
522 45708734678855133900361149810339507154896684555926129843775342875412938945903384225774624082463054247651364412333912367928155856677530197948918180918478789959972155414283292165724208550528417524501846789121060026552346777419120847527772694107951483746854017336912440484324874194606767425832528895612945056226006058111177093187845952967875133038826321429676059799800914344019262147608211729627820034552233984
523 128736680551339459671185812998137809282849852809046944625135833496974455229915033659902232499260521126782483107233950771790929162070068833889601447444436957752811117901171788457689050351292585451520938580156317366159762159488479230618488728990737063594821312550423965981848867535454118499709644813045694981718746800065617918236560388870266568662995349782636142559568606073047049365065937252109950623640715264
524 -1032523252460394586406314892177339734086401577307626615695053687778780728612703271715522999532760060900134284285494740212428258828134128578912287909413567585051922218864675751155178538149848106867339348511493522471387221062525048009232304383538444834053705126953554190426144086765051233389161056353745298132772523892730215796988830801242550368928302608768116001732713194722407227383868192878397722901702770688
525 19798455037300823105908305854550205493346024211059049525540560560255734624644488386041114781950797060440373551055871079227922821367684246186152602611384040182436245888792297191693593419291074135989199629075165007788251054633824889371010038656080868080623098708784765543223060494670816290480771148674399241917511475960181980284396720305116977516031052355851363858157477587440474465418340241577217484217074581504
526 -1417218006014156696114416192268976163907614855253173798609837850923448071579402740534624837037554894548648358397044976938907495878567936122709839543188727025216269160489304582088576145093335127183389922057256536014157044033777929878984366085752212228915319359239488203820968097367501514085938292904640097433642513319193428140073830176783351758333966481845677403510046085394159009803623600407382282284340084736
527 23828261664295746075805133941125583777762041529239302768527660575628261344058223458336480734474406188885354603452137517407004906305766437848393375105191473101031485925362548003173604342070403865007829902456546214719920101828573889068047025885468027230816160220995609306395256221251166023928260734386458154922822465608663459828485949304071626894902263583070446121730397772218971273062929305874753039530528342016
528 1417514343525464158964991407028894960554802876084861826662940499013012916290509993613256798268560113021298340504235702023885843210461635061142076145018552303639402268636020830094071649567429913622341631306101971139710632962924026293188190981867948389752859728649217570206256949900086483261165273437113751836357171710853191648741659208310212976597782303946836272842158881142312671238496099593216856688529835556864
529 19784660961373971545156722827694753909554539334036623851448987839506403886069782979219271587800584633430525396542291633904641924244158460011015251510060330170248622838220273980237855508238072167438228045280761024348692220612876929549502497454460692912512291024257699561841839195472111761390043200755298236149221664083019226201440881136733948301185023464010244922698008792456845324816462756252543384142264343199744
530 -77544088701631645823875235408437524682644692208344149050126318089931934611501653690609506914238695185857658795754629023224783105127227518208924312073066338779126242211623027746881217691735112838021458014155505913149447916855969275295374956537470242777485890914781807219398414540216561100369879284873956536562000918546104049459997231756260702810674988460550833364211877617298679512650285391092176536717166041366528
531 545179847391120709100703157833609729626449988811490835627980552323615825093739511444751085639506267439293015781702427406898172201387658825091674027311265035979515701289348972733184179531973602322753174518284391390993139266054768647632788273086432102525493108231024868648382911009220209158098342426205056179463414315976103639196505643319790308328573939214207054919880984866483529478834136286205613449248525216907264
532 2505370378082370616118384319363053513349078236261291419451902926315323598731591654951351576641313023932426243268769755477631801086366461980459630792147671186114404223698606558023431332897777150874646894620000176539304103023984741340569102053597472482419503682898395233299002207181615339314243045578442143667553156901316090392990654644380563339727073487875746858792427236608288830783325036828352839787826631434829824
533 4453090320576227659411541608425183459085534353864741370452086729788806457363833989815000675573933482432753074255064356285519962336642753630352141849925950371990419425065332850743640059475576676826266014165472729905168205791089959691344834745195453124979946144115817459357643074814210687051261188843248198114250516775689572462865162002783402434690298119534969980200400071699906368007194488472611445409796153090768896
534 -39803602215298141514887216794995964758840860128618302320342855629106334272462989494245767331060180379344343823753107092648061956591635007306973415913575611364659026620858523289354096513786814210904416512374474222759345269097809334289063771328897024375870491616752910908403778358049795815518246999196112373998623596037950213907320247729197676182081330276167944052357331858045085875471432195532298236532844170739449856
535 1226540825523946373775107501720621774553509892035791296656308239717238044628687563122375103349389919564970502778801619078711258355801716391732890037118966582888562663567029706174997194665864955179854933050474493555424280400652020257530299382953640139844929565071788786996975683934301183192219438344441870992706733931446348188618606573450040065242855728580391667051704605890736589339253574712334476905804500290685108224
536 -1017958285938056393655741937374743326805317226992008749670466277274704664698215373139188672787771577773141157146151605910719344638799374317485170215463147620783362383145316794994537602663457591722895050734549672320414782449606902057189985067044090972166929242498157211484895272456584914082237155114678725249225969965980441170505954546282140222089732744821563062062975114593817515668789044779736579119184040778130259968
537 4111319480216084243076566455538592144923037572055704280658398300313799692301719856185605071022238129699827102198722408047590327994291064922672884807801734128722133274062311200874918029748876493688184979514727059161411405753595651851117663026588499628516376379954309102456942431226386109312755553315324383897170751775750619791242952467731385073497845782435389399052163163739856349544594000022799803667102416931676749824
538 108591132483557549448015381459300396628555519438241809788710452422705270440212095280337080137169202126926174395768516723072171595515523931249007079089930259092466391956770386702697014831021336353814246641172100242639339285928747412441265811396719638032476194715208576380445432009601290565516928797380170250658870498560088182772220495648840040769002437747921186967381708505280212172063162633075106945220872328853621571584
539 1008646386769724181934050957410761194247161061638569021359186525055161952361387686953206644510693420049164747389207000182577518819069818816971932660719766397660907460982863333912794890179337743289738119362951389863132781582786634707758846905066689969117086126552469323972473839106700943527206526568362247368023905505812930992807974681931263569497809757994197771692413918711764048839114359846602986895876641189262656536576
540 -4761829480503501682911019810883154859659417962359898008594861040323477899202990212110487967748523354313874826501624455231749338696985351034483615829795855192642880301022811089038112097485353796940725826153661238260545441957319310030592664791327157829890326605774068531220519919433938223018368659624665906113899890843454286478268630664353388555235842876594840741739759927782104381328786505417667382393906333567345991090176
541 40012711046006339031185524300049891972969923341930605391687033507370154941425531502427035582791279139623844343446708469879067129622778070377575541419044425510710566369050935357674712292163031558532042554394513656655435806859676832312961427288894954714795102250507093720450419277987735131177243582418068542081210209467842647481725140429026395146932930676116278551433609196095621907102035264863033475239995681967758538440704
542 125928343209505510158389175038203358110319452700192902995143471918288731864852576394870470336146021885080668267174971819876428579243060643032369311968018275004164852881302999819438946238176160714137382617645987428129961035046224715189308736744172187583769141572437522759291835603857267916118705217576590097524497721099565757910245554842893066256580041768005223227699861732954690379418185530924034813052504141577081944276992
543 117788899223036256813786487884358775512086738502988526463271858991754145315717546167963662585487221822196864531478463403742845300176352065700506800930141003611301894561294084651738250681826125687486553257673833240581697149252599076092886912038630722136460022490784284335403884668368247032139750576339221718459406369677878282167470152744457369088879905058802352392043562118004414866474211457357228700123598381278252377309184
544 -880656212999770387817112127234819356059283671992374748589094519164941627064668963217553932622090958373735647815693127932732857486318381069121915354793595070568058891227404818495187710996846479156512755893030331189610925185902758250953195688113645957153208646973308458058548978229623066270841709310722031137757613848458927167137605730200020142782829970941378899456463390639855383045311078710449021948437623625036184426643456
545 73512779789792090398492929207305220989092156527939341613283433458445064700884935680877001574190888749899061090842902630756408145347394636082486744021650587344752868394107263471526386232928041959319361271008433213434602895480408566668671250610023240151050043490981430571275963624146043575010168071387733929131806558702497248943941564814194890222503924054604964745272591170244822938421700734557348484784345494717459603501613056
546 -113886384871531999447514091724361668171654125067877016360716646532865465381227477067569109328808150694135349796579948314326811419465177253499123368442110360453586351425434017930262362508852901452757333542459501160238217691009352768831965164286082981507985123247373755844763476161740127508122706240578827022677322671031337300891972318185188285872689255758617550933537070930077377281188548040292403888603538444481871871890948096
547 481385458207216050775059508873761658477744064604479231942437304625023639556767517400629577728442944252290602333656071406244441708859414417190794476683626492332792180716426911566395192535512371703474070343186924829442777042698782289806981916058032324090730636973395037917306286312100036643142735568506966953995584945049793945189115365548766993269217864175119490912506011973104055633179974875599924789199319478058892011119837184
548 7518968004853494391671766453460579303065462642703230590371598702678230410024549692113820019091486320923940988177615399403123222792318548061532910932570679396857040002855021648864455573947675518341251210015099374195075949737453729747825390811815932124917725308330338088950634140843038634341882404739110065624463937125357658458560786844709770113917145964822609905973652526353585704173281848265116550206973313109031719842823012352
549 48797051166655963669317741230517168972883390279622174013385737850699255197351921176231362220437072836217928850314427654584751220797963731612897411466112551706055122822080428281682594060809222496715831337052363780756638206087447784699493393886130441398940097383368760822925171726230539574675978502918711818391431086948493229468661106801690384107029248886236667351549329837291805383010245841123751275493708972712311217214501945344
550 -273465453478290214649640658519019719021202161903412299857320753443387259827303972478804355378987870672141282001578849351207352876742968970910979126722983019076146328712518725098789490329596468744336563489818051451255523057749287677471995032546928654961043897537902545406422046781594958272618387377600003853580170297363415731723407938935743107888354898566897808724660497550420518477283425242627571371960319710057270365227419959296
551 2800468760448616052803774126874797405113391575890319489040191973753244855218321748130823437001187568652581250928310283461371952043747547889183925322964089843515297741469687295221687733492875183346188823366216770268070868040528109641164684970300418737853914940068698835575408450468259043925217601089616894036621766224289698697891478575132381351234394965173001921581455745513741271410687534559464571244447753971493973164687502606336
552 5569482860494123288773267553380193488414481481647701946888370274158699938937206057833533156480754485722484271410226006041164064358761424083268178527875448569937470564200940548603877034621214777912585987250242092313490860374220076185250015330514556643925086262526424379479612773236739593159550096603713570751184274137887755614216064829657751974111253149336174850439134188669301962119298538235552947761540489973902031536436893712384
553 1584021569135844850794467594490637496145836561708158554340246662023669564887493576113885637189175076060154096139239909603322510468127768026061336900470517984332485586009776444419447156862001744908908321285095681625844353276554598673576092467609099162935699913282249970067796727698146924884819970993395678715013069313364337566349791889612722370341788565584737029500283067192417267175271222215799584431398830491300278771498472177664
554 42520187520193214014631310451358720500267038854551031589338961109742692155702409093852587808246029190635982275073532420859541724168248037637610950671960872806187290416171597006214065528368995929555370996790637511271669701886752563629704703672004364769708060507641933595864657327689648704378624631561645032173581353661272473917437058399888957273077772179873768482568490259864082067878600973254367423414306905695708627294270219354112
555 4261332295371787301958516554311050417357572660292919011790658273024087354947093021530165597653783618155239107185868542552427508219685474981822541123887681540042072472524963785581409333478745181917851613259489245515475850066865110811106615114415421381905053942102271067167334961842195627524542726396831668730938019087890196425244721335242726686379485239649124594902528008314731842021915630401968239116808892080515247253504835194978304
556 -9599180288331203767069508134456819109000122176070279492170309697455265881581953960208003888060835448171954623151770719397482963962376695719621772609756390223785450114510028383338612306457758124229812215296589452269497658350647362299347483273979109837630563184662194277173998964465434840179979904565864909495255375087733789815400495289630228165740539323612613641192953363067803938707812560055521196010157661725136715999701346535079936
557 46572520109832692813014571245282798383043946483310240003971008863606686952843154424990383982427940894713359648814126469039611837696428087660078559958797717886927671597437493774216878177209322172177167469109693614088205352320696578241022026262706460392524880539363011507708371072145847188801168247615777322228674153108278576991702247857043010702248314469350096416494042904773016350864920284362389954435383725637454067617042317669564416
558 482447933120377005592930277184620968335660759504437514621754049459268360334799099586015263931919931266565225868003862268825079907371045503520475474075496561375166478033203199746908860236868236232165723244768343112483784933991020966299361767383912494165769891923178933581503346113378566329204177133184542970037339570568083103465429308533036688655561409377189959953396624955013170207666836501771526795823887306826017715009901201681547264
559 2210612960800634978508507174286855515856753536367752733921152327568585483724434787289080998950863539526167513707015198479408184212645949378734576144451528838168755195770096179925110883111063640947779838802515808611313899148199879574890688527293744317667069242680471592809796875210948650969073558620071123827829540442999696419837770294635674175058929570476289270848304514674076019255810302345869678486626071620624002476545667704914182144
560 -14576546601063872231082012980082736661532844192061418596965505401817003596218537244387281741260673410096799457003521434715066553517538350544516809245983525706983379421454382401020054624095366699999443870682647284157822991081058192572809920650422173323713904060375816497346684724401996161562179963140973483616240049838109662193304999382489278861911699961720690478404143438944863627064017766267250030536973359586479808104941522184703049728
561 188136674835932947615376896168802872790891480779254747538541032216636924563969947452722862612465775142321104457869749809446414662386154756292477518957407450047415752912877782299020168488153774352571248669943393468687271131426562554838712323141439665123438725857455495339113269647435516154340435408652515531758698799942571651453487931181442140484161458349475841102681967353887180208881032209857757361694790518955006255012878705480710488064
562 191034088335568245692155087653364478082822930437688422480275054402540406394338452622211995454829480043952236867264194843646423437029272657930405103373233896048853492070414067585129176082359301043082079433008475239059102226086895611753382705894091113689140847448605825929786008003573163084833464371287347393341050707477905380733883581560584067769447611303520478691030006639215294526448774804670102982682750187196350295223893284964085530624
563 1795333302152348102595078130392756958331297725009575277680421057076643474044310646032422079464255996165028486727831255757729284946537284707969738294618088265686128746957313095539134312768469696074435977725378085299893676047081751560172934135535222325156164025350304944430117945209352051631559794162605266764314407528193681338296064527041303683297483635409551365085969252680980552516494279082686990612224291090213661596033011115198775296
564 8193295448186956652721603913598815940708481968401046842771891954212573902616270921882045391203381857024126831709768868146526540885090433461591098993893551137514664174261691806954756932215474384786682808156236266881228871780185263316172225632878034260941332205125131928493286954624889892633911227438610180739548264971427420881425798632313397609948496917392868053314089525076486767193835636020830272545683463541082214771466188793386362732544
565 238560857514943100878312374402457744218087933199337098276021217769876977145224705388799175726437562282680766159446164337941532213844310093050664803478971531742427061936182464363969711987645133371989426481974913302318298619764596985898769377908542789327447541923361033179406834797091404849705578249324597430842191886716681551583696400026619529386479718379056166787327792546378840893743098771764827280080030685357633689923066680164283658010624
566 -706404723581366018969442812760294056275013508077702818729662419941596505233573806223781288016848390130313201555721453133571251063955001638526906557629749992980135319481911372779793800406804219699888612201928214855169413304698991458538028622279912001953841141780400538400626735831624653345443198561750572343184704555291300942790957845112067217986319931623363151369163902008706280669132407764018948728115118200907074009812272269743091160711168
567 4007780190823975277010645435856394733580072797612174429837675946862967992853399664243397707415666223703756946907891798854846843296563741293558273266469496378114982141877385789092478917935593126934949242209342971850123272959299661701702899102893738589524318793236475146513521697649474078179970512491396891824960319849207291389103578083128443657351416821389516383723035915797313767948503339228766516498872334234797051871768679047625298489114624
568 28940153619706201240361598842552401692242563821303601140628723544069908515289446033772621301943926960594270913224540922362091662594402889991284702931179957332668573121143884293855087838629781500510221363937497830011414527236023420420370398427465139707235137401860259171107797313377123286491270168697593256979888903693342915333965804298797600904740664165967179479578118487988424867188203850502065095555240850501553594205667066429384378898448384
569 91691976664824747045246676817893285634069760977937268906137215581891031565418805952568741059261204697212088265720176041289598945555094084680648229285343276818371693779321698959994088122889159211273451107811833380614461386394169242013847398451303567858078340308857184786389818683768017457509528143442222825033327614449500293754709387543170827075884988201623780440904743298899573913183173888180227155914179345286660227904658944932368978045566976
570 -705148080942096908875851649845593397833166067524298810801566022223605806073497325025246243639024396184393261924359288391168791726400879715981072465457921619727184720735500381333272153636049495297516754966800912028339653882327418613275457217463281869072989574756775415814824399911333353307816744111036480634106401503169677236845003673467426536155206561910283406681938218324068452815343815165947087799456294439711433358800650858458479074031435776
571 12182057572313952573121273317579807009735367806070291868526428306374896569233675493823685870846726492983217062394398817700697875231544143739120809237266067640850030268259812846312073940951415209771233114177511827152762069206549408559042123480758392806157335240929450773780344532925357571807251664925449723346678182669092738395749327708631023654830918088061220705092056482439925635397736942776567130340318405399366430226630869045387653699394863104
572 1981853441618190089539060291405317685510937068951266326632871531407323704300728141644472436466036845395847564225115114524181541956103118666235083066834386001583873596185547309827046764754574911999691390477853885892227390112449089478625567815948963607510678113568527399874461076897916005945051531585962054464022464990929506990500523342934195252147666707882406168655298665714834729783341459042360552929960346373826810002291929981192673093371297792
573 9364064335478156934360814412602978151734748228102606440396838068302246016996245144315739582918860855450846418365150163086288057013262779979905337860526629509559620967346677700852961024654923366969214358593389185626522237261898699423778117814380980367516317821029142006328647119339683724826531195568019352075780911906400830638420743904903189675406532962693984214592249213848651666942518139015751539223228646677758011687976549089558516513042857984
574 802888120170338948888916361881191253203170747650220344507388759042982997230411757300628675314077554112806203857363191341600587727873765466602305263490740803077734476686817844857606092286063950833598996570214164378763457585199185512001960756139271340297996514524943404503042601978804729554007614599089403851816638308615849307483095453609469856736878368594312549615095205667961969980818462748695234824017578196931716272877295433615399186715948089344
575 12861781028630546112103129454021030618517928623995199234615829549412588578224501263189786218212156624192026546682104678865184237430264997507429199679158012034458779118768164882005118192453437095857077689922009630043406555527083960329432830772002442475069458062498662530389078501829344399702255119895403761892847606463374640737590822257330451346022620373685158323625287386433231944640994396945749981246896630487683089122534462465652547372997417107456
576 -47530216789876155493821938403008001899799736309773180451729972011110939365676802080406442095248326781950165859248087903552972191136040507921169762410098849230405830875118268625561793775141510332633143849991291841327080322356888408636408538233269051892021643648581642162407687266472763998729213202484413438287104859910732202278742023654573029024048564694697101173022598588172296128725044444845832426742212987928655657044098885538088058785102294941696
577 317872583842813122002223325201657007745103766604345429362738171483153019901913635079949496125683318588709053750653885778762202719247172821729368325450304584409206356917056138462047889877712030934162932714813039420422232001187657062727132942504569031127299220581972186938270810417503167158069133741662680988100227417914306585899927124038810309285631610576020815378775658950023560752495539923359857516460687538167164154618343692213037555428409248579584
578 1621149136492305429893992945570424242237475944392612538815302600902506640067287279041145994126861789659012447918750226620252081008293868398868919073481535476113982647220507116096002955805185698347111756044514786079439057021567606460084337001106571248927008561496245308858887274757943854426842070818707285152123508907034862625111461616778216691015725257204808601388102134391969870113461761189057591565637145980781212504820562708167373945981859792945152
579 3339920449393799650599324860096406439078169690519990067751788722828712968452345021350851300579748769715992729093282099216642452152858130033504120703208407403024207503024482540613723050578534194943152947562119311067399101457438455902964771170498136979530866717617528932561989672966976908489747650951858599691293362521248646767333007772128882000919421659440348212950709718552778477264475293627661739982550778927186018869172173005331525146422482927878144
580 -29185190683889606554070372781645387103158194628520260308214901924140594425850952130097426715662428711497282129864490767729464576752148132070823456031477878059777071430195122362648080792507001716345703908904113794088691095433258584171937406511651298687852429275227929053617324689096153705550095655427808152498828600349643372852992187883253489081713674559141838557496431755679016943526201026067026302617772142568210168740799356000010816789491574160490496
581 762149107050736214235897904750070121332483796025848923276371852468689647665973247765929276995803393447853854680605431673509972696347245554681679520490847362193853225485038269615230814087489539518042069304424283460661201266377973220234258447691872918937878739830606994962148036622612634496523238148799916232478994417628535044754324777103375320667297702580582769560765688374390263805677517456166773737255888640969980020042731879084241787214572492985204736
582 -466638602596209870114673981687128140162909924735691273044597663017775317679550994351869312311316871554232333230288810706996680688628558048968005581469308805696205510706850370152127306343128568942497416935060790289986316555689137258640805988781643612089667056286369893278547725496910627826381967077087385017217665923937153082376891733882373442980414158025488988179180187853968002829579185041265165722470501207272681956762685333784310893780962138669449216
583 1992423854319100483849287264876519562842167591349754735601762959780867680509906018344151087741232157313247283125562172859712441692309037701094785088702516776496296680799033233022570664801286345262534524898557401954522983969207551764046580854414372962779921675544975285993634762922998451109027049560353911308955543072938212849140269953020022417346457966220222484421354373842494477985303772952858490330308625788901543982822770286045342547200599750097240064
584 63955768871708682820496946099491597534815976023760968649943982022681628165957689644310946512932252417137488301200553434569200210033983229905995511579076623084458593173116499310511041862304274085163887614303135733378177386800094811570716014210872125376478103492732110077086725424895610360670314125751332926602671157793618383830583812594109434656804115078075206108549466075182214117266390892093715368650980764375670568266786344067935428610914959877484838912
585 664726208477065181071222846795178034924176066392516786647979929234135624965415227340731375962002558736059186476100836968784601755167584960192081808508251221045145813994357146877388635494758832947007343322672574629746177710006238281896458828980622121296666376744300960530486081291768402457813856878738776288402748241025157838816997251070474901168421723476464030618752520781509533015633096408875093424843956447347145631134408450956494873081967563430485295104
586 -2976759427850998246279211501305011392298563394873158354531064421999134365580932531401390375968739469825414241000776693659607513589440449643273213414844066680547398875818445881671461355268344723419701054053136816853355667404632187560761612234347828899814565290645862782627858771550158006534546561710169392907435489799020079099752241818158572358678413695571177813398552576751461458899783266143768405868133153240412156006975595075219917083871110821423544795136
587 23698849744127597538337082538826804967651203325303495041056075895138696432162475634160357611449839103247423758306715045242582209035887896540175048801721762188690833418518106497396687030827661465402648776940729205952942000541835390195433923771077929013233886557043162952259674200133805910712010537179088182116932989740889287523098826145299997078174456877748949273035408690331957511954447042783473240026353822054161586860057924137377133996628174784178019106816
588 83811851501921448856271801928139527563598045186102652483412206930556134369451055979450874373489211177613012657687577593736337288804622914065129768224784430593196000293473986267179525641480965297130860678838797833329799481366479627607002330706188143901700034149587501167255695056144137338505880348795758529939325608244595004141688920694914224770773033810800490433638836264645692202410620307897575610843785510832211679916878222300271041217036417998498157297664
589 97584402568046931779011145546070982516346872438556342509659883797339883833719626193984151613299987756621004338164530449616012762599273703517076219190010258102899535644934710323687133876641946138361122447176763759948632280435131294160129157788046332020382085809259799480075518026332547290328532233398027371341948756331333152175749932792844153181490846220045816817956350822043135897049221389609168190211451445813703553278194772406865130568644331926925862764544
590 -835583465612707408773362802284518779142552370666135311598824097200265386896370574153047037659909473052591852493497750266383550561144060449965182434950017695229547073373837368315839519495159295087395631962107364024519826000119544067245081063831749804335525295699861899080613955215066914487556955556182944468565839282167297718655674162581686810316065743944581018119250691350264712600875624319940380202151422007029699890304809231330165767457079783350982754172928
591 46124949747116884680081449657109706323804287499056652777215328546900895472869002779524937524861075779595302423446504873197953314742952655341306279611200432582881732446155069516363316162306545442298259280516401395012583262019469908337671025084335087940338023078267986950535813672318435894977840248635419290209071399420083388100961979914703191821569675958096232952774884850180255463043595189064393727844265354970150698039884770618600458664711677845482378429988864
592 -61827485472178582826419938370935776090440133803885460168968070738785888476611816396797699079087087195241320664727226546564814294866723911430357963262119631115927380271407393576577652139630410500187440049897069606622309871844263129612950481020641845453813827698673135164248999300719054779400431420893058164561678988483626453122911088116034373925222170157900898587317893083365993188675128957118596700333066389644883143315204859146661986439682729858398577624088576
593 253455308568673288027913954582480393506418540519987375698160822359657827641870538456555483384158168793972877522106461610602378438990809660684576362485929270852012540715632377848328243255346665703480803888585903839851811978803768330000037639384103456289354851422713127315565459014033564719659301857965732128032400685507822706224999185951900617538587350204763306336170903444393758262750216847336454026736501863341815594105467332314401284461874484808348712038301696
594 4545255357876069440049794740533139798833395365400897133294287991343553696107957982323020109236119560009672998056297770952862682039779241383254922378373922275509426302291307269625676537085029434443761381817127041746627047319433664369474851995881891091832415134352716590406419646798993788822297973970824353246715351064771899218260774649203791045982062732994627320372350908658438686096542030717284147960639960741223947083486504876016966075246608271293193996357074944
595 32693755532765488858181908668066868443293395869414327201762511645024177807774294111833369927886935414202069772840758609147763509286941432543341702152874844644683477281969076339676969689902386043416507133095570017596187096753924453063457371258798283857999226183415513262616880032825173876368426941739605611427213355047698264856104430683931222571594056606976479228733070527195153316549112672333239754595646496967556343688355143500519004081165588302962991281968513024
596 -174405878869116445299748265341123062921459727052614683085497507837772495516356732959839308110725830355508936309666189569012310868080363328248531732801232605502285988096569225023793248903800636320607715077092512127628601055978120188712207888366634069434472526826271745889892797127011757179945727420888760400544123690552446472975310610157031749967907580523059565371687661448830239248883386591742210962164183760528772482938738775602876165787981245295934307195177402368
597 1680618366915620361850339989140158972702166269342091558441183927882678258928837099133568034638773524820417506227421611540602152142981753392430046719472539564706709592683684708612703820214376062594043621129643673898476647362440612179733259021515326674312761774095714385579068452529289634186872273143277337307633496603955077606598392935107136110823056561508837840632046667506070438501959879824405805573639395803742331321737697467237411842650025904561577095057767399424
598 3876078272863134942481368875371942344313664321386859568038463202134014158760063500660367192630635550135964227860344704709779372688946449549219397634496422639067798845638342379897545146550637486914917293482184033043573005808788701545044233561868577033315651488150097068667276776861162451763262561303582220622727831690992621099751430223425664802610071207330298653611942263513156860756351177327963558124204901468985023624370861114443077250607345416976341783651165405184
599 1752347521858765667114527923205171064563383065637015417018721154776038449479861620077718288074406525068738685568313040678611252276517979111504685928762612910909408888972585013204944289763650734440613099461800864251847902097081977815505882979132961748140347318122985505537806628807082502808246322672218492240403369938294174746060893410059633246966920937999745052467267100560736803383037644821146110907495792677869689379446437832086152413291921450120129330720985317376
600 8969635734039356329517094861266718264646604262524493468650830838248361298634769878971180524185085333125584697148078217692310014451149698653810858178597788943165905217406542356573522372489925404272230304909589866966578643255476478048544343858517440121399911430442746827933565572382140006466959304471229124232425728260383847389922458251675919012244236747388472119438442480947205864197203092531946152009307671382127814923837230772515184827212350552855722240484650778624
601 2700358131878777995357289364534138853144588730296960463662709748290255617238682945056312326533921666054337598094035733164059378786708042337061690375089504980112995045020350515641016562611163473620539702025814342662833933245166700495226495949358868702221193427799888834286826308056438198934228437603518352423436116449187182626956033363065440455153554610581462959101498397109973052790665761417528891785284932087655393535186110994929428132853041910144974243078695764885504
602 -5525697042736826839908811374712973501050718799218741634422294836907590582476589410078221991003668451631242382347299117494643427814138981740401747392308839921049157996122058096315335762789062005680977709427847539374599019550496839973095809952258652481975479368747319623357070374865466377847338000499831388884071110654107932399113511231653513048868329542553821493769629952446094819935274498998829755841490781901203748252919520927579078467111011291361259397079050808721408
603 25665458104977934975666135347348203133986130663744065577631161604927872187435665162505460860841756950984139062275053434045746536287888784496265826110629787624551116255903244661721538072328488632774146578520865018411978283948594215980269249665617439730973394845260423251827712332818872595960081376026377715369316514925956254091497796774292669221305617797486895548275233689367491821369912029008124628991417979594360515796473228371942154011188953844411949203560389918326784
604 297814386481947297231839282043724849187858253632017787992277034100455196375658345201233781536861562699618815643944841209570798178863092968007158981769832301108409834621076374499539517721440528994197941252796633737388859173168725522942451887685845936593292559435996099018994040010658863711069748769395844832502758452804586748133017123078424739696757923558398543784307055881673731116375796736013064114119421044356172254022200120863248714622149425999729510212758737879302144
605 1512706218833004028108821050302676372772650472849290813580953240867657450562070840936781682335987971373047361496079872423109108586885237626185463174544196301161723488420492404403191044416680817017366898656658807471535081977789596793917934566500464134301027415585057507396332601217881292564464387984600685411455933172736699426530605128861005992054935626952231524755486985975592497880520111997233702456076915214403361257091988352404156702424958985592947224999571443318521856
606 -9516302275602121060461180252820577897158330639605506969356219800993253602147207455807716065723493197864563548538811451462906815569209085872840238358678352324391241975806089679149537843826045264312537598738121078264295784360004724679645136012280158832584162066519255313192903034771251942129755882438385830626398313949332977506197848336168832511685088632120565795995754711003590055880928866514248226820115525139985588489459507646199442325464497222380660393300039473137975296
607 114212914459860298771692889035741961133330936421644898336922757554425085041600253582815606079852954828678807871591772190553109711062225595591552357448945465418594230756309961726122955268929338500489947901118240635103102714373693477932722563442522652091112296544317968045875469083953143027277332815876730497504624676345231707058527003687451791873885576186434670119487937752395646904777236185637403658886536432501522387009264151959142615805948390415841577211651681481322921984
608 146945482553115082173362384629284957693402219110813337045957272661432267217390402144433118808743033821709573643620927074319027232069140322341775307712285067929410404976226040680970904287271609225021573665710343059144602435733596304326709970246832560799805918696027353210186294093376221389719935011412591612154730626327902314766689315315816158007366694467067171831300319393551887602508983954924969610027699734353593714196961071548398436075706188357667536789066886204151037952
609 2337801708407459029172586268965531148946524266234542629790658175726468349684327640025471608285255120133934934846957352414714358360598308480264719710455399875613176571977079585118526903981383893415791777899006976472463552440251873741903731428928402962788518235352351645123837797808989937981259711264562234426609677851204436824416825332287251991077031636461894134521177865643358796264372550663255280868247560294456589921203517469473647173034491874974359807971361592331730944
610 4104180726205904292649396068415511323886672238723190157712053593047049704208918342638545367888037290416738234863527724934061707981823117240061531680959180808364066921976033946043430405511344545947840602684825706118429600129484730142524337938092462442239942591231423106127569863834474119175847263001042906211147299803973009221097809785989102086731339977072491649057680219421747006681180709526667403797318535457620074687309701902764164833562441852175953809529105529754357858304
611 152763363722803901870480583303276570241100124199516148148421526681592957876382473181573213116396277166626960666810239357922523275027308109343621372840565649730876953688850124470941438623854156241246716676972226439136725468056005694653757326184683396096293818248738333025211154826911552766767704919015484292071685591518746188789863019040458640674691150832587038622332892442089242176627868947988601150571665836438410209659129927630961545545161037693730994125809788694174824923136
612 -420275466056367786885043830310821939308302921336112733643435626579851001749437388366943862577861060096272948594490274084624914939743700423198386572928835573304903632479846849700970394664939300128707033221110844147283462363961885698388779045973072895561985255739011143703545349519746133594924482502849121477176779680743449916319106700664687457634502274745378587040595306221661078706997762939076135227245736841348981636088604855281517603833611963833390541012260594186823785250816
613 2275133679813217432583496026899700716241927183169630284532486916713920667385024683429198994491659300840795679873870745457734015516792665983152829930518214527862834843521218582176449167920950688657184045815215391311696024638455910362448128082909497384170266675726386149828631952257109258500643648469345537058929216037241073943238955617471824809607757888680807760425026622997249676790039700753804225899802065309434833039864896253764547998103692183516866282932364457655584595902464
614 18216407877993744102288837192739525925507836373437058639637573631882679681313735576489301507577323037011192368908323417224451263081204463755989903025491693777434772687990483589182056295693898275659192439302673157118389130614053388845060084606724250826328208723148699701857209029576305022863872967310199196272252761575684175363327213754580621323128310775455251697094583584042436286933064525041702617404436441162467354826208498229782628190385345334249834159536872507900484189683712
615 64596020760661919103541175625329972070038794796424459797149273824315210430617759012521761957328290406040466950946177070783797360787480593744806020597653984385571318151689880600672142441988134167485162272305351279438821103733858284323044973688330181074558076731352476099934290206528709056606328225392997364722437206278501571268402252762396919122518160813877278732319370172858717379369782193199453148799747054220056856816639294130057115312947200722067793843136470553146011265531904
616 -475441837158597017925158078710588218484878250860873181017811551337943163886298336959841638523422156187857031280406716150895380970639614221870325570911763948533192162833585563781737521073096970470110461546390042783750424090692385910211507094395455573626046797058568741064208932678682092141354756845678693556825048181994802728796761686195079849000870455355483446232685163843103674063982512633292675320137965758709891669896844008422980364093218233589916571782175130376303488937230336
617 7473503332103417015058435721458856735462179070606270016933159852404119714585363260578067868046013595970711027360961922797125789876015194782509915909269465726193609875608471174469844312497861326075076080821664252900007779102632091464267454556400823023380114856109084171502180841098929890874650903091655274518876854379142163997943852005683413819785612796817816886823195194878961102694182794316106154952934187203262409394226305323659474121330747732329501108782354499764521315352969216
618 3016278271001540647242519406002514635695026108234470140027151448004864310650105562620997003491430090553488441597588955727252497402577411396975317650021545982303295715045124840197356220874138181071872445261577984264591435802960419028646527635830883052137262130079134685988757327675305850284287017723988680813363119189622261541746585400987986309274454734917066789595788850294808319717769083010343225771576454741196241659457050765888614254480813527847542949042020530833967870654808064
619 3187705270973713987996522652092881798167705499262481270431989691629239875853232907527019535358953512963078897657322535097856530198160755956040449883179371245707574016373264713111468686794105409077374061181257160234285338167535089297623153763806779861927480147082371568313724491229762267869568323435637989244019204371197397250129295164022963689560371903927069821196084749438735379578679571150973131658299294050184319331390784916090391998232892387461702687903564939353656710548946944
620 447261037781455458985423783272781511557480751054561314757563289445701939000236733193178931330835029348467359809942122610834273883404604993313324151500439502290032482989799899610079878941781935589238301229473128328923429216571548674029907646729980972499669969703473546003844366401754863799275691879456220724096927769246417690182794362853496250985758644985350806100195796724153095682726267724168086571690522157781030071256714992026420153613885273173069471883345819240987120905981263872
621 8330960238304428468776960356383914390469144830873244383079031819445631854835299053953883800167059436023874387810090971126462287771668419706044000154014572193438463049795877020661018009035976434310695027944651588176817531606351296181696090497735189907809714721434874297033829959642437725817382133441214722917200981361688179442615563045693989335034641086562545078623871380108973604400114578490490655043347627467036221088852247041644958299434345116416801734110599111170962514447815409664
622 -28955714754979502382010037013455023615079675895327306927898732485573612730615793867974832271051655040871493169667234152829238574104398204796026164158452535721306890294127276171060246882992671475666491557909500254026622536928643428806800728032915758895551410023977077129256714015165468754727874720219837690883546557547549841608340058999476220312022177455632163700927106966534644940586899724134817668614632326180328013181032377346071172676184709629782306087425824485456101131103582027776
623 184359714491629528950384666202213006935021278060210232763163902262827025017603054899872112513672068142465422742664492272763911798764672277940251757498473896349429254652260041296284953517672445237680558391973040775135097753166002200017229220538673882323216130003827252694115031763148347305166159058693633381864392717826755340655850190781382102331708196687908653370406748429689226592594150173031136319411120380530819260838578925487342340854848146390201594984428116073928889031747065348096
624 1041869721314085858547452849631956483465966796771617724036526996070492599970177650388230712174130484253189919187680121654796141196953931397243397092528772405425303758516346795684710302339040214113670688849534839911206097803327304931638080459681227157791306680607014603617393685992591946780899687656535648631048988833719433803590141809712537196195698733614386522546064237571437704668053141581027949245508493549614153765789110501713745150782748425235511105335029989449222354647648875577344
625 2459822658869147518335683893408203715612671184798121626706899775796968250777162655382934709288548766188686513419075693953300205493233204859431668190670630797126840876115741667405162579203519909916003216479161062052497484430797406376746506609600028208396760513098839567873302065542404004854914534602015058889265812223022968151668233972444685668490906360116480758778776955154490101185822367124150347673637496028855093569927407821282636487565319383245478549477897764374999437254857456615424
626 -20818098071135372991572351609951852468950880658866402767488754478644183499451879568845537258468362185209180326621351350601890714990120084829980328432256768409003280655726470640649696970627749757901785516523238705809038669126807192438118762211489897307678546722918525843057345051930701513603056871361086675953667036106663698276639224880580901462578387099906361106178066675371611618410353886058841459223912144048687505801572227055461488655498528132990753209457810876005344794358094724333568
627 472231822134921725116821144184877200482690317736611024992275322681351492816326659081521629404667238785931257544004524906200236883520861732733536772771192469686117177878588834661182371178236278892009724936423032615024919448289499531130687704858177651443550453384044325784707152155696304498357124648052428969581975498785728182313519167373600166724387988947626718439392662876650713609843086556151743198205683660507129927526719107900220930082593083487577879105894400416521238431838013671604224
628 -184449666839474385149447202965711864310643651719498015371968736103284133592044979047796916503444825220420036976437762030909918951805570340348544239710910006527009954316503091331001521476242131048817223823695784999616937282010984414868301591903436147267534841583253479076930894138279878266274810406649346772434135506527219105961027192074917724365235881169488711273727518071773014618817053869717100505639927573573442955574642495115170350706524383657740212784561457269892863139299638185558016
629 927922711008819013574416505886812717147669647499595691181636408921244963454312059653713684032294347192095902263398553000444479167875222643700451639707802888287953178287401794027540424782334362308551949472429502782002920596097140612647577175200835934846630263208842274871265366018054085398228288994812422072896981467787070596570091613784333713213870425002397909182563404913799156561003043679294082479350556404678972253498089820856523924318963404166432589099676565564801072851928176211787776
630 37309436443202008965446811052577465201156385830182746847495675026106773296444154747900443611167907604374619773981786024111005827928307568999172983072015732223580809171545679064818092476603123024974478563541081322707062602980957248632426804972683331157733347681564604320910449259045862344540951088056331751292264067159760422900341958201428240859954799026970011824935515423300897476113573653036416159470026082807211813031017585990327628937091457945189468075392764502416927189288870501127553024
631 436213943689166208428092561426228482560208422618309186786442620091731526266928254195167501287281056217327945356495682449540455360269804400615781354705031470878995192422891968309955764048002858473117009032827731938299206224449780642074628616371370106433382979671474527946260623401686658781363456493093115004178668464847342481418565092451684700326393670679837805374294066792600420828792689807387732074182312122193817348347809100580791279136935293172428468378691235083279243958447435815168507904
632 -1850281672595353698911337843900775475118163433861764395537686319472123067465582373036480038436938332359314339421516677758157071402445204702861973717367541636061520412812370021264835206856565087559303677482790816712091955049447370121746582215363413297974342315475721333087282719703357569061201106644137024655292148144487307721093658418350888117380123043514663292385638000283832431716373222754885942675012114501852679459312248141789086445961466043710178896453203163513566771971644416974659780608
633 13976273371669933528262135958803566170862553158152849143961523267609801097187076205154796968261785498428158894472808423193189169833023397293564589756901744527662905491012530595452838534575015399385422949597347612923660620119589218524047048796580336250172204149166847942793395486475432548534805245793936769813729106231206775275178714385873715645679159304745442562633868394858942670328907441665152828556970535032113166954249049357593579356704410690747695624142551571374286793560273936431483715584
634 55262744034950003519815852134303031705918476260341966235756039056604513585880988336763907232394938356852095780524539267208932445541844853937342342111249942657684414431169521122826523734289997462954081720687044341648796349305732132590183464815753547506140751071332667452987890063664586268902189361950667431021586065052239724302401693598598734418785470897868009048479300027296653047073709019938417447127524608785603540033287104496724233871371568950804467575670354361627401593093711181119638994944
635 77841734027628459400311901549468318157340676195866768174778649408480281983371202372628327203817375570507369183221845788594082082790177610236559051951795020035581172210408623376260305481706342120803587266274685618899344342543565884236476988541949953004796043940396446441833496036644074760225322810490275770967140737427024646871366773180460545045126595343486245467636038413151663038662745833917255234428433586953987281184648443948180114057530753853983663626841167675466678633856236047628821856256
636 -696748618273621803320593873825564759778294860294303452585496717133981265373940591403500675199844469246045979819088584589128652412774326525582053220521662828494596753140661635319058901034131504448571010340777584673461421817037207747266703478571215026169134419138094529686203438829665421555205970058435792183950195647669873754397113531338778127327346905885604879783053953160765739131708008426219195332325677697592725662595404260057901062830747868596658334434188544337551952737996661743540708048896
637 28858079903811521572763586405251317362203308915632549438864990647509277239817075447988622213131523006333779638908647709292974045912721287961765218471051303964536068207003297234670133762683505610063179951820207230240336525243161885289218208088121486725783982408144517165835310474958522691843846746903581332481502097633845996073765911847645665742414685891785506383286728456310970696051710176974046959525500067857116476787881728055201172775089413658511490197522032041925629324811596078670593742864384
638 -32602593645972383575728087431825102543285833056922194896752010457856498746361087765849985961992549832701741261690842153311571914306868645270200695026966807288661582926918647797315876301728472462868513330926864725063000446946145209989942375601228556102486885916713843356644912948048040197405703089815660628302764584038189752449674237148812384676414543554043066458978151458373580957631878417971914072867033941920949550777797448864512147578775672718829723249754220769766203111321636633092772486709248
639 130961460852294478007551056304530025096982388695152413969209644197523138222045984176222158675339914498753894414270124574429692089084041744263567647682274127817537598440108891598952379362290372599441276931727479269367107314067684310323838378641026399735807860257723555740382567464211060974925171033243285837895644558593721131510803938124342354749004287333803337273209142361788612693668479059268854947432488107922813224112755965366552265086034854792162920900879886001862146760492709159028181113503744
640 2728731453457067337344262556660137671096676790129060188768916331045603649720847921346536088930581222774173100500225966212958760728140171312285579895306216233894046035977741756023189408637028887685984775933552174340334027703864352999894420741897093815654463818538945738445434781813936637390266310225409781855354270265518782522880416416948549994895456029054155645901614404965272931542078770326807265231247979043653347302280301057447720041840086909955733703412944716568374704982455325072824016887087104
641 21790372256491439374019713164382341850795621233946747252561073049058272884443541456924712053969201749202835268341222296314992964930137019030396503473374404752895292310889020909226249534440807685244876194171311352621067961539435481096697412628040159455240074354792717849783955783771581070642138898151947148999011537369889956467325865937325599429183914527755192119040288649512130638015710815863180172127203284131592829395970682693260090497811835590096476334372166869215783536995691542500434185117761536
642 -110556000028415561777135101861322376685315460605456205984868708985171782009083513850864439173370203892172236952861322677233893399834147829217812373382199126851961166541466970791977231196633517398537554175397705079377056972174199575847122242767045044967826969690119820362732540600910191598017122168221851609619456233955557902106525508004257949173512289180992902039654722388003123245265496708609606214514210837715036831119671365488664579080951595113917766059443434010211984246744657127589911802901692416
643 1004887382676053587183900384575020243904872475949327019626294486491244040731907751569742871142725040838554921444371911292062516091641694086405956669849118914740116022925043819547490483283794552309807919339541146555616098957084984001552980096620131903383157655524097196026608578418465177199769859004429713471561595201994398878158883899866770687713704381292379146274530412367889837174115678622311107063229056921014195274457180545342181737900280067299939863016778107485107236706050746390946828366448164864
644 2654700037910912190321401430802514672636372673898285530508132138134517462470457869583297822454698153246316931111941217713103476487042616415475381365086294864583141663694997048544671473417887535877066764212387866500042290537546974759575676313455888933110125193820236263287738796420108847431173703368292612854150414837398900368312408771873124360332177180481416797132172184893181182456333729338595732273098426071467324438946326296912971254308536691076764019705655951899257500160438697850655135076829888512
645 1701458288677415771536487869799034105400208096416148655465528025176715199048972255316756291159983493508804662110428759650136327025169823594127361274111374834737324198160939110133812210648510111179684689539198515566438712011835745541031538553662004446183551953153163147935565663556466087713051606307806421900915595392181444205065014014668334737907874863982083904037245326322546829724794773964515279094415391317709705460160022952445492880272962464053818937963849957436099731773430821304994863987455688704
646 -5382626086184514594831388112667021483468032793632746752065552890750348414573406745944364888775312337538529051360434002238668837089330932600336520541502444016514261329178640572099110880564663460611068584578294741129702434164867936238367446927439401975863258135537943554011999980746487145115537058608866633765607951687935379495437832851376662049729995328392539596009122139166098491690605108603311353283094614323482435449900182953817095752364787432661360290478042829123688425203491442280161867741880385536
647 1706141357752074862775942256895456434894224525046211920837110893947024185042592006238159106989549436344390932477467268394154596817259096030211920842862894350069219810599650927412376802030232198802252951848942357676603363822448375376345029382067096561055883382011495762179967104237812492261452898789210511445203918925121924117112651728782571367363714373457817550742860697610067713218128396953686225614403409581219621536704377705334203775948651400466421522469271055690686812494958905582282076484947847151616
648 -3139064188306209381345978520010705812662529148928744229422868289140315120145602621207069544129871315705069115844891514030816650650204698648837249098827701279574952961714712302876344020237961092702458685682870169480791472223428274859061499474302225546662379795600901358196237481238657786144331044283210694768104892334744593625588363128670476096205621887513933951706784311828261296928734627141034633242082261786506636087680028635385453383451435455406449993271759715230511168396533031646759990466026233921536
649 13986248538940198263639482471078320357629389566387190042877357860922233206851307956302805785879178893802139122078779232307474969884575231678889597648582794965741330376273702055856524739151001936570712224195007511374593309141311242839097959505203586064379093342172641000731715027696317045356801722468083106593758635924182831544774662747093826869989974046487990844634093602187147696234825399983273499801925769831196851922301877942561510518298971784736313434859350238365418792735195703309969996637016732729344
650 182763477952842856270276276114615985351676202840557716638357580738270098273440881930339791367125598468933804137877047252627047249279236012984922080156138439101599848538639407142515712834537625036289631283854199475428416799189652237472368181778886095573812051097307650904988850924412283364152274507816890064374101876133261494859035766580930815403964899646377032612007743754741896273240163340647830975411497280207604857253152240689732345568345150015490322559678087559452925629269574681413649246690946079260672
651 1028080044719223446162695153596505961192805975651920613814572361966057573420468934909477022835252206165065479257625012807878570784421367797782397221494568337024516253895671401742183945178764032153407249722479193241930320316960813958148829427743892282113793968131138108585023766096189135309450188422766922528880766926221746194257129283649940672633904677613816926268939548180410544479995962781077037307760983999173254485930340419858693424139064909363992203850329538944124798227287686351849535510620847906750464
652 -6166527577314352592911083300484620446483229582059579610415987218617277107603988391014666187366720289106523457586135243963176266716971927278262561656663051731360452479781539655453138068505709425889832895250835430976885592753057481081108914860921937043659030646350460290457051876081787377549474339046704783185485764597633650373343484313775188641939548413979055424860441182136119550481809070301497649941305236416313271636543208367165463766874268050660698872061772312390621360997189373144963410170722981276286976
653 69110229240933278624240886244960686860061980415316427933156496288535216817870735673396031004832383182320133928412933665301487431734507195238719944721699444431672952276340951114724870984135954218580681528435076183110707318742679217239927633138591193476700362914869885629094904713336945205418239917631087008157324920711465206435103050562988391609436145569242950530216665137661854679594153520637600715967772351716379306081929989941543030461054241237891664148418451767045289489988389878193140247847961846135914496
654 108464076902719403476742610982596427987288497713973657419983859605769470663443966915100936880741560574227103462134920422533217701084538054754244436890775479880511935161689549048675368002758965802799279990171741614550365022421429640777910068626192094581245297973515060692729354262541773902829215224484778334958366785998777523569924768082524227185076201241122469527022670293477197256862056247404279452579792764164487316646334364627372851088383696416923678798116448016823804600309236109005861545849020832750239744
655 10555459211969198940686479860900669463137493772415021923848183204044829004177543676166543090712895261677069376938859778180374525027982918839200172934379195945820167313490230077917039075820165131482738763525765922668709684655219050969558923878557085007595377729428464129457913654716641382606278475241329478886056690329027319716078738096599038553940685610032877156551443040302061349246036651243060948991110162321477431518161720755548490900798737572898543420666077420041044117732627343098820773784426252362317824
656 1917831433647114365715177742402668131354109666366690359580023297404900774301906807509354913505742102525336607152075732514416250404461486686390591441151888170534478044742260646741446328628897330996463752795465188131223286952362435597554189816688073112032367031153353137639495392699657102745682690833381812250721010902601669563937368658031287757589387475013997537105862235613687891040149405256101304979463191602330710308765273624713561380919564394308539725497535827916112226235040205491544333013711817100054495232
657 97514358435652665734806413585352263275393431623595535831528401783552841674288777438458371439066584916874250041162287641017846058866248858168429881506986596404103952634452125120726900473321898418897804568254728773281836100509748391424748503163033555917373525121244127964502041951492068017246715162242169593803013870815476192678213245501391293210122667736404509350628613598215728505581561441348141549147870359454790913044192320971727212510575291351110447581288938692848874136529322459868976491758370284107961729024
658 -247968003950162751385908377407994386027356034353844520152780386703751677340730162342494689353762620245617176087443097888410360163255404573399373910914950759475074238475116251784604271334793870216229837023808627667805777138390469207911206078674077048851106459918263294365588985115434936731824893617601654208146419965200109166127115144284703512856864455409278582584949665894712969543141591590977619249393350152087695339664504659541034652342040876637611312350220922993105935431163021504798079212188192756847362441216
659 1281719617384547556033748782437689022648642121301231360803952147073754519251809326255637704805441256005250657692184059308239146095700338239253344235308630372403044729181633878450165839303999630538811757935310890397897909626015231447749176013646000705706930301696475318794220733107003136954535618854326360801325834901441496488067479708468511842486236746589732584477933495687454405990970744220800071904508578969455038394367755630222082292428015943225351482145712087528717095479079360646630772525551889112858860978176
660 11400698683202453859643998780693827719297011796204062422539991461973342527585617868647578635907264968881725618027723332412296708618120569364802732503504395461591473808620540301760924752845405791137453849710360265579058139859604559108597310403320571982468014083047998818092197137525600851823789275265629806979265087921434349548255618299134847786148563335301459816667983832748586787627895499882839386712643312200290338461052466316669164981482533636682366007367565254634650938944517097951650980296768279421781670887424
661 45068421230972603154162310537090030739782571252409953845500467178250871162470640708332499574459416861373252224643625357178849794309397984157564353247284137728942137039351052692435348929833239875204642790188245043692995118893988112912871143156942105504484701996710480180981043962408685853673801068268694359678561149902304027595637312196266419004336242466238288959509996003454569378509732439355056728932424315151619540549374711738772817550521556808493647057448390616386282423076458419492666205576675013530771525730304
662 -317072593139926490343926674598093627989179240064844997544236140702445007711208310248391286208330482419056774400226251751708788911035747557303364431650469961569426320218999594585764650509449868503463546800924193414950968660783807216628526304624348175707174816596618704315359714991829969697687137286463525337081084648700982095401573397758575723361823212566456706703312327634372851579250645291532011108694243686110605793613740074968292329527736907531868235606697338060475160262105681615074144237623125834745591845879808
663 4571099607071232949784180944851530676888126848119160822624625315941527211767507100906122933831819952978000438965967707737683815025179990575817385336066497755381223478336753688268046694185521429115947579846151565858863937658234025334435050030260771982900274965344018660224025317877682466946452366819311757151856793287758654165090556328284912322514848794129530469896840792864228813899717617659413809309640730045697961671947126746241347726431141136229789168348561614346507731997320039963367799306342383865984011819024384
664 2980759722405503257161271357714042443185110155750854962865394944619468516076704616142650115530691615796462965448740659289355644648917605312204066847884621329665323876291757065720661948841546730879818431627127927046794895745845695526455358776260036550323243477780440973412656549309299599106848787297701189031413186381076080327948828958801477777413561821170883652983783300282711211672283568477632776907291913810617645796845447851821132637551903228644274848426686361380101357805824011498812406842283356615124097899167744
665 827181613569066049623827883087027635575961150782200685937021423383173851841135217659973772377048320809707507710595573500301151640161717967702656259274082712050323986295994406163454744336910890247192590242370016686002603950357573034751778560450685230686026286701924999489007819220942833466903266034675485478086315336140276714324071493920463755862980341991522114312846439996586440447386045513012813415283166394101107084229264210730945543274210024641641265381952112607793511340575913096569004840507270872018279943110656
666 244003536254636549084697774247142965055610126401991238896867921451678493093430511577926700456277574730495653557563745350010674328362942936781732559937470275732718373931485078902793917925120412651218924482878590751155941222608455203269069999322593188898396927553513146281597423868090863178218997834585462251097947267376212297275304701802231381941763421500558407320400911798315387793060956463078050890059392643804756943900062057456923431365040451357221841834385313889090131662562818729202596148791703111383337549906837504
667 5377360345772164175612730483049834008843227751982590585186659595678708760392012621187170137057347952812196621694257822765662739788625631204089786781887685459514998770384505481847988164597136850776086219703404487843202363302039256176161116505709032997491715705672179098695369659597652166721112501430355159484938113870305322176080773564315733642159743253438245105734366815599489406122599040495067213179706851152734471545988972523963336027802071172049694973015637432675448089542314154531543269891141720397359799215308406784
668 -17527262630497178970024083037437405049482069840364617410098155449520826810067517830884769775279320518979972602445137634039602677853322020944393493991356804684278488683837281575730437289505387671688504458429958875517378893352689512785354064936098225947529151490200187693312258624517940618422739907074606627046196536522942488752438745631531672588266727724268736024209434217872055446738693066679382928715176308351626857811115175633547900054709531860327403346286563102137658732819865767737806263599934604410667733672104296448
669 106317587113841888548605292577818994981642583214758940130515982251829603557710176232847849975821907460880645452062661729816338107223201453160286107108442149637442620467722586415311910687899526622289904556208464111861030484186039015065200644661190411050454853596072338637136817668787188683527601949259672501522490417269582324439162856241768930380279266116376367411124917156681213655975362312385635649215464757761147465947230765225095879759487328628685125689232747546519314281385895351329552330099041088732007232681273196544
670 665298124321833054707580334672197400058925187243437929355155878971790974314695055524554103624306212212156098726325093532603916030227659126816910265837019584969992353679683105982883570581345654818576523542267043415475118203250054772543112917299419880249310065341857473244536221639958915952701613602555212037164066386765208232867774861830081793946411358294325521468488734510218362437559812157896290054532900401320139038127969409014509636014641359219375080374684166919448078403231069920270586152762290614644587620958579195904
671 1783940692041798781080309409952808948099704360583180773927152935381443595559545567312949235488875943262866372058357944872180461034269810517240059471222982141115366621227018133638275409303730914608357004552629964508387229383655367073041369971403082707307825478594887191094088950348138095206880800824776084249171228769551146228378403721092302771742973030983965583671625927602488836254277306248190806327783089086029051446289245463767547340094746214211758281664264358361765552907854194037553631209479924141263795650422359719936
672 -14541362592898307118473287125124177459171047972519979880401519759841303015775420000548368174199148491282697035905306864110494227194843571957813006674074677887494650471809137012894833225356374247331983540241727728596083573596917458692595455211584212465963583327844575251161341234462448251875419442174401685429317006325118195617434777924019532786605356933829947314859942386210044437530003266425711967438973926850219378411961019283734461145916362825300689764194927567118686672846393880546955906929173027103871523934633266774016
673 291755973173476275910777175874146552941378206699462567757897238609674278575210156395500077187361880592982582866085250526978915004093426285388617899789370557715783136943279387307358803316657057785690669855899534655184646823160784285541090116418356085341144472981115528025587896552752073438542482253706092837042041165776041460475853753488942443247546592216526436515720039949370474839272695573291697438991875691249424651005882743764751492338069384931568693523979871125164301290126969966029887853522819207920988086711498534027264
674 -47910063918790440266520034728213892762788356206376683141796912596328133828421271929113500541948535515123269938620136828066998452263806198717187330776595420421409663947557632631706446853467010794284096257241335465075073069984693298430528848971332266709145178323751071259883834115489652969677802467145060416122877683041090915220288657186692168904649132054968826191004626297480509217397333636793721734092099016498615002344031274193674664103658883331471477370674736568958255931189409306041148865946239118762580216422855698546688
675 409671179183976756286007788193814413667739368098431912798959009222515800887195662875071194276699981784459524771748255434702702593411424863286793436744612920771924128959930301865174733420185416893761433134364982945334106963200014868649985328355597660408766534344359248530241478350553034996768328064376204149595774306685629003948957830223580346526318177903582287862614003748501169650812253079527648625963034055056520192444600440959677604165470380101025316475515985047590299403455953898072450913470022259170700582051610575765504
676 21528569499848470680466502058940911981801826119942988180940996714148704202836535548741041184111214433549278475096005358258952431771290416385488147173090126085792008192527868996087264883856013629022160058558793922304728403300747851177713325496607746291600933979016629516058592950330753500732500535218147967619275990447654272772531636991984075950100893981321865986754744405187126107213134916948171126910067754121806754553167232346565642834912503688152096667154411374847480260155533390327159191873197633777321987138964632857739264
677 285102414029125547460122326696267484126977328109013292718052078967671796950833557335811591220335550400130562622901163546687216341093930707706421233802833997915803921099930310867022221216064242819789558037967868916929578147535589194376403334639886655029602595388839051995504270018413163145787451304661615746407687002697215549894858349918849430326147332571415286805849527966798437635539657751495059443583937620996226769153414603048966211099561028918972747397083105412893024577291144574596172453976524725254501060657352348077654016
678 -1143508449152761947520714150292925865960328553073343156780927017267486173917212022309367209607862706251159836764924602733326506185058370484049861461006579395938205534305525971890195278373843517235848774529907688886327495886141717151185980839543187174674600151717349864546471756204847605792317597974796287887384205987847385449136277571837155202305224787810784896514723691008944322058188610955812919739580433905438973211939500480052673634076758293738930378688252578398088994881888395397691585814632741593613727319297998454716891136
679 8205081652811661444216698991158378269334167394620730684166662471859738578827114787342271036726068879828394991577708921565969877476360508518529423330972314085427284988078186694214613711283200331816900963894234098254343876244181778444105023215233118732578696528358083694593517365609335660630562222142030019464588690077316332264907515362164087875133536243116530933221525707240780963538898551854856153852619584350649315672822285549599889279532883318660552244975514268192070165016829306049779163272128574486274503379541788256574111744
680 36135447080751051059275405748016426565363232320661104097232381225442505092487723178156174363432177644185085955111354808762681994787676367471199603080043642765353067303593336206921840299457843301994811937782633654327411758946166945340098457170814842587862798059366040561790481883842809387420464792945872355658933851699293647638430542481269328897761829517610815885990377947378366600310339361160693724941056489362720945967707293761800650394251859669534983925910027248490649296224178868406730492951769395866959434548589749280515817472
681 60285723580744784828234074764115628468822376304075396397212478953814619434250866382038246584293933041661848844685345927856887508258623377599543456303350857222368015591140598103785317412354419004505795933769116299399926835817048544780643652115814781413771349539172868644319673514994166653164943610687299128925301286448393257434390281225201196979687255497357923058299264950169326398038879023657761696620974716977013966432708081376672604700970460502442770391871224331821947404280678957782129171239383670981618902438657868507344011264
682 -541598086420079375332577183109287965375755205173969098256931934246118203782605717063805860700411880772861665038893584148319039692274228431058557319017917097723857396541265168017929975997138026574049456725067119845654623832545683511108482433517660606542034894698812847008039589453714828588702421429632862814850364734910232725671494645850129276087091127983428463732379261505596688229966564426265304614202921062863463691518015828512571392314625392808305329070986184311553023221626656195368612389535053063226337728910819962395794866176
683 18003682547352382085570809052692775523972407218299542349709185196978414746608595770305295814732866372111698946776320191404599327227885529680101104756538072003820032622431831041570604276933509171818154395147895116943395452230890359036968217653610101636242373200096037697123186254917922882320565255798807975700394875924541182777940116610067958351799130933548695431967228787028923672110967648916094690241318800038127184097399595688031035732305386144630334711103255152605788525404599162472557436143873637791959265870526361326497506000896
684 -16502046577128917154196603595309162767668457597834521407624977750390867188038169083317273775785036903583618155646275119850569642477471780103395475726733203551361561019146114315166626372257635431238506694762534504651666704971674084538692584216387042027516232181804869135630247512052250565129586771598410255302357846647311534701802282888117810790622227887751623419230291175488948573124072204193402009128245630693732379249139766318589644941331388134452240740004168992596912187495443066514480425051530165502904514355966397173383986937856
685 66148359624669479706286660907793038552158880536368249212289085194266194194246575907202618735525774005036148959696632684546863064925574123710157968337495463093399727180760488208590360311853992928130416540805247484854706167219012826590863039581100997480259572893358464336401586042306506926246965319977248446958169331999290287945483707017913378691622472245968663183014398420569318199239490754051863330888545122924800845914754459432715994964477212784578826001659772163565257242015293703210480922039314258499203522021208111694059325620224
686 1626025728319642231066029830646950318116412371384197150167982540804857754632394477980459726911695864082311334606597491767853375419925819732442036926144279957526366602989662059400568325738718466589324470822388919580461727965392954564563377949956562499619386225710734121317713168606940449498215197382315164504978112108693107555771184902756364946083714863580614200474059828738634428040984710931270347291188741016320062182159175427593312641154312244608889187916231558453199800594972958154008625459723118038103986500602540912974453415084032
687 14452374960983554188431338291977516368058332375291247201853177056008309617997665858396137044533966047811475482182657383730465197890880431200753935555246640175449231079955964330889235642345854518220685248776311424566953588713741018880085566152092707670130233330301627214670041070210342176115931286875823401724259780846220081660066122779733649485747213419720418705564127263764538772362008831866327440073526829964235119249717047951438062872898811573644234367364292109030347371545124880370314754196147418593545012498532839434275659997773824
688 -69670788421940888307858872256708542867620771750721500665125051120565470383716623634926557893637560561565065608251886983673450766865042478002753531322233445818911946686607711173975878462922338610117065689641534778477296716418715842053403576053129893511024591732182000394015136666368948439492106597418109521406918508831898274149650595931355754196041625017988291275224893045929850619526346235516490444476363159534846318694028686796333328060676006675847690524263564258973590638324391442421716394877711515642058993428409840389863744173244416
689 598559132639363680204291297176494795242844377657343643263816344769930385877674861744627026131075849784639943668124422708437423660073032017811032169619104217328490624003207773967918459722227588464188006393873744273867374885407289448772499228303371466723706389900866284825787698455704451462127481867416335761602309633250480797806999894017555307804564164458336997454350847875140596502221563333420106664668185823800016125312557788183570262042887457695884963655142666177135707224625492383224890920673926339070177794339890965783277154468888576
690 1794234807726433413778522185857230788307892784726484530629297489868570691484547680093211435966145551596968184411955321754575268400218516394909317897762086140904897896975429796759512643766271829466791164434109907818450216676298818039316462435831569037110652588481080600837091386802066290061871073647933680000335803201720035960100977738183673264853836537806868307598212472526801415952359203821997094801295728576800593258787315106433733188461867704834350281819323498747174134175080967008020939517350683898572537127210058038617478047752781824
691 1520745185769464656761248078007907886834636487367622155306520143751058763731590428679123529167629070710430039672630956647404912437140856424143320378149684905839291568849700176741872318754323377889985965369278966864240257103518007055634929038135168326458630832712378410125827999827209724711899303171124637550701197898027730513492098355684888069883048438139875468385874445117738095959932772896397359125511562353428471620543902820656797488692044018783459177332875325022436604903445609219117002506413860650487692635567310736210964005156552704
692 -10183807437844879924612143963310652588805475755748068853238593180387109105837925854355021383949872401641893298775052487415422836555141866623353225681062278109364399324780474937059969562963871611428588074534725764926635589394078078900510861841711524087908674070032641136233500541301555065883009974030416140275438591850181850467707581011248645393744900093871799732808437073975792890425970692802465692831194145543672393464628467872241065387228486818825008862436536650211978046536122843070628165210124174047953623640544097017315358225631019008
693 1074837677964601260827317291757421098506284777467523409493479194084452396094593190171879158180798750357424358744311028112455431059306683322443452371828348582385486743171741065544032022754205584538519936263111102364495491410451189238872773038007761458569492150332928876199696019063296735127358691001595685628186703313141035694083242980990195210628647218957680983926215043185944788525722754201689902660121330324878795901528962140301328900295005041945313388928793625786008864070470788750096986584532403713021210262344923437285305463970604253184
694 -1755035094294144428478684690925574556673922406683632095914208328767989506237049945556920823510931780377724742266491157698665868999595252716894695357360176064488341312292450420124970090795111480748960416932661797696819887806414895760525527053701868123172520006749652555055794406982590828230736352902018745425010639805818982978099242612056116409200857747740880541610010888252090233210403169356370156063932392085087914829369166177092618550561785283611117468941397201964466907284882054030439960362719532585864605192993765785078591489252268179456
695 7524557866884141199933167542083812875245390005535244782067726003397586471503679654768704308556192771315183665458086792421879354052975131999505660141449727848172613619630624718620711271219251508695546796116232221693899399559071676824531412143024191175121616520109152316128626637759003186662413472257472587766088154472693684190532838251572275638672596153275261611943721895228435328984345771335656541914700596192106133878795063390338970331831128080877031693398133951456420630393192036267565020908932612683585148623431947883950363723201098285056
696 111480179719919052377103681268282780928831551353732894604992883172789105750440748858431673830211214333680479282135972854815676660152798011289968720494826572041083375013292719045428045638127420530353233492826065262366833441013959352844491591954162750115590761972742845995683103492551901746305616688856469061597564244163698724979706611265720763345541424395147162783880344189989680645774635501828724277489441569389522652374831800279611059573308094799419789746435994808684870356264210230324171882424614754374565787045796033698841827658544818683904
697 694343858184090226822857889551203883787774039620535738471931503499703393438694586868832095095896146754107688917708474305871646876308553149494003260450368121320936170127292684265357625862444702212658603387384428746576759259765158852685471593708338840106855897968554471644039232130331882474608361964751432986538178385138053810766765522164329176667637582513879106041011751300724729763940091050757914264353213363232169143453047803210740945208197074323446077538411362701044771761250285518445652791623923502212722204024734366875071396219397219549184
698 -3968364582110255753809430791584291106565163436747054901574787463592875521941465206630404347221660415316575573822241939492206926745081241111142723164571499854723778660013376522062009318064671070649128375253529964877464098099668018853650446087835492918841496741726049664405944244133468784406080221214945973378649808484825726659246951805655635881026008125056059933970725163464713173922697080616552837280552347743539330914128141450146185694577179581207499986052364935540403628109588630874703436785693912013695155744444657429673287778807570285723648
699 41678431203591213552654038403510506366330422589099433666977897931656405382898097494716019204325882356940769342350228332041040788894983649141685723952859873084042827893008947266122117651649182794236807771747710216605974029733239115388801283730100759454968671701040629882704844001997017119006817548100799912129498733295486537744996117618924002673581682227770170225840733793433418895046047954380558523402140949631218135105406747194728040906918225968763082742340224595699756980729977675668258765309896838722644448928341063028926045683329358410809344
700 77750103681159230332601753405025817883883461903397243080117321369266348176150841050775194160459249481278330984397327791722470946166523279592193035454708754499287550943521721352597774664608442949013398407495097453110573354027317734517963877746192679305318190019984052796327575545126987263528413159278990605373946014714087145344129532916341500041634768987028633334451683083797311622747108904156932224084615199709381173713393908045810465689314765687571951707551387118207011192418546870483265700376558351097491461677549156388005106967749850986184704
701 17424725658067184083458777250119042508037772843049438912384548301176130032373830624127392602525308462623358269358032246641973115738093043370903948026546088154558945668958214220583042657981928098077470323561514900766356458194180220082851437812925439244036952878759232390908571505182665678503232614249674562532122706467664518445648925045193045926974060981800157599560073811631306238209542776370919421863765644841702863427121951956827662213450485879018311668035026869907856985125419704015208319298448124505619702505828444045118661481049271446798336
702 788994692269974558311324115211795472610977947433937539954354556137451178571691808949593161013553927298695408547375197245441804076299984822878159235820973559761914290540119576846888694993740902416520063508849377107001363311639959301325000976048008781720761136157853408475759509869864257832688829774946507597789174972345261611112795696814580099478159466799050207696765559157618822529977317846264272566857391491901627136760012468824070581570397858740890686300987277840770475254588240866552774853172042308289399990857523271128294971140619435071504384
703 62055283000861243698888989800426152135599534399826318876122831772051250799314888228665216203858259750704535095249610331351457462350678222257387858405100561925769255123046245224280789248265993076322751988828928965541259452267651810109173258205470294946722173342794946296753610665606963320850171718175025302902521884580398055402618438386820363073044629034126062982063571123726048471535352559690744996329929693512603083564295817247667965748345755679563753534756381709685612757715968853549442521283162536309428376329267003120847710724388349302133489664
704 -144947837137900937776486022864774006443727731683103329269275903638266453236306231302981868648714207256463659834431947863817063374504613320432659091155277065177743866293050847176392482884982032597246487892609211417223379412271241504809481240217754204156054997890739123298683070459196973932163397921822576250040827833520791590588308433681195069624735590747935920432468252589427969924758982939178183426157675222369849120791119203081518316101294216420583127845841885264279433119631378232673267739465653992286555333822125009862039137014078495242099621888
705 715989028691335158074937339365748852921308704767492395660981045235183047181505030189537990593681394324426650485637829650259870443002219680433782811221732183564999516596950453401397526903771399152073242255046879283694911935780777723856100564827481450452281486100559349193859159928765083575900972642950180327286583557682977250259037321924650000345155709243219915887237106536283163028072232964751500524993605540028077701859468657572788078379945987040228502132483103889589263567908763551880380518530178830899178068419537053973104809180003035413745762304
706 7094541758540565487911741227112857428344925554379403387298607098988784653804236368568311907654429716582855701250790824743662970889373565613778814735071533916502215591870852470284411292847105615913993319678647046633835480235304137014813748187236016051628973449420812887341667620923686462049985560233733596155551587913004870024943089063075228090061498412912842475043213980339692321787652440665219774618182633079207041995061699212969030227957240494624460829921066062718009718769410820866650597200365656736504036305887650392891921390190152945704909144064
707 31172991187096174842299178580373406526460501002290416299485031456712913154667052362447483484167739925650887662282131198067179861720320395448156496426364295204192975525785201936129740158926891869254819042271977308725963693830601421149668251293988832645964123158312565096215646792807514369390351005077447427933582802737182410657304725446926188156457920508873235182306103882112561862793913611456668003404153118454247154925159417057362925179440770217652810851558774966824276889695333885228524564298461845221739062428793433052917311808019385597883020476416
708 -209441941547552051964731623085572903636244690783944674955740426428178617218784360871160965059914451524263016124620481754138212236446940811090887443026766822853768022428973840395322374580501200245152177593182696614773287174873502682596482211163007450304975235901167617896040127456607163658715427666407022564657976050885326819994365257481383962809786585513794225721941127543124120997620894788077381658317880364244269891178164668732617955098328163217894072787368616209702398928044739778987878452872989203240850320496234409220744876280402835125713802100736
709 2787303560604020002983336020864553597612664124345082932370592562591896688170177999684122010751306772329440224507982433006377108847988433398589881617300733085291630508454945904910455919359275742973310670368996716726034063722149694390636614915630432072440629926307592443916602118507119053484427291884549161809194745153771147079904978224222715096655323912693839230283846613412435157612287144530419118858681533400259282313611414741812345522799565283301634789421806080511110680798983874883986172960359723147865317286704479315408560018006277298580576633094144
710 2534222607594342037691354262453819376494679165425195007582469079688537652921633875120481811035068372667347914157722069363952674968400544385632352912846234124024137848957910260649455940978218335503986602914704437989853299407961988654204386174470540414167463620016013100183445900852903510071282663255874523003251800914323990367358210993212006312628346845637432792772697823894709526829972545030208544960636607927026787480377259269018742310073793459168766840514940890460793744445349003780142019389213504250978386895358732007173782950016120549406410666934272
711 103666565251778961932964666026159228694857164379566300176103043488063957257016395802832382713436433480284431741404382643351838867573578161193615921328767597594949655813747649699897542464205685236385493707356527622082396390827100899259070571654292608583215163340894986931916286315493015589742665594262525278167557362605380663245483129049023955646809282963613121218396969429168643203613010843864593771461237357422298531841855132770396258100808862026229020179328060963942425625314171961345260560242089136777831174823606280098442118750633279127964367192064
712 129520290220344305235576344821488598028871085992181378318021324188361379351933034682277629299685300306073385704675708468981773260204804805578378363043300691473131637526307122555968264761549328729493972397541326285314395411790188112009595319896907392401869943007016499182995034736000287537703365113334527955614636110745240098140637558076001262294295991470181080140364623157785127310438217123656608111384322908147073680065774891612423300443300865816939775263593036741969859321806438541880337389127437769345352349223030801948353514458499323556166090174234624
713 3459192309155017956351653117547857060605762161003730048172078211840802012481533826878860989524002221378759087782354377288746825221623468853790031943298405026504902439102320480073599467944287488288008810027771878806221440051491777848432103260193168215915691373748879697010352416364043248615269013337883533194726104607969100835893883929311162625106597770742281644045675204992213626887287317301146776069645647195639592555351619273677805488425659402011462011070440021600874304228387604226465181392163194734392929519608539394009104470304459443850286091831607296
714 -10537488751781548374040270434143511401553885013953209915636074081824582041894687444363691667883825428116992496210247476158661969330516174636168717705473558147230654353722650560935917726154533371664829091639771223612456019092969271568386222396340634351265749659933676932085467832721379051163770777926346947326633956186697337011971944699458830869646913034276253387293835276603510676156184577283920328506507126729662842658252321942943994858680484808831349240068573451587500814822332867244362950919557216592607720972874641590405019512896854351176009274103955456
715 60935228667422078984749197598038306082761511323722876065367596554782897682862200020663216058686598574332986149851152004073807209963931947844868281334171614967536627972613444845814168245314847391772803991649769939333315801392176097168366371111381165131656117284434883513756919839934436558288674182635724047675548579036040495519705733296027040295484539739531931694486889313515303598919724036995881395593184769307049279459747916416035368249055912198150717408384100264202932385239865785870123845398653652677425691382186395581190565119512140726541795901386522624
716 422241073974200489360948201423387415441600633335512688975464512434060246705997283936134925829102074777880471914514140489084692137283478751595869833002401560095738041574374400579876521533685938779806240904613629656530080615526195414665192919608683543118058534819192525255624633614540854216307602376993880819814933146929219705480162627903196892766819524974115509826542223877307072870418406935640574284010316607902511699496885769275163114711589227195801608702223537671307107948989496215407407995186044780114455729887932009737614937984008720337065266484013432832
717 1276750556511558348126150692131807446954905785309521158677560645026698607319243711902092538931427718146502970653599074443029793354495771480520106716916934300766187167843048059081106671754800024182299064981410780106548997095240987327059618121702560488772233930071328508082610829237758049972575239756527575326070009293326659331673863024052407545841717134049754483606713890329775031597760156350839397345282466084867415810959821141801848194503307863751934040968521540280904549149616417332680978171083082065979901917766990626667016831721397531312364373606739738624
718 -9988914720246340711456908797059704488315800488705350531961660686262715489240332972528211444852278432721684152124311138287116847435525847760894052501840756006550402285740411305500135832790137321991530987893219754963941513724978767268622259272428816295370866390600736110332213171207380585804978804919111682174318649010076554739373466832080381187879494106128444160353554018651046244445015576235911414160144493800897611086730593841353717086999088410719461472195646916335796989133668392114120463338672354982389914492878657044141531238390165099751546903866025967616
719 179730429886249247678039136280264250460112611830680076721029937670554172879614352003695803110857644251237074614394373780856317201624180135680330758568795261677915356982178583425677924477939366691995776615015343531772074942139947430716479634473715685401110222576994277111967768037878435129910331702659463932538135927628822338740175916098032921532887951523219793532491304863252236935320275255622550642226831027763487995254307225816220194117241664567876607303168571032418411872460027081962829108298135002135984979106690406252005648418145650509141753477358971518976
720 12154792463231245629798023590633360933370406564675184877650990316169987666486166480348977037211303320281220917751097670224782446470059012541819636531969914482746026121073809956487634728590713372896847109641042243117740290876861709636756495443159840659764656747967709447314412423168365740744160394886184659281690986144018327102623376833958173495453565576739172244600302899468623248858616880620854920890721329008611058308949298135196760205729312554530957564874522492790619489595042863222745185204537843985500585666444909851976789722573944029250041253216045236224
721 167645831670581574202504335863691561202601001128868205533035495868090413969187236659653574247557015124820448390159205883922656370830561711018036198731398330918736535893675816751144147758078203481891737520720557330808961095527930250640633768724129484276351786134064908797967288345598165445563921236562916752358082642124253302969053748016512594374403992139029162684988211583763288755180452130233195636862383622624470661278925494079472958725501010060780234839532670280535051304274456945830220248136703864103802855785713598396166156692451650099601309024762780975104
722 12264965099498307806779464479913908804588534665740323936273856791690959964732246209497019318444719862871554289759045765687515617274118193995776792396595304573455543899539439694364868494494938020418800722169714436818674745498468226640476084272250794841853822064332362269940941174187336757721579549061542399178142273892994188624481103911674516303746424689245069986120589045801513030864657641486973317181666869541481084703101688922823398773229977077238688444332585143974918206499911835839426390115465252793989296385449824577496724260489513103640002477230271120801792
723 185621066849291093134311778096618037352357144814913310307741114659802846417025223331971936251251055176237527353375083421752093296500153177664623521179381108526271554812180313975953335546346729876848469588169337552910864744905767049834346204532747365967429670774162484217759738069277349564144630787264106250793418568639715635612121337880442578074982399860163013276848818537092328692552086996148335472207569405192796095433664107897996109952650309978865787176918058721076438167210233927170196270561975401126191431716439535211297081028009358585499708538199253119401984
724 -702590656604252931515868249448639728826605988189277180032771663784450062040771859490365356073130161423891502535911985459112192617975815344017698623154770065283149308227120280588040610299970093674727154295598799208926377164890633467555897137340379664638869030747978438560412184254917060432412886619218869672405038856050322314895941715430582705859907603585177886451754979122596065458941595400555133739647719536718100674942092870061325332527503905396038673886702149213252062422510238357744555606491135202268609356608902779507978478067868565265748192189063177391046656
725 4793786598589841770406161502181506046485743842086728561325336035786343659588597550839943238373394197550837128982596862921014782015972689288942027511284696356580878104960364296850186319901620801351747613001687918038323085591146156111282406048832104927404578415085522042915309871798539957259009843464323124282328717968985484702156939482432861493488343143404183418648129461298359360506990947937126914178124556535766992874032502125458867707963381629745297015882735198268969897916367953993651588044176705419287424607038670680712873544855381486516236421973504315103379456
726 23449682000888357247302436003155399003543194411800062260424294769897719359990233043952322903390932097456389782483347873379262546619388479846464399950679608928657976366915621869033404607932885571321954904621582845582874651067860652457073234474224231104734112326512051057539622556528566946207954555092497752319809788973497581176845225394582458398499459403508350939285995427506618777700133039063970070352832031130454152021537411879455093811434168410076825513800290009350621500036687608785798512373860603706031995854555583000011040130206230672564455552097106561339490304
727 45593120082115405574573292479991259443450819733671487192416185934552802582632609495813726493526895873537899954869390714961506988798127189328945881911472591534642529184217879032024056553138126145947086749214903000155583793382180267428970555400528990166855263589557480163358775778961120548032167606756773458922705713791834725700912745292719837947352657688472245800599370120391349448659382853072423232060410211320640634404217663029151735368937565715273189086399534578404280875716238410954164309818154235908736364734601305384647955649702132638282060381892708253076291584
728 -402624701090636206604371164891265255639137526367500261261288430849625003754612720561816581119115508252194440532525547754229300977789098185555068981629476095397885173084926941023770027095480350591583082691712595577872395654101935563643658440563424896493136026435294802847924672371227238667238354026672219034472417825074646825798192158898582483521529472350077111758541290997486150716419142548462870613175149223718774038481142705650007622484668369571036107415650255143260131102481237180367772626923682585397674041689974645758278139715591257079199853840412089536214990848
729 11200000444262903204475420750846670315312294120113610226023887672642872985683866866464967259496675135068382809969149819129166168117048939158580017174040734545447107313204189441953731842516757483188558743482545853853090251296305094528615177765828396850970589906709751131295645931475930379530575629169771321541840299400287427166653874661647192439030932757357332692859324287393571438071555996345579653358357834648014516809772080887836256548305736321485112236233867598876115008114820832762398534394783667498655805860538019737238586451744636651691123417741293295351726342144
730 -7843804612075683422659171826178542792800278481112866058877733894208444080289029673500481940124179536180592488276988169662683405662537971489933999364830111829259167678766737244936170854534120067304600925653666015514551391154239014020322039207042809308119792094783109211087569180472297396920161277906232821076018088305472642960492651213058247007249648935342504558836337778189353495779900435912984456839461955816817234864968494279373374720477253563481543850608761564095838122308597858885799604928797117620747720292865455405550732184674164555208342580454773089467939946496
731 32485945117672685564254226614440646597877572502369674015256778505668207927583748839674929614954942008511488857935004168631827339330894584610119927061944368208637923613583840697824976809254321269177864221990564587046217186649582961504547181186123623393712002184516479525962097309966079449848011350140910146103870791485359233435413851870202020381667396087218944699692188885146597165417805394255144967810917968923315740106455518789673050282259854202691028990555206329365841625405338262166836106962506067923448147864148764411514627141665481100642141623732701360643674996736
732 961054670889702795428178651965078167705137829114600837891782904456786873362163747564141277777327752720957174273664447390591444784316797651915673364622287282074172574329002601283231522969653258135749327005064820737737502672353493275620215534564595987109812647567996180311814249499559155540269938381316233848933266446403210292022045505863824731049882536544880192133904428711345847092153633153935009897684862919681296306309796626167318863086856406519029250844773378255032064758097163483361411200505731217437257894430672643613569471413159484266310195082641361049139265142784
733 9541474028067012958424509942267261895660941761928582788881433125151999948436016195697963057820498110954790106313474079597607164327022766647306512890532106739189440634854208948368301772970191375977512290238992237408559554664387011387678034600441053830049383867175085018515290167206558324554043037860261171087545357521171603853584297763359074907740609260666261744937633921557418291979816375876661429376809780387479946739669967149736747074508084133427246140292337229893516101871981053647067712663869923271121221095361957426607624721215331467576453837476663341695896926552064
734 -43653490792573270828211717823316985932018557518895372509634299522685921380226587406735286961129417473483553894518232385990283214183091457456323245242028262865433782850742454202423687858824362848375199512636478805206441546715901861264394707123289894414826257708968876559892108314083215283846587533187231359425743478554687231076436072356250696817397877026309404851246754247301965306629852491677132698206409628763557456768349442479301962695125438146793557216918354195213589419941498329952242739240599883739997396588564037836766141487799213855363358940358530294801348677337088
735 355107620650914086345778074868554277868463411431155108218726721275866992759206467772396200625434471128782938233364375370753149137446824073355865370946002321278810731109550848938861260687721120929903213170975021111871864045580369994856783012287677615721368806916800313670116563297985418500188243969441082661299980828265836772889215194293175366955415538696736119403070331518791653134171008931829840096375208463212953694359974836436718040230817846172602014561080330652437105751457303249181233764458632694299743522784209810704741526610290284662234319397692058133675651685679104
736 1199068630911048343504936665159009906847180594525618174631770129094415809415324677934048973823830610988718520234351889797249347553778551860671389053003098402896164183311190064072658466325493696965080044909078805415452923152720376945602304266108517687935953240454134037669846798237231390315219061716299117059624121484523924401819849076350522170333633346111161942664278098239005839339840630966419658272159356866852257566050072351328064664366458633371777295052601536713439451590229982602889204481618165831641167977777434372735717888365301284291210087832974492589191038305828864
737 1283373142600104420835930857984685815177185862636036954475917682552556016759149691318482905237406991660902136034229384386900711910342128258513137179265146869782393599019381135645674180796684985240507018693765770069953907507074190953948677951983790216265207419950855808691965266522791026487254925422740693733655236497467739711959059176611172057392001925590273152202528557770907744891780740468967470841985061372812706935769668303727082922998579410296329578372219898977482185193591755601919983235256373974248805519726137885446285710990777649641920134626229358029724054051618816
738 -10572919263843748242914066949885741015546062748946215006893075047886331218484524685177810632510789169733551285828076656402556417430312375334202861134504881888583011690864422941727774649191272778550223946531536571717815452008532296755073498470293287362798551474607842087891248326233110849787090013102098713523187254926465115026850398501928338463335818756128080101983779996880979965638786504905936886365417105666155959727023174221196277551639115630575078369819499018955797400808697190143688860914799837244868780776757331836751282380269090763756851731941916322932150259297550336
739 675177036270150610340495532612086734765706837822250897426017029554664824045676434596239770771237839244212360007499209236910212999596444968342692988916484705948718396678246961218138111598922756202326986522617121627682418545098022980521416592125629886488865446287999876292493998285282865980783869123951110839723397666909830031633882752806143821955605015015489650897970315782294743189377824454439651101554885979815336916309830503498013002014466434367528454838012725888116959686116571266329679847750603200548270917435315791694293523932615956915217337515124899565815755137869676544
740 -961909466885468751579210168852475342403366536564213113936761884624728340767127400232570074655080278336300330217347756418691995053599510192714759989159742144392780126882894638301409992003128555667931197196400083802229323093447799903216470414540214831248276517050518555898211544246397674260446863250606127751974375168060959583254902086842289778805582966216893391981812735492416689708661413457747411484255168582135792060887596010934180262127139913537618985678279646519092874815651014805297832796948352032094301975701144364207418570026361381671024576842787628311391171123691388928
741 3988389086358110588740581426574507479844465988384901387755234048191394265326596046213429412726446934096099104010509269318223178740236456945766853737597895928853148928376219601393634156841474683432189636712179506892212131413730700356452784504209618065029823472114854091001293403421559904999928874463594235339375722463551052435852091655979557362882008459550124038496063633289902081162408236772316576511613250651781978231616537077514756549278685919091707791029507716421553585557046579100588433488954492235742555424516596371875875898790744290639040152447107810749857421206816292864
742 67569433511527747811252400222790539530736223370230229029392090801045472342115078405014366760418478350807500958604661706144464839991257409225153467423263887013599270256802391877358155497527088638405237277703276089871130919036134651174697597231752130972090407665920802476206904308596381419909092999014263086836615691796112525737072633321667354261595867216088021763152492063533084659152906463991949247847870009542942479215927410402984470386044129015331964765269730933635914421124528387522899400374688302866630850525941586456045101886304979003406256147792830739957972318976343015424
743 466236741728496699528866345059345800827326387071469558539655995712702841524269999983179185127518766176841967184002251422166129399793633574320590805503705762062581622796661666313871331793645025468412733026217073202470868232846015991993793774774016873301456169270289957720902142171859803537955174080496304904650750584929911438060515613844803248060076683460489852065778527088813645218774791099070363582490907915841352669906016865346965011320263835329571884471313299917706548095255216679108779558425465843822456222391438131765755725387654325187869105763069128400625000740962168733696
744 -2537253607561986375383478033643462169966465477345672629983913682384898521524247279979393721830450746921374825720178363225465205450045449706850265229751751853628516089940702493893429358225462355605054455984848952425094128736915191791214519787734000913139296463194092890223504479938065973673370073172013191296291688522775297821377714361465764285317333039883835382728110250359680711050137570142308512595886022051956792325181610552396432721901697896913835821416054510394866841821889874513616375116137480726937112268944045745525711238878914473545102492688145755146083492086371168813056
745 25047965111828052509362051295496248066170305995642675698698899131346189071224828886132248219715539096790323879717404751623080998406269313957537002671883880268266040287917935009319441691812301376078689761107652207574126289601059144595977341869763975524816855776529818019405488391024484456040297505850924778689470350022503558948513627430332662497234220002228977418697298327331200132305049886240997025232688142426720330095995021360074619111062323117005999509037301296505372490811423952372125623920190060458065643381685280329724474791976379471339106893606202369870097200162111985025024
746 54516216192531275858091659195297342286287921243539290457007016535399385049976706065947429101002893884950468997978346769462825072573875581227815959085548106233572246783863439784975874535830785038509862023248095523332285538196420232385605022100753289395971433603835841843352102892590784205506539570910253752052080620707654844641905871457201908854742406321444705227728544305803242100545537150635710480158777702541926917146328267051932358806181891023304579663509481292120398052248444182532839383618102880193324704779246265702405377332567957730111231622996653649195143431443444905541632
747 20813433021080581101823309571064236251892283932690527321682534038639955316055487397377811577667837868707338574847846460809013827030502029621783654506357975776310479057558601282219920276774233645895612247166695627859548538866968178146645794270416578722742770259003041640696119573285668354198456787912296601553047127958902958880413881662987316981193798735743732253486917832095493410130170561359923468465518673280907296786732869736850907492489869338314485336872262028005268900104842156032862756523194988141660278374376168603095492373564490332538675629857987069393404374075742747623424
748 235372568618582894443854616665275804244415669001791462866759206388462921096728935160238233836102110452875510246563739650284702199121870271320250028967576453222511032666797804127235474253675250707598301654470893036314000704042555547820136407261080977254127934484737242501944044014649586372321398859954885805077513565888114676558789010856323617905688865688547163262832403341164643890428210468832045435376733236988095493240984320997564714438414577095274763398675693113005136075256403147807816667900413731284314032913692406866620634963267524828223859636024294314396173583104120071389184
749 39371007642179328197922998936424851566004514553415399679855746829768320799117108169282870547951346947061625242836383534305020975588675633500492453455210130312417147619350787884605580468733674626113008855125359444230660786007086942668633212616678262044166019787396056408584439595242206435131881670354055510256743128747514451319472950596122910999875700170422603634373279398892243658384189160384546272102920888803114641900516880854144707178273304758614535781663005013884279523314355791967772413169971478176354575179220815941002811126438103608678604449281059219578161931205536718704869376
750 -83833880028161175600942648850360800640716423395727242352819608987631526606186631430441209209721468660256836395187506833639764617206567488465183484597054627059170249661227694992453919956642511449534286074779901808272226096928943731849671747449196797783410142281716536609093191813618033167186473620057162467743837244126855100543202194016487796478464735071150979117854808007426221820170995933478475326666872963765670632243136556075167961021362947083538121994234126568916323495928342236839797574571484501682470403237069935134848124580951054608604692323021023610963091607804535321579749376
751 396203379189041072311648669405342168556513949895933863472992325784542149152283404051840786315942096424086129849258014857408537505331349903320681558799789454106820968207525611025894604797798688705112013209691453364024095395469493685162839581816842737882909621948336251322994880559559899293401375913196489822519260007830047150306290784264493349699905300105278584981786143621228355460434347088948176664493053641761024136634853765703279939074850358098327626902932257672232862073086166434862106030917658288666414554461042961637797627874654321480653128695967544067059267495987297177518997504
752 4389654432647342402453552752422007393579357003134403835882578171827917544205090660137038964692813909827456176850953776097057844513505835482419231099893080031937159682692580965428522342939217516256872621243480223888181716515581696993606721073344659729349618164683906583826699260519623993423913989800699566190274428089712889009599132306853521193988252394052097707011238453685719043447580811507188287409096639695740983646375331460196561947284139744762658738312427389584859459418454866783469733774404195898473871594619771008252354633620864345904484648000889836782475689073351038395945582592
753 21394129449619830448158254177466622762961257879704019742756711509849133747544534620858910245173798517005057166405136972026949701431154560747974873496404142460623468632691509157821378441965450601682031796500239083779008954645089992337769027625152049811029628497162481498509217052194406790160410484287826281176528819343660038393419298806786965186986975994413562489131723933152095665370962491408718371968969206323616070274556887671361106326829379608084313852615830713730637841127904357151423261632372483880384304987653022767112094745723373029590457079749666001464709915025118347550244470784
754 -137171939711754290958577281225564816410075507454664108720170164374392923993867202633822374886998555566644685935490402605038104348856615321964599145556229685119796298669833441353776970940787486071788432036720139794217371103252663955164801795413141894916279072825194137248910381998649972647065513617245093148459354904635517574233561365738429002627251837414705802655889522228775882954122914714614440071549144461921185944809913585097589791564225446286443483240968505783436574476710341000929927434721991056134055166703464540527368690025855836597899459037414584260010471864392980373405597433856
755 1694277576577231699503517396800351780764971517335140874308769968457558447642361157246208769529220382247348057493137341433330211612280731072030369160814049397600576163784018616326374508964344367189968554725701834976542879223782884003709615114248826768987712177060302878781287586714615375125553852183783760935221898233608467421113473371547406443654392963338766326569571268378959022749666209542769710630289491483593732705396472551010114887706823972487029395747063773177179849309818536520120640818471453576028131439020616865580399553070379812840770080251760410647627197358934008164703174393856
756 1992636479147284540100523381492708136885381741399002717025707894277022606366765851956450495430032284595719207188626452060346877046466895244802228645687430645318033776741087784616145416234873318951245276924777458317089277177955302185514590032081267106074522936780528753299579150290965772758276231784018578531128215855321080000638961011669860679717327792532006320443248208834757565122818492305092623524562844821906098103652731193050284043916379882828429336641330426970470311289461588700699161372803661259084951748766791042837595036275286657190157602286063490090497931366943955149567981256704
757 3486531625544202375875391544576990205390173028767062805362869743805856233776281536923712297321738058842484195933732380052278633556123387264244508492971390445213232547829175128040980374332709637397887277499888941937057639831811783958841134379555262852120298372505245026533690674492047837353099617655132902121380180584559065682730540582687785141545130914316121693630181082358576435793700740849145670455909591131258608587245395829927638656892175515691819725330064298158672297628587931538350984373381989334308263632259498885803281633104347491079864823613044094764375932188384056438878633984
758 66187191034185626836686847104740346401876480142900532747900890949699963539513006903872570109468320077011237369832480460749958121516027323557195688482377555777446111578603224055990811030107676087768072411801763507548713427849955563504766085058880937871324393921741991689811422653956281276133436668044600322660143868509650296170913713343491789340748024907666366297210921113747120661665461901055127415352171912623115490669095059475660463407918904948838711428380679584987463089606752969966032918522695378240978198116749746124564500242093111428228873184469745755905687379704441075557847323901952
759 2217974628104558748984286524769244493975392136656196833364264252098087149303262314857325156213920984066301698866938281751286072058142951090374096603464487809106359125800391871519743059435181353456106277154470478097065573676248358929502697812450658204397508708679580704616442419408215472335375823134904028189889467719884208113171417021831931531492396382980984604189148421436347500214591422855142373102983542966599493750443441480005707943160326951675129075651023513181422957172780280223112898064331949542876778604326138383462553505034481070364105225997595651748733800375200639820761714019794944
760 -6288939574889275866824741740280009143908537624855537355147767324166219256064056930752423768207547765148681385227078787672207207457118626356466646879824053239869154023058230315998009877126425682275825933955410342401675655182227583188693809444874654690266747785685116798905694247398643392958198449802585695845310224385036536266399261418359679643995546213950796703938261261019684561452438632486487175347555073996084770619803262956830154071759087005280612260276482290113027456449120385274203956576424486173268876560939746974493135180569985747699261150893044045488003812315008066105079553847197696
761 34691232353466539018061007451644418236810549304245108249684547872609644163625074778039198299730958124208603581682122454201370552435871175927997227543765471913445852508933772139020657407406343277431973825032735170762467781040525961971472212138133377435194051774162080796510009514878419769593218296513246282085450923319573376263333439175496699610593342932172097256266362399141060336150369679858027541989843910232173824292291810424811309237476002593223560085156774784020718149997580618731198269448713982217953630282238359650465829810137854270810441846947222075949248863145587925037793016740315136
762 266402016613494876161839383607937023122046188726711001446995415482497125592378331174716880157751732028519593941413517432511657892113871664632006612996985669145102464685391119319324462024060289997698830455807893668710704087711202248264676482676670967173701461475788919508723274094796689471790179267158996949169826111973539247080854466934976701078141147700909004699357276853686067063818124795475836689166669345021189478801835528502032667441845971482019316564301647504185785397020389726279442905874358015502749342653318159594179977798166529460174004802937676047674442645543496067961484883666141184
763 903279752785472909213514991068871454981094036220389711110826314109196870254290437327876859200347789054438506493198597994822279945072695759265605595407369857480273388975358222708575734625548575840599478879383075633112872787332292200404881874167418888805953759406924096105596307548455845673505772942627292535692773405630515503985244948310482591766222466730805302864597625179927515173686821760307015534752063649191979016115688178295724638235091314682481850306706433290105057179168348784551174520871648536606589475818079142263737965329943401682490747952534917925388685730724883416729786080993214464
764 -6768047241299211541658140186641581444329121806883039668760236814900418877314168763529004085237115089964406185464862867397472301093951073461411595971579224473255314408498436192348749072591528555641664095119030241695227779795660378090274705989336021683141576712396268121106723604679972773146424848016752767337988211467510846835274407350164550441757676377970671734860020909524908563931454520844159475342902107422260748089637760804061949699743597644149408238282571212247920398675081805356280475005917914787597499165607904858330975562678624120751501817407124775717315847390185326133660051699335692288
765 110393916487632742901344497643440423141797610302480203174999461131983360430617251655614048080116031500938796511283028680516544176797090857555339743054602885849741837400268234643548490821829416869787126043354882436383410752041576282826240224393805563161590808401412733605960018219653046397916296118819073811615152202616400134558020809810738569417612003220908621660268737174317242108566507159021162079030446523032991553588825545631095959682369109830826148408752902209685285414268127823884994635675112534337253806850290348521889534487589135860241396594895124264164609657155686689170073779740715515904
766 33753631981666486827112009296042178916258960595632763575267203169107182361871133555191152088832200329045352637960401981723340233081682436475968803964343143290244812643645536133685445281943463278915505055938663340283683170883263059304362813853851640798811201821568575098671158635221965740759719158700094924803245201062900558558579422461485020141158949745979547061794140131017736665453163432336246270042514544499140328492535760088834846181009089031669827076489052720458764451266156014693548594318235240013896805195342337232477380283579128581698591550191759282383609785226007359406878485931479793664
767 61037228936220481033495204364700962007068488367936298997087989063430096068835570607987212894177360343496403156403522169160302518958529379661079815883170437984689786713707300397352504493756989161355274706785457855266750158274504009507717991041181194324884218320036718718799980967994833696739426984432192930374551078123983914651045104740750094751283119471428754445498950737528279797156016270453942603490712842550695766007951282930998989665563926944302383378845072098440558889925775994699739400924535813972512860031322919844234400907568260865497381439092248798475815541928732507207241372536947081216
768 6881185833750454895670677161309127532540040068364984650498303534640940652734379238442884777492697938167330668636679765170617049165186374763335175357163458893085177965369823281797593862289787064492328384141698046181128945045713118683951701386363792216618056117257723279428728908092814632515222330142506270681050990802371626219235184267970096244613047400075135932918115251407288245589787906803200888922020316727298071128588535437089535424731193561044122760530825338727614027412001282918900774325848444123948137827688673811378211033351065659918825228548895189516159190245023770542438231790176188760064
769 120406295438330189320563889639292352025550833004325522667644564744838106767251884423851793102651421919929888383942383994635134050032046523190919113340976917122719962429953296174099172776531634717438634543676302973829234931070220268346828770463871477265978276281505884449817914823771052668308030008272308246300700600334425749942689669277290643887099855337418084716934178551152546870168297185135041961621499521349440976239688914842334439899490900917134652394634883500587735868225814994195220948113377942567289522315350893000332735323346651950962146256016113624955937163766219926749253193357395643858944
770 -429091113738265241085495085080981805697713856760379202021451293247055584894110226440329280646717616163813294462450747817868003695324297424419625389938942411716927243246874718609921593373626804021044884064431598275150874312024643571159749484390964090605870460127185376975886640444445287020877046517655674180683861265510330192169089250516409975801272653274997105235499659688607128471455422589287024945608236586399577848927284329552143944435534618803514970480856031294460944263913010038501282340483945741999105977883729402490470502715178227597335587447786650642874072935374236688167855498017064383152128
771 2786359463714468212737967636409094034237781957810920041257786915802723198075402415605043958456672826756520132624183842187272621925654281739639526252571896615100132563581718088333508735488145611324191259594124865131111773539805020571450045453589613269461531868336621247600848299877667759636674498982967721738572205934831518097633977992397345885227032361545779661043573875112914671867865346023317337401327835798274935350972191283828043569510001197324229448298846187394199161324324030583457703128456157336753332425322681142918472183239474831499337789047251064304647872079120007040123112188661512131313664
772 15111085528802263955998527163478351836900084049980215206155471040940453668126417187636461044585649977308683943344104902139488511220079114074216634573696932330709534978705693268945927583395536989596455921760528835557705848694135838170544566129166514361191745039156371740510019200000648309429386465124029627315654146788704863181340199217629713911852759152902461724126103576738153628117138537783125044911122918359798059357277180528452022977938311797883655249279988113498825099253174899493176407540801377967313148136804325279920186652826999650195995400876684270388005773823406447914399959488887264823476224
773 33813096394556674819145400066948100857042748000190411461556485517972367473100900855358663269566306171405285169620002362716187151834517008642138576443910647980969408366846739286020108139000590856384183376284223160230139174958913440848307896252212548044695519645891445000396264587604569689403366331682375895924615368645108771528016162438486782314887113834084407742730330100181659731379978147945182610449385637788144057531999168066348614199269975289365732757083588056364029314204483188960116061562044114850083367558220422250122725976763597553646635351808868483817004966253505150313261108921178423973380096
774 -290118706208135029089115890889835282682167548437440605724905502244481367392312509040975070778650368180984271203933705347854423839184140926108297030766158844934596251559569187742513559657929733406127361871086263426635994418487668869327460371462635342801529605867924568907811989184035213348988989760063905391510348020066084409103911487517996650425305153918141608165854241340901764675553530440139018185514608812174838431797761618493734734776092594712129292216489917798312821792146533361720216909017683484538694948323728910047880681039440997444828821116762819908563524809865750335340857005947571389549510656
775 6947593005954016929728657531886409663614447714269865786056101681753680062485175641807687643694783052932837664538228186774209358988075905265693209525010171648530329845573803224178495131833312972402550972651847031236774478393493542834467517916302658236439875010474476943155390118177691626442917760700042055272685168109379485389062270115557625672262251874253851361650047622560238595891835559647545348481381010687074590489498920373913174714012448829475964889757582618399964214537367262610059453576425312273880191948212933241722369551643211321030680396798531193908950572884573058965036575586695371414961127424
776 -3337319297672172457983601314037168150421126216277684986582782343367871379922336168882249550178581752456935203153672453692929375546910639978120124684606328984262167245066703962973162807236550867773874609820814618991171092472290589586687976901492223415218843642142881916863513488894868261477101432237163695076508285114460775773197854885040296805944087242745660337179592720362148280208813840319145039815997208712507332746356575329224676631946866786177976838943429198388959308271908801486824477267888310711470922879169586600095243763855095689743596056997464899543298093522652737717974355164533897396452589568
777 15393956424062696208714155454777130606179779298366065976121942281558356860335110882173415605946606789907255339075759306760859018122660309753097321379406642049803161999122226931652758786349087610487059985511189758187361544373689860503004647658216866563380504784665702465242686418613924641120753969359811565046844543332387916082137111857848539442626106335743642207413867938194170019423998657633518203692288952470287295368019550067788708722284021481183278929779498751646572886227544614751897089957415993918019663313515050589645209851626501556445073403120307086366883237734485577388800408963532546960181428224
778 562883723915384655346575868179307942779672210886473384268113342137448649416087837174509666539131455300143986856903739537623378326209642479011079934210896286153918107744937089240794690521923783089678039134893416064425829944808291871502915347899139915523037613164831628648881093360622259143007410934323988311681875000415448837497749161385580280084064365071668503065004289118088990711210950508292289798122776708479001241405867276004462107658840542772886265693402968576395138305848800120051571841088663195804520334261049517027387013403000891314139531359182648975923021390854565746808314568921950775057510825984
779 6271971661190074485592398099386202939264993219003865883588333753558001284607619874765680584846197243046582996559799938577099985864952671151444781852986285938145882965594295250904015484526215154915555960203022783090427766902724619126975173154116805240542414076447020607705515277314938281645289167887806978295655284811611666002893214320774559010859672405790942263884583210633563905080905890264092726705875084961931608393291784853165272563724422694699676769544361394572762928425877904448328039744116635181278834533239342942748927783322464527476125836606530885868072931427726427200065836540976517028470404939776
780 -27196322729478405193861501315049074872715864233346629776403061242692363058921571206901145909159919545623875240699449914120872715558943789412976794724560389661015645284110028661471283671049161928387028697226255553395288741065175740699815641418017913723166484977013396240082227746587097245134091556142779196635030262514923969497809533106580271024204067377415060374655488025023639308677190491410756257093343113183414566279450445829574697113891931040394972895559881999166036481607138999995963500561781888282986822667214988719810236832611845899684113266245513832843574868682497733738770851566393312377418050174976
781 209791114687314265431846475747407804516745249271721107945274603435461688242597237084030722243581410145436037989634122211463330628696931436069516817932321631946771686602573461599981545506462090021652982165552176053469295037821399051507576399134596861794124490404716089880722310028801640632021930543404086891723021578278295249833363708633616351546564971891104266240790942580999016242296641099130154351288258781156126778677200007950795498462520854160489043335083785853799004303021681037989738975948706181445551702456766590895364869228187457965125360711148274767838695231116941710791366034207072341978348890619904
782 793496766656452177527081748482365099029633211758541761467096538180638881656358150608299643078241128485950406512621948750008973760533155554328340909838060234161398268272723137386321966662339845105450868325848443770640293891178295213721897628531717837979466412051128398715654856813510997878171522573111746159621984700297320598480250940812783134366480356002361001008461770704280469324193275660255542818860095724082430102787220976754400146852090794828457881812703144678289943725619739044187118925408878242084603716161719194241879693255974215239185510268248061566443956923672355881507592006395177288660876779323392
783 1038217733231637475303364753507991831497813915192928451460053572940913857741336501469358454728678698474731902830292137762480015598358133919490415201781289528005218329407469968374451352665536142661024918719142952113711631627832618872898781529413928663689129158180896054151887576637574018200299487205590654917236952512510385138144029229125136913122828311547848476010182482560572883238565500378093101513932318915921946522316405063225836270778050563200073469118056780773231726986030791988865919725843054313848852226352353301182417530265911357097804732829717789889771910345364352466871953505964219931905938459459584
784 -9189384675357308810272072210708844510619699812061106451939038767586474848393700149920894914110247464084680452760342041299851491225465559963169164987901108112362026735065898548367246495411317466715659434642285653955562249485516772021465195920024982741626354544653828800930104821979737851483822607333215946099831922997308489045732897779387824277154428615002297810920346679009069738109184560105970288663192685862910807857916596903117600764113141882041756508865769031065053568471853242479709963094827854341986885928345649496671195887269603767403777781967705520355588557913134866438978128728084195323875306615341056
785 422910357734717636804661093192936466956447824797624995356093942620716246314496393548182544287389219906800685583424751171257174681209859780822051547008573941171705563408470932210675432157397076230109827664046938684090657687288274769615633055467104832520733921078489857104190832466391461359492411664112651843057929454280718766148127092983758860061739089295220304436964943282427391585137016799973359359838207908097853471398677418569334990210580668975458761178760915424457475747092754017516486690467713095381565485224639663757908329897669647586860292088146707046109233048188915169878616144165608066066607644927328256
786 -513766267766752728699861902233449875747701452963648161552770942497265399116592954792786222239226644529049621485778891267219946485024898240472056579827664009180898658517758867344107465051358661120587397010331586505238334911778131363781528355055707284490312615517647991883402824399444933567016227244092730041279504483736052109069362943647648782618310538938931179895427040808239582910040149889756847328103893650087824173168908959299116947529973724703343050332780209763420767233979400222402748194019546358590380804158231703923889112772644771975372865517457978650198408929943820701851064031515434827967479135544016896
787 2077323860083760614113429931138083307082735873007828590224091617988033577930451103486824578653398536511257046813684921661875271419104693886851444662561447696838225739133627157424835317920739770163982924112846477790722650310869184343311946069859683171308166796642881906380522502554993411241982588938833312699481311479545245152726576375304925873970189926961405459718374738854154746029618911393776327306972113151126983054057706845088217087015955997706654480031451686462423673249866640390102990055115572799863524128303803166507317362548377264194102395213796575366733279187876062837257457332947244216981968633026576384
788 40680353534201225025304872110151855527634412322395491008668167022638933754047440862693508254083572807080524669981021196488924535789597667178702406294669020627751511525639901089953969500929152459616388859874971051819755430392805092911584481795471985564605261958859649671475974015654656535275942824773040748457034423293730719911154160366354952089817529665623124037096683581257171023551751583723720944481315765283250560681318811307190959651969160462513327254125728411011872389842368214708258011035991495308276329195996937167423660185169513713176176474407793158791953671132276746208575240596461467505921228963946954752
789 311388066928976764264841174415821456957349722421374694683226065826286302734608177097509328377673500958708444342242232389513927949846002260602593032249252127925474957248261446887668007104874353754392196043617199870548150413858332813390982429575458071721845097247742945289917416100304637347148057494448480668830690233914897137577367807156270249583707023456906928496978338292610715461084785853745603937178093702149169175271087799098021468260719688784859846223250882540116808527169702715842338966763375514744388716268359890195514522567440961255412540014093010770961180460011816894261832339914559568371321596451691167744
790 -1612258714889557065022051812873952870578506007013259479113026211791324332971552218899385518206642345886861072073367743921062723359625201242355549425044812599255639983996818968959459017345471712926236509627608642791117422056332626955587870232394234550918449519985268584121764484454980132072599767678946103780095689893526996781670738605548524494756451202810040136932940835662923077867486054431403498753731036685348211269726947421951038176511427038685213732999757639163271539495935317335428486958566191656530340912786760193090364680216145143457782648856210876561692267610200306158081234488557838643285735862315983568896
791 14999217491151758419623114026112634644272605093896134474630743635337795309466904989944331915349408371085628973441273686452446378351362552320514816489291225582521118153596602428813794249540963548022227903982679437843291025004780904110551928414663053514992339970466038839848755359385462530339744272747830256156723496205895848511822796497344395012624895228431871884868699439907709489715782554948163931210069475586041495855076486587273980240701946234370598262713896833494096862652869458205276576534877324299136282325652328628263949089391687482924056711936646082788096728911336453523445437303621434399204231768474738753536
792 37564749853490408008439787266184555988582138022917974483095523398974104501161440900314802322279661011687860063813190188929866309755692692908312449244618454824749880166592550449149360498142234336206404576748121513144172597365551709099507244607145441559704753620492934736585948805190452526347965089115121001685042021448836806768705570075921353797957748910714678916167384875814398714056148995652653586161152822572407104461719876175138654175687882206954696926639483772471819594536668564522092887377061754846172968478046540244079358492124438261359503625115309153660395028383786481766235619546224902136327295552419826499584
793 21134680381896037090299551924317170899091823156520341384803113217019926391502914395601365666589715388026709233728217296457553220191619179208511655610103924199603866231834701839658196717600298459488610379159760417732803770786294208152030936836442119380435500673224442035855090283715860878057655610576507995730627112690471926664860038571853301023724333552646883949070906588504969168423294645721584537400928865005552410463769854169531708745495694266688795446810108642593003785650574765341597629383556049183666810930314788912056873327780832083655935922508939119640423226771324681134694467992040827430777642618210813476864
794 -14138697298596892204048937421692215090855944194222286122867339860993516533909014724025298451852536385148214166454054458375223872244529992772705102840556341550683870069305441380905301416233782875156139820514003678785486467463811175130525876817216749353155624846696260227006361237011090309396746078532625595358339099123873350002234691460708067481273180158210001840282230026458019070882417213449666440189134519843516044290189206959219157079711961453426029924125190902821982107321268346521882594813673884522364411798965043423331449998844436714845890088808016581028942766672446198035914797417635637936014873373995578687488
795 24904864636629685233863080893859319421696547853766467749178668480294027835371992415509286890508514580150619855434806302681772150437163735557275015272708711215914087351327745777943806464802505634151154181895338064052807968296690742538126445956101127937440179622461753979420389018659028964352002534627895938603193058567969013246024885117333843153192872779823459734079066816343496989779269315440601237016212584889310465847827545614163921221567625203359475825609796723055579484040684164511307349350752600527618987002079979871070831442712923834364729581041729907744586015823047081932866875149820307440743874424987698755272704
796 -47892148761402142815511223801360420516114518002825246907211227292854802507606322582262567096370698633579166649380467435184094200597684050413901448461954362326037547972022840664766874326283243858714756501516781275022860444007781589185651939909096354297600645700743852845903033422254205416820744975095369784843747470246755593972117276096594422743201944499426463772297125917573811665447353734412657727014262524942602708902138363933263423015227625498821429541173760278565447196509531432215406956731106296747387760086806273724620287405857983530690546853176191734606251161851730293279030134276519877444263342126992342736961536
797 216923168409547882853690067510633056576597818858183340861856846960693968252930169265489995312316300437737938924464255514939333538155862338950567364709472021883538325234569152684414156847205297504333780923304158071728045411655374841288844127514735192000592581697550026789391414678582980360692570136379935416110281788760036230445805918805157607382251176339153976422183757485187731957858936719769052501141418537960140449191811940934639227975594399315621048754686914425055956268787007982845187260952344787360362752013862095075547128656402293616242472195487997649810825390901725707349512836795624890264555051575315221882863616
798 2700284082337501569965075955774696659660162311833925909619064800859716537853900147689040544190360010635585417925030630948363565371899217693811906927150805308907788982043098929256598232907300638694228721292325900168986175326268868277365670171264508747827325849042974112624770115809401876382939901523118990722834265806282853124041463621542365329075038933452922133633644821498423045980915421835739600419283819734502948491919833592481899716428053729977640189087396823009722331815622123981155149419820473972194698842552610024855373653926549467701110897332961926626963574889304386696280233096938368923643822435004269463248830464
799 14579098818080157217792632787946990777557586178738803009820878416851102362131191127898063971460214250097461663432599133815612880592900827247378983506305840325244094371177073755462350343770057631428055998348638026733202521670315180377215313927139151796758676413631421897019706892139888452246248402371543924520901504963423623138697508867985602535216727380922104497621105175856851035005852407712638088805822427486799779689197240339638910123246649271813034059711687780927717287756865655043015125310014167663391574331985110397140981547606201790112807200840862644145829009642802309167694198470594780396654850248480082379715641344
800 -89147683816122910829141707476819907952084674131038330946921878276604302069960614203973983517763735166474183426204629537109773576851757661517050510713752243724291520822671938536831631915945751725982483966404501877033598682836971683947872615468623614708639810718242517018696795170085054857244948997571064239321222163712044525158457972985186086553012460202106942434587034814736030656511493183002613209269409672806552004810339361521476987892236006232275277903533028767523631014998486206793520951586432781858288598110445230644793032141894823535487261528929523403060258688041203194902069999406178898556288764963657013754832355328
801 1026564069379865925569920095032616392122672842668444264529799318091275772586601577451192806359228707564729402732128604152364823986410515585257051945028200679740953366208895621839277420476412364441515451808315125993427950831835969562042488955795680527354462151015183175011805350780337632175580712706361787920651948129185915905153567124214329212766252971761192110424743143255520341864682975465177647338933787158190974624230401758854593950190954103558926178028791498678367059165791493026227788012994118223848221152379322041376255013471699790017559259297017056000678619242833280980597602200070970577012728837336851385287352254464
802 1492702122993480971757197180017907974397171395201378554161317201575648282859139804017546531724062595538835570236619556369068139581717042913774597222382681968215830645341772345746020077445100468907298679323797738494875443016025961013614957924284119086499615099861886503085318459435778240213427031490017385425195232682931915760115909633651515380487447313563001691147670260963261449173377231549027817575695111301251091023850899909346169289474458714956393877540583328360723194806868954900860099640752901516099831794236750323895845544457302007846646922676534653662829693473768893756136737873113892194109776962199259545900127617024
803 86437106736260707834057496445601405025753031970454827725839150105416031811136040313451153558209421998685621488703598604954339854878197199049500191861318092355044725213639054791370739849404566160088165402395658373890485692100707225917558524954063864556651489191854315503927789977934573814157147863218134016051428126334940924470384848436482900057295162319640953745738250735444730136420775847091390654770427933744661689107155783694664105347837698996476613115257908116025959545640055554040186810320434639762595029401588566261133279435574899489444781417768002120998371524062957590886649810945505225519995918466538599815101546496
804 31944079338060358016164610808955754139660139542548477874176990958242871642557126983367676862474295425575749787110504723426450739023723526154720017431592717646595294847043580981956670626140067978064573178327561076922519084059261485634005265887425535818418749098576657883453212812026649643037540137411125670349370893926622422038870593504316306865407098862402502690955262505955254577129770198425828934974228703087230300898549417608448696097768176039470703020706138894510126886253376649556237573373854400386751442673879000777484419166286778862579263271606721725247632425170341290249425398336029889658802729509740955255855585951744
805 1417599822275126067406994393849026575945536126837108367133141629440215267433723268221801870159928237059178628906469868204904821030060388273457801251053283413780973996147769619763303745584964619926596742652893033323054611736130108995831598564258412968633652525701482419725772741521963039318135935652362877964995554706060653194380231606210323647073627869105967207871910581214042993429076376752226920942261369372046739016842932595987607352740725869008206233008333225993067341186041397869490117319613377434878664621158177409154690579196027301542356903827928207803336436698253287690740481111676258785125093537706288948918604554829824
806 -3723410394330931388302545750604730966639701942563701367146978586903640986568644297075330209412945667650572887104847209566193550283233805080916198976377148019017053027797377495076415575432694014475475186389985289397019642856088288669149280359568048341934951118941297749471952640902260979326703680506085569050617791616970618459286972121454077117574529254672190342420875358541881094447964023199386471936657671619306310817229533668585762380633916352793845834452139771648064366099891257926663993243351606786523462795068052463308143298928723018473693154998765327760894698551543598561921034590373278104459223795555733865814478204960768
807 19605611492334610984890825474302051883583243793815495739202088584138156640030035782152499000859520622795496083212661382230203932004273551659912630664310211664870072533040661856717039350739774164486673545600614725917483388985849325172683035574401937294057524675952872925998163624352284673567368165442275074417583226045046186048858872714011538497390993785240976433235536007978217407155344326868695696671502094323919488147392124705627946441145080418758598263387617336320085379591200781240790265645416744094918382083415244747064758285808693299844506967823856570228051752925889133081390493876866791300978402941958267045461488801153024
808 167111455260405933755993226425458276766823767936424449235297420584721133599090044065773982513358270516885909953776229614146158658086347394634790000085776126994967467434884658771663427092753336711054923598726657050541515267000141280090688875545707212727686563828957325353473984086140076904918754090255972998061811652021451974757694149619834384886606038135969015688090999870627331357125803122005768128726229211480102935800333840220253183172791759609301335614484671205006480057009534306068299726535174677144084046818463752937636217500500823628624091479928546998689171495865679207304322620817408836851908195106496818474021940084342784
809 632592451843285528419925240639424076162002668906021649994196952901510150131860400573511743518369737019469367504582032559440142181827205692210217768423641481541816793265148432835584103044792862496181257243084861311341887170747342569877499865318275395199834456865745038626744356377978210313583826251562075907098030298125029582748679577679854802130265353144662029341026062140859516455072952442151365067387113147072053264946052435242576613649529732995116135359753048949668085230687173273146378113035607069767034519257343355797561485590311973624186367121458562120798499386051265825065744056449043991072360217881337527225138881207730176
810 -4532701623529845211095521387041932166177077286877212185354171304117264762956079458673715069348885563670468495723586874794398043685764442714680846131418679279072077452328139657594117331433415413058859879967271859771787397810517489569861109684559413261602750924273688336478892486214514077468042259118447590401860794577607389063194956509306241609273348221559106194755641528084852657594483600765918147578760493424264785585689219417847030212374782944900050592961168443424471464727074850866868249442586099524734298839425774172060274464616421091261042793997598767148474074445677531872792405936651126440327704886923590744449664891094040576
811 67603728545683491141663619968129179760254815687138851909305420585711953295572210553835952464433071936256407940081733714984983317385030318637379913878972513721235239122756647259801285825648889455802077433184122739154186261815751028036300850921244402412296420868499531508909443710422788321123778767883838969773531917155898497737208882619840071753383390323488268495580924760049516105477376300254332823737885694393993621737025144281598397814105169386050738049680818495089649639067868556029372342667869651954699521279668034303456639916945869484164521379399823951420692064979320249816474161208730739794053609855807818928975908422815842304
812 37254844900185241673581976226954274616112724819517796170888135952768237581119752576484962546225272975662096460426871408552868825522902568575439543248280179042558499534765303057194769048062938753768972294217476609718290491356796316914689359628090594954672265036997853184715695852375248669435661209661324057016096595326212028252945946613844167306266074983094102574549989740418727386456040796771940769581394573680614588001363630473985566501049724460748302249453298950082003870831835187880105523195235191806387810331114329828198832137870513687921573905878134050013381910316021532209972615873101228098278452809701204946848799551958024192
813 18111404199859367740140127226838272312005430313814319017926039356398078380736626788316399428666566106036451060034318592429630674806368551888642211959628827721581412797319046032585025627387975299499197494880926013488538523146852204842482592363567022689500262854603036868437384441468738733263908670322701129666706465889726201130431208877616362600397453838594287682957437528660241086344744667648192797666609290788793555025381838008464674703622892053070017042018499785317932054944457285648256021980807663630786462755748189024164833868797625923669073830243537839121060842880789790763207378787793892629475527418411548295633047519844368384
814 3788109989684305859859205048896904708863179573899870406649270396780953828248372834157976827287540403879849768673863790854579210387468173918001762164414918319294136404270412025039068994846181805113219955961405640120012200046450072735317394012015926269575518355786820305732565694400996318910185740076473929967910180434311302643735690625685615756467359096087331884228511994934520310600912461973401236165515503351732745190976865058986559431178934126788560642508289561473522801519706236202175341978658414242897933917353400856610981106422132967750703322291712495423673013503900875503380491605006191093161112176109706127783232923948227231744
815 77826689902095255881155035859789213678557755208943033096470635069157502369749337912153321691411538922364247505951941214033834648656424567156900613957241050287672748219017170388782237193577296694809344539928317141263210425882791711029491594532314086121506894187755802471215436473845984196934409537062790249165174552623773774560904165684963830058617752272457019204094029031906388373944699711971169865721958665137693253679473489541259207418515723339515269466274457572553903283552916970860100383523039279581818688596716632526096512734526668951535113060981773162548451857283102642386864603192216851246601126873285082333166072755658378182656
816 -260416438412961201361077723928359403598820147504487806609830166414521050287040078051971213788010216393729664058449597633340953779575899468281868329257006537919627454036198906164312284397675749711224905627144565532915587679399612099899211474750897282157484283412011154848415220711134116134559018372003616056095831291864203736665016621849936523191092942558980542453413458419915808086498126743126904462646355555187110236744471708397532622331380754001289195695755690881823553901701607630814435908865896006183362901560914619427560628410319631933585745830353961472543031711988012933933432040051885892832391156703516304766977087960438324330496
817 1610625972009402589855258027640574293387937486346235922444047749800433461997360668644291571940998553407040263496639253312212022768648068560567407375403453350384034969345060439921105266061647994769354256120386354422425253450285579330958408076437065372854404117540912279200645193074423419859612845695764930803810442729790727684023044784203865567625786580247316157979672399987377829520426690585949453724195580344260232701791450264143165265831184798363488257390672436101253538968852145178571132684877522407776253346073997854037541417660027398287519381415418070270681935644887281377049635714237415973592565063708124268059834322476016320118784
818 9673930004494966881842822796617738098847247532477085123133034884985062654664353177841650003963919754620575887071849994519558754994091616826054342673310631981693936646092684760750854508949190364401861652194113960247737098786178983329384499946477607355449248081972905555281847219879819274227704309693092285902954958501527961026959475772707887278319507394773728255431002126080146930305112546897578647837687818746632535490184398553815245827749423595754220366271575417712433467725750745207589167692148871487472600130521211177775563677054815062075890260809762448393329550370273189647891077122817586341877103395158733925343647056347643670167552
819 24667702963669171098610443042132114413791759380235586248678259545996841211203957983300250110740204264204689595009573776108517340423430248298536785582332931785621781726262871293197392413814107100449077504661825737346327690965837981791196654363839417560998205728110291483396025008181805698939678875692486307228446680165853629643331502090490715303173193637516185753490315108562215246956150388114047312003831955084976440716656122220966251887679854488809263583016575856197533022736545914567054655400574395497742362074488205845150095304641275714449598084222357773043278839031534403455398003478371125280222320281836183115963941399639564740460544
820 -204240376068520428419241346399439546471374950652900569529110057885944227489199836803777707152718265812478605056272921160285414181338764831365741834988314917831023271750276564213099131921766888780756774830091024843214675899524125784976153925725583134229058261288516254412237318271640064846362953532696481601865280321829557774791869101354123953530235960550889999284512276948277340816984730367171936095320841050288927120629490984930451487812498264176565542889508848009052948336036758242089484452870135579284827286886242479177312991495295400490322728009207963041610685721998833857904172394970540718034338851041131968841241929158739977197060096
821 4297378684645542701114746272132896756350270429593024291335083138722987698977045631387310306417211633130801529455082556144584898952672149002910152643432866218785729284309651192538272001791646768817978293168337224979995974294876387552258080562257544719320232505291185731453571442973706987012299482748302565899224969089347040565543506957014641357841972315051498606661768844332292188290348119221329561696467882226832055174626236873800743534963125553173950685879453729374026799200287520429678965918751248851813387902851925545141586812764470479080844227907819463805885986737088591405569332571219586407143622615633114612019998174677937748166311936
822 -1099952225988333087390782946047973973709035565527870425950249969327764461049810857471226804585017116489464466493834007921364952317371904850084885345264943649738038675320631853999556055979204940542433310758474301261045429653536918436217692090002323615834962882079975352559984173752402148002779387531244632825773928195525002102594810925598480515008867792776911859105891246296339335924280960217633506259676314279455847240027485369639275275263350186209799192875466252848348667354514504232024431968297345007814161703525910852467603001726497892992281009493806202787556696847939357741033181832821311689149750341822328912135818552137107473501782016
823 6958537791001636400991512085275821483232269524879119469896175913346995295474796476498041531867942915370216453004442998440998640345471085478576391257445906025450632686479383365295769795485470579922762113542515783222109076574399585109695467111061208293409136526404498537359011274497059439960676064314147434802562243933589992858107719816676039784593951806000464275977245485330051226106493570993580543669470359666347350758249574046944349302486742120910564199002073207721772906495328335346114800059034273179315618751021441183651864746398547227289330321801453807022377418808793942304127714963496361722822333902626005453693704463622749081267339264
824 326292852040149128125220629912360194754607927715719881962940633302538528644792396516084609526683831016382282276584410267326334108787865893054754997479692977894336326006313811044151614105445364530237045582272529067424764026381334449757286244780485864447617428026395685461618678210180044329042033480124339594260743276040506993875571767188459552615682401269460503182657820717562436510571944328042305530077683600823976993777359497169664543619745360800577698385829577179240146415356450918741340041144347031190729219202021260751983405074586721043025992031586667458030623719195092713341665606519814225164889170091357450697855379109405028963489677312
825 4105838246597706863559555904803885164997417644453666612381669218991639860903908788737759059149728487697506769892337254553400139473810087237140314346252070822406682279193881714377057985839187242829041288867854627922785184710525144213881979768603499897768316959732277515348716156232858168539371763916803539901441141175476136294668445174250955795139189553069024873791772799917728065608906926927334664936918251706436793528642207106539049807195306846896918211582386584141615938003096734192487061462689412706061994559980279300740228056795791160125781685875079262058897579588383176093542414402295058199761014180272671371038938246437243729585324949504
826 -16846861629367471493753900577013996636331133859156193317893151504693374862587819333618028194752112353947061858912718100704185731888806501325356268451399439792022336133138034535689065741355890810750280981864278933341471908646370882893069900759064197002944464074302510328932906490586969298614751788646469973136398612516867988932069144002978104199026721811650910408827602904983440665234160757928316085571809778339967933628456510802448713685964438363504451355639852058345988326368510453964811378473170074616553682707543610137313057193939315109091459365464880538837041449159995784314754270309773176660095717082114278968951880386556990336297112436736
827 123391882188389481200732372677953319232257098331931775107221501198036753478136718666329758376151775100467096606572785607291269277108409220681544796512323442193857795439138607774537413051556865606935158190455460374130907017624817554639494147660582078440493006871231250126621994236361992612030096155074919869623262149955237593590466515369462739933598914569982555795279647952250499907493018682959036723214059138006110588200457258767066425721123903198001085192025554224401952076103316270766563260693974688998072780296589289871550655817830265473128552411462686403205576746980273437206366447170637239856904653559415891844285737122837368325253434966016
828 520548715000545133599932495946364999232571621793173858778045423502739059181266936797763924959536046823804026268658817932979471980784089876820988556544686529002190944951547234885367189635272692970828523909774422595739932706006559995126471469272085351840777801438731770061984956512476943271987624773961174381476399015196110316133131053890530254955572029407230170769621227029111759535411762594842872825040669640370330099258106696605242717882818560758700578807796583243080116522334625031340660501174450426103821163536622613754960709883937255637360038793096989149266632812882923765135440511297618657151663792160000366156884730321402541295955674660864
829 813023432959531665672892785750359661274683504320764656757847797126363042793752058972083980775599753792375761022402403667885947442933377361198590509562418339779080050857204789151972924351247618075082953345185741003797913715736939784083094193716550091720624747358543092277657777783352834338551049375241014054720722700203640967139823993838270686018253602270804454484477822259313079093777177776776718135742767569105381573590136068101022907814964306198962691767447983673391470565609362017167751150811186417857329985701671658966412486144334945264402761094771969438730763215973508215364592095576583359229835949168924460709854270432851099931974245023744
830 -7317195368370284425691164625186300316338861338951309551581019366070773492237134604305815257335281011417633301894011145734225722396015807384313635253488771653661745288739752395327533418778036315634033186451262167750888637930670695497663810895489580387267531440272925737174110752897996612226588669256000680177905743029121264047493728390010071235573402178905309673258215348771719431839586363036103231301212027132140043575974337009920059264427927283385463456327360393996085654277149453416681441564540807158760412369074347632320077630155133934309630834770946214026125719410089194375663134311200607849009123022539914961023907917020682836732460062998528
831 264143675749712404577304092907649262879850958332205854409321684001333150998716164707664633079007015318503670192381244512335431837949470521802758949436361127874202180117105447080603496297409110876923405203642842169663760356229390972101651550525252985873021066073384778001724381279713808705263577261451507982675972176646712863006390389239100352609840174232959775594540741833395618980568591478916698205296125179597807030904857319712953276167414160427404143582497267837812809286954681705093246864286675286935494220289950766583524302683815524602192972850545392872153325466781932174301606886404805380880424509174202708400881348145561926643075909119115264
832 -264868194011970565306807295736056221290436586862679986087809784359586505133642412248776392336782980044262553138117203880024755232919295266838437595086542528981781728487779082273094006315743376414687908545796970290029189062866942805814733614029206114298666270009312532718582301477882308195806996228717643908430691514063368183048889056001563221230310828093072959614969050698512552174876807992894582228384834334520105368383943406244871243568168926873689996580572189819251034373425304649283335281907802551339969135275299440016504732720895182984679283528680709951986515838531274314578395381214479740124045385377125236721983767143379454662540790832562176
833 1059475012118114342639770527249863760620940136241442364081743093799921141113124934402889011376028735447830003364764725687950704792692561864125960204236681166153523338283529390906168122918153189232758362869566849344910888565046265031767035762222973800298070225214620672313101737501442993925361376532318831903022395679523929402769671231859201436078330067152889818522576450218992361020142018093082090310087432200612829717968285439809922128723247919521108897141761449382283149130821430479380619033788631572041476821423858171032398334184299534460796272286531057380779028886973919915330601539912283463800735216385679293580463463003514515672527535809232896
834 24315704062078240272876957915460593602239613159590976399766349022564566733423301533111814544366371073275955734989201862152942829268717021313022976613367829686125398689522347711637747664417964144284229888205466105646786262278698018490597381306190038582624031867115213587618256418517212868410850704163964940382684567753289776456289659129540592710200535597073367074980913931124851305457205174096886392555921509896379397103963571514569186446516053664194200447912301700496984932855002751987885924054481828952791766005737123172411085641051183826007321439469266050689103819313226957527249563415326853219262365018330743045918075620488054417507552528269574144
835 206926367585590553836498022160478974417505520851948963718770897427689040021398435964862305796430858433303125977480408080651383591367267192579548678323590578807087861771439080722585603634303304915640754760504495307532885147505658861844029243835762034901931231281304813228285921051625192228181985857249953861203302091895855746272083283871486582284385964172219894686045602390995509463805813509311675462952676049002345150589552949790449241053088211787327608783664856981845312154700012612352503959302880288664277889993184581440226472202211278230618990228299742726468236246947972766486595336224435278166118168322137703815904262246049397787990294225406132224
836 -1018410248036867602643487387991864378933012520363061416417114064733591626418504319579847410016046037966089252292395408052052715657184746527706671567116439344862633206493089781225784037022202576246481344264153228420342201662131531159137558589364791036495874298626382918503339696721628449209241772320763970156104159591958102316320860694676247257056747160227486000537931290437719405486963146590634259415144859256659189680396369350322521309340552075966572989514667337222081815691920959285850409221698470314819738897004490823393630662292586137108265649157108698740815289354804178109832375137204338037077929621577767303779721272529511274137770076664095571968
837 8948181992791813197929374095109606428219292793002255571084749567748361914169582614073635093196274827556482319368761784849818743454763797355809239325481463645587556483679031285993365699066923675008509319237158669645510539996958598780366335613391503747067656795248270821948167562954862570015397934668552038185840240924969149580978647609848359439653381533918654065754235847316670309815794186881123067230505446583709619219043129629381707164485849335209613953253763632159332054372348807330934492218429331145846723853409429220059707222584567216039308852795353356627981728837839594533521897276350738380971251889386536578211368627520879744983763557135966797824
838 25517821425611186354386756269107475911746162485501533905261199291837452592919643109558543311399761215135359495828137237564738170070088545929895830067595896039088942861992065114361385100157662738810593343678296718620928297166173112947889074831606008040688215423296126626633762698012885278257076737366283766005873737341390179426616800669985238242757946838932132300948887809774479415397398303445953762495637841547206923455459894935179527688386110705332403632327027880592489205767490153431322758840505887307087249488816174478598550097582489439557387767245918327792577654039091837195297573497179328304200033744598326024154565257500112826625336216551983939584
839 19454210971171677573892227772722376631748702149838877394417860577297991291789178552729348024264718201902560953397121162769649399497020597873751061172222540317410915672811859662512500578229261235934731220862574151549628923155700946242497163816193655814744115045187391172842586562940211328564731507340793437616985580489501595911948793184126052653360831138710470231857443636600668213380047985232782994223257060359288307365143856741261037106218380715860455964209446566121786269784637594721095167969929579546512746307255841063456492213603455085062406788269140643655121892796403708769575242000726129947267145659898668304513799596629944750895185410288649240576
840 -109138318378446022819698696232562415960600872797558303018047332448162597365118415959796182057590962843528460795431236468165018032213527072166320132802464787247008164656511289935621453628054574557953405079642032210008491287183229942839512258753167266979886972684790828711162464137491105407218960364801785574017938459940149445938705377218756896448900703325377552155978764940086497751150067011511410497727981530013277887712059438352065933644266709045936008999304692273361362386249885357691944143747112161190504360855885663683373467133427774922901433658158552788287733622362928052593905938025220288982205100132719831654136885221759707008468808770243239346176
841 15707963421459984830826956514943776126106054348833377314555637467619120603604681339455046045854301642866806696482891981247347460136320740275699054226767645063298313633600927082857927214925654815431567139539600492182029299776720192055208846765719323081978334118335564534324736846653321792437850614970395446089766524255680801478135968107716375726543529626066312929178044562490275748343094889940198478921018834075338575036314358623752808206878327516183269842469188451177258237642082177825769355763105709581999935483831692048849065643055188690974813846338824400545146437244921051281942853205845261373472367708397989679456738679234115224566881220312671614664704
842 -26959350738399120237382109135739793487829377704546722972207863665124233107977226176239285936348996615577832102049116617666659658606877239483831068330666253180826812728377084151817553686633274734253138288947118743572247561045099477581451554491584019469858256718243493700292258464925197417816909671197803768598607809837793303564327872544050482561475859717034900541294947764822881448290624448621317088321579676964436611086400695288276975600069463767538378603534765365939629717044673658816245423407457348923316831129576164957994806766994950917983894261493831196675067556782339050059846922722932073299239758125567119954672651001301602630832182445517749782315008
843 117334142525738747799256151478918386167737303121529681357398186096139715125490628211083728568549962602508949049257037446200341659536899754387755549478310495611102621914934880979156926173478362762438674486557918436456086583235801224887192777011666969370237675904926954426765631209472584374448000425773426246887461413434185762344023551823328301396017374745054004075206095860953536121537430333689312002126830517761472074860292660367084712045162470375293880047854628526088317690199601466515881074619273979574115215769260694279813061709596281873278649796797299459363874558573233767231234749449037635995179718858385498183144776810505421111269381610890062079197184
844 1651166901968816778867727621918829326403383882600252047155029708099775780231918132953295864382181698317571482905629413052074804251733856496622090718629304542398424094183955344258348410353422113745283357164254723384216868126715036750481294938872809868317995892821124561226033027557999528005502714219860125145449285594998858681538923031342335961240423455663643737906665554192433462189765455969712544951063925972905658363313267968247788083606859625905682269461045741678895589807081576317278503321113868900608636194925493057781361192356639647707178336664628031427424685954393341559513129768164881599278364264803763619285429859320290327609577793115229226002284544
845 9870706480007399911097801440145286291572480516232320703046054957857387613795273914742099043064192623241887724324237562544264100490345930925145937563757709374401857059524680004488752298254768624085725670577918245256638851213274897129896461806092904437312348478651330298738641624081478502811808547469708254872340748438724648276245308895887809607786196773474340926641611058083168592539739232882177388159077231587137287797368636781880602615276871174825262119086879053314837637501379190323543730813855665770879747924684932910231692129525693020484964624541492605075601310675187493014727461810013713787816206320787074873961352146818821241760532616909749539942957056
846 -57526027953288479788945533387535669918362623920521561668700272343586437585048930320978453831893875491995132638459591994420198120542583061439792015686697590251960199978324798217711961401914914314143800778722798617846511775981593135081391301955784463392871469291139407593079082572704917714817437062439813324041364271770155964746810766938081388429790999323886818221255018731565819525642216248890675570794812593136807020377567705128269172304294114007988468419637505619760392915906671211941742117246311934229465013771896901450194957201946363881894859890323164529044894859856115718455173655168313402563773672298275775218728316424249381336577847965061832938247684096
847 619937194410020952460570883423132331148925319622025008504313416521310533496227786590752932023450418058562422060086123987455207085179829662959280318353300617425202867477544368193037393019380399776016528681122936932360364326046936219848673518027942866913105313703584900125953344306648072241346747649221471733076304204571164257126702507428655410747023492580701960425047014965769479471407600367662657110888828063664510694846320695776499960067094803768752989022960207850612996322345115338059654819932223936133556986793820465907933568482778346105182250177648394741064315644768015020722265542574949336800932058965312667697370796185534358282295712636553860751959261184
848 1081545260432568322768374871695194708409521427699280800334296749543531093582174197667321974346749546532154785908041432372042148440137573421006123307111486367161413572723782574033050298689200142178165612723602601093459598362746527935934154668744768360660679603207629393863489820356308003734644957867690823957814125088010213174546958699912890346300707163597579536063242490734292126438028079001130373707930657154775459902289796200333940292685980309273590010278185033490733318900795864961544618261629894221661248262602787478326273498014791393957609029540739284896571719155048709572360708509883863990906565561517765761654868622078869090266346666166125567642909540352
849 182506531085775904101094371842375731995631193684859549517661009732602960902932236615575110631477382745568247153864904372689151116806071947634591595299592884296883661370084046334699341905631906865730706038488640508867861980068743484888848344084367979540593637577531798307932372914855973771813109058645483821340654489643832544285335090335319932598178461392725872813835270993139978486910589970523118027988450106127874441860818929510739006836551388328840212796054309887599722708043316293523337204768447423372198276827369329527105170725856179725218211036281584409227562195567489200098950122005187136200132334717274358537560328869805055789053499881629190086767673344
850 13987197643238043731444418455315324543264760649836219103914934982850281869621658626618045602716488031825023888593311011934216451575483536049627547131716840405501259099377114344303885250286520989153091496703001347495341753358339138653170465884989636360163366421689426184275061074272325149263280792331311926320017091285550192537237066756631620012169533962292862395204924794988943024702739834499014612105960320037876143881099158627536190915950274435032014496271845407728403360570477452829999161299946190348356755142622285493181348644894169529309632763577421275434167465690798235065705380544637786231883007853570522030799255249410529157289477657417103699966064328704
851 903232330884724817941768172619226241006919257219495969854069179814485801408457661379237981797457724377227092606256338901579151951470935671621598860283064275432301434325613734461720163363215734626760903416122095431815847317358972809085717288123502054013868883734986958542477824055634953565521135717013258310712055896655498804222020235388467142146766142093469744323148150881419539503209334114657518981230094520645367510926165640064286586729934932479572777268727692566146427713191964221267741031107082227754882584129103578722939893888234019164973365429789091507789010771183168705013176646421859610257021357863321398890896612438167560703051252875227470475253918990336
852 -2184965725541938995268701267214630516521566366689096187052484946448032081981310643267459832505510742087873940298047113022482745666645373172403078445392629394549262499815140619227850761117248559655475757905157046476862777666186491969548210540252639431585389285371695560766486227341025381198843589767080775723248063226052047056298134213458476609487210385910863372869438056511023405247037821117409782603411909594710060090709128758774813310614245849180365465111751146236780969487378178348641778299869329570780956036320060559529005977541243140210400737045133704650270326103627828769458979539309203761200357407526973660829468028181203973793396028166656542863310366703616
853 10990547827081199850117819632331647748982729027348378275348579091936022354480961593956623240191611932972555649461034153875463291540831791124893111276046014974637992534706495866540932867619952212357935202171741658046273072274515895400665336702382406263689691260510540824208634059356969688297556582504036567315532202267905822927948468743863434352348493720178598407553991907729610828664381945239295195521178955801836130358366415210110382487213993514640248863693836709274343202501285604518493237444049477553977565852586122000201266416290442581986072867638704415657960340079441726930625732313783378790707954266815637384417643054855199446125882231181280534600805634801664
854 104230672484712079059095304645930648317136586732401646516265401263315831287923726442880763519188033067675709697073707257792289236090314234934255091859282220929229068196855134486541807338194588138764235862961704856350352636954036026600190866467201239446010077098305455068102749578840487953690029120095143183991149390352841585624436277437080110595512065595876799216502948630311640533819367157064224888501742362534675882609806700910102641967326211886298975259089752540843723535993839208656260671747952193272263183369084909334461306898526772141797157212931149487452457226267883898444548681015464839670699636643283128454534374774911376744583014533320200005189361165402112
855 439031346409715832497457350651887820697315453623630339930254219697793653668357490745455154451959531661529625826494601910039908608748141953858528459353183784428252586125194612747411592765065446930836678237104801561563687591550229810559383821742873626069637707833797117248266244923633293113521798482408978330570505776102665331667061788577112342074002362198465266083589128883485790705308382143432236350775918066979444110658969324619331731804239422666357791327819914344254416566138971113933533614141786335888817426324889880114908014119105188080319146610782811174645802095459443705116789156040345354597449666533847811985021114562126279466573337537015459542854941544546304
856 -3005202078841523489441100217861955156347698845785423546490841980149036973875950087126694814147387930043955116409858547959230558837085193524883895478890956676700983619263465288727046624530942802457300626080771939721605587814048323897076207661995848705641899803663388037060387825781098431372940338387191332966174875918795675810006049595834300507453251013228621824885373402059165536693723544627433515502075737467197611548590144379593589899614205245094988971724196656764380381560012876544910852941254671699514619245597956437580241439424048130227961448713651090070587262040699832227675888653921302947043516451868897329018934422872196747660407561361944320739753990014631936
857 41273775137061868348026818983963649465740080692051029529157344205662712572372143182049392922640957547053554783719548300381612311182264025227929787357056101927743758622380619164007255751259249969027136490604150447028843032645347083857994591785547971820534890190431198586222736983404056706856758877767697341600354750025197838084564237826323748876210389360072209922907891723419114017593922050157109019348001776792963398234615616561732195745181131086980770851552923368158566505864830495682112184224211925539219300732491666806744235226596461295584586869976450809168219489488331088388809513760575407613512322213901425863733953058168363724040727709856825656548928070579388416
858 33208364874938460948114097379143368536462118958791184718407190851088753187904055409121440071386033226753766751544554079618104444903723588918703547768263815570974210295629801874156428663432610709770385382124859130579855900094275447762420266130274721193917329085745860307120554789564239768902381210039409079653263441555275150391069361808265005085598419728546490408993089090429383923018618663581041412617983196318126302858738600877748010388740723120675910480774693485871835664712705472096493934124915572691965592107151518007031666867255998596996725380005691308214502109036013072365714674023550532821210192214963315947983777972557873608003236601085902754700811370458251264
859 3402066094058492644729905556151598963803718267959190981299460182524238164438273823380066646971558199997791301939156850810103304782429748942557743288373160890176869261794009047324995637338612829431503311157226981555910873049037402256306465130263120998147581282089745388574987350293614681811317265288847650677139587301376351635363488962738301912245236590103480424865384774760211778108998177213586427834750834256398292982089050534184937318885843999217643709471516472595606266223430452804721003887420075813939844722345485589239351552273398611280263872786001079318385345710610911583172083969417823899187629898892285161925695688687832093567410207508442362212184197792006144
860 2035073461182060629221276429117065244584739042445602572021328518612181739620604210005395835137396896638754892780681649696548955338253889828802129865619906181029918994010182109237492420239875672237520030001688322566728911401727202695915230226651235535652531716745982718831511553996706140000797330787593059063579886463663787427867956014938413172865901808345690422147830940004633035866023068676615516984083096763673031606883465466799403928130529502885254720431176031957814177277865181564800805100870782451820873384294466534710219560927230455343621416252573099471468973498730250514587929950163178781380626557584145245321447445579126062919706949864269285415475734313300918272
861 50132523274895077238686081709345273798510733537181654581153239498646928994370064702827917257472682179078929840800223785973380774005334814184481795830895072816456521481135245469481959500206781213116024266842205403885964174315036674374088588370224789188727186208162306376643980804202083458805113076682238425929810145761960870102437416263552086584431229818181516990392308742554470908252311789852821184555667495938798625296186335723203023469211292006563391251119440419267789818207989184126709296865083368159187765475561152635712210638844955815670667373200007399179024868083141970914208323092444289867843731037834384434623077409118028934230421383073738905902424679563671896064
862 -157002154704115640625147350233925459320000292547547119428250116385293201550277491570523553100210525273643155705719914470191804859537443601651559070382384651117658040207706421346206307081241701125163541135328363496968312285018904331271349557597305228663858634632901667212592886031090798580542136572316285474791103062220808690867431429740062584271426053235554915210333576101455931572729421633891498621861559641193981458490399292878328041439117629325970244327229860547327492949028116459465901224274654399510756316891358493280885335671888679680950555402631469505848257249239566970602890294743659502293603496335304591206588033204866063719475783827406409953358892657658745061376
863 925468274884579099576023164329331704757293211177630359595835872617878389367588975397971779035102393637750464910610962715720162889856363496583297817480536711052609718531576944840357331185499743529800277152816338605578672873395886986621364561835819836602998371084616490385702391505869403109910829098492888959597488804793403904802142466807090673256663899964773192261247498434580117920054270062667436943628041579941134573057603608224730010172542819542343723298483876139719119045150617850029839252662106689360097073663996903445467159072822228893502927530027061746081188588816375697924014112622501253466571377982299681722496266595397838331604299719011358214691067092088752439296
864 6154665457738525299537477360964109164938194583653137754642364757455031752267236471782325971273723037280190378476551792324013626015719800474359747635570142051974075235394363581815763019918656391789332344696200289783744818784420187857289436851709091550970402434539699760299562643761353563069326307348991382041902238627457018182059289070083321247165650237575060464675091363435527753590481714493030212812875646501142712712941389156214342829733421006515043564646068053233012431393461246422108625148652112315042501839870446994745134246664075392007897747084027555412478616303061345686855899290233452427772503776148004869632333970001952190746703687310665963489641437158851733356544
865 17744778055917266653166034017769772041037090202728088120937122600944071944394699181580285234159388315560917138147215173617827079274642838647824910719496056401288593108064099127331859212894557923017488147555412700737793325731884554856586726826963007657113180200481709944318972958723410914736053651570670363467506153437876763439611609314661207089674921228143096370560031717998829136260032506396759602384577900400178837509474436297934509129931211791506265619745422651623846894163660226776690971846989362344588427064489842804454999664534791295020713949352167758843952719933008967790574187123787021627356556848157481614993495660708443560171298492074378734807296093376252555034624
866 -141186473136823546523907766310822717957818517542954647480960275582141788917805613344411729573455649333049131400073891216776183958919781918823725312376357447062063393072896838516999355138155513281990661991601657135818777130543030506680539437049601550505981745849982625869255127754342124571499664213821611419017255794499424954831129054981544880625508248310924215909212801724902666882809645574086309703588454909076591941721160309177690056759975128758385002972089911711712265296093390868170275021664566187876439916341544424413700122782420493085930354034895158623519461117956956564562584538265290620982750080213733522495672611286602904101374790649078586655866795596569963468423168
867 2650424602712056342279553826192936480947826091904079372628544918314862120618099817430073283786731416855068542625070830641336029087196626035174658880482305821256702601405299430362570396637316241160247664792709445104964322471049698612833125126983737893601150822899310240500027831110610157798426079625187988781741291031363761898164630483000167294634523041808851627720641121205542496872658283184558587738349854620074628804230855551464875687705128634098583750592228549989478829587547183691103413779514259194282565737776062051763425260807686437438838485798595674496395985630574682941667109940813541258022917370485307178722101698334328330350783666004888965612215172288501526638362624
868 -70003937567010182861735746403413272122063198009006271082729293061780971541224120142837602657228693664375372101473214712455357616865073960641615442622887063882851492988872245081264986077869939967497647196582775953881765834198855088936901685037295821722663787564423840669946032071555241733865698350282591661338976769216498093405611555861471021298220802485522271303001510417894623215924149834133812404533362957191806939587063032503145128775906413973936293344269141134097254504695886745517376979437431039214447069345611538022487107861094095230135654266770828897482464123177936394660511337286279571359160401918737051285838593072767409530739702406222235954034749149953892198383616
869 2946395979034227614507404723884806267746455168586158051807148379242223521936418298304111015521868527665375177834043388642754835122948818419531101080762964974664294037509416702899242344328432915493999901227507336413803306687121410487886325772750617937647965287684493325344434686166495574137436679046407113360759047524437084295676507977904345663338393364842454890531163699812077022332109764958307096991808903840369761562780037050548336174058057596480424988586197034554328390217438915868141404311750406701237041799778885311090810316012914894893416914402589889264890180540089622538214018351371248892974727732109417138798068723298394301506991801885967305681576167709364140665470976
870 186897889689075886535241666937417385712168337824173574315957357565915492843784625622356507276003328380836695132178263040839434437304481508591478469626640926969873841029851148442582003479410261851639766184124383101438514047898903421638445604778372175472221514725185218204071623365634486981760043928728633532081346208747378634691857502384324542483359054750147031011307875618875955180213053054727350870504505887766004345087499290514462440772378526053407396279107597481888542076000004222897649538925773917683875167461995820169414637166238228372253335468163291994340239599770180145774098196479848300789757086464447920026398665439512338649103152015954293519429313045552090618185908224
871 2677278159348872007121245143514284625274132163297695666626851765671502877043982587599380331900949670833151997130766601429220184450960330656888051406860808899270060592311465864687861062129107529781802247638545988712920731450760160582871033902812065009890141822167488165815277347038508861770043362916888406133578515686890745155803523032386866816845961847625768378413087173106702429483019845212163257240630583770717081350632654555960176229632602081965888129409523054535500390192784925480724923817508394175407824148324025076932502445809811159718581801507911826808730764144406445668473068064805732008962953468414868288133088381880761654565776505932022923378332607226096255574007087104
872 -10375556719501404448984723821156549999211233013534048034370394859883199460134512575146846874412418002337824445158473444019666185017593828628131260685452630275520759562758085883159272772890055221493949955544194176044326018161216875416490729283780506441491832555926878921919760850910795677691472514946837239003460073796948622013690347557125707935465612905986996873024551077155462058404093272879694227871977091322375661531195126578685820596359622746480592755455852652075968314417914367260077853614492428763475085975999853376210076389521362841427930978287409357431916144083491482595869476309748486519744924961122400303011878447990384401597937858574976419291612495652576830329305694208
873 72234052182060904445415291845769012462396578599304847674121503228522550494472634504808852421510492908046108110140483885640553565361562320421410249368715617192909796431943112955326317670844947651092150024681537378776739181008818942374199762424692419881158991356973290458711744521566327100221454321568415803549097874839087472697585624911209597839152713308804981495854926552696437600509466986785481434541941552504926482802743332166336517538240241382651666871222616002478232910337458912102684208051309686285181574191040246972409703479576493955098072541630907973399956752680828022184473413315469239957999967436183906307731218680646033386615666699841537572127593774521144296638443945984
874 338811511255036300193471333633873868072858882937777737611261376748032691041987829401649391537395094549353812037571483964173399330238646368040794501749220654076206037539765721075332998772527393043936060535849673359017942810951166188880055336098938021311543540048065176835029783769142262822361443905390576326616339446092520122206012140108955037327640987779081272698719853518642637357073106522336230032656877483508295414513528007899662630155136304037697208727804302179726675076907199093689005999963773013436302597625245206128202908045751575149523812017355297591522353547373369556445459410708031847282190613764929912614452522677853535600246835067521915079149910049508793057272181817344
875 620426281887790679801448141212474202177422197933799716554017521494956242221680305101053394078662202865703020028367403656743831084956491736712835077589546957474185000439432509159200662133045834526342677197792946585490550101165273299905973576784291239996625753283333390800034744154183855976958380566380506626154147919079723663125907241311457302614754344944543177912946207161329262771511862010942692439665025482394060511873710045594979707107521406583796824017881888060162368106040798162812266347148877055642917325182976789017460537495432713231564705811445589707829731393634501866754053980552319235643956045604324007328961955695437608086155959783017444003727219393014511427404437651456
876 -5526723121808212644950192611278047813102339458975427053686605359481204198016990149102052376855631563733992993178621518544222986710562594708226378249609747791192633708892401075644230417596022443404260247622306055951558277876328236037511113669760992845273023250210414819953657828291575519764092479330771212542030753340335712713793989412066564605984460989469403323688493601050508864304389083598745162506702828722665685868328684396404283795805561946672195477686255884974238868821186129277523437713589101074969234042117921567611103849742401965882734925111414137893488475920703733716698885702215744918213251621221444313705946801364259809142895299068057805030465168406752839100462002077696
877 164511081735909009968918860720506668406167002843640785016429527873806749742950742348477994627085018678870677016866846880808018871105200223096927604432182205233755300417094142527527781195043086527759260139638849630399470854869710224665735315179692422615936415566400429178549341075872747847363422640451994722600506739390123113068912675708883422598660062646276572581997618123181158366896352888485381713895757924562242004875618129210740680655121228400033740232653353392989386538156727936686389348483637071660299830378095156029148609867088970850869470644898476138279516765978933267746019241607667700667056412664330027246124609881185207632061029488990019684996809252535680565092465544003584
878 -129603223765267136933528062157929855488694102584736032937744844134502932501464778554822678328548674966858932782689838179092238276197780389320192492288844091375975536953561914277554663023818244554302560587612037539999990321918330162687929350077608076284471125890509239260793761380480143510991252458862999016941053735077106166406528326505478110441492904751402743290985288501332361613720957371418025021947954810157472448583125972039322876115945181019212635760804046066368394245685306785879639263992060165215171060163714179355929153241719531304349704568253273956577615545836477857018177796953527558657776944650948285180797448514099632825917761499697164860872233993385236812598875518926848
879 526637226847262647883961303619047102889978696768687068674114912630181615410710208159560369772929969603691854069802009185140848104573721210076005761767625540458706654303246434087773530085873147913136876341175736877771322204592248858028258787377290782454196131786937297446693346671755976544073754025850078049207562162427403902250954615423975802692930867570144853127976359935138894546931174613634526088632484929748733452681501554166168338279127546688655078183570263755153608937919298946559879211116354770178335392027013930254346515198053038478392847788602944230995453536914888192181325605490848695802966580251109073047868149241232258866752246811778942947932428056315345229845124972806144
880 14420413696718403256133021105060421873147501683577371306091551817419804860712046832306329866803624304743355154990124426062478334243964824543792165779669502254440283356124018993577983750538266781692864673824782750753218986155147883015138446920356298999404221182141215005264391182772769910229773990909007436403170865493393028995842596562345041914079464108430900331795463863036071738506861865143383131837772335393393186006009029411942032861856938419963072941686414206643243651750634403552930174060366844245209706687752820395556023170802446700827607918766576064278307535360074798889859712499469148698839883001556095800687564171357660150900586951575244147528327961884724940979735783752597504
881 136861842920665996176758718122793055571430478178846983413891203299405905943805046642507695890176677793615290473191599155487996808203999814896341793335836579807045258594745017085396197951192945797384973721056684712224839676934313375679177354380280620727672867717256765740788079664450860903681159424313483556438061534424924150591400362452543900127970606471648841705185176091306634217094408021419326570697307435996416861698794837835689296520913252259824816025217306537184221575069897614567171845378469604099925120755425198804298707637729906911590044822893649368349846948667945508028784484364352776822425698777010779042192405134555041360616588755473697181676951248699868147426654135292788736
882 -639577389016444372877596813326706532182912537330514894453809583777193271677976269602104281427203878308578711793080937579395245911709706789893391813655150183825391572051128822736656246751274494832424303212642633390340275767482125558004196589839372677101961807045808066212817191486172848982622680304217969712621962826970080032104324696340222716056275185514312463275429042432293276705001903694671694954470701348065934122972774387305791392817723596917032508788437151870008205555627369004464077261246833303612881880541984365705853114963668502675908826330472016551860632232760113435136585475118500611114554527819512387244190100321755844308043450384606146601895950610117329785737061217616265216
883 5317370974387279952051156141925811923810302782769419486894074723585940360226720252035318865754254653723742632365365071574520402921497304582138142594143851760375450915463381404599609142073899995588895117619503004663416270653421351906201346104329766618382693265207437963100255673550566008604697761125270650844317456501434831761135869871928049540142581978042207230534120328482307444497818525658604296613389722157866713831431623798742172469788042820651309520082499315063338985258144241564219857567286954567912847953271353653393112880146903073490807976358304435186888921806732919877753138485113699766851805951507564702945806763379163446453169234433325253712183455712854398061909479695595864064
884 17127477633973834261197026194137259054643939908592560876718685536146756114483858403048836252545920086333019579545331248269161849875565167625275294714236735372467320805326485457575682877373777961541808362631069024882883636921927374860615581822223106414481990542510237061095111750352169739369083004818132666328320476630887116219230177850253297778504424904275051113417105209713674522375213629675790378588606328821854741822687663571247443408825929235081677959726887692910815738446310477245390821047587234860529605443023469246887168408605465225578314411784950347599508839207909413006390599207324017508718565187875993527983562451938799725683272532296427794509460195563966944491537852443144486912
885 16763893870919804305917252791545023167658734709821302196179677267527198523607324013791612337967935598758003636871332501002881052643925311859909364139955639469204985542121049838292241503067418651374592829344648079302857963101734555085147215051081593302453574176927458621035228669710746520196784630830356385212883195007461709666511402064491632339728579656095699684589785265228468010333224145023561647825504127642442771762807943778029594090047660032353568464239128631266306607495004262854664301800603671751129543928891432001179602909307834069776569451742397807515435247124563391720073986489841040726493592857492211763583732800295293120267752042524915258742471148202265851952655534230134063104
886 -130246451337222811377667996800274841351005986500836105884109169448975862316438825166407681412915298546731085970705654800176824891455869387313580713500182542620462487720020231357531745343279820543519371343755012519560486272971098269021033801612666969686848968449206021609515177853641493123189654595548940566827882867576454786669685153157256035587315154212853909946401852751713686643329496073549744539967925466930414918697793554041551185802482255560099834354891161979475046952900316495956441848088989190707362987626902539870895793888991673164407768135665486014361115621985820116420858779856568188483776982466967583698609127291577210415038950110150390496472618960870089489210888398785411547136
887 9878655367447038196981342119092716922530903699309840844798648236768415036605260357342436396035787717844849614882863451712045048134165368425744998094861251945563728533287637131682118763842717702919305962028769883705164675575476007126449723540062172739856772983627137823413688156386811962113594869494357629712825103731013105844679973577084251226478684046609723570889890506918694325864521556221063961087584093134664003622793582213595692114926166327656258101647155588019144979042424911774390981030412411702760766081742664065832809719065540068384995485200057342113981777995408100100171748881988286173030521830075817257841835067584891828761854372916876693206242502608550897851859690032446692130816
888 -14903409738745611765361938126786496619162210877489136966717302965703547634650506281032461624176255713270652560731232628946931563517203771552796261993640586655971748451381992196996307269852746287721098842719584755152829962164436374754179901151291795610705117509937730021046414868652488367323710916893559263819141897129348234566619941917121935928052086040020647285990064597692955728971825083941038636412629976005020509955126772962009820252899397977300263911932141379161814567664000654736465760584689661699634041347051873911195605799769149235142660462076028433684740980782244672736714124900724108136207749465337102925144585809384360661243339995687748553881793751642176148665223306434332208398336
889 62584156419134428603532320585748759347389701637764556265806353200876915651629926222041069963251664398343706576528563145861997313925697098608471961155918569238630056836433936062927402737954065564799078204208281128571113745529755331668041527879144883727894050716363239345277130219630705949730566287371331488889249076316053824713843882689424030099923201187731652902906753298261146580639711393123527227476991986206708123732623915202382264196741914510476904230278148897723984872751882568187780351347526561926139784101776825776902194249524748959326357246226431307210967353836454749851468721794384602184702808729414986093583146616733024229074757814001628159365360484273548252345166868674483316588544
890 1003390346302795022405726258953200005063987567644475263361974449685271385102533069153482206065008546859720030818983555842057332616290217932914991276340109427970537297362537782871154349076644439536782640453803242513908868090978980342885334271362356946913642843666683885184530903142858723657781603701870745748480882435622586539254628705850632234092077258101014915305980418637026458712177231612018632562905710061422966292119439731910400270962383289934704164392138863158461276640142846844001631227865951046336248747399370630699634873667205565589061453380080062160957500769899324544137423973134662427902608939336067752281494234295408261727517519101268825100808964265249500303269816525148497035395072
891 6643084968620813319452795260274105598184742557369216958203858689049469487640612242033194271120965872177071008866959311482222906770240102644502890698495500331108511212691619714807940274774788919404451731622452594484250432630222145899735598856685129515258269490683001955375332497019915083373478164024531971123941371506276493240093459296433101879508565102239168877466807120350736386499768198326914799674467427912109730093124468314649001780677265092172455838847929830839665488534795204001553116979755370096685655898365540263308614666073360176410165228760005972285287679969808366679186056672813897597023204611425445335816220953857038827946252231516161102233076126083210596995138736054913086850596864
892 -36875040371542208406811598689063900665149078490864693239404944538823399831234795732376933274708051219745556007155401640039987320193956116310815555931287927660210702659311053953477429326562929425173283765248399738100828982129713357520161567304217821915690166952454999463057576906226463600784240459010708956005321517715229534199919762803045376146400822945790076374491779725063411063134439661485457350731951314537179531456844327228217688126135844457762291176095721109480119812155454574725631723042735457032104212268585526730270047808862694264242553430433950630958195732020573078604914236624202651818020857295742908736776293911580731239769612435259732079814497296725711728312980320269421291897880576
893 373097438072969536323848863524646795504027577026806075802229132658309161464216329271374397444567592687035352189736256438453353696369319287379600629176197934001864735117468037684909857521676985965969440638995198217034356347826389509297916224424422457329675927026229235510281918442118905520708326677545468821402999944496176355281487256820166089304362885689006675464195451458531900275600345963560603778796409121117519000250057224410255805922104092787224632259291361704189187479888828052810125124330033203057113828895754243948692856790912453153082021999576786449156076729519840404582949462073724441321433956560687213252924103400147714048721858618567749228311987228717293491962111122501199118987165696
894 764608371997941321743628294984231230685420507821182880089558007381998675456265703390195324323399791575553976459299803470932986860149420072347842438015342130321983011539570054793720005884192854170033588825781383035620529953355189496749654553350583424078568223945457654732072256275537055783432507306975215046266781355485981760321507914188121688815113958465328946734989042049964729044546928874009463839463473374477889446996488432224311783896358545879311708809148415477520894955080326674809262419078913037746057510411205159508395881023612465794159348523717474773058039995362567792673095781772825995247386823182059082302655931401671842228235591619300599138963430928876504392489215718495140188409298944
895 240998817838730764455439266153114236724277020381257830999656817889548178459360066651960086521213228395908056624002217631470765625703811989126936539083338324758357302549267161915460749546293185643082226683803468022587067448668419616155452213054227799601060322989819992557850816539050966405367045250350484726794593499197355273086645747786279115500926034446876080330209579365564247634152558281737866514854903782828799882917774086024512082008739774020486002552539559092985640370387818926284821811293401681697373435960603694055494198660396951400009048395608950131520487848458848726425096246990325442957522433092161967911412307324409653578576334890340972444925324959832427258673772934390133771441537024
896 4971983489633988077584647381909866343649657286174401153253559708923200355729415879309567361911246052559217903552611531119576302802999602687337783958089994949602022000251202855258428077710756701502694785518168610583924683452217899528148736238633625454334635829436050639126573319039421702744155225687266764391956931051722497745091569398211992912089084863685517964181960168884155911327605784340622751538654394669422863736266895883208663913275975848018473670907743291145065159068970835055100017594966022199827838517059353709959812622963753681985425728514221430430571428958358913482275486885688381022301368957087501113913344750915004521960224585415779223657636364539438153914226414833442143748732485632
897 573749951351736117096452012078032078817321663808293404359571070152483681100408960506651076343084185899040717433826913919571591287144155876112700590654201809434374162372931853308905143884574118006370452716977621604070183406257276493469454737582001015949235282356394788946237477928505750776675651523554291501632876719050135938950738346889176803279474370417217947874707886469915640094282382989269414284048268808215429249746500913543157765703018631466790114792928003432811935211191604857394055879099222419798140449679873628286875698776567719632811543784809945883704347484956487272555326347880080295178996634412517131771718713124772164600168555621179972381272524044018076382444437418891085670343375847424
898 -1269363525528835285324482523686516190212685786162019477178266521266769503312167640835028912590155908825234156090198791041025423927721626164253719701320923118075003214969350150907133099977716314288514439107230114606863989092872527961363881530505839143048564024681731956323853749999303639649001222108326817505911336775606292235101802143087677311781376442537455320962735567954267019876078743743791139222109307594811025092538395177622393251073135322948622500187489970762990728769646470133638405080444368540109249490448245694480630568692571961860414356483534247409995219855657987014311759398776131827089489984440848633043389393147806960757565903521897213008924242898032486311862702801842461734107470626816
899 6105754192541630495204368606675521565130956812271301823757133919136873303757037096341633622607335410870560843857078098695706795565430587781900029449900658213929535092017424056628183174513210190763880371325746032908813950202083761200046410208504877865901417836760525827684616216173501336252518931576727912302012938348832981049620687454824253960155534131163687270801096150994157795669351923453346508113255418514187117396437448933159388266087608561039700068668766185561361687904540294110953151922888829936692002681254472099652655773940942826661970457560894074992433717444238299548141632442743115949642306140871436602990269567015423405230370884405342960531019829233751865138340624666355129004035592421376
900 64640666827049127429621318319489719870540448182191066827366311808174624524456064907176419804011756010096366338046947753966452851519723580115418535264287061157515959525958049550384530810038972915009316147973339898667616999446787168047896603543057813421901897347227867925827770978485913293587643265575604053679058676790920008088062246072827186645689626798761066692333371426565087051979832553146856710444025129817845373779948232882215593628489913386090918133003003057403476364946816125252341061701808673475141092746992836482807394687423005092330092218923486881121711739986814120928429495327611240512108864960302122006798111219091343941963239534527394054639460873846707385991473923279036838811661053722624
901 302228921967501216951791050964312363274460330359453180026868480622505544131353612907669952311607630013937585965063263513991309856468017527327850187440484371394084613375901061956175776837461016018672762897868501500816075267348637636908427985341201226383608116990806773060377747481500075722764895328624883850548741025037990062673248404672438857570922069140276627457654013373335870492115299042399810022366715562523027199226143346845445461682621006331994676212624124429439697631087963694929401840921368492382093725172597496323350524973009381766903724535790810713754675721341600891457091612118376117402657620597931511590706934720055147204875999839786469314286256688343919418773865998301385183806895113109504
902 -1974782213229380606278264475193699330234624319336722499909480049696045697076970372279682038307816278727893048637731441032952410274777292977590617241888159063795689566853372979245889227791062139922606991203536805794890822104657285172754619334875670022235567275457235988450640714796113627455802439019842271518366193439105765716239550202636692656089955231202077638802963503818914817151472571084270659353011744626924252411747340891205451589804651771079676655205181169105758691951559877720935726471045384086626313854210672422990316885470115022599388158257054880699462052506328839601444011557532362620770117417941579003956461574749557439608136002969155279000243990139565511355348476872438232566049737076113408
903 25120442309546549896763389453032792930706041844286010786367914658362716521498674912610889779908064672853695800868459456612614858770747409212325176212681226107117733918406032629629054741978981066681758451360475027237523015800867047405175735879925326935904379836271398407801024496247283755883094921645695444146657991314403087469947575186486118633700699417818042861866080112389460307278466264785767078230765619595853247617084842917235419034570695307023250120967878093176660111882865254087875303661305908924878408247315453986635374259896834727046999625552120354869568798391149428033861449203100547387560574984619203422280163673399372019253811171037890336717260025079130326223455602009530482242308267818614784
904 26813499732989644802793582068788485540918541038736837386664142679584245652615280727961554079238475819677119949604116408704812079817966646915492143843220876312417932198147254620471444826488970937813917779624612615840654406577771799884184684561234595050406908463597898521363088840464619509035350912925184351460446787468890549627286140437270754848223736616122005339701906845030876941116600991840830627033201130863830530639038180092153879686537571432088062791118253507527581380316279454045366666412997468027290719635694939605739362071426226665905937346670234321236136525331503916957620021277228139059433486416176874100751496046032834869271257729525192929200922155310335863654564500286909280598872550637830144
905 66045232892190654276789346702177086240522006415931781199853012199622204689425808219828362564041082538032608472196370568342175142753938981876384718089334890482632515693048801909978673480644860088822863829827447230737537102098113019918746535161925989606798099852001463904942443525257746926349475339824965824649363342442659576890141526713997542066501848211307838685229401796046723502973355451856334020767619297428780349311968809496770662656683442439410857541762879214270967600260740632293508351568385543841394274569767901499200571618688851971582822688050579358978072621346184889972979911842674525213422446624366048819736449123859996862680446704132338476165466754942476942491663019852586307083725078265856
906 1057761763297857156780190163998879141692634819691129466229494154349357466865297881708620893209575251329430673856669428691236847246305239471689879890266685073183809475545725122356271528933834160822119264940805393823101858679280620790375644322569731025994508315031095523835697391309744568676740309845905260206017566598823201589118433198129991410792052729135060320865333917627584494325778796582128259407643957708119321409838415709841647997940724695122329428843292598739518707471509952099792168187346959566739422455458114842274046407569400375998074561687610003397279174629637956773844717787037166169189796934346381439485490422297587689052953826994614437549064570523498094351876014010613029692063596414924488704
907 32186190141531408890686867893040524989316760861008256697894477325700782118377691584735693369332891328734172335241838503858494407475454881608244777523991934931077527492604522463922056884883834634176286053465898276688476628308000349458927770986922081292212637826441447628243622974924406682218620310530426801400302827743693834150907528872133032804252113601673511034434178740830848860450567635658920706049277375008140119684409791514640669751902132623633495483322228118882848393879697802281250520759136255095614590894228440300809727548834072942151068245885621708579848123844114395678402850082990496762077739486610431747841345862163963601916185082738275907994243500773248889744351692203214322624014776725074345984
908 -93984954398634580444111131545087109195817979088906191361968401556305200510246085199120944106429278736749665190660422872390699901237178184817111092275748619799186970759359448840082198115424419341445516279078600004223192196964507016910939433255264972641019819010564225818485617050587842729607272134521733491029722766093781441307595097101982417287652915486057496888712370658304748197930727494024899019463090297254206366659144761150563715958433275502836577392513642075168793087294455490031156618162674454300776430153515072896384812068454810814906270255790783870569666716089354655712379743649368973695654426718762589445761402524323464577540964329163058538992011062598088563001372376966164090411700224862399234048
909 528343106131258031440734628789513054690779046911462456173355773955338987646864731609978082605778948381405968058582055717357477067401676328112298867896040907753281939256360404226907224989000712262842353699313833099030472285758756615931665210980671014389818883744142852603503697957763322847896242075937704589494166229497472480875084392357269773119185441334960528718393624076318836528294910152591671241444005933595475448986019218396559990316000519850363223794862827210627561399085192982354151078452292622478401001179871248073344894904630718155502989244382689522336103593142549053900563317896575929330625060911754463468226609346211008089723242262805268673698452850690485288793104720666661589157939290900155858944
910 3892298201089513629683096913982330747332152102659042928036806063116323951516354716456400192360430083535039097358740101270036240438070387994448136829656298853908253282216869376470875192965518410695482344265117809841758754181664708402685773220244467058208227088311296846944130735695490231852951797972923858270665708589176891453727836012934546499722062930260181649926419999619716394437911419294956120897626487456512915985761519864476792288341084223280309394199856748243036168005412609520414120646308109842349188586323127246610385331623526518341246502377141332349027525780993068740990511392364495171686671069337794663389442954064440371329665842648110967119964936107039429248045538952350702582140791638552219746304
911 12610276185663271819645790190958653672628124676428037412200568537534968945876633159318441885887890689807379169583361402296203004557754315972828687064760551003960538712200222974387648422326259657942383004044014526613091017197620608852852019929314993061567816332301680220565283577435420779680077543184608078823849552081615115696371119383860756426000467676735864148946434274842030804890265219494551292646672525379892214369032164739385963747086435314699305425064216190275720641876036323110357639303183025815207949511521379146328452638937359702316295520325327527561341058261132911412665365052588570904731828649794128011454970457604156443598813633236881278665830239559848091044300015002835322772875151701301983707136
912 -96164198360382347006685400700577628332820416849683979964950091117542601423636937703497667210251739435134623364993537628503682392528558800166119686871382524559115869700014839385622482048478983532433622181160731745665233146907222576633825794834866750716899031507741386768113961501385608806194276000143569458782758976136365173474115570880165391179637345624639656428108287605541164424004816648261273641042918272323271844012393501959569792264971191452021121774494297772191269567169491818062811779054428058397748307355139591336466862130200050210991277881615058715287253379683808215692224490202829539704885442855400185228102027756085450701968197417698890292184390084867085260240771580783490683426320840337254898466816
913 1629880399944529759448299637326975059826361214978893444697769520605040382703239522150243891597998406871886258083555069306595238472548943593098549783749306149647505344715531631632367719566695508362527636693130619296217685272131956890769492636485619893898786100080201430006551464498954295022475692639090578574091337374815657398447380041878257886640990776426133628520875767170313030635748714529277581902341318972970683459885113775364879006030537567686519777900898786900735606034671793148321860286960251289621284083380201826360817920070989430214636481929488552340356567487910978335326661661305767867954912484347876957095309582122310682763625992984719168635125706033376887786957507650256457325082246678307141230526464
914 340776639569401768305088838711246538095474218536183243301504444783629838558472798868374714474980020106128238262710935950239246373860069968497917133562858060645392449447768293688604744631511217554937723977408296202333710807367002201613482417315708732708483457982076945374788410616238752665453925835130569373051744332063198390519196496526089642419897797362625341669423786403152760552736532896368191215079495506462484147147106365373985561148341567941901844488666329519736222026476799873060759269432660914589356804013044203235084889507112444045256094289668121331746515850126242990440868686854068480967659094040628489020995485873270518066972123319186042974851287557833674268016190041628967725419501095322597522931712
915 1132166814446935236077891031754250527418012680151510398053105924584665794618506349699537747934535774906464686170123215070391843887296846402873074992199158322038603136418278928522335961827814017803135883244264270305437541904008249231571373702908583973724495597619910089745043417691822651711589048606055790598784749605883811400147542528635365428549237149651068044709290259384733203870143995529842306099589379651939227695892595758570216685474802326991650917401379985322846246093029053457735567275356917388876319091739429408250106915285561167638150602230383535391147461431454898169370511771531060251158309782793049273914967772685599777552753547249613763176958668017368151446676951644336048998577991215032275413499904
916 105545309259169022695579304340118800185988703999164176409691069180451940485758994527103992693887373181991290538319812353327374583780848286779407754705791700432472189962144207397204871035464134474957461804049443755051454353179208336027083214736307619897426071187036528310487543111286378863562361849418754133691557950477190154953378776055233326993295723277225975597340608698204794502556996533949991930747170332569061197599824022078659259351095536317072870528379295459654656925568960603318001546566309752466477825307530434990896299508340968206910354854351701300434475492463145840072434292839039248523342624674323444670444480762983595098000344947463343412079297446749056738263133326364181733097019747739016887128817664
917 1739215597389428332098611905389703978276757606085199585724961662031167270792782525635346071619853565473281894632838495184872382203135887825001789568148985528946214679623230799297888163643518456265917002190846302240828357056227031103361271066033594960413144118905214020180510056674237631278704415582845175286975592619669431936809053725553045821622006435959583329374089584701960507213296408631220797957417115411624358690800994681172100075216555728237072015652415597435576733690471460688673874080433549833184140250608498192265887050467662620673044338740922568103135707776898223552917101432603104024035538990559405260132766645344331219071301892876305459091184310640588268713438727975270213113378920861856441529549193216
918 -6352183843395409962675836178016428323787102011176087362261449634544892937974284440851237220817267004249054466934382864777843039992250154738820134868621799270814871252364383322863904527028430068548817151301490002161105932984383301670807733238074385231846054548018817306593028194390682639813920551449779449394202305881076553791502090118590878488200748048906617076254647314277954469819538352534892723936584564800242806520292795085929603810909600705808785540046552108798238931578175726421294830620898074683430564635222609646882862789268311947069631770043105158070274112119699777959667686217149070668641273167638767423316101072418839916902815188879612342771847925692899619194084448570345319225576779292923032068933287936
919 42074548098425207184823711314196329205464525854060348327918137778426378051672017204518524752512008119481741938532064124721741929711379485189638761342011311130897510028804388648018066943749402605662007209673646403687680213102933898075247416193295363022560518737523932779391895254916571272226881719108866697444418603882247017053886119343428546635237387693494792976978877085815922519862067529235045362478998623119829277629422643626152349414571503868674815105225015442361635058531198885844196840378003468024878774928069121739312656848484434483332661359689642681410588029408657660836605466293322188547427600102157437584802207752945534673431679025188670259504148968853971771361122322608882965970435037460792388958178770944
920 218935574430259904496376047544126021091036352242944119659681553876648289657016271780542509834488916594086337610662963617646932778986029285707815102544114715405148831941466573293601140651630565559188889974835361014475247405405210890074133215033910897596314866430654428478817723013651080822402729924340943808811070025521848571504538152873506803555930633371485691896106820726692036634580280233954802998200402877804093853047024592198115413291917824458365550037827351176988944792840467737692380510420354743075556357973906696477238712036215574239743559231174083966572270040470950557007515584640953091357659255809847791412805612986628296099549203525345798133168714347815601142079708328971358350538562047333923910141316431872
921 463566643046720465788976429574186592857189758905285604295175351111335041251084106618660309683688105865164141762955702760997478460435971195980959449063087288896357436685369624223256245583383727212843205152580803335013306773498193309063360855161184004924343457463829964089274081402949346714385443489235331223910955886129165758110080039745633668297490088475124368303723605610947227156097501885218389913142792731013829312167828245632717095542002424325318014367517705901605261544231837497085363157151138857090419025420931082116502527606591539055264251197332169633255324971739527470358354302820344273435078172385615542523324565991427127484205051867644505090353907899162446520349597545935036824301777029449335963804095217664
922 -4027961907054103340169174975761766073469951519120661479451328290722122973178238584367177112552201291762060317050165769836143655793261439458126750952736572207712261445657887318010043609462466302475310810504049174009820565554931050878784637765354607004921145825884260765469227948834135824855711841084178686878533733007348306290467427767222602478423945997420223015355959041390525058650373988216247997677408965175914578520333914731729696605408555654940284742218000132908863253073750451868775208098855960822505144279290272900365177699136339874023396542969884417268971872959242318956691551402468177529469828300091633738499447337396368049268706912631387099225133091779675757480930221075228533913811968687071489406576179019776
923 102167184681732908119686380612599653981271066306328810581781363481966431558290231770922837945630771679445011436473684945925110484252981787780204213276545467074833650579533223514150153450783892427362404742129534421302951444779476903591334385412812387750792356353382297644918560159674175306654879181406901895870895526335931553560359615751758786065017449645944083392627843053423189095722295824443102412223276090670746572727838946342940850776955058355568338550690759114422540098320462917756882731025847420853143584972181237668332288605396229277015787823326382675370416463778406484480089134114315511630848415769380656027345458867477359772177368974819859984394204296838897010067213413773902062030484618113557936776453969412096
924 -58174637666587049177829558974528423219665827436098536229672909543697296897511727503021174442574363567260515788609917737646380157143253344622230319543924627533186245239298989179944636154615100026091396019159874130209968966329014464324136931824090531009239900644609536442271003890980194553914074881231856711021257704664810596403705491159599078616745124993912967837420733343923476193995099843095536815732820079782889236410244646511894565723446383821385807284816239682481330279391220883397913487968845940965632960293927796214051419647300351269397446357288085453615237086732782060307013319156457264749216010724431248315027023536473660985968180661490476823979200655107176661203209614134082523124506166868761980774880070598656
925 253454405439107039389470492116565202641908218532269035044247619351093692913785556040994954912840253456558105224006390872433566279068384766509992586967393238631858570726699215919672359131930563015765621241801136585602960003859645059297675557374193185710263724524228229001214400430027572778277329170854685199764772094024485102298176097668682791687479431010900938460050624287245902724628907512485468924817448713193780427282400271018503307537388662899754372880175886439529431636269279860710654637308001364210974121903438569626607365691711097833843152793231477572427899804174661913048897051125577673125070079096287478026416315085707202068708674447509443604596302041469928257931965041235228933204204206703092857642657905639424
926 8478018340870992682817706071160840531518343505201895306230604399222919999499653945509047306651817233890219055059170231015839466708089012836577167129206376723053520566973365358217916142521801929469120987486200680808485715073615451941056558726048640414895239426444135992815295639583930924032190739394079554011770149438752798351053293891258041214575161012315735226796883984901835142874610279941607466670959943335827091001326453696987782481122485622800214233864237594468841271629488955092215825022372697920042112762420150266860149798329516147820578915697102990183040824212213840745064996490360364904148994077486907230736797067308218007066462275813744382738607723632461674722665304905004801247272656763095321194316011963154432
927 90119450160053343110235268496953696490022048761396368071993330501444404548303835832644759631199502807314344327873386611634506578130879863991234825875252272071991509568722541799554906695864142464228031569096052012024446680988362176427467410408141256400115390435383140528866246848300859485532333678629639274614538894904623374127879295722264954561150672692757123801069563056104131924622359891306073558091999948677243144206898230574787395218267533867336153577224734920138935320673028313834757177052493650246454488791940680295894642410064197968936913080793095681227302299718438824221725613892181597333096464982851601531128635033765579054496603072856932346167452979837930386943185180195649984072488549993688076053437566339252224
928 -399374696672878774503324431554018233272340323934122434195257755587851823192805422104591207094925389914682638621275079548897301451995328384217910865106630779207987777920376970082995055524839738416456326058396041252523080263760062562935085825014702535046158496645457656368473334773989799603930040359991968727175578383324562174719782141367609902128907334697569966383328232740777942853560526280078202420384022003407692645686604345151900461765272681444295990855275458661759307169160359220280390320845246744030897998154597991050757748843551649032813328799992408702364938891478289531565750541833411819517359718440403907104985613265990343757907125308278027469484988474398952831549897414762497919877908786471422459797452098440790016
929 3146810337226020767387801158246302472251915811703383330295582970518525198715437937200797102104604209818621402783933114032543990911618758042735705919741983002218546780987474675747255524057480441177810971560971336061455700190642975328102275278966768728610050250973185993224869774153360985797003046518143002705292359686334384354009239108390210441441425867153873354436289833865246721919305049568085452608717733386289011120695417464213822810911184362578496480350259997076180515191892833113881648496553825244627078692393749988866975712270114504210077405080380460329684192398682313032863732240204288488636984843428518841168276775107421301930245511034263539903856273546415319508543220258811539756551546371658624434676198762166091776
930 11377471243912404855254421098800571734403284957569199998059571011526797779445552124477382287895066700100503867434719835341720932458055028879998999846519859402569952908743628820397303788682770050729573459488062227813495008035157877808755506091864303984880645515474028509945883598442654300274363061904823146722578275793551855121342731033515733105129402071102725263537619389050786454633894548880056058735941145627598878220730759337210259763320528793731497840807373762626902913441162430536190148738338801161355709756560972752991679796603839418262076138056129412055215669743755076162077794891164028977195047908239587026844305343664008713284663907808956818261923744738671028126220020069813661096697528877428121480823766008436097024
931 13774966110884969721368505433071078122238428717979262504947955479114094637055581958136945508785032690163074817721418252270225386338072900885265170372892674789070944745555615198682655927531926098751524123187204555966379308438836860352323380719376687308380140425414533568566961314172765549186526388045876416296846017423447519224712014765056622784171007328952256232836410649835785384862284439281185947808168182484603861030346043774209758655393342589163040989694095358699108289468503244864708500304961034933532866713849119940203621543556405433968815453284427501509169901087202718997577138015599932224413027529399164853847561318801546100350315906794721091979485742601824461230302685528508034508736180030222426431126919766452731904
932 -119548782771043780137939118238824386805630897805252525174281925403644712791075091923183203727100429876199516923171807683765469535865136031333531510226918636690365202704834660714687420206042821853128715159650215294285808428135800075726437111925346537733494737214032473903428039645697860528670999160120504746044833859650271308358355282664458620728182610213701938325313296154795827521283652678301788952395011638729167511551083291566911548298156217297156274936775936281466501061473270560543262473531533084771875940759055477765752026108572070276150189606353085396827116702294421032167143811689083904628424487762653409895219744452461002433693544437773258222215184642544534705379654074377367717253291829869011295028632976893157572608
933 6194817187252484334242983412269787881015079517078559696480781457066446388939667440229708908692858380244203962611264202810446704638878378707439456890792144271606770657838188372764404585572984826484016457947900673517933102316679230732587090086470778197035417028345639048265350624061289498947108225842289883618289505306361914493702748283957812782159452262925020058600102001331856311159834769992173974848453753993921466922410823544447037962051675949387692227357302523154869971470113583954975047763980677223359419953323301973065410518247309554790600039289668053510530236600970692786599174694388713672503317206920474589600545647836679271749363962775988362433975488328701020954766312642982393591428415575495271940693507808554683203584
934 -8050470896932025004685139122671375306671327027915541787725416208334626005861230405624428036394382370263080064497775676312004034457191699673800939228382294131070207618261001951212410178594471961970319154556116590766284258437959805399466657627236731851329611304068522410297894923422599783549998575261902532373950749288028010969192283590226707343469478912181823395327210143541252904013642785363652470787659072964534765527206399773277449948566657148035269805226903964602342116377243358584479734247121233557891947161995913932995103554318539950603240056964970935801240972659419000904692768724359882895253010774369913832657914036050739156130085936005105576023402833198823708950320517845345912615135654952482212917544154040916357677056
935 32839214948404716437770906505554906773095462446206927732217617876145532031154142603304812188260469945330934784821320453728000625358329689730478880244121799367504185673787893959427374286789097725012716898885452465220408203837016581709870787804009212723355865048790648903960723847877811369817108620897713281586059359943260960388392744792738171117305245276276338540219714130061590311771245789087569262365140580381185544340798077838850384056721905296905876752655428618752236655808002678964351357195173671298276248439828126376216015978088883125070917752001657488017743277316294098807562336882428961477358200537758881956306452412215376020122482760187031655300038266680846339981084165115989111899390685627959489840793955508373480800256
936 605761592699466139321136888107113422473691957118877612738492682989862604105462221847413402068407569854287057544306100631632274448083951478341109434043495024490644929328081829554129866588321926991992687502049208104306326195389746000511595324180506096577067412457223341155524855092490015123957535126182715963815346642236320229907196327385833983698015481919139822207929799854925555092347609851443656846412843169806947964493762333174254563714143257907089641410768235438511743892794986727194933283535655957106300260295507079432140424878547640311672088919871971079157437715101033708351413428513206182532606739505113993853047974829230851897351646007640054913301437955871844679389980679732439668007862888849242561739580964344848244015104
937 4446168894723143539219698916208513359740104133638464898252662102398477958799942936738131500151523120061456576079294306926881250457814968138449763145405588523165685158216380531911561810831696664631588621236201651391671062605791087049863288757022014770458166791121187614846898119440616761308422325349162860652192904410623726684646287629473343573426983241720084138186894733636443140715790861411716888224521785990001423037551656413554390151368800369461011709059316957351927242695764214260702847036390876220712166826997559433012915420312452868875062727036966098277638735711497546887751117993567125052517438590639211500807375639088106490115036736942385495113856473069878530350971063896645612005880240717287463528054104080615520950288384
938 -23489238908746199395911725431016249261080709770478604156463450841430630526309729817765891780663704359979123458892024358871050140436180840009856111066452268177609126969106323926259988937487592248838056875810028552208049868006229868230940549869209536928992598847531702060963320064423751527460823813526806412017019240887949630658729794800672890369952422317284186923300004445846367321569785101849551181258313058947152029888391196551590680434649634778943310251428953646432022275171611863997430528293727614906924851054601691991038209586801840081471837865686228047634408211479050862495197323729969137989578075448702975328646029999715169759907100803365226248618550453703147775246223526937448318659224512957140635516279310366283902115381248
939 223746247556840434149241708442688489058466200237316971201150782483747346608801248030974133616491076548082721603076607234470736892733207650811244831564454208217374802332898189732252533614347397133815655604490746570777959476333816386893424467152826965312537303887199650349781957497863211822976153084960973159793019810520294840404912447597640324900351516543547016839266658475054570263632730768663581074941923844414825091906340871062605476650946757519184165640307875978776678927176097016643591864928989995453572659678977039185957016237321413060860041673800624130407299164292669456037993617225406176317663900180483827444796190700501049034925777895763465927258458474076513591432536403621586475851640636396688969789285866669645786716831744
940 530330354751279049610863217150090963094614970720736446652866729965253374552665830280642170636511233627674887120532657678183380179709325924621864393200957466206235281860760088768407073400839948553308662042705825220469793859123761804269643252537798166859706168917213865276385711407863025937157168033968359183848388241386908298929142068545641017844707585200709258123323228355413050608225463336103886877514486552970709111765991023095244189766849885373237198811665771071882027324547961585411476048986536314378026521714717576554085746218305302718495893238274696148938820564055908613707618325525156514854113890728738882370627504605366322495829911762551158755000161816566364709299102547563864035178382421651257228897144450720975194217775104
941 258463065696625115373988464739529568249092867363585722993246243681403140605461631131761325234755601251954396036183283387073359651680854047524155470072686243622072554054078168902317406236305799316624014834649927803767340707713100574288810037783165157300025251579638590957319027886566998952728032368781507339397680462755969772727930042317992986509391126777469093641722021169301213628714048378834169527725207942769115505674650316156454894517018329160685703488442367354358389610806466924594989488919653777933683569067323072258893219352252735456153068627992439912709736772893862112386561000446812138146901985940234128238820489877736275779145448342534386846486076499043836862205900740804699131978932417171272302425320392848932470087745536
942 743553759663447638893255998191965109062161502179029974216095412439908187148123348108634192095531767383150323974234739118611691941568116873949113922868521450632252767759230837402149552536882435508836636658270791315324172825143248188198930488378862515830862647037109415530862964652852527108426252428512995678547194673115856593681858223116168920154714551960587797690704973913761214693815545175200665769962477429149320476459493437527847216362333092609246952398640745750507338447723126957627305925424955314205121750739608533356717836270087793351731852585968565393619090489719035426149105324631238002662807900709678613170114621730345949073127582458468327929632326271563092998355948247356635012365553179983858810857896994329326265338691584
943 363368492879195595245808533418569520069148105282632723097839841564173414391997803616120412970247925779167789647047046725058034991094107581101125318636996443180886613340348583326041303923767649535066190450936563222214589105741874744475911015841991233009522583573741105790993507501351588149094021585286812954851732802501553481835835557064649491959874599501496715802685314371195157490477223615886158120406969456272798149299082502472740472200604048868171847489124315319843558470564235694038838384300332442121445499067915139675361769153924163744931095225213290856880573516188474313694540345501223990636033583296006724977145765324100726192370805116882945390728456178902465760642214152953345953719951120767954510564671696130364062491018788864
944 -728947150298810716073701065325267934278102046176100113418216625131603231900549823537795767902268337754923071850767469741567915461631100943251086633269078077438687080286062001938375942069553989713582877660209913799387006519632417196872597762638202725136707503150787296667924208005150223132627559908019721260266154062531921124658352181329656218655405045329912115198506382487785941611113871013401874676376673308682400955530455998432995914054128104629833238994242721071187518365686653324320402091310348561029409190183692057082071325930048588750867661381618245871067380518440723547229423248059952171400048844824187593889859664785454127102690710261940528110539619985477541871159570003494739350283654596539125462058741439816826122565203263488
945 3357828475729605473820122175343145033268183797121387866959231371728858176776207330225589072775073184745398831318253216668998819594688599448444324427183580770379998749755662555236816662325779345481948709545336955580637180522546474870869334849846349146687306959823704556388826559071602487076859149931725589930634806162788104673578993644291472109640069977105573049021158785630139754223178329257805478284313159478355879666086337858474759198666744138447313188843396459764071603134823924713455046796142459105565228198352522558779178284423606542397294409240730659027822489961952880587936147215565775489022024690777487526053446519552532538487065713973706117017071490067776065449820383921681202917959954456728146420941718155582943953703302856704
946 39857394744209571960121599884558217538229153279037583504836071352847659975886822258967773089571217743747129203772370083630082513095069373353422799819030768536547076909003508943275866935807223787541188867862636227221012237118029713372959660794800346787138822185883994810875757246098315620294622931701751548175507463205429432835456033897302193324182172479134156665309203773123778195979191830203444919039222334538036934172214032417211681194625590171249077333368953973493843517850203413624857528634028777330437076861328222537365687936276687189864744556419206508029642967758004648732558461390635237146951736270834761775163672678222902767751906427802494621193415224338796576259066611267131204639858900484931944856417686125091456023772438462464
947 206527598151570460483468506365394645320652636680783258783232955236827239754802689861178372273229800198104016220972976578369103469602807395865210738486677073065069803691884799938319926483958204128525092969893013439994329593742282738999287955532118058412100099114319123141443470784616763628948991620969863535307489674215698939166616032255106472796890464509895772430458433254332635731741317059444811294492302120727132927206369129761473515569686039581458418597258344926290875061791557726272766530368425542879410135960253474649987830144451970673846777947246571512964948611292779924816853494486412230594885545213602654949586429418037535771517475442550882693692713032593643291309065016655769071020774788673907199729685006350963039243881326575616
948 -1287298598888477341735293012873712939316412331781878929280811249588911170106549475197211977814648427919458934292658083898212602295049978085338268513148997849686097850853460146311313327483062561433503167152675580440371124829166051261738854304129708688302601118326083372927412632206830985556613566534504527944523482274462678461228313471245688366776796720083946671960051139590760998646831165658024085885612282126077676675276514841394691442284883025989684452932122856007396213197681488454672780493167399795410361993756315556114114086026151511611301206008898317800756681042549082611813941308389875266094833928274599537727907544418534006269019599457464774355571905061793714005484927506430165261864482070041482313131261517002514882486753124417536
949 15240404943265656423269560774115951045886213600378246417398803130926307914055865006052570674473343914207459227902309796438604761260606326989429801684166342746419648857993684544663892543062700502884549393153678632913816047418880715205308266336370953184665144688003149849555678792822278214800489426614586699265469712586405935830177298529196017159882950407659927919176151687869529176281567400899508311740566999361737245269152773898240535782637717492046322840474662608066935117023887051809308346743770370118036922788121395506014930463541443080732621594535945942459353258518039933106709430465184220247312929735346227680300465732678316193511590088743341450528264063679799343826212519610686393497273710925915807073389659599658724561369724138553344
950 20433537949259125876858815270540474672174107930152511817457881503688458197217448963421636833536013767593420872299861069915318791551588864912907088170880003559056467973725220602948022790245341411622796587799855954182351131128332362126020120641202437108813749073355011609040126012639118147268528406446783558457857335055673448874034534458854905991360520791743146591522135727114199382233512664905684194519455653499054027128295445105396381939718684593483525140152715586766166739936299729403860350507673093122733820038072294733964457252049898052168158591379014162435956852168374601504184947307569747558861249776375722852150702696461022364058626839185994334845360552717367621475405612157887213451153860893851209001433323734022306412449094720028672
951 554617167458076069257729313574898385306009641094490296801564031371061438011365778002098326652392365967034995038769284562468199911686081100974098501757782101306503166883557239441414404667458057652878067796638018089804653576757599548601688010137204151252171119781531453602815048523191153891425934021156883915695830038226331246919100107819239963469231145764013941538222488088714574259008394662270292056032308310962723906454474588448580730415213181121448719210261412343252419870525558161183630310681560541688128951289884130093970471244344112605416188834142267749783921434876480444694791215969222297870581819783815973242515343663660000913318494927039124441959550473596402845096252028384064529823264460005441753036814846396730132181370445758464
952 524060859000955585784846089534065387712320337900774430570290015260675217413910977903975060569767591598387209994492656816825680247495795163475599055471821013886020608177471995854372796164309960566943495713075618816509314435412590156156428422244765981946601101242723401207679714632262341034333591467697988942462422264585918148805960329038537387826539384891178677734986676191231088841216481458080900414664001039449643451973818308545322720576962064447553643151479148526680154867762424190639743890715256919978735221776136455621882249375098068126829481870307426773367074909714633380676510886449372481562674783566840521174928826564602819737366297902458664813480998007912066548485751767491810226111752552718093373737848796930010128605682744923521024
953 20597750835161782507685635804075839357412323016429071336381623733168932167360069786960947055867569328952770924994602862984934955587191415671857247457399016656319913875466358953291428832947349172744284739318044290392526902595698906427600696855290842343208802977244310271895219002788656215450768021550049238896130514701655396878546910539758995150658061182773564981491533427418430168137671249479857694367920441118876675967401265833115522491310124193363447448831237190442355302742735083416460532290170297402734581131783193194998702727544503279634374496195934273724631310112767162400192010749371303162742877770539453079679389471583073728265997828244319044848438154088672620897286826496218083804985875117829086568368002271136878640505101143555178496
954 -55829273286293339940360405604528116887027582799921023427361655283378053998772828619217044728169658972310757210192208728352491247710623698081761133375882461390154336551886317669265514121359320261211980137720847970344848674325423790060082067996705253482032280468660605512946067331786988216782693936946118872539278753048964206073882535084834051883089440500005123935771941769048943374482755375370297139318398585143954052468804722135131783346185290842217652598120751717943040767552140203983228672137998716205872203188805335490043342563662159690712384519164418253825556275354232952867308301351775251803793967589926006002183324982231242889112493066122733887514523164764784164147327772336163201294953546670644395795177120187373476312452260472874336256
955 299500640690336630700217476501410951686041048352254071136223210315706342926357225343331307066066669585704064433546022487825821733567434456974393229149750157163497541889382328262407812201546941009205913909430723862401122807036585991741841752451205131908462494224831456589559396537079785711518100929624405219426445614025770363019595581460619326372035556989260387405159384792296024379305869710927140515489828361827572557142213724037682965774441816932051732546392503050010960507318551022761931793697635163762454499811856681402326199895395430543049602846710990849670803850595438936942975222471706756658241313231768884559245350839615880959814379931870425988476135949612255177658504086492259225370557505014150081510894419548345526020334413258187341824
956 2447256430767188597483022181817425803198377478876173649913156836091335942162849775312602826279082103737892579617901205553133428271040376560714247093157937803852360138707630082851601646967176225733112117268221484353115454253929015400985864572586277482391012679034424380759826860416659346159334525926846063192768310915838645619284897378316762450829813625181319374058686006722905337832817741051063792864425775420934689024494995911692641621518633451640159023970445119714232802274299749671991697557360955139236402531151225940956467788374953846387522524569288997115947422336846880499212506766861027364907235665533231020679558439777224347410672889621286668102541923808573874945412820960155753219476567305233437152165666689671621546824361749060079583232
957 8866244006074674788616596867760535762680888790598754478757878653015152544423964021483721638431610543358471762053722431333183249686508755944096401126030299930998943364302251127685051146155317507329619413251497355206594839645448695357575227042586265245821909554883801395472662690170134767370149325301238443192655762950939966202818121494044504440768713360148524873027123680299616300649634201068317612381272393745596032400264176885488173860812705266759049823674114672572563392729877480046181130830745069743352809762998146306326206252230509869393475878033098601732452384907749175260906423469085463179539495595536862244231856198621467186157842625397817129911316816738495297264017244082068122746882114211199954589436758877725127941804038577713288577024
958 -64691621943926392896342156518307405493521391508368078033276077573856854778710001527000468303920719781207243114193364999030643326145292774686035408361700847054092147596382616940321585928880189582523552308534184154207541556294275630537342055941101530501182874538543620577772200921336986655972362109621209479984120147335506543608202487715793766005985648122147244326525979843795268305308142532379667307851198857225778133372148851167657139588387336360334827575180432477542856092613212277269270704121367151594428166411776937898466024186491256438538011039043097781535134718004339401039868820392316806097088215273316833379225683450552872670707890805096990295523525711744976720208181180821054671412427972607917343570727786858774781321226128374519316873216
959 999324244140857003010405669800767531019761121656162593913144175261735215218849337797974054157493105846157971427626878739996051942314380379725806839839622635655001264648068697119997505491998970383593218547382848489350646795662296185188759633393591930422404716450513160880572849497402294752961078976743900184071790877000189534083231046913751503921593836372780429247641267034095089464738731986233429511956924646446241787072183802307206075495909157221461255132590511101835152715436855187343350869377581318663895661889050546189010213336390857617747572983487450852010329478894997258324172144320587121564075538878425074883541123818273978433887895717557313469925212066112027583217592237640615105334580108883622829832886318482468429749966004945339522482176
960 451086494585601579857164017389830866692100711845091319576009084561612486564706776706892962161869901303296831210028477548855103224868067359732318635522560041236501525632337961282333077547830228071205625298299268913984698439387431350413474646629870090887488542129828754890507640494880740111954732537595232981282997303861481719466112309785926760059757836605255773505397806539649707265924189411082693687371331059112218493094820963835136275461541882853104249144407343592754229438847411952177919396456762628837599638687519702834515100709570175639899426344614935503699684859689449331253245172117849676517162632774675266435930535279678115315409820136243934688423106601806954402403130161617205426654335238460836690754052034276966229304290362191218605031424
961 370712693604971629545182932422064490598948648030617289374419225425800663180390045127263958995304010485549070337665800951972439729320918709830562513160106569839355243727268776944185601467223277330972725951820978485922134316576092984386339605153699002864906681059810225771343351808445619603874451654569925334836578352659327041406677986063668410135287838742261958401819966003185260613856642277536758566071062617331532812773654820109500121039322058419096404078040964516853961886228998404364086577341690042437186934799639744281595417197719161024873442930229965289400152009060260063380633990969741496633832761359448396172265075415095347416988486036628659055986465594585439934575737645659592689952251008331696910709030060760332385104310062020765945954304
962 58579498342534916721658249873895868984846083531519915234869287800268184545584582483406601040816538363459964528233006296007827970091687663848092045647500935472859337849500945722846123021150232926963008775155543604669830744351685061553240724288394858439833647042682121994924344526339413259870716271963754439107571861930573504226128134731656822180410961116408505330875392711338284116787598114943417984482359179654324225236994937138516021480703642483220098585347029249701304647451268042019011346339713121251473323903161808157679121705956738508510894431301418336662352242391014701197488261589842998816865219558836801139064375776254548523574476555776039080446795352720300382855227521293523350257863879146054022585436297849462007751268802090668792785928192
963 1125762682256737636514284367070346889065888582046000210790903008115008298806608187698340556576154177510455616551516510430038706301253688016533731365357395839855500507276949915000788238199917286751538386179741091947132911845043385724251209936839217001155900274415831909225758135074538547536476174751418790431431505140626004986870475070482768113809346895944646246366218795372543657325444087469580760600548209295689191918103224678028334611586345728956980404187243842866529748368595119475834557734444266722535129830166565112438410924162313702730702794255018613670088732654879138345698641357465079267698052439270644930859585790443738530561439820726469248530368820777460187650375140198081021356920384578867319580590258970291314190970698546202020329117712384
964 -3865060004164894983907746559475389466384343200316353603323187890406868117140596601682902937247509540442830706829245259479754580104563524473706239507897290199922628896791562958301286557686401019490210981795306294374034690861140474477117343702182423710420869384990456898053861195556372581737853444598693670533766788773916596545091257098455343123140459978759287780992017549110329931156743243913594578149845359113251591780322604448887233815917562259237948627670585555279482541610017256243087218932831899157056035270316086791703562386053180304105919744695500383265886517152054349600363548392095941114510695067370840009088571017192717554768941814020030327861216885908278634345407197881893205847384395701224269616001684115992820667249413226477271708132704256
965 24376131428896651175440331300161558579171446277651962214143176321017928702608351782827096389725533683698829314540148822577901830000657032136890621621884793622294064633364928352214652485292758986864457843637183444686349476705487163279900735234537748364732441772761567212084211377962111359379418210901877944600505708758715458634590534465118469146076351354809947389702885422814160735199945312597918141466469255475290722080772345390357154513758534942246637646657455523088760770277604404955142365808481116383434893990819980650108990730558735594337483758926983808557987388516265612416033804889617941267308819144677704521818809718289488776722908958015341681165764533835420522667991710582615017952848098708726736912588466313039202556275546247344305659661254656
966 140524330381308867027564715494052763913162694960865991641707924873637047388795790795747609536962300545754405553847758371240111436616730158180422121283087038822841516367374300008063471795027755218107755607935567973293842043544082730945571268644455991245544278992149556185594276445020984992527344609061819796807527038277306145048048334901271973350053153203654692826738473796284059929420894502194626668502202613510084943790920410606168329852391565859071875382943041188038131507064122967156245555382318147653228547359203156963047351888058163922901386519981383298575236454376288524868413922936936175945941599224514546232732545956766288180508219968835951711969098833738094227162428213789613265519334571895273085225368868482695195320322773173220460204868501504
967 340322474079751631129538173182502429417395401642597387739639542803913556829935137431720900211205238046765235051963046667285058084900711512492328875233627064372504030823444823813382405220140035950972344678678076880447890092995668650142385510451532254215264448235694136294449425116400365866912848019379584655042704925698087980298801329563010172364474727388305323520815136545792830089520932228240539810723937080864623734331642499660286667714208835961694499910331535642624541865600298073052045075982703603176544991533539259862678166570467939256132832038426534931846393233322382854099432539065182506663369474695296684154338774112268654998865506567275972035466364821843902940497832346561928974468127145654659010839257638863796234132818718572209379745971830784
968 -2860244735955592654399184526586850030703002130198501262028792286956373573958351088780823927397116466148338114964772612503684304635022561140180352389617986074979397866331095206493087041759978570954720881637674848995706195082430578010607913606061114381045032900612743006515475371480116293649273233907554911609459755892533235000252437554873105820012940446932625834131699788944919765268430848010880520153923760945790693904993447628187571446304767000135643599983731426887925990469008522069708715364459674961036176941785728307882834853406335505561205655993588968007624315216009720310560020968312086168566868749260205937254234535297150187127911727284853990962132450552204166609448251517284748090872559197348639350282474020704235353182835756185801637732651368448
969 63267948850580907392936726502500378044913630970995650874050666841668464718400422140254868403995328797255669651257200529534274037093750900988112440645199170424899877587067227171603677726463326682202737699447210928450646956410381588909345269973007042144231752314819499223648615239842383335276756560663955513380378315633360259278358043112069123455774367204890470920632078890411736003729461325486450232220556375224591783342547289265941397533794514769400566845146785996552228857173043104371198727520684039939141241198970862756751410072309838957404001234421046082916482965811304662514471499913112005892915294896873223466807602153866123701137720594239675829162910870117807232526899925769912365865165551068823732712297665486023856051790930298245172955352655724544
970 -21945826960663103021369537791428780312090733378166254494041102566676693274211683899562762025664619402990775159759428548920863362294018861151727335364273582115556324697575761246837385107797170789203281896174704549629272363817018850711417202223792559315703543139512216451663561469860684105956137514521043406532808711625527603968134138959154551540944221523709435192077873859068634813497351786234927033759123974144791228473399784967090154495632517345761108897205221473973562966890626129530806179365742521540558288637526506182670616256168592132652680194254890546526544792775125590838103269900792458586195662636399319431384245583328699002775596351659569924832534857601136788273404880103392899024194290124750114836259508394135793356899511686088824712481101316096
971 116965992272405183795877051781731865352075067292887050754591168418860948098440116925322689231195694995210156711454566475954348859764148760610996819654885009091957229985809826914488603583053255531793479332440427580195862923920458739902660871167555567855312159783273473506032247337160864301848255408512208067304375581682046598303432071048552151466272708431783319936323142791553600851354493199172652827569696777185857351268351360969081851072258272769867829074953230616874315497843263642760620123454360761489825983960428029177585150009488505005745256635743540064681203410380910817544634630794705954706880389857232125424950260500025345943212793188808964758747475359996845372218262023068827821921821416849234470952039674562613202005402757123183219167202100903936
972 4935843487595581849298037262776569337268171829914567887255616547629354975205877309435462483343881626695729605940873304544343207095454295462170467477344230551644453817829342017437934372157573792152702048788210059077674481200583084741587219357987587559513761055006799057737215523750429026503001811957369596211697131487752618382542670852828200029029647224552411451791043862580459565343738079051257068009996136737853048095381896084288141246166399003538416203822408331789271609793710107856067641156821319955774149480255788233245708480360051974635872621045965173143367620915355630609419570289376841355289619006679588782839005710411513786673206994254106688077545607941320260069155607252191035871125716966749843028796618800904293445711327794437773106400457847209984
973 59091688677635041748976635054168468232194312812296151336605279266683466542736955374491421786506714420429757821260480957054441999521345269826063116874345806839452315325070848725102045389343383617878667270281587671814725310315871485757718515332840647839407996567889115593860190404174074185248985452699977709953457316635748447523170024451810528460669023099914245838315784955945888186314810904407581736056542663062808821930244133516246503971761012629199870134823049432122409092489173269188366896410854312836190057109039268309462424791385066123150109167653110792186468989870410235100389911864171680179647570739987840483507298185765108513581972038479215053109065036412833435566869572054153705217267708540232168943529930057514189416882204805977860965937931840651264
974 -247965443564333202044995165737796183602548032017112335862037257740830884128150786994552559481996024348684813325640685655081780679812392101828907552099178348470328416990384966400623073741118999017743861394697346212030233963725796315006887589965269746459618827171572914711928093665084578882848947250793425132988519273047462854679687723667314902828596533480207613291365531783152784940956764511909930372807958986828121261239860059402787069558978601718044910283276899549929472543357514576067863096323991609606788828820089789049018556232168415175690993246819711547730184719823352548401314098413676089568509085597283453855910337507050778146102418806479171909759588869262861286270381281508700811647684350136315060784818329971840444769292589343344177131050132138098688
975 1854211162456133712678354687900135216473098158787728736990907968092794441677827872072135040773132672352716679656093616627549380663249323747620029403407013565101291587790574651794732074798803641310168889819134427499239899497188063989729958436444443610348941459686393144825689202629360575483023388934466744041664934780286160857206143461555444003794944764383968884860847236402050783876680764617148497349201606660796195097938216637564570696673522584891460280964673784856842114868929183516562956391875088058949447315649907387597606600512818247537775483017821459047392515910958281420899520996834908430735858464605967434703193709935493946207755262371204469049541651087157474197434800152247513269243521199993845513639829845450726745058603533004061487886560381322133504
976 7489211679678785237829472988758152420643139101389010826390807387758885463309627078666583952578106775328683976936506593995110921673785190783445897066915864719407179203554730863835329183186448310363754382873531151309026974332688915815288668750103192324608819994319271645040541926464180399091650697747680810756997596882530526438287211100104287320778983071871701102795276933952280360008094262216526940736290710050117240297817226001318644840271148587624727575709665176797154456135372516478336670454903099475296876687513526636458600958454803890710604704946332982279085907603806845440665826416133474619381162560791126353371627499701521708653259188609511359198037868786769174981515684765647662963291394418725846838629408512451100601438504181635919973443814029749387264
977 10918957934235892060876523208927074707584356388715592462543847263906583471694872523458978259592847281351617109715298210030336726791538243897431523699207024606574191800457461330701211473122096068760619209954395162903422414062099112919856707915949866811252372462000707510962993570180699188585833951594194649921343519510973231163004475081035949594593220828852161881319512990322748617933843793531088193299770357025681810411787644477779551769824759369545654311100137821652180313080996392001004530058199999751137215913167855560170226598383578347460619633951061194684173580802261515957652789939863242137433293109850918497887859848930181745950450699298016517031816014870103407345665321782339633231146826173608134843283315788788963031747187836562066411209084518600278016
978 -98032639202636143468136752574272681607113540183607019000684927682380760115255696460388584255707131862510784638414040654740223852695110519902706048226753284669256406979526011919570930689950882653374201073389983782514327345641947261407239133410789178766427919667520714655611538492044488116960203436841846430038744447552197620879208531732999975897761944634466194930925779110361690876973311876690238918073164915877320302110906019087832068906748053080398540512614388083932053127389522032202902972638680444566226772349921125034153604796578751812098336229116300841770491428922118441949183207759350366604557328470223719591551342574147407207233779788935629320041693477494405571958464206040992874048919169671983104186122321053756417259553038382637464951012614414989787136
979 3873634705227438939751138796196839915550201405123342078143232701215064143592074007375029439036055846466494448066810439303560865471376633129342591477358387238642933331006570040796543894077901606443856316632946638957572103434830723853720550967290015328821609889605623491202377397986671235763036826282102322747160387216544050761569354451522872706701469755529013413305881013307632951253237092209765287702883804143118032658257233382824896755514922878958887457082866562968985835063183952339157683919930882227106141053483912310113151111468419216319677448419833763740691037031238592232738391046858663137842789292764150868627058778330008909160255262348593144892890206824228470045047616427730012159849240950176478147184343589712126017241306934459386024280941932137355935744
980 -4216190541516081634011338849271295367155150025118164966964130424322192993994957692170132084221626996525370494358526269152211218738299418140794343898024776734873345456953474532034614502772387581642470420094257280275696627379215788257808723229129543241773067211256616031258296181143086462673007911817850930658899196496836495494784547808687157717454893161615617713090835276221900657459984698737965535782135524935822006507760387828790367854213517597059328669413320336428917200017629547552561758441788312024276052935421947518937744973549015740883436868779934697894547816234895038941948651400785362576862776284452771456842754055460917330809532240257531479598322243207966138746370331917983770253686173665037643668440863453126267012929331269972454248326476575315777814528
981 16899031603654437987529637105159404138225576193808656963214718165048874698699565268787408028497011074531624763693509702525569038086935321788258959361618937837240611796155022296309014060902859729597759221909767587543558820368903197732726751164435558612109723123656398148833162848672125710257003153632254103008078786826050832159785962370219225015134666813291740580500117748453801352398043441124758037442508734562237528820747871809715952587975238887591092831022588078490678835479398341606330876662610463757041388346764688876813474474993840240900550103727566778673929459894526024808230239447857759326508397708465660579450289255379958228148248777713624702380518667344324168543444739031944271819266620948381150427857016843034640055486042988974460109287063361610542219264
982 363156970731517013439340206895449935923507549484571934774878970038408272773089013374191001911807554699234724575462067761067158362437630649678390296791259754084263649034860285241702338329430048490751308116391826677577579373188047793221070417731637197220582347719477343944137140029702498509268866715946685090228567807850491864367388934412448800940973497296742780563566585195455188194316555321516619641622411127383039475970315919150090961139102462227518913991494185796795304054084075216678420725279875329517288861349126839104776790335110943837951908404611068973029234601037187681515265915700098379423821769626765142173844767081906410265908784060882338456280080366478853391054908198436217898973824969136998148457902881460739269492423288862355592482795036499510321741824
983 2960471257070377056862482257994238253988689219484547838931278919518694247867697952388775125215583870723984555205110275535227832702838477724640051846175862995122425255043773299292527045008016476231716813397158489019002814216181353432413096237686656850455155347630025960320537897587311476886907120696047335904524106305694666978275352747072897112807706198705981310705075172688917857372691253599522297143820250069190443484102614940194889379584183668244099160017900193974860349223011446517265782243493405116764651737217882554760501402931569262311279430429349685419003760050511579199927285332215341697880728059954079867259932524401693809571483041163162828893906983556337559634684750300403561246738507387115302396663813429173775790513216928733908505777907971206500000464896
984 -14872607419160110954924356437489597615883348338582886550207709292229301155075519579902204925909994475660264415537225749798495128811671270471520386928470435580322908633740472980018470550855068409673431590075784858707041615815067014838259838088019795003014716366502156884360927990901899860894838282377079558918866438579727446243333006367038576450872974311163755155394006252961907286813586928440527365557207382816624890220280228846292777084729019078952169227964011248608660335805860318505871521675115366069506411631244259005324182773046688454740372688719424494018303167817658539696089439063787679348119861034448056153667097700709410114161738124035650155992258873325291674083778908946721236093756917201783110119343202326549757042819290850407612473205408402363329969913856
985 133686178420315045386800825231189768999658827227285924232739683596351337509141532833840804783872392131923843694762229331260788792798372072477353361784481290346489432883798681890895501145788306830920610680658621269855790124197445485838487362014543420373116924705872057066287239179763834149407146023712042206166849626375942491921318639255351048758606609045412076815057765881989302799943795979758189107147948053602317082772535649608176081296962740474889456835636481898897084897792848355946983487295506672757640881856658337636734851820034746683833678499572618453350835033843294913074022438440388540116664662394217901198669612137604589398617947816826514975958519258952365707079326798147100098105028005111962144809813518065118376490096028711520555511980152982030068926644224
986 362214581404920164058379052362914349532601722828636419343388575195063743170305735141571937373257099746766604220285802170372689975734421824421947843352871751204877194340287557207788120372942488097698473725400144713453787617992042890928043671548906712570949393879678147772610234012011954142098492549249551422520296681490499533406512297555626635229384908928591645091682055752556884161726612295983993415660968616642574691478163384173877631108548277374456964233008165129438264751035216355513571953843742072837952687041210120818363515016310770251475197275911826275979089354844682987737223960824782543761439204492803520348054653101576258688439550803092898096227512751259739753884457875843050824180310203298304566281777195913668301135699705257213450641800503228981101337772032
987 246256955184472031951153469910373322351732176381492658651473040834953406224438786223647303455329092976139490827319200441181212731060316885546780101532688713292655509916951857929302809515489549812536946290203803260998504074833212347985781353171429947471964598233490462137002548535234277508180945562779685157865287890737538011178855053130413108355539297001004455930312300368095357206944897785608982795509306497506531797763982471930906211305930177177412285624348371074018865232838083399476666850975872025966254628370362010929473438815347545466903685557192760060476859440341444975919986722066526839278406758768753340448591870316135086011593528273953811398708121925132517202949441997622954081550868683451445783763772285531375205796352436151595424779387907827380079583821824
988 -1009117343444025389687260989336685063640877031600218514160568968194395320559247792374770908923044745363227153799760349802020951701201655636538657768463133555374633293728450221532196906976610674534347187884190927069086172511227550661585695444665121580066093646275180953134410428463807212237805168797279771302285709764141203539405112411433096492514180192732905443743563018304553669346281629316180165514873474401638324997293972928941708240269894806647578677607098669051719030853577143125150537324300041652845041000215207094928215967044894896739088042870688127207108098379616779867152628779518990015477255550952316364338501953568874978599002236222999691222773214240967416604952175052260124176588406691194144997110732755956939736105382552275687470666618891360066033906876416
989 229452656328812904004449496997228347210815996300287076247720860641738093710608443582543125617339821547960601051332046125055733438777253571193565077389353818684051154177318300854650846446551806637079080410127957712746794107995653728586660691652551325734040621722584563049701777388558879303045064849011861189244302676974418216498187176968677580634242312979502870220491332684644542425400918277653028796778414055871686994835237620929001413201574242823968853618966450995816608275102911197001847110185675672993947933821024291354765577989293362205417227914660169008112103464477011677046703845695588194354753670113679372340949695191238029026140164631144539499590095652747538147353978164729081542532434590664835377206537166647789410239126740976272126718612026295124512057197592576
990 -412919526267911110797172636459482633430362719016300562676039731233916473197398356370490059936050695531468798456703820023889832913284517968804679569951386310460541379416219461735490377212643266800693779426603895632767283092288944749593945653426136291008249170276652746137775879285594288682842556891179751450658304752419779997088153642591838715676488751178412067189180415230258716390205918293889166197863700760677030600307237261868609748461564458305031819699981056540855725389541320381737159162020687393838664386393356719264619021306624644028522925268823191730070846294620169479546895041575854735848098898169343645968122721019785832458673532612320413224235556528138447391156935604166026914248731248767730598062982211570525493049965395085910133674442794268595809434967474176
991 1825514221534780540482419860377291710325009484105185270277346054437772581095934410325840134137390843290647263791855473495839166307619204147225778572733218582295499864220350622917701595378015586626877005043196218059374784808522854906097015103382940868427145315353588566229303718345252539819728788707273190699697489910038635941166074531978004356212691985873411659743333327562230720115159706084175962660293083949640668811520738229329287457099878490684802271393657506731903810457008329002648719512248273722997237639910426221553410562676724129908770199384035493640837828846498374306109904413850903164868485952704545356629121666694936404387463021076213836933588609276826223868537106038057998265256120245292039248425832211472964916912759250068409209435864785262818311997912776704
992 24431309548106479109676357883911371314578888897866714704210322331879258834499093095665146454383104939752995104899903334681249796548690351958016156385205854473555841995980361344293188315349710375035365603387729596916503532742731811634676017888149629864227610901065188298977645155282374313299378684667340664844627345989834679624005629670360261132181747595772921217685760924617189673324312416051562801587643265422436982813698275580550599793237393334497043869377739041378948485800549918867476009445451348037052378774306884673845633086461163851771141918614510549744379487998712837562455929226504476267552061491517446182397570908933268589950024724434950740381905251232046825824806412701026628130787525002780525407782513499669621508790637912560258447752734562244010908301490388992
993 140184992627136407196268256922596953512929744075357910974855224766491561970526807182964736351748688810613451565161368355907095410947588632926921856682779502413988969193947470040544129414711669482213121560543953836935342267701831941768080010735744372789218321628370845072663196257317232753219561113320125232987311001051058970504933938136740324915836667068652697259771743667673313129832688189312034181781878645182466007607432688692703628557825363365950876775872292183179305925237223100874338897687851295339179335494176575326288517660125593271028858464230997226405566271542051378147951581128541312851426269164873196804870849505262251384028565768049380725651222820980685711344931323684875290947067829667951341107472675510700918635550687762636583187190485454827527434286802141184
994 -833009628650750030548740304647547300690667694435410494207630558906082745468120943501093083768332175217384163074506435991188765151109924422078040034914531192162265524051479812871223016791998107228281335652834208687257798945986509056068103434896106639250055285781108585748190589141682763411801252610402119351245968416294707182718068140741151647885448443836061549113224793640147325264454625190007157496476666677819039379568923941129115354415106488768513218353977937040272095099985244241847298254966464627660024166595395233568409201228439637038218236294017734303513434530100179258004756062801942933323779271497507621039576924458620602170760486302789985922777412808527194427249770568258320294457745701752730567746195809786097765499520571072034939832075274113564441837165615251456
995 9216013520639408694453572892922396728643243070434769004516249137966297519140684175562442238346554345098646801277856517809462590842125596945071095689390019095496071167656665692364452452188258923186650588035152195309957425610745037057967491889462264622930577441576072239878720877902840246368684051198331588289418158411125094776480315828939977840227614242827488362827008740226115627285766467756545721022267133730841389823179124193326504332288053119169130934332486298844204300707502959671738478867884615372980059191205684710440628058593200615169683559858270456135770210577277258741731114180175186817492171735473633516614899588757510665721997580844565982972034845034290306761395295127304281380436318245309800795665343729165779091582870131785475311233575635118007870493372035629056
996 14985562030096004784588897242713511614983150876747725418970733556625114296703948184079182886146097810253631476222085693759671112135053071498781303279986959363358498120092321218584516883658669358737920974568218128882648162540664079261273673171140051493964112275961596766423644870688277641024875370853645182031137190909677857439500519828717593854277567970697740852219842285544372398181150119437575428945107661970387875529306775550836882515210301609528571373109214676628120088001660982691199794036817072092941470437840410542526974788738951322244821305940587448528036517239278200967323455239359003023384167510853816525829055871705237628987355190088543052140585911680790201657038040961935426432133126894549350865300827852449645392580485245355861682308671357691370605722542909947904
997 1784115798676760188989468131584793993368196815973839781630636588396691779577533508648162704642076226237187840831863831485729022288033465498927748113241906003729476131573543244751009768783918773124009310183965606172487880556860575412530106603925145106962534574042591800737478030327705152773669343550396387247586841777023161704990492243619248378309472725790069167480440366945909385457097388237063904316244074668982773084080614819803761514325130101492147366120809029088718432702922037142333086541016084004767057059354285818911094755671655856770689319542468871603533246626959969057766555141673746963287559698619299526097320349957560565162090447436067239001693684839891877750911869818658548936952018619074332858629079442871730749420788124580533745545344246337713507393675338973184
998 240389005045995771654189189231264651256048882890419377030728125171276837511263644468982394939577021707526512676123542194039057356275490047081386901569962700694220224445547849240372084277544062878529036430252919241257810331721327298032936354041511320806081362918467308209930890769077313484301402615277016485471092376575980492190587199992347279819997376852462279926428164567146079244588787557745052094507730944111754006280145996856468078470201119310393134092639384513017910321487861506726910072374782120242668975388569232323147736622676495555820841104374086539783366185610253064204050363987213872278104555252956151420864565282878993190013699603457410836046715945726992684921572362594399221417783323376775167342223409745602562102871486369429027813083959220462762700504234408804352
999 13140318434898515270375874915253113227855021213973455582061932014273230693486640652160397896743864429094263136327588218206299928453740455748311100079487736093309651064794141595819012472172655700594043636710368978715774917670495886248617533009221217083224535080347190324408103556064883685664190973294854578693685319285507812332844215369672155676670968339075050481237747958182851161322083809180513907834922784862459279261939736646445788382954795796973735432252071618684466425103211571215198198664580991423795052553297309573562347387024491005439880797214266757580861986648166376011761900076025883061724756469724954011568835651423772068589833213733478070095814666663566055861695490933127453189601505425229507686416711044769188390811503620647503974358826861738644516581439399572537344
1000 -32883072673580185413461805423507531523356900978128537256706845698977651029159080936829635137061655977710191103046741421978720973278456223298978235538781010573788946132590327856746370600764103010121971623134574172542349397229094975412455116256122140701318045833080398669041173635480337377889117027081837079098734972507197410804265556897589449305063581193762159820356892817825687065739742658024820673205292462783880911037669756937846812134043813567331044008737347753639046612053472877944501897124702724166041608309201049073211232577075564664755255514343950179520203832736278720049078018373493244765879736188232090697042872065571211585808379504148366802392815434499015691703129353391954669055440398564435368092594383842528483906545112114669222297804739795913931016244652738185527296
