0 -1
1 4
2 32
3 64
4 -256
5 4096
6 -4096
7 16384
8 131072
9 262144
10 -1048576
11 16777216
12 -16777216
13 67108864
14 536870912
15 1073741824
16 -4294967296
17 68719476736
18 -68719476736
19 274877906944
20 2199023255552
21 4398046511104
22 -17592186044416
23 281474976710656
24 -281474976710656
25 1125899906842624
26 9007199254740992
27 18014398509481984
28 -72057594037927936
29 1152921504606846976
30 -1152921504606846976
31 4611686018427387904
32 36893488147419103232
33 73786976294838206464
34 -295147905179352825856
35 4722366482869645213696
36 -4722366482869645213696
37 18889465931478580854784
38 151115727451828646838272
39 302231454903657293676544
40 -1208925819614629174706176
41 19342813113834066795298816
42 -19342813113834066795298816
43 77371252455336267181195264
44 618970019642690137449562112
45 1237940039285380274899124224
46 -4951760157141521099596496896
47 79228162514264337593543950336
48 -79228162514264337593543950336
49 316912650057057350374175801344
50 2535301200456458802993406410752
51 5070602400912917605986812821504
52 -20282409603651670423947251286016
53 324518553658426726783156020576256
54 -324518553658426726783156020576256
55 1298074214633706907132624082305024
56 10384593717069655257060992658440192
57 20769187434139310514121985316880384
58 -83076749736557242056487941267521536
59 1329227995784915872903807060280344576
60 -1329227995784915872903807060280344576
61 5316911983139663491615228241121378304
62 42535295865117307932921825928971026432
63 85070591730234615865843651857942052864
64 -340282366920938463463374607431768211456
65 5444517870735015415413993718908291383296
66 -5444517870735015415413993718908291383296
67 21778071482940061661655974875633165533184
68 174224571863520493293247799005065324265472
69 348449143727040986586495598010130648530944
70 -1393796574908163946345982392040522594123776
71 22300745198530623141535718272648361505980416
72 -22300745198530623141535718272648361505980416
73 89202980794122492566142873090593446023921664
74 713623846352979940529142984724747568191373312
75 1427247692705959881058285969449495136382746624
76 -5708990770823839524233143877797980545530986496
77 91343852333181432387730302044767688728495783936
78 -91343852333181432387730302044767688728495783936
79 365375409332725729550921208179070754913983135744
80 2923003274661805836407369665432566039311865085952
81 5846006549323611672814739330865132078623730171904
82 -23384026197294446691258957323460528314494920687616
83 374144419156711147060143317175368453031918731001856
84 -374144419156711147060143317175368453031918731001856
85 1496577676626844588240573268701473812127674924007424
86 11972621413014756705924586149611790497021399392059392
87 23945242826029513411849172299223580994042798784118784
88 -95780971304118053647396689196894323976171195136475136
89 1532495540865888858358347027150309183618739122183602176
90 -1532495540865888858358347027150309183618739122183602176
91 6129982163463555433433388108601236734474956488734408704
92 49039857307708443467467104868809893875799651909875269632
93 98079714615416886934934209737619787751599303819750539264
94 -392318858461667547739736838950479151006397215279002157056
95 6277101735386680763835789423207666416102355444464034512896
96 -6277101735386680763835789423207666416102355444464034512896
97 25108406941546723055343157692830665664409421777856138051584
98 200867255532373784442745261542645325315275374222849104412672
99 401734511064747568885490523085290650630550748445698208825344
100 -1606938044258990275541962092341162602522202993782792835301376
101 25711008708143844408671393477458601640355247900524685364822016
102 -25711008708143844408671393477458601640355247900524685364822016
103 102844034832575377634685573909834406561420991602098741459288064
104 822752278660603021077484591278675252491367932816789931674304512
105 1645504557321206042154969182557350504982735865633579863348609024
106 -6582018229284824168619876730229402019930943462534319453394436096
107 105312291668557186697918027683670432318895095400549111254310977536
108 -105312291668557186697918027683670432318895095400549111254310977536
109 421249166674228746791672110734681729275580381602196445017243910144
110 3369993333393829974333376885877453834204643052817571560137951281152
111 6739986666787659948666753771754907668409286105635143120275902562304
112 -26959946667150639794667015087019630673637144422540572481103610249216
113 431359146674410236714672241392314090778194310760649159697657763987456
114 -431359146674410236714672241392314090778194310760649159697657763987456
115 1725436586697640946858688965569256363112777243042596638790631055949824
116 13803492693581127574869511724554050904902217944340773110325048447598592
117 27606985387162255149739023449108101809804435888681546220650096895197184
118 -110427941548649020598956093796432407239217743554726184882600387580788736
119 1766847064778384329583297500742918515827483896875618958121606201292619776
120 -1766847064778384329583297500742918515827483896875618958121606201292619776
121 7067388259113537318333190002971674063309935587502475832486424805170479104
122 56539106072908298546665520023773392506479484700019806659891398441363832832
123 113078212145816597093331040047546785012958969400039613319782796882727665664
124 -452312848583266388373324160190187140051835877600158453279131187530910662656
125 7237005577332262213973186563042994240829374041602535252466099000494570602496
126 -7237005577332262213973186563042994240829374041602535252466099000494570602496
127 28948022309329048855892746252171976963317496166410141009864396001978282409984
128 231584178474632390847141970017375815706539969331281128078915168015826259279872
129 463168356949264781694283940034751631413079938662562256157830336031652518559744
130 -1852673427797059126777135760139006525652319754650249024631321344126610074238976
131 29642774844752946028434172162224104410437116074403984394101141506025761187823616
132 -29642774844752946028434172162224104410437116074403984394101141506025761187823616
133 118571099379011784113736688648896417641748464297615937576404566024103044751294464
134 948568795032094272909893509191171341133987714380927500611236528192824358010355712
135 1897137590064188545819787018382342682267975428761855001222473056385648716020711424
136 -7588550360256754183279148073529370729071901715047420004889892225542594864082845696
137 121416805764108066932466369176469931665150427440758720078238275608681517825325531136
138 -121416805764108066932466369176469931665150427440758720078238275608681517825325531136
139 485667223056432267729865476705879726660601709763034880312953102434726071301302124544
140 3885337784451458141838923813647037813284813678104279042503624819477808570410416996352
141 7770675568902916283677847627294075626569627356208558085007249638955617140820833992704
142 -31082702275611665134711390509176302506278509424834232340028998555822468563283335970816
143 497323236409786642155382248146820840100456150797347717440463976893159497012533375533056
144 -497323236409786642155382248146820840100456150797347717440463976893159497012533375533056
145 1989292945639146568621528992587283360401824603189390869761855907572637988050133502132224
146 15914343565113172548972231940698266883214596825515126958094847260581103904401068017057792
147 31828687130226345097944463881396533766429193651030253916189694521162207808802136034115584
148 -127314748520905380391777855525586135065716774604121015664758778084648831235208544136462336
149 2037035976334486086268445688409378161051468393665936250636140449354381299763336706183397376
150 -2037035976334486086268445688409378161051468393665936250636140449354381299763336706183397376
151 8148143905337944345073782753637512644205873574663745002544561797417525199053346824733589504
152 65185151242703554760590262029100101153646988597309960020356494379340201592426774597868716032
153 130370302485407109521180524058200202307293977194619920040712988758680403184853549195737432064
154 -521481209941628438084722096232800809229175908778479680162851955034721612739414196782949728256
155 8343699359066055009355553539724812947666814540455674882605631280555545803830627148527195652096
156 -8343699359066055009355553539724812947666814540455674882605631280555545803830627148527195652096
157 33374797436264220037422214158899251790667258161822699530422525122222183215322508594108782608384
158 266998379490113760299377713271194014325338065294581596243380200977777465722580068752870260867072
159 533996758980227520598755426542388028650676130589163192486760401955554931445160137505740521734144
160 -2135987035920910082395021706169552114602704522356652769947041607822219725780640550022962086936576
161 34175792574734561318320347298712833833643272357706444319152665725155515612490248800367393390985216
162 -34175792574734561318320347298712833833643272357706444319152665725155515612490248800367393390985216
163 136703170298938245273281389194851335334573089430825777276610662900622062449960995201469573563940864
164 1093625362391505962186251113558810682676584715446606218212885303204976499599687961611756588511526912
165 2187250724783011924372502227117621365353169430893212436425770606409952999199375923223513177023053824
166 -8749002899132047697490008908470485461412677723572849745703082425639811996797503692894052708092215296
167 139984046386112763159840142535527767382602843577165595931249318810236991948760059086304843329475444736
168 -139984046386112763159840142535527767382602843577165595931249318810236991948760059086304843329475444736
169 559936185544451052639360570142111069530411374308662383724997275240947967795040236345219373317901778944
170 4479489484355608421114884561136888556243290994469299069799978201927583742360321890761754986543214231552
171 8958978968711216842229769122273777112486581988938598139599956403855167484720643781523509973086428463104
172 -35835915874844867368919076489095108449946327955754392558399825615420669938882575126094039892345713852416
173 573374653997517877902705223825521735199141247292070280934397209846730719022121202017504638277531421638656
174 -573374653997517877902705223825521735199141247292070280934397209846730719022121202017504638277531421638656
175 2293498615990071511610820895302086940796564989168281123737588839386922876088484808070018553110125686554624
176 18347988927920572092886567162416695526372519913346248989900710715095383008707878464560148424881005492436992
177 36695977855841144185773134324833391052745039826692497979801421430190766017415756929120296849762010984873984
178 -146783911423364576743092537299333564210980159306769991919205685720763064069663027716481187399048043939495936
179 2348542582773833227889480596789337027375682548908319870707290971532209025114608443463698998384768703031934976
180 -2348542582773833227889480596789337027375682548908319870707290971532209025114608443463698998384768703031934976
181 9394170331095332911557922387157348109502730195633279482829163886128836100458433773854795993539074812127739904
182 75153362648762663292463379097258784876021841565066235862633311089030688803667470190838367948312598497021919232
183 150306725297525326584926758194517569752043683130132471725266622178061377607334940381676735896625196994043838464
184 -601226901190101306339707032778070279008174732520529886901066488712245510429339761526706943586500787976175353856
185 9619630419041620901435312524449124464130795720328478190417063819395928166869436184427311097384012607618805661696
186 -9619630419041620901435312524449124464130795720328478190417063819395928166869436184427311097384012607618805661696
187 38478521676166483605741250097796497856523182881313912761668255277583712667477744737709244389536050430475222646784
188 307828173409331868845930000782371982852185463050511302093346042220669701339821957901673955116288403443801781174272
189 615656346818663737691860001564743965704370926101022604186692084441339402679643915803347910232576806887603562348544
190 -2462625387274654950767440006258975862817483704404090416746768337765357610718575663213391640930307227550414249394176
191 39402006196394479212279040100143613805079739270465446667948293404245721771497210611414266254884915640806627990306816
192 -39402006196394479212279040100143613805079739270465446667948293404245721771497210611414266254884915640806627990306816
193 157608024785577916849116160400574455220318957081861786671793173616982887085988842445657065019539662563226511961227264
194 1260864198284623334792929283204595641762551656654894293374345388935863096687910739565256520156317300505812095689818112
195 2521728396569246669585858566409191283525103313309788586748690777871726193375821479130513040312634601011624191379636224
196 -10086913586276986678343434265636765134100413253239154346994763111486904773503285916522052161250538404046496765518544896
197 161390617380431786853494948250188242145606612051826469551916209783790476376052574664352834580008614464743948248296718336
198 -161390617380431786853494948250188242145606612051826469551916209783790476376052574664352834580008614464743948248296718336
199 645562469521727147413979793000752968582426448207305878207664839135161905504210298657411338320034457858975792993186873344
200 5164499756173817179311838344006023748659411585658447025661318713081295244033682389259290706560275662871806343945494986752
201 10328999512347634358623676688012047497318823171316894051322637426162590488067364778518581413120551325743612687890989973504
202 -41315998049390537434494706752048189989275292685267576205290549704650361952269459114074325652482205302974450751563959894016
203 661055968790248598951915308032771039828404682964281219284648795274405791236311345825189210439715284847591212025023358304256
204 -661055968790248598951915308032771039828404682964281219284648795274405791236311345825189210439715284847591212025023358304256
205 2644223875160994395807661232131084159313618731857124877138595181097623164945245383300756841758861139390364848100093433217024
206 21153791001287955166461289857048673274508949854856999017108761448780985319561963066406054734070889115122918784800747465736192
207 42307582002575910332922579714097346549017899709713998034217522897561970639123926132812109468141778230245837569601494931472384
208 -169230328010303641331690318856389386196071598838855992136870091590247882556495704531248437872567112920983350278405979725889536
209 2707685248164858261307045101702230179137145581421695874189921465443966120903931272499975005961073806735733604454495675614232576
210 -2707685248164858261307045101702230179137145581421695874189921465443966120903931272499975005961073806735733604454495675614232576
211 10830740992659433045228180406808920716548582325686783496759685861775864483615725089999900023844295226942934417817982702456930304
212 86645927941275464361825443254471365732388658605494267974077486894206915868925800719999200190754361815543475342543861619655442432
213 173291855882550928723650886508942731464777317210988535948154973788413831737851601439998400381508723631086950685087723239310884864
214 -693167423530203714894603546035770925859109268843954143792619895153655326951406405759993601526034894524347802740350892957243539456
215 11090678776483259438313656736572334813745748301503266300681918322458485231222502492159897624416558312389564843845614287315896631296
216 -11090678776483259438313656736572334813745748301503266300681918322458485231222502492159897624416558312389564843845614287315896631296
217 44362715105933037753254626946289339254982993206013065202727673289833940924890009968639590497666233249558259375382457149263586525184
218 354901720847464302026037015570314714039863945648104521621821386318671527399120079749116723981329865996466075003059657194108692201472
219 709803441694928604052074031140629428079727891296209043243642772637343054798240159498233447962659731992932150006119314388217384402944
220 -2839213766779714416208296124562517712318911565184836172974571090549372219192960637992933791850638927971728600024477257552869537611776
221 45427420268475430659332737993000283397102585042957378767593137448789955507087370207886940669610222847547657600391636120845912601788416
222 -45427420268475430659332737993000283397102585042957378767593137448789955507087370207886940669610222847547657600391636120845912601788416
223 181709681073901722637330951972001133588410340171829515070372549795159822028349480831547762678440891390190630401566544483383650407153664
224 1453677448591213781098647615776009068707282721374636120562980398361278576226795846652382101427527131121525043212532355867069203257229312
225 2907354897182427562197295231552018137414565442749272241125960796722557152453591693304764202855054262243050086425064711734138406514458624
226 -11629419588729710248789180926208072549658261770997088964503843186890228609814366773219056811420217048972200345700258846936553626057834496
227 186070713419675363980626894819329160794532188335953423432061490990243657757029868371504908982723472783555205531204141550984858016925351936
228 -186070713419675363980626894819329160794532188335953423432061490990243657757029868371504908982723472783555205531204141550984858016925351936
229 744282853678701455922507579277316643178128753343813693728245963960974631028119473486019635930893891134220822124816566203939432067701407744
230 5954262829429611647380060634218533145425030026750509549825967711687797048224955787888157087447151129073766576998532529631515456541611261952
231 11908525658859223294760121268437066290850060053501019099651935423375594096449911575776314174894302258147533153997065059263030913083222523904
232 -47634102635436893179040485073748265163400240214004076398607741693502376385799646303105256699577209032590132615988260237052123652332890095616
233 762145642166990290864647761179972242614403843424065222377723867096038022172794340849684107193235344521442121855812163792833978437326241529856
234 -762145642166990290864647761179972242614403843424065222377723867096038022172794340849684107193235344521442121855812163792833978437326241529856
235 3048582568667961163458591044719888970457615373696260889510895468384152088691177363398736428772941378085768487423248655171335913749304966119424
236 24388660549343689307668728357759111763660922989570087116087163747073216709529418907189891430183531024686147899385989241370687309994439728955392
237 48777321098687378615337456715518223527321845979140174232174327494146433419058837814379782860367062049372295798771978482741374619988879457910784
238 -195109284394749514461349826862072894109287383916560696928697309976585733676235351257519131441468248197489183195087913930965498479955517831643136
239 3121748550315992231381597229793166305748598142664971150859156959625371738819765620120306103063491971159826931121406622895447975679288285306290176
240 -3121748550315992231381597229793166305748598142664971150859156959625371738819765620120306103063491971159826931121406622895447975679288285306290176
241 12486994201263968925526388919172665222994392570659884603436627838501486955279062480481224412253967884639307724485626491581791902717153141225160704
242 99895953610111751404211111353381321783955140565279076827493022708011895642232499843849795298031743077114461795885011932654335221737225129801285632
243 199791907220223502808422222706762643567910281130558153654986045416023791284464999687699590596063486154228923591770023865308670443474450259602571264
244 -799167628880894011233688890827050574271641124522232614619944181664095165137859998750798362384253944616915694367080095461234681773897801038410285056
245 12786682062094304179739022253232809188346257992355721833919106906625522642205759980012773798148063113870651109873281527379754908382364816614564560896
246 -12786682062094304179739022253232809188346257992355721833919106906625522642205759980012773798148063113870651109873281527379754908382364816614564560896
247 51146728248377216718956089012931236753385031969422887335676427626502090568823039920051095192592252455482604439493126109519019633529459266458258243584
248 409173825987017733751648712103449894027080255755383098685411421012016724550584319360408761540738019643860835515945008876152157068235674131666065948672
249 818347651974035467503297424206899788054160511510766197370822842024033449101168638720817523081476039287721671031890017752304314136471348263332131897344
250 -3273390607896141870013189696827599152216642046043064789483291368096133796404674554883270092325904157150886684127560071009217256545885393053328527589376
251 52374249726338269920211035149241586435466272736689036631732661889538140742474792878132321477214466514414186946040961136147476104734166288853256441430016
252 -52374249726338269920211035149241586435466272736689036631732661889538140742474792878132321477214466514414186946040961136147476104734166288853256441430016
253 209496998905353079680844140596966345741865090946756146526930647558152562969899171512529285908857866057656747784163844544589904418936665155413025765720064
254 1675975991242824637446753124775730765934920727574049172215445180465220503759193372100234287270862928461253982273310756356719235351493321243304206125760512
255 3351951982485649274893506249551461531869841455148098344430890360930441007518386744200468574541725856922507964546621512713438470702986642486608412251521024
256 -13407807929942597099574024998205846127479365820592393377723561443721764030073546976801874298166903427690031858186486050853753882811946569946433649006084096
257 214524926879081553593184399971293538039669853129478294043576983099548224481176751628829988770670454843040509730983776813660062124991145119142938384097345536
258 -214524926879081553593184399971293538039669853129478294043576983099548224481176751628829988770670454843040509730983776813660062124991145119142938384097345536
259 858099707516326214372737599885174152158679412517913176174307932398192897924707006515319955082681819372162038923935107254640248499964580476571753536389382144
260 6864797660130609714981900799081393217269435300143305409394463459185543183397656052122559640661454554977296311391480858037121987999716643812574028291115057152
261 13729595320261219429963801598162786434538870600286610818788926918371086366795312104245119281322909109954592622782961716074243975999433287625148056582230114304
262 -54918381281044877719855206392651145738155482401146443275155707673484345467181248416980477125291636439818370491131846864296975903997733150500592226328920457216
263 878694100496718043517683302282418331810487718418343092402491322775749527474899974671687634004666183037093927858109549828751614463963730408009475621262727315456
264 -878694100496718043517683302282418331810487718418343092402491322775749527474899974671687634004666183037093927858109549828751614463963730408009475621262727315456
265 3514776401986872174070733209129673327241950873673372369609965291102998109899599898686750536018664732148375711432438199315006457855854921632037902485050909261824
266 28118211215894977392565865673037386617935606989386978956879722328823984879196799189494004288149317857187005691459505594520051662846839373056303219880407274094592
267 56236422431789954785131731346074773235871213978773957913759444657647969758393598378988008576298635714374011382919011189040103325693678746112606439760814548189184
268 -224945689727159819140526925384299092943484855915095831655037778630591879033574393515952034305194542857496045531676044756160413302774714984450425759043258192756736
269 3599131035634557106248430806148785487095757694641533306480604458089470064537190296255232548883112685719936728506816716098566612844395439751206812144692131084107776
270 -3599131035634557106248430806148785487095757694641533306480604458089470064537190296255232548883112685719936728506816716098566612844395439751206812144692131084107776
271 14396524142538228424993723224595141948383030778566133225922417832357880258148761185020930195532450742879746914027266864394266451377581759004827248578768524336431104
272 115172193140305827399949785796761135587064246228529065807379342658863042065190089480167441564259605943037975312218134915154131611020654072038617988630148194691448832
273 230344386280611654799899571593522271174128492457058131614758685317726084130380178960334883128519211886075950624436269830308263222041308144077235977260296389382897664
274 -921377545122446619199598286374089084696513969828232526459034741270904336521520715841339532514076847544303802497745079321233052888165232576308943909041185557531590656
275 14742040721959145907193572581985425355144223517251720423344555860334469384344331453461432520225229560708860839963921269139728846210643721220943102544658968920505450496
276 -14742040721959145907193572581985425355144223517251720423344555860334469384344331453461432520225229560708860839963921269139728846210643721220943102544658968920505450496
277 58968162887836583628774290327941701420576894069006881693378223441337877537377325813845730080900918242835443359855685076558915384842574884883772410178635875682021801984
278 471745303102692669030194322623533611364615152552055053547025787530703020299018606510765840647207345942683546878845480612471323078740599079070179281429087005456174415872
279 943490606205385338060388645247067222729230305104110107094051575061406040598037213021531681294414691885367093757690961224942646157481198158140358562858174010912348831744
280 -3773962424821541352241554580988268890916921220416440428376206300245624162392148852086126725177658767541468375030763844899770584629924792632561434251432696043649395326976
281 60383398797144661635864873295812302254670739526663046854019300803929986598274381633378027602842540280663494000492221518396329354078796682120982948022923136698390325231616
282 -60383398797144661635864873295812302254670739526663046854019300803929986598274381633378027602842540280663494000492221518396329354078796682120982948022923136698390325231616
283 241533595188578646543459493183249209018682958106652187416077203215719946393097526533512110411370161122653976001968886073585317416315186728483931792091692546793561300926464
284 1932268761508629172347675945465993672149463664853217499328617625725759571144780212268096883290961288981231808015751088588682539330521493827871454336733540374348490407411712
285 3864537523017258344695351890931987344298927329706434998657235251451519142289560424536193766581922577962463616031502177177365078661042987655742908673467080748696980814823424
286 -15458150092069033378781407563727949377195709318825739994628941005806076569158241698144775066327690311849854464126008708709460314644171950622971634693868322994787923259293696
287 247330401473104534060502521019647190035131349101211839914063056092897225106531867170316401061243044989597671426016139339351365034306751209967546155101893167916606772148699136
288 -247330401473104534060502521019647190035131349101211839914063056092897225106531867170316401061243044989597671426016139339351365034306751209967546155101893167916606772148699136
289 989321605892418136242010084078588760140525396404847359656252224371588900426127468681265604244972179958390685704064557357405460137227004839870184620407572671666427088594796544
290 7914572847139345089936080672628710081124203171238778877250017794972711203409019749450124833959777439667125485632516458859243681097816038718961476963260581373331416708758372352
291 15829145694278690179872161345257420162248406342477557754500035589945422406818039498900249667919554879334250971265032917718487362195632077437922953926521162746662833417516744704
292 -63316582777114760719488645381029680648993625369910231018000142359781689627272157995600998671678219517337003885060131670873949448782528309751691815706084650986651333670066978816
293 1013065324433836171511818326096474890383898005918563696288002277756507034036354527929615978746851512277392062160962106733983191180520452956027069051297354415786421338721071661056
294 -1013065324433836171511818326096474890383898005918563696288002277756507034036354527929615978746851512277392062160962106733983191180520452956027069051297354415786421338721071661056
295 4052261297735344686047273304385899561535592023674254785152009111026028136145418111718463914987406049109568248643848426935932764722081811824108276205189417663145685354884286644224
296 32418090381882757488378186435087196492284736189394038281216072888208225089163344893747711319899248392876545989150787415487462117776654494592866209641515341305165482839074293153792
297 64836180763765514976756372870174392984569472378788076562432145776416450178326689787495422639798496785753091978301574830974924235553308989185732419283030682610330965678148586307584
298 -259344723055062059907025491480697571938277889515152306249728583105665800713306759149981690559193987143012367913206299323899696942213235956742929677132122730441323862712594345230336
299 4149515568880992958512407863691161151012446232242436899995657329690652811412908146399707048947103794288197886611300789182395151075411775307886874834113963687061181803401509523685376
300 -4149515568880992958512407863691161151012446232242436899995657329690652811412908146399707048947103794288197886611300789182395151075411775307886874834113963687061181803401509523685376
301 16598062275523971834049631454764644604049784928969747599982629318762611245651632585598828195788415177152791546445203156729580604301647101231547499336455854748244727213606038094741504
302 132784498204191774672397051638117156832398279431757980799861034550100889965213060684790625566307321417222332371561625253836644834413176809852379994691646837985957817708848304757932032
303 265568996408383549344794103276234313664796558863515961599722069100201779930426121369581251132614642834444664743123250507673289668826353619704759989383293675971915635417696609515864064
304 -1062275985633534197379176413104937254659186235454063846398888276400807119721704485478325004530458571337778658972493002030693158675305414478819039957533174703887662541670786438063456256
305 16996415770136547158066822609678996074546979767265021542382212422412913915547271767653200072487337141404458543559888032491090538804886631661104639320530795262202600666732583009015300096
306 -16996415770136547158066822609678996074546979767265021542382212422412913915547271767653200072487337141404458543559888032491090538804886631661104639320530795262202600666732583009015300096
307 67985663080546188632267290438715984298187919069060086169528849689651655662189087070612800289949348565617834174239552129964362155219546526644418557282123181048810402666930332036061200384
308 543885304644369509058138323509727874385503352552480689356230797517213245297512696564902402319594788524942673393916417039714897241756372213155348458256985448390483221335442656288489603072
309 1087770609288739018116276647019455748771006705104961378712461595034426490595025393129804804639189577049885346787832834079429794483512744426310696916513970896780966442670885312576979206144
310 -4351082437154956072465106588077822995084026820419845514849846380137705962380101572519219218556758308199541387151331336317719177934050977705242787666055883587123865770683541250307916824576
311 69617318994479297159441705409245167921344429126717528237597542082203295398081625160307507496908132931192662194421301381083506846944815643283884602656894137393981852330936660004926669193216
312 -69617318994479297159441705409245167921344429126717528237597542082203295398081625160307507496908132931192662194421301381083506846944815643283884602656894137393981852330936660004926669193216
313 278469275977917188637766821636980671685377716506870112950390168328813181592326500641230029987632531724770648777685205524334027387779262573135538410627576549575927409323746640019706676772864
314 2227754207823337509102134573095845373483021732054960903603121346630505452738612005129840239901060253798165190221481644194672219102234100585084307285020612396607419274589973120157653414182912
315 4455508415646675018204269146191690746966043464109921807206242693261010905477224010259680479802120507596330380442963288389344438204468201170168614570041224793214838549179946240315306828365824
316 -17822033662586700072817076584766762987864173856439687228824970773044043621908896041038721919208482030385321521771853153557377752817872804680674458280164899172859354196719784961261227313463296
317 285152538601387201165073225356268207805826781703034995661199532368704697950542336656619550707335712486165144348349650456918044045085964874890791332482638386765749667147516559380179637015412736
318 -285152538601387201165073225356268207805826781703034995661199532368704697950542336656619550707335712486165144348349650456918044045085964874890791332482638386765749667147516559380179637015412736
319 1140610154405548804660292901425072831223307126812139982644798129474818791802169346626478202829342849944660577393398601827672176180343859499563165329930553547062998668590066237520718548061650944
320 9124881235244390437282343211400582649786457014497119861158385035798550334417354773011825622634742799557284619147188814621377409442750875996505322639444428376503989348720529900165748384493207552
321 18249762470488780874564686422801165299572914028994239722316770071597100668834709546023651245269485599114569238294377629242754818885501751993010645278888856753007978697441059800331496768986415104
322 -72999049881955123498258745691204661198291656115976958889267080286388402675338838184094604981077942396458276953177510516971019275542007007972042581115555427012031914789764239201325987075945660416
323 1167984798111281975972139931059274579172666497855631342228273284582214442805421410945513679697247078343332431250840168271536308408672112127552681297848886832192510636636227827221215793215130566656
324 -1167984798111281975972139931059274579172666497855631342228273284582214442805421410945513679697247078343332431250840168271536308408672112127552681297848886832192510636636227827221215793215130566656
325 4671939192445127903888559724237098316690665991422525368913093138328857771221685643782054718788988313373329725003360673086145233634688448510210725191395547328770042546544911308884863172860522266624
326 37375513539561023231108477793896786533525327931380202951304745106630862169773485150256437750311906506986637800026885384689161869077507588081685801531164378630160340372359290471078905382884178132992
327 74751027079122046462216955587793573067050655862760405902609490213261724339546970300512875500623813013973275600053770769378323738155015176163371603062328757260320680744718580942157810765768356265984
328 -299004108316488185848867822351174292268202623451041623610437960853046897358187881202051502002495252055893102400215083077513294952620060704653486412249315029041282722978874323768631243063073425063936
329 4784065733063810973581885157618788676291241975216665977767007373648750357731006099232824032039924032894289638403441329240212719241920971274455782595989040464660523567661989180298099889009174801022976
330 -4784065733063810973581885157618788676291241975216665977767007373648750357731006099232824032039924032894289638403441329240212719241920971274455782595989040464660523567661989180298099889009174801022976
331 19136262932255243894327540630475154705164967900866663911068029494595001430924024396931296128159696131577158553613765316960850876967683885097823130383956161858642094270647956721192399556036699204091904
332 153090103458041951154620325043801237641319743206933311288544235956760011447392195175450369025277569052617268428910122535686807015741471080782585043071649294869136754165183653769539196448293593632735232
333 306180206916083902309240650087602475282639486413866622577088471913520022894784390350900738050555138105234536857820245071373614031482942161565170086143298589738273508330367307539078392896587187265470464
334 -1224720827664335609236962600350409901130557945655466490308353887654080091579137561403602952202220552420938147431280980285494456125931768646260680344573194358953094033321469230156313571586348749061881856
335 19595533242629369747791401605606558418088927130487463844933662202465281465266200982457647235235528838735010358900495684567911298014908298340170885513171109743249504533143507682501017145381579984990109696
336 -19595533242629369747791401605606558418088927130487463844933662202465281465266200982457647235235528838735010358900495684567911298014908298340170885513171109743249504533143507682501017145381579984990109696
337 78382132970517478991165606422426233672355708521949855379734648809861125861064803929830588940942115354940041435601982738271645192059633193360683542052684438972998018132574030730004068581526319939960438784
338 627057063764139831929324851379409869378845668175598843037877190478889006888518431438644711527536922839520331484815861906173161536477065546885468336421475511783984145060592245840032548652210559519683510272
339 1254114127528279663858649702758819738757691336351197686075754380957778013777036862877289423055073845679040662969631723812346323072954131093770936672842951023567968290121184491680065097304421119039367020544
340 -5016456510113118655434598811035278955030765345404790744303017523831112055108147451509157692220295382716162651878526895249385292291816524375083746691371804094271873160484737966720260389217684476157468082176
341 80263304161809898486953580976564463280492245526476651908848280381297792881730359224146523075524726123458602430056430323990164676669064390001339947061948865508349970567755807467524166227482951618519489314816
342 -80263304161809898486953580976564463280492245526476651908848280381297792881730359224146523075524726123458602430056430323990164676669064390001339947061948865508349970567755807467524166227482951618519489314816
343 321053216647239593947814323906257853121968982105906607635393121525191171526921436896586092302098904493834409720225721295960658706676257560005359788247795462033399882271023229870096664909931806474077957259264
344 2568425733177916751582514591250062824975751856847252861083144972201529372215371495172688738416791235950675277761805770367685269653410060480042878305982363696267199058168185838960773319279454451792623658074112
345 5136851466355833503165029182500125649951503713694505722166289944403058744430742990345377476833582471901350555523611540735370539306820120960085756611964727392534398116336371677921546638558908903585247316148224
346 -20547405865423334012660116730000502599806014854778022888665159777612234977722971961381509907334329887605402222094446162941482157227280483840343026447858909570137592465345486711686186554235635614340989264592896
347 328758493846773344202561867680008041596896237676448366218642556441795759643567551382104158517349278201686435553511138607063714515636487741445488423165742553122201479445527787386978984867770169829455828233486336
348 -328758493846773344202561867680008041596896237676448366218642556441795759643567551382104158517349278201686435553511138607063714515636487741445488423165742553122201479445527787386978984867770169829455828233486336
349 1315033975387093376810247470720032166387584950705793464874570225767183038574270205528416634069397112806745742214044554428254858062545950965781953692662970212488805917782111149547915939471080679317823312933945344
350 10520271803096747014481979765760257331100679605646347718996561806137464308594161644227333072555176902453965937712356435426038864500367607726255629541303761699910447342256889196383327515768645434542586503471562752
351 21040543606193494028963959531520514662201359211292695437993123612274928617188323288454666145110353804907931875424712870852077729000735215452511259082607523399820894684513778392766655031537290869085173006943125504
352 -84162174424773976115855838126082058648805436845170781751972494449099714468753293153818664580441415219631727501698851483408310916002940861810045036330430093599283578738055113571066620126149163476340692027772502016
353 1346594790796383617853693410017312938380886989522732508031559911185595431500052690461098633287062643514107640027181623734532974656047053788960720581286881497588537259808881817137065922018386615621451072444360032256
354 -1346594790796383617853693410017312938380886989522732508031559911185595431500052690461098633287062643514107640027181623734532974656047053788960720581286881497588537259808881817137065922018386615621451072444360032256
355 5386379163185534471414773640069251753523547958090930032126239644742381726000210761844394533148250574056430560108726494938131898624188215155842882325147525990354149039235527268548263688073546462485804289777440129024
356 43091033305484275771318189120554014028188383664727440257009917157939053808001686094755156265186004592451444480869811959505055188993505721246743058601180207922833192313884218148386109504588371699886434318219521032192
357 86182066610968551542636378241108028056376767329454880514019834315878107616003372189510312530372009184902888961739623919010110377987011442493486117202360415845666384627768436296772219009176743399772868636439042064384
358 -344728266443874206170545512964432112225507069317819522056079337263512430464013488758041250121488036739611555846958495676040441511948045769973944468809441663382665538511073745187088876036706973599091474545756168257536
359 5515652263101987298728728207430913795608113109085112352897269396216198887424215820128660001943808587833784893551335930816647064191168732319583111500951066614122648616177179922993422016587311577585463592732098692120576
360 -5515652263101987298728728207430913795608113109085112352897269396216198887424215820128660001943808587833784893551335930816647064191168732319583111500951066614122648616177179922993422016587311577585463592732098692120576
361 22062609052407949194914912829723655182432452436340449411589077584864795549696863280514640007775234351335139574205343723266588256764674929278332446003804266456490594464708719691973688066349246310341854370928394768482304
362 176500872419263593559319302637789241459459619490723595292712620678918364397574906244117120062201874810681116593642749786132706054117399434226659568030434131651924755717669757535789504530793970482734834967427158147858432
363 353001744838527187118638605275578482918919238981447190585425241357836728795149812488234240124403749621362233187285499572265412108234798868453319136060868263303849511435339515071579009061587940965469669934854316295716864
364 -1412006979354108748474554421102313931675676955925788762341700965431346915180599249952936960497614998485448932749141998289061648432939195473813276544243473053215398045741358060286316036246351763861878679739417265182867456
365 22592111669665739975592870737637022906810831294812620197467215446901550642889587999246991367961839975767182923986271972624986374927027127581012424707895568851446368731861728964581056579941628221790058875830676242925879296
366 -22592111669665739975592870737637022906810831294812620197467215446901550642889587999246991367961839975767182923986271972624986374927027127581012424707895568851446368731861728964581056579941628221790058875830676242925879296
367 90368446678662959902371482950548091627243325179250480789868861787606202571558351996987965471847359903068731695945087890499945499708108510324049698831582275405785474927446915858324226319766512887160235503322704971703517184
368 722947573429303679218971863604384733017946601434003846318950894300849620572466815975903723774778879224549853567560703123999563997664868082592397590652658203246283799419575326866593810558132103097281884026581639773628137472
369 1445895146858607358437943727208769466035893202868007692637901788601699241144933631951807447549557758449099707135121406247999127995329736165184795181305316406492567598839150653733187621116264206194563768053163279547256274944
370 -5783580587434429433751774908835077864143572811472030770551607154406796964579734527807229790198231033796398828540485624991996511981318944660739180725221265625970270395356602614932750484465056824778255072212653118189025099776
371 92537289398950870940028398541361245826297164983552492328825714470508751433275752444915676643171696540742381256647769999871944191701103114571826891603540250015524326325705641838924007751440909196452081155402449891024401596416
372 -92537289398950870940028398541361245826297164983552492328825714470508751433275752444915676643171696540742381256647769999871944191701103114571826891603540250015524326325705641838924007751440909196452081155402449891024401596416
373 370149157595803483760113594165444983305188659934209969315302857882035005733103009779662706572686786162969525026591079999487776766804412458287307566414161000062097305302822567355696031005763636785808324621609799564097606385664
374 2961193260766427870080908753323559866441509279473679754522422863056280045864824078237301652581494289303756200212728639995902214134435299666298460531313288000496778442422580538845568248046109094286466596972878396512780851085312
375 5922386521532855740161817506647119732883018558947359509044845726112560091729648156474603305162988578607512400425457279991804428268870599332596921062626576000993556884845161077691136496092218188572933193945756793025561702170624
376 -23689546086131422960647270026588478931532074235789438036179382904450240366918592625898413220651954314430049601701829119967217713075482397330387684250506304003974227539380644310764545984368872754291732775783027172102246808682496
377 379032737378102767370356320425415662904513187772631008578870126471203845870697482014374611530431269030880793627229265919475483409207718357286202948008100864063587640630090308972232735749901964068667724412528434753635948938919936
378 -379032737378102767370356320425415662904513187772631008578870126471203845870697482014374611530431269030880793627229265919475483409207718357286202948008100864063587640630090308972232735749901964068667724412528434753635948938919936
379 1516130949512411069481425281701662651618052751090524034315480505884815383482789928057498446121725076123523174508917063677901933636830873429144811792032403456254350562520361235888930942999607856274670897650113739014543795755679744
380 12129047596099288555851402253613301212944422008724192274523844047078523067862319424459987568973800608988185396071336509423215469094646987433158494336259227650034804500162889887111447543996862850197367181200909912116350366045437952
381 24258095192198577111702804507226602425888844017448384549047688094157046135724638848919975137947601217976370792142673018846430938189293974866316988672518455300069609000325779774222895087993725700394734362401819824232700732090875904
382 -97032380768794308446811218028906409703555376069793538196190752376628184542898555395679900551790404871905483168570692075385723752757175899465267954690073821200278436001303119096891580351974902801578937449607279296930802928363503616
383 1552518092300708935148979488462502555256886017116696611139052038026050952686376886330878408828646477950487730697131073206171580044114814391444287275041181139204454976020849905550265285631598444825262999193716468750892846853816057856
384 -1552518092300708935148979488462502555256886017116696611139052038026050952686376886330878408828646477950487730697131073206171580044114814391444287275041181139204454976020849905550265285631598444825262999193716468750892846853816057856
385 6210072369202835740595917953850010221027544068466786444556208152104203810745507545323513635314585911801950922788524292824686320176459257565777149100164724556817819904083399622201061142526393779301051996774865875003571387415264231424
386 49680578953622685924767343630800081768220352547734291556449665216833630485964060362588109082516687294415607382308194342597490561411674060526217192801317796454542559232667196977608489140211150234408415974198927000028571099322113851392
387 99361157907245371849534687261600163536440705095468583112899330433667260971928120725176218165033374588831214764616388685194981122823348121052434385602635592909085118465334393955216978280422300468816831948397854000057142198644227702784
388 -397444631628981487398138749046400654145762820381874332451597321734669043887712482900704872660133498355324859058465554740779924491293392484209737542410542371636340473861337575820867913121689201875267327793591416000228568794576910811136
389 6359114106063703798370219984742410466332205126109989319225557147754704702203399726411277962562135973685197744935448875852478791860694279747355800678568677946181447581781401213133886609947027230004277244697462656003657100713230572978176
390 -6359114106063703798370219984742410466332205126109989319225557147754704702203399726411277962562135973685197744935448875852478791860694279747355800678568677946181447581781401213133886609947027230004277244697462656003657100713230572978176
391 25436456424254815193480879938969641865328820504439957276902228591018818808813598905645111850248543894740790979741795503409915167442777118989423202714274711784725790327125604852535546439788108920017108978789850624014628402852922291912704
392 203491651394038521547847039511757134922630564035519658215217828728150550470508791245160894801988351157926327837934364027279321339542216951915385621714197694277806322617004838820284371518304871360136871830318804992117027222823378335301632
393 406983302788077043095694079023514269845261128071039316430435657456301100941017582490321789603976702315852655675868728054558642679084433903830771243428395388555612645234009677640568743036609742720273743660637609984234054445646756670603264
394 -1627933211152308172382776316094057079381044512284157265721742629825204403764070329961287158415906809263410622703474912218234570716337735615323084973713581554222450580936038710562274972146438970881094974642550439936936217782587026682413056
395 26046931378436930758124421057504913270096712196546516251547882077203270460225125279380594534654508948214569963255598595491753131461403769845169359579417304867559209294976619368996399554343023534097519594280807038990979484521392426918608896
396 -26046931378436930758124421057504913270096712196546516251547882077203270460225125279380594534654508948214569963255598595491753131461403769845169359579417304867559209294976619368996399554343023534097519594280807038990979484521392426918608896
397 104187725513747723032497684230019653080386848786186065006191528308813081840900501117522378138618035792858279853022394381967012525845615079380677438317669219470236837179906477475985598217372094136390078377123228155963917938085569707674435584
398 833501804109981784259981473840157224643094790289488520049532226470504654727204008940179025108944286342866238824179155055736100206764920635045419506541353755761894697439251819807884785738976753091120627016985825247711343504684557661395484672
399 1667003608219963568519962947680314449286189580578977040099064452941009309454408017880358050217888572685732477648358310111472200413529841270090839013082707511523789394878503639615769571477953506182241254033971650495422687009369115322790969344
400 -6668014432879854274079851790721257797144758322315908160396257811764037237817632071521432200871554290742929910593433240445888801654119365080363356052330830046095157579514014558463078285911814024728965016135886601981690748037476461291163877376
401 106688230926077668385277628651540124754316133157054530566340124988224595805082113144342915213944868651886878569494931847134220826465909841285813696837293280737522521272224232935409252574589024395663440258174185631707051968599623380658622038016
402 -106688230926077668385277628651540124754316133157054530566340124988224595805082113144342915213944868651886878569494931847134220826465909841285813696837293280737522521272224232935409252574589024395663440258174185631707051968599623380658622038016
403 426752923704310673541110514606160499017264532628218122265360499952898383220328452577371660855779474607547514277979727388536883305863639365143254787349173122950090085088896931741637010298356097582653761032696742526828207874398493522634488152064
404 3414023389634485388328884116849283992138116261025744978122883999623187065762627620618973286846235796860380114223837819108295066446909114921146038298793384983600720680711175453933096082386848780661230088261573940214625662995187948181075905216512
405 6828046779268970776657768233698567984276232522051489956245767999246374131525255241237946573692471593720760228447675638216590132893818229842292076597586769967201441361422350907866192164773697561322460176523147880429251325990375896362151810433024
406 -27312187117075883106631072934794271937104930088205959824983071996985496526101020964951786294769886374883040913790702552866360531575272919369168306390347079868805765445689403631464768659094790245289840706092591521717005303961503585448607241732096
407 436994993873214129706097166956708350993678881411295357199729151951767944417616335439228580716318181998128654620651240845861768505204366709906692902245553277900892247131030458103436298545516643924637451297481464347472084863384057367177715867713536
408 -436994993873214129706097166956708350993678881411295357199729151951767944417616335439228580716318181998128654620651240845861768505204366709906692902245553277900892247131030458103436298545516643924637451297481464347472084863384057367177715867713536
409 1747979975492856518824388667826833403974715525645181428798916607807071777670465341756914322865272727992514618482604963383447074020817466839626771608982213111603568988524121832413745194182066575698549805189925857389888339453536229468710863470854144
410 13983839803942852150595109342614667231797724205161451430391332862456574221363722734055314582922181823940116947860839707067576592166539734717014172871857704892828551908192974659309961553456532605588398441519406859119106715628289835749686907766833152
411 27967679607885704301190218685229334463595448410322902860782665724913148442727445468110629165844363647880233895721679414135153184333079469434028345743715409785657103816385949318619923106913065211176796883038813718238213431256579671499373815533666304
412 -111870718431542817204760874740917337854381793641291611443130662899652593770909781872442516663377454591520935582886717656540612737332317877736113382974861639142628415265543797274479692427652260844707187532155254872952853725026318685997495262134665216
413 1789931494904685075276173995854677405670108698260665783090090606394441500334556509959080266614039273464334969326187482504649803797317086043777814127597786226282054644248700756391675078842436173515315000514484077967245659600421098975959924194154643456
414 -1789931494904685075276173995854677405670108698260665783090090606394441500334556509959080266614039273464334969326187482504649803797317086043777814127597786226282054644248700756391675078842436173515315000514484077967245659600421098975959924194154643456
415 7159725979618740301104695983418709622680434793042663132360362425577766001338226039836321066456157093857339877304749930018599215189268344175111256510391144905128218576994803025566700315369744694061260002057936311868982638401684395903839696776618573824
416 57277807836949922408837567867349676981443478344341305058882899404622128010705808318690568531649256750858719018437999440148793721514146753400890052083129159241025748615958424204533602522957957552490080016463490494951861107213475167230717574212948590592
417 114555615673899844817675135734699353962886956688682610117765798809244256021411616637381137063298513501717438036875998880297587443028293506801780104166258318482051497231916848409067205045915915104980160032926980989903722214426950334461435148425897181184
418 -458222462695599379270700542938797415851547826754730440471063195236977024085646466549524548253194054006869752147503995521190349772113174027207120416665033273928205988927667393636268820183663660419920640131707923959614888857707801337845740593703588724736
419 7331559403129590068331208687020758653624765228075687047537011123791632385370343464792392772051104864109916034360063928339045596353810784435313926666640532382851295822842678298180301122938618566718730242107326783353838221723324821405531849499257419595776
420 -7331559403129590068331208687020758653624765228075687047537011123791632385370343464792392772051104864109916034360063928339045596353810784435313926666640532382851295822842678298180301122938618566718730242107326783353838221723324821405531849499257419595776
421 29326237612518360273324834748083034614499060912302748190148044495166529541481373859169571088204419456439664137440255713356182385415243137741255706666562129531405183291370713192721204491754474266874920968429307133415352886893299285622127397997029678383104
422 234609900900146882186598677984664276915992487298421985521184355961332236331850990873356568705635355651517313099522045706849459083321945101930045653332497036251241466330965705541769635934035794134999367747434457067322823095146394284977019183976237427064832
423 469219801800293764373197355969328553831984974596843971042368711922664472663701981746713137411270711303034626199044091413698918166643890203860091306664994072502482932661931411083539271868071588269998735494868914134645646190292788569954038367952474854129664
424 -1876879207201175057492789423877314215327939898387375884169474847690657890654807926986852549645082845212138504796176365654795672666575560815440365226659976290009931730647725644334157087472286353079994941979475656538582584761171154279816153471809899416518656
425 30030067315218800919884630782037027445247038374198014146711597563050526250476926831789640794321325523394216076738821850476730762665208973047045843626559620640158907690363610309346513399556581649279919071671610504617321356178738468477058455548958390664298496
426 -30030067315218800919884630782037027445247038374198014146711597563050526250476926831789640794321325523394216076738821850476730762665208973047045843626559620640158907690363610309346513399556581649279919071671610504617321356178738468477058455548958390664298496
427 120120269260875203679538523128148109780988153496792056586846390252202105001907707327158563177285302093576864306955287401906923050660835892188183374506238482560635630761454441237386053598226326597119676286686442018469285424714953873908233822195833562657193984
428 960962154087001629436308185025184878247905227974336452694771122017616840015261658617268505418282416748614914455642299215255384405286687137505466996049907860485085046091635529899088428785810612776957410293491536147754283397719630991265870577566668501257551872
429 1921924308174003258872616370050369756495810455948672905389542244035233680030523317234537010836564833497229828911284598430510768810573374275010933992099815720970170092183271059798176857571621225553914820586983072295508566795439261982531741155133337002515103744
430 -7687697232696013035490465480201479025983241823794691621558168976140934720122093268938148043346259333988919315645138393722043075242293497100043735968399262883880680368733084239192707430286484902215659282347932289182034267181757047930126964620533348010060414976
431 123003155723136208567847447683223664415731869180715065944930703618254955521953492303010368693540149343822709050322214299552689203876695953600699775494388206142090885899729347827083318884583758435450548517566916626912548274908112766882031433928533568160966639616
432 -123003155723136208567847447683223664415731869180715065944930703618254955521953492303010368693540149343822709050322214299552689203876695953600699775494388206142090885899729347827083318884583758435450548517566916626912548274908112766882031433928533568160966639616
433 492012622892544834271389790732894657662927476722860263779722814473019822087813969212041474774160597375290836201288857198210756815506783814402799101977552824568363543598917391308333275538335033741802194070267666507650193099632451067528125735714134272643866558464
434 3936100983140358674171118325863157261303419813782882110237782515784158576702511753696331798193284779002326689610310857585686054524054270515222392815820422596546908348791339130466666204306680269934417552562141332061201544797059608540225005885713074181150932467712
435 7872201966280717348342236651726314522606839627565764220475565031568317153405023507392663596386569558004653379220621715171372109048108541030444785631640845193093816697582678260933332408613360539868835105124282664122403089594119217080450011771426148362301864935424
436 -31488807865122869393368946606905258090427358510263056881902260126273268613620094029570654385546278232018613516882486860685488436192434164121779142526563380772375266790330713043733329634453442159475340420497130656489612358376476868321800047085704593449207459741696
437 503820925841965910293903145710484129446837736164208910110436162020372297817921504473130470168740451712297816270119789770967814979078946625948466280425014092358004268645291408699733274151255074551605446727954090503833797734023629893148800753371273495187319355867136
438 -503820925841965910293903145710484129446837736164208910110436162020372297817921504473130470168740451712297816270119789770967814979078946625948466280425014092358004268645291408699733274151255074551605446727954090503833797734023629893148800753371273495187319355867136
439 2015283703367863641175612582841936517787350944656835640441744648081489191271686017892521880674961806849191265080479159083871259916315786503793865121700056369432017074581165634798933096605020298206421786911816362015335190936094519572595203013485093980749277423468544
440 16122269626942909129404900662735492142298807557254685123533957184651913530173488143140175045399694454793530120643833272670970079330526292030350920973600450955456136596649325078391464772840162385651374295294530896122681527488756156580761624107880751845994219387748352
441 32244539253885818258809801325470984284597615114509370247067914369303827060346976286280350090799388909587060241287666545341940158661052584060701841947200901910912273193298650156782929545680324771302748590589061792245363054977512313161523248215761503691988438775496704
442 -128978157015543273035239205301883937138390460458037480988271657477215308241387905145121400363197555638348240965150666181367760634644210336242807367788803607643649092773194600627131718182721299085210994362356247168981452219910049252646092992863046014767953755101986816
443 2063650512248692368563827284830142994214247367328599695812346519635444931862206482321942405811160890213571855442410658901884170154307365379884917884620857722298385484371113610034107490923540785363375909797699954703703235518560788042337487885808736236287260081631789056
444 -2063650512248692368563827284830142994214247367328599695812346519635444931862206482321942405811160890213571855442410658901884170154307365379884917884620857722298385484371113610034107490923540785363375909797699954703703235518560788042337487885808736236287260081631789056
445 8254602048994769474255309139320571976856989469314398783249386078541779727448825929287769623244643560854287421769642635607536680617229461519539671538483430889193541937484454440136429963694163141453503639190799818814812942074243152169349951543234944945149040326527156224
446 66036816391958155794042473114564575814855915754515190265995088628334237819590607434302156985957148486834299374157141084860293444937835692156317372307867447113548335499875635521091439709553305131628029113526398550518503536593945217354799612345879559561192322612217249792
447 132073632783916311588084946229129151629711831509030380531990177256668475639181214868604313971914296973668598748314282169720586889875671384312634744615734894227096670999751271042182879419106610263256058227052797101037007073187890434709599224691759119122384645224434499584
448 -528294531135665246352339784916516606518847326036121522127960709026673902556724859474417255887657187894674394993257128678882347559502685537250538978462939576908386683999005084168731517676426441053024232908211188404148028292751561738838396898767036476489538580897737998336
449 8452712498170643941637436558664265704301557216577944354047371344426782440907597751590676094202515006314790319892114058862117560952042968596008623655407033230534186943984081346699704282822823056848387726531379014466368452684024987821414350380272583623832617294363807973376
450 -8452712498170643941637436558664265704301557216577944354047371344426782440907597751590676094202515006314790319892114058862117560952042968596008623655407033230534186943984081346699704282822823056848387726531379014466368452684024987821414350380272583623832617294363807973376
451 33810849992682575766549746234657062817206228866311777416189485377707129763630391006362704376810060025259161279568456235448470243808171874384034494621628132922136747775936325386798817131291292227393550906125516057865473810736099951285657401521090334495330469177455231893504
452 270486799941460606132397969877256502537649830930494219329515883021657038109043128050901635014480480202073290236547649883587761950465374995072275956973025063377093982207490603094390537050330337819148407249004128462923790485888799610285259212168722675962643753419641855148032
453 540973599882921212264795939754513005075299661860988438659031766043314076218086256101803270028960960404146580473095299767175523900930749990144551913946050126754187964414981206188781074100660675638296814498008256925847580971777599220570518424337445351925287506839283710296064
454 -2163894399531684849059183759018052020301198647443953754636127064173256304872345024407213080115843841616586321892381199068702095603722999960578207655784200507016751857659924824755124296402642702553187257992033027703390323887110396882282073697349781407701150027357134841184256
455 34622310392506957584946940144288832324819178359103260074178033026772100877957520390515409281853501465865381150278099185099233529659567999369251322492547208112268029722558797196081988742442283240850996127872528443254245182193766350116513179157596502523218400437714157458948096
456 -34622310392506957584946940144288832324819178359103260074178033026772100877957520390515409281853501465865381150278099185099233529659567999369251322492547208112268029722558797196081988742442283240850996127872528443254245182193766350116513179157596502523218400437714157458948096
457 138489241570027830339787760577155329299276713436413040296712132107088403511830081562061637127414005863461524601112396740396934118638271997477005289970188832449072118890235188784327954969769132963403984511490113773016980728775065400466052716630386010092873601750856629835792384
458 1107913932560222642718302084617242634394213707491304322373697056856707228094640652496493097019312046907692196808899173923175472949106175979816042319761510659592576951121881510274623639758153063707231876091920910184135845830200523203728421733043088080742988814006853038686339072
459 2215827865120445285436604169234485268788427414982608644747394113713414456189281304992986194038624093815384393617798347846350945898212351959632084639523021319185153902243763020549247279516306127414463752183841820368271691660401046407456843466086176161485977628013706077372678144
460 -8863311460481781141746416676937941075153709659930434578989576454853657824757125219971944776154496375261537574471193391385403783592849407838528338558092085276740615608975052082196989118065224509657855008735367281473086766641604185629827373864344704645943910512054824309490712576
461 141812983367708498267942666831007057202459354558886953263833223277658525196114003519551116418471942004184601191539094262166460537485590525416453416929473364427849849743600833315151825889043592154525680139765876503569388266265666970077237981829515274335102568192877188951851401216
462 -141812983367708498267942666831007057202459354558886953263833223277658525196114003519551116418471942004184601191539094262166460537485590525416453416929473364427849849743600833315151825889043592154525680139765876503569388266265666970077237981829515274335102568192877188951851401216
463 567251933470833993071770667324028228809837418235547813055332893110634100784456014078204465673887768016738404766156377048665842149942362101665813667717893457711399398974403333260607303556174368618102720559063506014277553065062667880308951927318061097340410272771508755807405604864
464 4538015467766671944574165338592225830478699345884382504442663144885072806275648112625635725391102144133907238129251016389326737199538896813326509341743147661691195191795226666084858428449394948944821764472508048114220424520501343042471615418544488778723282182172070046459244838912
465 9076030935533343889148330677184451660957398691768765008885326289770145612551296225251271450782204288267814476258502032778653474399077793626653018683486295323382390383590453332169716856898789897889643528945016096228440849041002686084943230837088977557446564364344140092918489677824
466 -36304123742133375556593322708737806643829594767075060035541305159080582450205184901005085803128817153071257905034008131114613897596311174506612074733945181293529561534361813328678867427595159591558574115780064384913763396164010744339772923348355910229786257457376560371673958711296
467 580865979874134008905493163339804906301273516273200960568660882545289319203282958416081372850061074449140126480544130097833822361540978792105793195743122900696472984549789013258861878841522553464937185852481030158620214338624171909436366773573694563676580119318024965946783339380736
468 -580865979874134008905493163339804906301273516273200960568660882545289319203282958416081372850061074449140126480544130097833822361540978792105793195743122900696472984549789013258861878841522553464937185852481030158620214338624171909436366773573694563676580119318024965946783339380736
469 2323463919496536035621972653359219625205094065092803842274643530181157276813131833664325491400244297796560505922176520391335289446163915168423172782972491602785891938199156053035447515366090213859748743409924120634480857354496687637745467094294778254706320477272099863787133357522944
470 18587711355972288284975781226873757001640752520742430738197148241449258214505054669314603931201954382372484047377412163130682315569311321347385382263779932822287135505593248424283580122928721710877989947279392965075846858835973501101963736754358226037650563818176798910297066860183552
471 37175422711944576569951562453747514003281505041484861476394296482898516429010109338629207862403908764744968094754824326261364631138622642694770764527559865644574271011186496848567160245857443421755979894558785930151693717671947002203927473508716452075301127636353597820594133720367104
472 -148701690847778306279806249814990056013126020165939445905577185931594065716040437354516831449615635058979872379019297305045458524554490570779083058110239462578297084044745987394268640983429773687023919578235143720606774870687788008815709894034865808301204510545414391282376534881468416
473 2379227053564452900476899997039840896210016322655031134489234974905505051456646997672269303193850160943677958064308756880727336392871849132465328929763831401252753344715935798308298255734876378992382713251762299529708397931004608141051358304557852932819272168726630260518024558103494656
474 -2379227053564452900476899997039840896210016322655031134489234974905505051456646997672269303193850160943677958064308756880727336392871849132465328929763831401252753344715935798308298255734876378992382713251762299529708397931004608141051358304557852932819272168726630260518024558103494656
475 9516908214257811601907599988159363584840065290620124537956939899622020205826587990689077212775400643774711832257235027522909345571487396529861315719055325605011013378863743193233193022939505515969530853007049198118833591724018432564205433218231411731277088674906521042072098232413978624
476 76135265714062492815260799905274908678720522324960996303655519196976161646612703925512617702203205150197694658057880220183274764571899172238890525752442604840088107030909945545865544183516044127756246824056393584950668733792147460513643465745851293850216709399252168336576785859311828992
477 152270531428124985630521599810549817357441044649921992607311038393952323293225407851025235404406410300395389316115760440366549529143798344477781051504885209680176214061819891091731088367032088255512493648112787169901337467584294921027286931491702587700433418798504336673153571718623657984
478 -609082125712499942522086399242199269429764178599687970429244153575809293172901631404100941617625641201581557264463041761466198116575193377911124206019540838720704856247279564366924353468128353022049974592451148679605349870337179684109147725966810350801733675194017346692614286874494631936
479 9745314011399999080353382387875188310876226857595007526867906457212948690766426102465615065882010259225304916231408668183459169865203094046577987296312653419531277699956473029870789655490053648352799593479218378873685597925394874945746363615468965612827738803104277547081828589991914110976
480 -9745314011399999080353382387875188310876226857595007526867906457212948690766426102465615065882010259225304916231408668183459169865203094046577987296312653419531277699956473029870789655490053648352799593479218378873685597925394874945746363615468965612827738803104277547081828589991914110976
481 38981256045599996321413529551500753243504907430380030107471625828851794763065704409862460263528041036901219664925634672733836679460812376186311949185250613678125110799825892119483158621960214593411198373916873515494742391701579499782985454461875862451310955212417110188327314359967656443904
482 311850048364799970571308236412006025948039259443040240859773006630814358104525635278899682108224328295209757319405077381870693435686499009490495593482004909425000886398607136955865268975681716747289586991334988123957939133612635998263883635695006899610487641699336881506618514879741251551232
483 623700096729599941142616472824012051896078518886080481719546013261628716209051270557799364216448656590419514638810154763741386871372998018980991186964009818850001772797214273911730537951363433494579173982669976247915878267225271996527767271390013799220975283398673763013237029759482503102464
484 -2494800386918399764570465891296048207584314075544321926878184053046514864836205082231197456865794626361678058555240619054965547485491992075923964747856039275400007091188857095646922151805453733978316695930679904991663513068901087986111069085560055196883901133594695052052948119037930012409856
485 39916806190694396233127454260736771321349025208709150830050944848744237837379281315699159309852714021786848936883849904879448759767871873214783435965696628406400113459021713530350754428887259743653067134890878479866616209102417407777777105368960883150142418137515120832847169904606880198557696
486 -39916806190694396233127454260736771321349025208709150830050944848744237837379281315699159309852714021786848936883849904879448759767871873214783435965696628406400113459021713530350754428887259743653067134890878479866616209102417407777777105368960883150142418137515120832847169904606880198557696
487 159667224762777584932509817042947085285396100834836603320203779394976951349517125262796637239410856087147395747535399619517795039071487492859133743862786513625600453836086854121403017715549038974612268539563513919466464836409669631111108421475843532600569672550060483331388679618427520794230784
488 1277337798102220679460078536343576682283168806678692826561630235159815610796137002102373097915286848697179165980283196956142360312571899942873069950902292109004803630688694832971224141724392311796898148316508111355731718691277357048888867371806748260804557380400483866651109436947420166353846272
489 2554675596204441358920157072687153364566337613357385653123260470319631221592274004204746195830573697394358331960566393912284720625143799885746139901804584218009607261377389665942448283448784623593796296633016222711463437382554714097777734743613496521609114760800967733302218873894840332707692544
490 -10218702384817765435680628290748613458265350453429542612493041881278524886369096016818984783322294789577433327842265575649138882500575199542984559607218336872038429045509558663769793133795138494375185186532064890845853749530218856391110938974453986086436459043203870933208875495579361330830770176
491 163499238157084246970890052651977815332245607254872681799888670100456398181905536269103756533156716633238933245476249210386222120009203192687752953715493389952614864728152938620316690140722215910002962984513038253533659992483501702257775023591263777382983344691261934931342007929269781293292322816
492 -163499238157084246970890052651977815332245607254872681799888670100456398181905536269103756533156716633238933245476249210386222120009203192687752953715493389952614864728152938620316690140722215910002962984513038253533659992483501702257775023591263777382983344691261934931342007929269781293292322816
493 653996952628336987883560210607911261328982429019490727199554680401825592727622145076415026132626866532955732981904996841544888480036812770751011814861973559810459458912611754481266760562888863640011851938052153014134639969934006809031100094365055109531933378765047739725368031717079125173169291264
494 5231975621026695903068481684863290090631859432155925817596437443214604741820977160611320209061014932263645863855239974732359107840294502166008094518895788478483675671300894035850134084503110909120094815504417224113077119759472054472248800754920440876255467030120381917802944253736633001385354330112
495 10463951242053391806136963369726580181263718864311851635192874886429209483641954321222640418122029864527291727710479949464718215680589004332016189037791576956967351342601788071700268169006221818240189631008834448226154239518944108944497601509840881752510934060240763835605888507473266002770708660224
496 -41855804968213567224547853478906320725054875457247406540771499545716837934567817284890561672488119458109166910841919797858872862722356017328064756151166307827869405370407152286801072676024887272960758524035337792904616958075776435777990406039363527010043736240963055342423554029893064011082834640896
497 669692879491417075592765655662501131600878007315958504652343992731469406953085076558248986759809911329746670573470716765741965803557696277249036098418660925245910485926514436588817162816398196367372136384565404686473871329212422972447846496629816432160699779855408885478776864478289024177325354254336
498 -669692879491417075592765655662501131600878007315958504652343992731469406953085076558248986759809911329746670573470716765741965803557696277249036098418660925245910485926514436588817162816398196367372136384565404686473871329212422972447846496629816432160699779855408885478776864478289024177325354254336
499 2678771517965668302371062622650004526403512029263834018609375970925877627812340306232995947039239645318986682293882867062967863214230785108996144393674643700983641943706057746355268651265592785469488545538261618745895485316849691889791385986519265728642799119421635541915107457913156096709301417017344
500 21430172143725346418968500981200036211228096234110672148875007767407021022498722449863967576313917162551893458351062936503742905713846280871969155149397149607869135549648461970842149210124742283755908364306092949967163882534797535118331087892154125829142392955373084335320859663305248773674411336138752
501 42860344287450692837937001962400072422456192468221344297750015534814042044997444899727935152627834325103786916702125873007485811427692561743938310298794299215738271099296923941684298420249484567511816728612185899934327765069595070236662175784308251658284785910746168670641719326610497547348822672277504
502 -171441377149802771351748007849600289689824769872885377191000062139256168179989779598911740610511337300415147666808503492029943245710770246975753241195177196862953084397187695766737193680997938270047266914448743599737311060278380280946648703137233006633139143642984674682566877306441990189395290689110016
503 2743062034396844341627968125593604635037196317966166035056000994228098690879836473582587849768181396806642362668936055872479091931372323951612051859122835149807249350355003132267795098895967012320756270631179897595796976964454084495146379250195728106130226298287754794921070036903071843030324651025760256
504 -2743062034396844341627968125593604635037196317966166035056000994228098690879836473582587849768181396806642362668936055872479091931372323951612051859122835149807249350355003132267795098895967012320756270631179897595796976964454084495146379250195728106130226298287754794921070036903071843030324651025760256
505 10972248137587377366511872502374418540148785271864664140224003976912394763519345894330351399072725587226569450675744223489916367725489295806448207436491340599228997401420012529071180395583868049283025082524719590383187907857816337980585517000782912424520905193151019179684280147612287372121298604103041024
506 87777985100699018932094980018995348321190282174917313121792031815299158108154767154642811192581804697812555605405953787919330941803914366451585659491930724793831979211360100232569443164670944394264200660197756723065503262862530703844684136006263299396167241545208153437474241180898298976970388832824328192
507 175555970201398037864189960037990696642380564349834626243584063630598316216309534309285622385163609395625111210811907575838661883607828732903171318983861449587663958422720200465138886329341888788528401320395513446131006525725061407689368272012526598792334483090416306874948482361796597953940777665648656384
508 -702223880805592151456759840151962786569522257399338504974336254522393264865238137237142489540654437582500444843247630303354647534431314931612685275935445798350655833690880801860555545317367555154113605281582053784524026102900245630757473088050106395169337932361665227499793929447186391815763110662594625536
509 11235582092889474423308157442431404585112356118389416079589380072358292237843810195794279832650471001320007117491962084853674360550901038905802964414967132773610493339054092829768888725077880882465817684505312860552384417646403930092119569408801702322709406917786643639996702871154982269052209770601514008576
510 -11235582092889474423308157442431404585112356118389416079589380072358292237843810195794279832650471001320007117491962084853674360550901038905802964414967132773610493339054092829768888725077880882465817684505312860552384417646403930092119569408801702322709406917786643639996702871154982269052209770601514008576
511 44942328371557897693232629769725618340449424473557664318357520289433168951375240783177119330601884005280028469967848339414697442203604155623211857659868531094441973356216371319075554900311523529863270738021251442209537670585615720368478277635206809290837627671146574559986811484619929076208839082406056034304
512 359538626972463181545861038157804946723595395788461314546860162315465351611001926265416954644815072042240227759742786715317579537628833244985694861278948248755535786849730970552604439202492188238906165904170011537676301364684925762947826221081654474326701021369172596479894491876959432609670712659248448274432
513 719077253944926363091722076315609893447190791576922629093720324630930703222003852530833909289630144084480455519485573430635159075257666489971389722557896497511071573699461941105208878404984376477812331808340023075352602729369851525895652442163308948653402042738345192959788983753918865219341425318496896548864
514 -2876309015779705452366888305262439573788763166307690516374881298523722812888015410123335637158520576337921822077942293722540636301030665959885558890231585990044286294797847764420835513619937505911249327233360092301410410917479406103582609768653235794613608170953380771839155935015675460877365701273987586195456
515 46020944252475287237870212884199033180620210660923048261998100776379565006208246561973370194536329221406749153247076699560650180816490655358168942243705375840708580716765564230733368217919000094579989235733761476822566574679670497657321756298451772713817730735254092349426494960250807374037851220383801379127296
516 -46020944252475287237870212884199033180620210660923048261998100776379565006208246561973370194536329221406749153247076699560650180816490655358168942243705375840708580716765564230733368217919000094579989235733761476822566574679670497657321756298451772713817730735254092349426494960250807374037851220383801379127296
517 184083777009901148951480851536796132722480842643692193047992403105518260024832986247893480778145316885626996612988306798242600723265962621432675768974821503362834322867062256922933472871676000378319956942935045907290266298718681990629287025193807090855270922941016369397705979841003229496151404881535205516509184
518 1472670216079209191611846812294369061779846741149537544383939224844146080198663889983147846225162535085015972903906454385940805786127700971461406151798572026902674582936498055383467782973408003026559655543480367258322130389749455925034296201550456726842167383528130955181647838728025835969211239052281644132073472
519 2945340432158418383223693624588738123559693482299075088767878449688292160397327779966295692450325070170031945807812908771881611572255401942922812303597144053805349165872996110766935565946816006053119311086960734516644260779498911850068592403100913453684334767056261910363295677456051671938422478104563288264146944
520 -11781361728633673532894774498354952494238773929196300355071513798753168641589311119865182769801300280680127783231251635087526446289021607771691249214388576215221396663491984443067742263787264024212477244347842938066577043117995647400274369612403653814737339068225047641453182709824206687753689912418253153056587776
521 188501787658138776526316391973679239907820382867140805681144220780050698265428977917842924316820804490882044531700026161400423140624345724347059987430217219443542346615871751089083876220596224387399635909565487009065232689887930358404389913798458461035797425091600762263250923357187307004059038598692050448905404416
522 -188501787658138776526316391973679239907820382867140805681144220780050698265428977917842924316820804490882044531700026161400423140624345724347059987430217219443542346615871751089083876220596224387399635909565487009065232689887930358404389913798458461035797425091600762263250923357187307004059038598692050448905404416
523 754007150632555106105265567894716959631281531468563222724576883120202793061715911671371697267283217963528178126800104645601692562497382897388239949720868877774169386463487004356335504882384897549598543638261948036260930759551721433617559655193833844143189700366403049053003693428749228016236154394768201795621617664
524 6032057205060440848842124543157735677050252251748505781796615064961622344493727293370973578138265743708225425014400837164813540499979063179105919597766951022193355091707896034850684039059079180396788349106095584290087446076413771468940477241550670753145517602931224392424029547429993824129889235158145614364972941312
525 12064114410120881697684249086315471354100504503497011563593230129923244688987454586741947156276531487416450850028801674329627080999958126358211839195533902044386710183415792069701368078118158360793576698212191168580174892152827542937880954483101341506291035205862448784848059094859987648259778470316291228729945882624
526 -48256457640483526790736996345261885416402018013988046254372920519692978755949818346967788625106125949665803400115206697318508323999832505432847356782135608177546840733663168278805472312472633443174306792848764674320699568611310171751523817932405366025164140823449795139392236379439950593039113881265164914919783530496
527 772103322247736428651791941524190166662432288223808740069966728315087660095197093551484618001698015194652854401843307157096133183997320086925557708514169730840749451738610692460887556999562135090788908685580234789131193097780962748024381086918485856402626253175196722230275782071039209488625822100242638638716536487936
528 -772103322247736428651791941524190166662432288223808740069966728315087660095197093551484618001698015194652854401843307157096133183997320086925557708514169730840749451738610692460887556999562135090788908685580234789131193097780962748024381086918485856402626253175196722230275782071039209488625822100242638638716536487936
529 3088413288990945714607167766096760666649729152895234960279866913260350640380788374205938472006792060778611417607373228628384532735989280347702230834056678923362997806954442769843550227998248540363155634742320939156524772391123850992097524347673943425610505012700786888921103128284156837954503288400970554554866145951744
530 24707306311927565716857342128774085333197833223161879682238935306082805123046306993647507776054336486228891340858985829027076261887914242781617846672453431386903982455635542158748401823985988322905245077938567513252198179128990807936780194781391547404884040101606295111368825026273254703636026307207764436438929167613952
531 49414612623855131433714684257548170666395666446323759364477870612165610246092613987295015552108672972457782681717971658054152523775828485563235693344906862773807964911271084317496803647971976645810490155877135026504396358257981615873560389562783094809768080203212590222737650052546509407272052614415528872877858335227904
532 -197658450495420525734858737030192682665582665785295037457911482448662440984370455949180062208434691889831130726871886632216610095103313942252942773379627451095231859645084337269987214591887906583241960623508540106017585433031926463494241558251132379239072320812850360890950600210186037629088210457662115491511433340911616
533 3162535207926728411757739792483082922649322652564720599326583719178599055749927295186880995334955070237298091629950186115465761521653023076047084374074039217523709754321349396319795433470206505331871369976136641696281366928510823415907864932018118067825157133005605774255209603362976602065411367322593847864182933454585856
534 -3162535207926728411757739792483082922649322652564720599326583719178599055749927295186880995334955070237298091629950186115465761521653023076047084374074039217523709754321349396319795433470206505331871369976136641696281366928510823415907864932018118067825157133005605774255209603362976602065411367322593847864182933454585856
535 12650140831706913647030959169932331690597290610258882397306334876714396222999709180747523981339820280949192366519800744461863046086612092304188337496296156870094839017285397585279181733880826021327485479904546566785125467714043293663631459728072472271300628532022423097020838413451906408261645469290375391456731733818343424
536 101201126653655309176247673359458653524778324882071059178450679013715169783997673445980191850718562247593538932158405955694904368692896738433506699970369254960758712138283180682233453871046608170619883839236372534281003741712346349309051677824579778170405028256179384776166707307615251266093163754323003131653853870546747392
537 202402253307310618352495346718917307049556649764142118356901358027430339567995346891960383701437124495187077864316811911389808737385793476867013399940738509921517424276566361364466907742093216341239767678472745068562007483424692698618103355649159556340810056512358769552333414615230502532186327508646006263307707741093494784
538 -809609013229242473409981386875669228198226599056568473427605432109721358271981387567841534805748497980748311457267247645559234949543173907468053599762954039686069697106265445457867630968372865364959070713890980274248029933698770794472413422596638225363240226049435078209333658460922010128745310034584025053230830964373979136
539 12953744211667879574559702190010707651171625584905095574841686913755541732351702201085464556891975967691972983316275962328947759192690782519488857596207264634977115153700247127325882095493965845839345131422255684387968478939180332711558614761546211605811843616790961251349338535374752162059924960553344400851693295429983666176
540 -12953744211667879574559702190010707651171625584905095574841686913755541732351702201085464556891975967691972983316275962328947759192690782519488857596207264634977115153700247127325882095493965845839345131422255684387968478939180332711558614761546211605811843616790961251349338535374752162059924960553344400851693295429983666176
541 51814976846671518298238808760042830604686502339620382299366747655022166929406808804341858227567903870767891933265103849315791036770763130077955430384829058539908460614800988509303528381975863383357380525689022737551873915756721330846234459046184846423247374467163845005397354141499008648239699842213377603406773181719934664704
542 414519814773372146385910470080342644837492018716963058394933981240177335435254470434734865820543230966143135466120830794526328294166105040623643443078632468319267684918407908074428227055806907066859044205512181900414991326053770646769875672369478771385978995737310760043178833131992069185917598737707020827254185453759477317632
543 829039629546744292771820940160685289674984037433926116789867962480354670870508940869469731641086461932286270932241661589052656588332210081247286886157264936638535369836815816148856454111613814133718088411024363800829982652107541293539751344738957542771957991474621520086357666263984138371835197475414041654508370907518954635264
544 -3316158518186977171087283760642741158699936149735704467159471849921418683482035763477878926564345847729145083728966646356210626353328840324989147544629059746554141479347263264595425816446455256534872353644097455203319930608430165174159005378955830171087831965898486080345430665055936553487340789901656166618033483630075818541056
545 53058536290991634737396540170283858539198978395771271474551549598742698935712572215646062825029533563666321339663466341699370021653261445199826360714064955944866263669556212233526813063143284104557957658305559283253118889734882642786544086063293282737405311454375777285526890640894984855797452638426498665888535738081213096656896
546 -53058536290991634737396540170283858539198978395771271474551549598742698935712572215646062825029533563666321339663466341699370021653261445199826360714064955944866263669556212233526813063143284104557957658305559283253118889734882642786544086063293282737405311454375777285526890640894984855797452638426498665888535738081213096656896
547 212234145163966538949586160681135434156795913583085085898206198394970795742850288862584251300118134254665285358653865366797480086613045780799305442856259823779465054678224848934107252252573136418231830633222237133012475558939530571146176344253173130949621245817503109142107562563579939423189810553705994663554142952324852386627584
548 1697873161311732311596689285449083473254367308664680687185649587159766365942802310900674010400945074037322282869230922934379840692904366246394443542850078590235720437425798791472858018020585091345854645065777897064099804471516244569169410754025385047596969966540024873136860500508639515385518484429647957308433143618598819093020672
549 3395746322623464623193378570898166946508734617329361374371299174319532731885604621801348020801890148074644565738461845868759681385808732492788887085700157180471440874851597582945716036041170182691709290131555794128199608943032489138338821508050770095193939933080049746273721001017279030771036968859295914616866287237197638186041344
550 -13582985290493858492773514283592667786034938469317445497485196697278130927542418487205392083207560592298578262953847383475038725543234929971155548342800628721885763499406390331782864144164680730766837160526223176512798435772129956553355286032203080380775759732320198985094884004069116123084147875437183658467465148948790552744165376
551 217327764647901735884376228537482684576559015509079127959763147156450094840678695795286273331320969476777252207261558135600619608691758879538488773484810059550172215990502245308525826306634891692269394568419570824204774972354079304853684576515249286092412155717123183761518144065105857969346366006994938535479442383180648843906646016
552 -217327764647901735884376228537482684576559015509079127959763147156450094840678695795286273331320969476777252207261558135600619608691758879538488773484810059550172215990502245308525826306634891692269394568419570824204774972354079304853684576515249286092412155717123183761518144065105857969346366006994938535479442383180648843906646016
553 869311058591606943537504914149930738306236062036316511839052588625800379362714783181145093325283877907109008829046232542402478434767035518153955093939240238200688863962008981234103305226539566769077578273678283296819099889416317219414738306060997144369648622868492735046072576260423431877385464027979754141917769532722595375626584064
554 6954488468732855548300039313199445906449888496290532094712420709006403034901718265449160746602271023256872070632369860339219827478136284145231640751513921905605510911696071849872826441812316534152620626189426266374552799115330537755317906448487977154957188982947941880368580610083387455019083712223838033135342156261780763005012672512
555 13908976937465711096600078626398891812899776992581064189424841418012806069803436530898321493204542046513744141264739720678439654956272568290463281503027843811211021823392143699745652883624633068305241252378852532749105598230661075510635812896975954309914377965895883760737161220166774910038167424447676066270684312523561526010025345024
556 -55635907749862844386400314505595567251599107970324256757699365672051224279213746123593285972818168186054976565058958882713758619825090273161853126012111375244844087293568574798982611534498532273220965009515410130996422392922644302042543251587903817239657511863583535042948644880667099640152669697790704265082737250094246104040101380096
557 890174523997805510182405032089529076025585727525188108123189850752819588467419937977492575565090690976879625040943342123420137917201444370589650016193782003917505396697097196783721784551976516371535440152246562095942758286762308832680692025406461075834520189817336560687178318090673594242442715164651268241323796001507937664641622081536
558 -890174523997805510182405032089529076025585727525188108123189850752819588467419937977492575565090690976879625040943342123420137917201444370589650016193782003917505396697097196783721784551976516371535440152246562095942758286762308832680692025406461075834520189817336560687178318090673594242442715164651268241323796001507937664641622081536
559 3560698095991222040729620128358116304102342910100752432492759403011278353869679751909970302260362763907518500163773368493680551668805777482358600064775128015670021586788388787134887138207906065486141760608986248383771033147049235330722768101625844303338080759269346242748713272362694376969770860658605072965295184006031750658566488326144
560 28485584767929776325836961026864930432818743280806019459942075224090226830957438015279762418082902111260148001310186947949444413350446219858868800518201024125360172694307110297079097105663248523889134084871889987070168265176393882645782144813006754426704646074154769941989706178901555015758166885268840583722361472048254005268531906609152
561 56971169535859552651673922053729860865637486561612038919884150448180453661914876030559524836165804222520296002620373895898888826700892439717737601036402048250720345388614220594158194211326497047778268169743779974140336530352787765291564289626013508853409292148309539883979412357803110031516333770537681167444722944096508010537063813218304
562 -227884678143438210606695688214919443462549946246448155679536601792721814647659504122238099344663216890081184010481495583595555306803569758870950404145608193002881381554456882376632776845305988191113072678975119896561346121411151061166257158504054035413637168593238159535917649431212440126065335082150724669778891776386032042148255252873216
563 3646154850295011369707131011438711095400799139943170490872585628683549034362552065955809589514611470241298944167703929337528884908857116141935206466329731088046102104871310118026124429524895811057809162863601918344981537942578416978660114536064864566618194697491810552574682390899399042017045361314411594716462268422176512674372084045971456
564 -3646154850295011369707131011438711095400799139943170490872585628683549034362552065955809589514611470241298944167703929337528884908857116141935206466329731088046102104871310118026124429524895811057809162863601918344981537942578416978660114536064864566618194697491810552574682390899399042017045361314411594716462268422176512674372084045971456
565 14584619401180045478828524045754844381603196559772681963490342514734196137450208263823238358058445880965195776670815717350115539635428464567740825865318924352184408419485240472104497718099583244231236651454407673379926151770313667914640458144259458266472778789967242210298729563597596168068181445257646378865849073688706050697488336183885824
566 116676955209440363830628192366038755052825572478181455707922740117873569099601666110585906864467567047721566213366525738800924317083427716541926606922551394817475267355881923776835981744796665953849893211635261387039409214162509343317123665154075666131782230319737937682389836508780769344545451562061171030926792589509648405579906689471086592
567 233353910418880727661256384732077510105651144956362911415845480235747138199203332221171813728935134095443132426733051477601848634166855433083853213845102789634950534711763847553671963489593331907699786423270522774078818428325018686634247330308151332263564460639475875364779673017561538689090903124122342061853585179019296811159813378942173184
568 -933415641675522910645025538928310040422604579825451645663381920942988552796813328884687254915740536381772529706932205910407394536667421732335412855380411158539802138847055390214687853958373327630799145693082091096315273713300074746536989321232605329054257842557903501459118692070246154756363612496489368247414340716077187244639253515768692736
569 14934650266808366570320408622852960646761673277207226330614110735087816844749013262154996078651848582108360475310915294566518312586678747717366605686086578536636834221552886243435005663333973242092786331089313457541044379412801195944591829139721685264868125480926456023345899073123938476101817799943829891958629451457234995914228056252299083776
570 -14934650266808366570320408622852960646761673277207226330614110735087816844749013262154996078651848582108360475310915294566518312586678747717366605686086578536636834221552886243435005663333973242092786331089313457541044379412801195944591829139721685264868125480926456023345899073123938476101817799943829891958629451457234995914228056252299083776
571 59738601067233466281281634491411842587046693108828905322456442940351267378996053048619984314607394328433441901243661178266073250346714990869466422744346314146547336886211544973740022653335892968371145324357253830164177517651204783778367316558886741059472501923705824093383596292495753904407271199775319567834517805828939983656912225009196335104
572 477908808537867730250253075931294740696373544870631242579651543522810139031968424388959874516859154627467535209949289426128586002773719926955731381954770513172378695089692359789920181226687143746969162594858030641313420141209638270226938532471093928475780015389646592747068770339966031235258169598202556542676142446631519869255297800073570680832
573 955817617075735460500506151862589481392747089741262485159303087045620278063936848777919749033718309254935070419898578852257172005547439853911462763909541026344757390179384719579840362453374287493938325189716061282626840282419276540453877064942187856951560030779293185494137540679932062470516339196405113085352284893263039738510595600147141361664
574 -3823270468302941842002024607450357925570988358965049940637212348182481112255747395111678996134873237019740281679594315409028688022189759415645851055638164105379029560717538878319361449813497149975753300758864245130507361129677106161815508259768751427806240123117172741976550162719728249882065356785620452341409139573052158954042382400588565446656
575 61172327492847069472032393719205726809135813743440799050195397570919697796091958321786863938157971792315844506873509046544459008355036150650333616890210625686064472971480622053109783197015954399612052812141827922088117778074833698589048132156300022844899841969874763871624802603515651998113045708569927237462546233168834543264678118409417047146496
576 -61172327492847069472032393719205726809135813743440799050195397570919697796091958321786863938157971792315844506873509046544459008355036150650333616890210625686064472971480622053109783197015954399612052812141827922088117778074833698589048132156300022844899841969874763871624802603515651998113045708569927237462546233168834543264678118409417047146496
577 244689309971388277888129574876822907236543254973763196200781590283678791184367833287147455752631887169263378027494036186177836033420144602601334467560842502744257891885922488212439132788063817598448211248567311688352471112299334794356192528625200091379599367879499055486499210414062607992452182834279708949850184932675338173058712473637668188585984
578 1957514479771106223105036599014583257892346039790105569606252722269430329474942666297179646021055097354107024219952289489422688267361156820810675740486740021954063135087379905699513062304510540787585689988538493506819768898394678354849540229001600731036794943035992443891993683312500863939617462674237671598801479461402705384469699789101345508687872
579 3915028959542212446210073198029166515784692079580211139212505444538860658949885332594359292042110194708214048439904578978845376534722313641621351480973480043908126270174759811399026124609021081575171379977076987013639537796789356709699080458003201462073589886071984887783987366625001727879234925348475343197602958922805410768939399578202691017375744
580 -15660115838168849784840292792116666063138768318320844556850021778155442635799541330377437168168440778832856193759618315915381506138889254566485405923893920175632505080699039245596104498436084326300685519908307948054558151187157426838796321832012805848294359544287939551135949466500006911516939701393901372790411835691221643075757598312810764069502976
581 250561853410701596557444684673866657010220293093133512909600348450487082172792661286038994690695052461325699100153893054646104098222228073063766494782302722810120081291184627929537671974977349220810968318532927168872930418994518829420741149312204893572709752708607032818175191464000110584271035222302421964646589371059546289212121573004972225112047616
582 -250561853410701596557444684673866657010220293093133512909600348450487082172792661286038994690695052461325699100153893054646104098222228073063766494782302722810120081291184627929537671974977349220810968318532927168872930418994518829420741149312204893572709752708607032818175191464000110584271035222302421964646589371059546289212121573004972225112047616
583 1002247413642806386229778738695466628040881172372534051638401393801948328691170645144155978762780209845302796400615572218584416392888912292255065979129210891240480325164738511718150687899909396883243873274131708675491721675978075317682964597248819574290839010834428131272700765856000442337084140889209687858586357484238185156848486292019888900448190464
584 8017979309142451089838229909563733024327049378980272413107211150415586629529365161153247830102241678762422371204924577748675331143111298338040527833033687129923842601317908093745205503199275175065950986193053669403933773407824602541463716777990556594326712086675425050181606126848003538696673127113677502868690859873905481254787890336159111203585523712
585 16035958618284902179676459819127466048654098757960544826214422300831173259058730322306495660204483357524844742409849155497350662286222596676081055666067374259847685202635816187490411006398550350131901972386107338807867546815649205082927433555981113188653424173350850100363212253696007077393346254227355005737381719747810962509575780672318222407171047424
586 -64143834473139608718705839276509864194616395031842179304857689203324693036234921289225982640817933430099378969639396621989402649144890386704324222664269497039390740810543264749961644025594201400527607889544429355231470187262596820331709734223924452754613696693403400401452849014784028309573385016909420022949526878991243850038303122689272889628684189696
587 1026301351570233739499293428424157827113862320509474868877723027253195088579758740627615722253086934881590063514230345951830442386318246187269187562628311952630251852968692235999386304409507222408441726232710869683703522996201549125307355747582791244073819147094454406423245584236544452953174160270550720367192430063859901600612849963028366234058947035136
588 -1026301351570233739499293428424157827113862320509474868877723027253195088579758740627615722253086934881590063514230345951830442386318246187269187562628311952630251852968692235999386304409507222408441726232710869683703522996201549125307355747582791244073819147094454406423245584236544452953174160270550720367192430063859901600612849963028366234058947035136
589 4105205406280934957997173713696631308455449282037899475510892109012780354319034962510462889012347739526360254056921383807321769545272984749076750250513247810521007411874768943997545217638028889633766904930843478734814091984806196501229422990331164976295276588377817625692982336946177811812696641082202881468769720255439606402451399852113464936235788140544
590 32841643250247479663977389709573050467643594256303195804087136872102242834552279700083703112098781916210882032455371070458574156362183877992614002004105982484168059294998151551980361741104231117070135239446747829878512735878449572009835383922649319810362212707022541005543858695569422494501573128657623051750157762043516851219611198816907719489886305124352
591 65683286500494959327954779419146100935287188512606391608174273744204485669104559400167406224197563832421764064910742140917148312724367755985228004008211964968336118589996303103960723482208462234140270478893495659757025471756899144019670767845298639620724425414045082011087717391138844989003146257315246103500315524087033702439222397633815438979772610248704
592 -262733146001979837311819117676584403741148754050425566432697094976817942676418237600669624896790255329687056259642968563668593250897471023940912016032847859873344474359985212415842893928833848936561081915573982639028101887027596576078683071381194558482897701656180328044350869564555379956012585029260984414001262096348134809756889590535261755919090440994816
593 4203730336031677396989105882825350459858380064806809062923153519629087082822691801610713998348644085274992900154287497018697492014359536383054592256525565757973511589759763398653486302861341582984977310649183722224449630192441545217258929142099112935726363226498885248709613913032886079296201360468175750624020193541570156956110233448564188094705447055917056
594 -4203730336031677396989105882825350459858380064806809062923153519629087082822691801610713998348644085274992900154287497018697492014359536383054592256525565757973511589759763398653486302861341582984977310649183722224449630192441545217258929142099112935726363226498885248709613913032886079296201360468175750624020193541570156956110233448564188094705447055917056
595 16814921344126709587956423531301401839433520259227236251692614078516348331290767206442855993394576341099971600617149988074789968057438145532218369026102263031894046359039053594613945211445366331939909242596734888897798520769766180869035716568396451742905452905995540994838455652131544317184805441872703002496080774166280627824440933794256752378821788223668224
596 134519370753013676703651388250411214715468162073817890013540912628130786650326137651542847947156610728799772804937199904598319744459505164257746952208818104255152370872312428756911561691562930655519273940773879111182388166158129446952285732547171613943243623247964327958707645217052354537478443534981624019968646193330245022595527470354054019030574305789345792
597 269038741506027353407302776500822429430936324147635780027081825256261573300652275303085695894313221457599545609874399809196639488919010328515493904417636208510304741744624857513823123383125861311038547881547758222364776332316258893904571465094343227886487246495928655917415290434104709074956887069963248039937292386660490045191054940708108038061148611578691584
598 -1076154966024109413629211106003289717723745296590543120108327301025046293202609101212342783577252885830398182439497599236786557955676041314061975617670544834041218966978499430055292493532503445244154191526191032889459105329265035575618285860377372911545948985983714623669661161736418836299827548279852992159749169546641960180764219762832432152244594446314766336
599 17218479456385750618067377696052635483579924745448689921733236816400740691241745619397484537236046173286370919031961587788584927290816661024991609882728717344659503471655990880884679896520055123906467064419056526231345685268240569209892573766037966584735183775739433978714578587782701380797240772477647874555986712746271362892227516205318914435913511141036261376
600 -17218479456385750618067377696052635483579924745448689921733236816400740691241745619397484537236046173286370919031961587788584927290816661024991609882728717344659503471655990880884679896520055123906467064419056526231345685268240569209892573766037966584735183775739433978714578587782701380797240772477647874555986712746271362892227516205318914435913511141036261376
601 68873917825543002472269510784210541934319698981794759686932947265602962764966982477589938148944184693145483676127846351154339709163266644099966439530914869378638013886623963523538719586080220495625868257676226104925382741072962276839570295064151866338940735102957735914858314351130805523188963089910591498223946850985085451568910064821275657743654044564145045504
602 550991342604344019778156086273684335474557591854358077495463578124823702119735859820719505191553477545163869409022770809234717673306133152799731516247318955029104111092991708188309756688641763965006946061409808839403061928583698214716562360513214930711525880823661887318866514809046444185511704719284731985791574807880683612551280518570205261949232356513160364032
603 1101982685208688039556312172547368670949115183708716154990927156249647404239471719641439010383106955090327738818045541618469435346612266305599463032494637910058208222185983416376619513377283527930013892122819617678806123857167396429433124721026429861423051761647323774637733029618092888371023409438569463971583149615761367225102561037140410523898464713026320728064
604 -4407930740834752158225248690189474683796460734834864619963708624998589616957886878565756041532427820361310955272182166473877741386449065222397852129978551640232832888743933665506478053509134111720055568491278470715224495428669585717732498884105719445692207046589295098550932118472371553484093637754277855886332598463045468900410244148561642095593858852105282912256
605 70526891853356034531603979043031594940743371757357833919419337999977433871326190057052096664518845125780975284354914663582043862183185043558365634079656826243725326219902938648103648856146145787520889095860455531443591926858713371483719982145691511131075312745428721576814913895557944855745498204068445694181321575408727502406563906376986273529501741633684526596096
606 -70526891853356034531603979043031594940743371757357833919419337999977433871326190057052096664518845125780975284354914663582043862183185043558365634079656826243725326219902938648103648856146145787520889095860455531443591926858713371483719982145691511131075312745428721576814913895557944855745498204068445694181321575408727502406563906376986273529501741633684526596096
607 282107567413424138126415916172126379762973487029431335677677351999909735485304760228208386658075380503123901137419658654328175448732740174233462536318627304974901304879611754592414595424584583150083556383441822125774367707434853485934879928582766044524301250981714886307259655582231779422981992816273782776725286301634910009626255625507945094118006966534738106384384
608 2256860539307393105011327329377011038103787896235450685421418815999277883882438081825667093264603044024991209099357269234625403589861921393867700290549018439799210439036894036739316763396676665200668451067534577006194941659478827887479039428662128356194410007853719090458077244657854235383855942530190262213802290413079280077010045004063560752944055732277904851075072
609 4513721078614786210022654658754022076207575792470901370842837631998555767764876163651334186529206088049982418198714538469250807179723842787735400581098036879598420878073788073478633526793353330401336902135069154012389883318957655774958078857324256712388820015707438180916154489315708470767711885060380524427604580826158560154020090008127121505888111464555809702150144
610 -18054884314459144840090618635016088304830303169883605483371350527994223071059504654605336746116824352199929672794858153877003228718895371150941602324392147518393683512295152293914534107173413321605347608540276616049559533275830623099832315429297026849555280062829752723664617957262833883070847540241522097710418323304634240616080360032508486023552445858223238808600576
611 288878149031346317441449898160257412877284850718137687733941608447907569136952074473685387937869189635198874764717730462032051659502325938415065637190274360294298936196722436702632545714774613145685561736644425856792952532413289969597317046868752429592884481005276043578633887316205342129133560643864353563366693172874147849857285760520135776376839133731571820937609216
612 -288878149031346317441449898160257412877284850718137687733941608447907569136952074473685387937869189635198874764717730462032051659502325938415065637190274360294298936196722436702632545714774613145685561736644425856792952532413289969597317046868752429592884481005276043578633887316205342129133560643864353563366693172874147849857285760520135776376839133731571820937609216
613 1155512596125385269765799592641029651509139402872550750935766433791630276547808297894741551751476758540795499058870921848128206638009303753660262548761097441177195744786889746810530182859098452582742246946577703427171810129653159878389268187475009718371537924021104174314535549264821368516534242575457414253466772691496591399429143042080543105507356534926287283750436864
614 9244100769003082158126396741128237212073115222980406007486131470333042212382466383157932414011814068326363992470967374785025653104074430029282100390088779529417565958295117974484241462872787620661937975572621627417374481037225279027114145499800077746972303392168833394516284394118570948132273940603659314027734181531972731195433144336644344844058852279410298270003494912
615 18488201538006164316252793482256474424146230445960812014972262940666084424764932766315864828023628136652727984941934749570051306208148860058564200780177559058835131916590235948968482925745575241323875951145243254834748962074450558054228290999600155493944606784337666789032568788237141896264547881207318628055468363063945462390866288673288689688117704558820596540006989824
616 -73952806152024657265011173929025897696584921783843248059889051762664337699059731065263459312094512546610911939767738998280205224832595440234256803120710236235340527666360943795873931702982300965295503804580973019338995848297802232216913163998400621975778427137350667156130275152948567585058191524829274512221873452255781849563465154693154758752470818235282386160027959296
617 1183244898432394516240178782864414363145358748541491968958224828202629403184955697044215348993512200745774591036283823972483283597321527043748108849931363779765448442661775100733982907247716815444728060873295568309423933572764835715470610623974409951612454834197610674498084402447177081360931064397268392195549975236092509593015442475090476140039533091764518178560447348736
618 -1183244898432394516240178782864414363145358748541491968958224828202629403184955697044215348993512200745774591036283823972483283597321527043748108849931363779765448442661775100733982907247716815444728060873295568309423933572764835715470610623974409951612454834197610674498084402447177081360931064397268392195549975236092509593015442475090476140039533091764518178560447348736
619 4732979593729578064960715131457657452581434994165967875832899312810517612739822788176861395974048802983098364145135295889933134389286108174992435399725455119061793770647100402935931628990867261778912243493182273237695734291059342861882442495897639806449819336790442697992337609788708325443724257589073568782199900944370038372061769900361904560158132367058072714241789394944
620 37863836749836624519685721051661259620651479953327743006663194502484140901918582305414891167792390423864786913161082367119465075114288865399939483197803640952494350165176803223487453031926938094231297947945458185901565874328474742895059539967181118451598554694323541583938700878309666603549794060712588550257599207554960306976494159202895236481265058936464581713934315159552
621 75727673499673249039371442103322519241302959906655486013326389004968281803837164610829782335584780847729573826322164734238930150228577730799878966395607281904988700330353606446974906063853876188462595895890916371803131748656949485790119079934362236903197109388647083167877401756619333207099588121425177100515198415109920613952988318405790472962530117872929163427868630319104
622 -302910693998692996157485768413290076965211839626621944053305556019873127215348658443319129342339123390918295305288658936955720600914310923199515865582429127619954801321414425787899624255415504753850383583563665487212526994627797943160476319737448947612788437554588332671509607026477332828398352485700708402060793660439682455811953273623161891850120471491716653711474521276416
623 4846571103979087938519772294612641231443389434025951104852888896317970035445578535093106069477425974254692724884618542991291529614628974771192253849318866041919276821142630812606393988086648076061606137337018647795400431914044767090567621115799183161804615000873413322744153712423637325254373639771211334432972698567034919292991252377970590269601927543867466459383592340422656
624 -4846571103979087938519772294612641231443389434025951104852888896317970035445578535093106069477425974254692724884618542991291529614628974771192253849318866041919276821142630812606393988086648076061606137337018647795400431914044767090567621115799183161804615000873413322744153712423637325254373639771211334432972698567034919292991252377970590269601927543867466459383592340422656
625 19386284415916351754079089178450564925773557736103804419411555585271880141782314140372424277909703897018770899538474171965166118458515899084769015397275464167677107284570523250425575952346592304246424549348074591181601727656179068362270484463196732647218460003493653290976614849694549301017494559084845337731890794268139677171965009511882361078407710175469865837534369361690624
626 155090275327330814032632713427604519406188461888830435355292444682175041134258513122979394223277631176150167196307793375721328947668127192678152123178203713341416858276564186003404607618772738433971396394784596729452813821249432546898163875705573861177747680027949226327812918797556394408139956472678762701855126354145117417375720076095058888627261681403758926700274954893524992
627 310180550654661628065265426855209038812376923777660870710584889364350082268517026245958788446555262352300334392615586751442657895336254385356304246356407426682833716553128372006809215237545476867942792789569193458905627642498865093796327751411147722355495360055898452655625837595112788816279912945357525403710252708290234834751440152190117777254523362807517853400549909787049984
628 -1240722202618646512261061707420836155249507695110643482842339557457400329074068104983835153786221049409201337570462347005770631581345017541425216985425629706731334866212513488027236860950181907471771171158276773835622510569995460375185311005644590889421981440223593810622503350380451155265119651781430101614841010833160939339005760608760471109018093451230071413602199639148199936
629 19851555241898344196176987318733378483992123121770295725477432919318405265185089679741362460579536790547221401127397552092330105301520280662803471766810075307701357859400215808435789775202910519548338738532428381369960169119927366002964976090313454230751703043577500969960053606087218484241914428502881625837456173330575029424092169740167537744289495219681142617635194226371198976
630 -19851555241898344196176987318733378483992123121770295725477432919318405265185089679741362460579536790547221401127397552092330105301520280662803471766810075307701357859400215808435789775202910519548338738532428381369960169119927366002964976090313454230751703043577500969960053606087218484241914428502881625837456173330575029424092169740167537744289495219681142617635194226371198976
631 79406220967593376784707949274933513935968492487081182901909731677273621060740358718965449842318147162188885604509590208369320421206081122651213887067240301230805431437600863233743159100811642078193354954129713525479840676479709464011859904361253816923006812174310003879840214424348873936967657714011526503349824693322300117696368678960670150977157980878724570470540776905484795904
632 635249767740747014277663594199468111487747939896649463215277853418188968485922869751723598738545177297511084836076721666954563369648648981209711096537922409846443451500806905869945272806493136625546839633037708203838725411837675712094879234890030535384054497394480031038721715394790991495741261712092212026798597546578400941570949431685361207817263847029796563764326215243878367232
633 1270499535481494028555327188398936222975495879793298926430555706836377936971845739503447197477090354595022169672153443333909126739297297962419422193075844819692886903001613811739890545612986273251093679266075416407677450823675351424189758469780061070768108994788960062077443430789581982991482523424184424053597195093156801883141898863370722415634527694059593127528652430487756734464
634 -5081998141925976114221308753595744891901983519173195705722222827345511747887382958013788789908361418380088678688613773335636506957189191849677688772303379278771547612006455246959562182451945093004374717064301665630709803294701405696759033879120244283072435979155840248309773723158327931965930093696737696214388780372627207532567595453482889662538110776238372510114609721951026937856
635 81311970270815617827540940057531918270431736306771131291555565237528187966198127328220620638533782694081418859017820373370184111315027069594843020356854068460344761792103283951352994919231121488069995473028826650091356852715222491148144542065923908529158975666493443972956379570533246911454881499147803139430220485962035320521081527255726234600609772419813960161833755551216431005696
636 -81311970270815617827540940057531918270431736306771131291555565237528187966198127328220620638533782694081418859017820373370184111315027069594843020356854068460344761792103283951352994919231121488069995473028826650091356852715222491148144542065923908529158975666493443972956379570533246911454881499147803139430220485962035320521081527255726234600609772419813960161833755551216431005696
637 325247881083262471310163760230127673081726945227084525166222260950112751864792509312882482554135130776325675436071281493480736445260108278379372081427416273841379047168413135805411979676924485952279981892115306600365427410860889964592578168263695634116635902665973775891825518282132987645819525996591212557720881943848141282084326109022904938402439089679255840647335022204865724022784
638 2601983048666099770481310081841021384653815561816676201329778087600902014918340074503059860433081046210605403488570251947845891562080866227034976651419330190731032377347305086443295837415395887618239855136922452802923419286887119716740625346109565072933087221327790207134604146257063901166556207972729700461767055550785130256674608872183239507219512717434046725178680177638925792182272
639 5203966097332199540962620163682042769307631123633352402659556175201804029836680149006119720866162092421210806977140503895691783124161732454069953302838660381462064754694610172886591674830791775236479710273844905605846838573774239433481250692219130145866174442655580414269208292514127802333112415945459400923534111101570260513349217744366479014439025434868093450357360355277851584364544
640 -20815864389328798163850480654728171077230524494533409610638224700807216119346720596024478883464648369684843227908562015582767132496646929816279813211354641525848259018778440691546366699323167100945918841095379622423387354295096957733925002768876520583464697770622321657076833170056511209332449663781837603694136444406281042053396870977465916057756101739472373801429441421111406337458176
641 333053830229260770621607690475650737235688391912534553770211595212915457909547529536391662135434373914957491646536992249324274119946350877060477011381674264413572144300455051064741867189170673615134701457526073958774197668721551323742800044302024329335435164329957146513229330720904179349319194620509401659106183110500496672854349935639454656924097627831557980822871062737782501399330816
642 -333053830229260770621607690475650737235688391912534553770211595212915457909547529536391662135434373914957491646536992249324274119946350877060477011381674264413572144300455051064741867189170673615134701457526073958774197668721551323742800044302024329335435164329957146513229330720904179349319194620509401659106183110500496672854349935639454656924097627831557980822871062737782501399330816
643 1332215320917043082486430761902602948942753567650138215080846380851661831638190118145566648541737495659829966586147968997297096479785403508241908045526697057654288577201820204258967468756682694460538805830104295835096790674886205294971200177208097317341740657319828586052917322883616717397276778482037606636424732442001986691417399742557818627696390511326231923291484250951130005597323264
644 10657722567336344659891446095220823591542028541201105720646771046813294653105520945164533188333899965278639732689183751978376771838283228065935264364213576461234308617614561634071739750053461555684310446640834366680774325399089642359769601417664778538733925258558628688423338583068933739178214227856300853091397859536015893531339197940462549021571124090609855386331874007609040044778586112
645 21315445134672689319782892190441647183084057082402211441293542093626589306211041890329066376667799930557279465378367503956753543676566456131870528728427152922468617235229123268143479500106923111368620893281668733361548650798179284719539202835329557077467850517117257376846677166137867478356428455712601706182795719072031787062678395880925098043142248181219710772663748015218080089557172224
646 -85261780538690757279131568761766588732336228329608845765174168374506357224844167561316265506671199722229117861513470015827014174706265824527482114913708611689874468940916493072573918000427692445474483573126674933446194603192717138878156811341318228309871402068469029507386708664551469913425713822850406824731182876288127148250713583523700392172568992724878843090654992060872320358228688896
647 1364188488619052116466105100188265419717379653273741532242786693992101715597506680981060248106739195555665885784215520253232226795300253192439713838619337787037991503054663889161182688006843079127591737170026798935139113651083474222050508981461091652957942433095504472118187338632823518614811421165606509195698926020610034372011417336379206274761103883598061489450479872973957125731659022336
648 -1364188488619052116466105100188265419717379653273741532242786693992101715597506680981060248106739195555665885784215520253232226795300253192439713838619337787037991503054663889161182688006843079127591737170026798935139113651083474222050508981461091652957942433095504472118187338632823518614811421165606509195698926020610034372011417336379206274761103883598061489450479872973957125731659022336
649 5456753954476208465864420400753061678869518613094966128971146775968406862390026723924240992426956782222663543136862081012928907181201012769758855354477351148151966012218655556644730752027372316510366948680107195740556454604333896888202035925844366611831769732382017888472749354531294074459245684662426036782795704082440137488045669345516825099044415534392245957801919491895828502926636089344
650 43654031635809667726915363206024493430956148904759729031769174207747254899120213791393927939415654257781308345094896648103431257449608102158070842835818809185215728097749244453157846016218978532082935589440857565924451636834671175105616287406754932894654157859056143107781994836250352595673965477299408294262365632659521099904365354764134600792355324275137967662415355935166628023413088714752
651 87308063271619335453830726412048986861912297809519458063538348415494509798240427582787855878831308515562616690189793296206862514899216204316141685671637618370431456195498488906315692032437957064165871178881715131848903273669342350211232574813509865789308315718112286215563989672500705191347930954598816588524731265319042199808730709528269201584710648550275935324830711870333256046826177429504
652 -349232253086477341815322905648195947447649191238077832254153393661978039192961710331151423515325234062250466760759173184827450059596864817264566742686550473481725824781993955625262768129751828256663484715526860527395613094677369400844930299254039463157233262872449144862255958690002820765391723818395266354098925061276168799234922838113076806338842594201103741299322847481333024187304709718016
653 5587716049383637469045166490371135159162387059809245316066454298591648627087387365298422776245203744996007468172146770957239200953549837076233067882984807575707613196511903290004204290076029252106615755448429768438329809514837910413518884788064631410515732205959186317796095339040045132246267581094324261665582800980418700787758765409809228901421481507217659860789165559701328386996875355488256
654 -5587716049383637469045166490371135159162387059809245316066454298591648627087387365298422776245203744996007468172146770957239200953549837076233067882984807575707613196511903290004204290076029252106615755448429768438329809514837910413518884788064631410515732205959186317796095339040045132246267581094324261665582800980418700787758765409809228901421481507217659860789165559701328386996875355488256
655 22350864197534549876180665961484540636649548239236981264265817194366594508349549461193691104980814979984029872688587083828956803814199348304932271531939230302830452786047613160016817160304117008426463021793719073753319238059351641654075539152258525642062928823836745271184381356160180528985070324377297046662331203921674803151035061639236915605685926028870639443156662238805313547987501421953024
656 178806913580276399009445327691876325093196385913895850114126537554932756066796395689549528839846519839872238981508696670631654430513594786439458172255513842422643622288380905280134537282432936067411704174349752590026553904474813133232604313218068205136503430590693962169475050849281444231880562595018376373298649631373398425208280493113895324845487408230965115545253297910442508383900011375624192
657 357613827160552798018890655383752650186392771827791700228253075109865512133592791379099057679693039679744477963017393341263308861027189572878916344511027684845287244576761810560269074564865872134823408348699505180053107808949626266465208626436136410273006861181387924338950101698562888463761125190036752746597299262746796850416560986227790649690974816461930231090506595820885016767800022751248384
658 -1430455308642211192075562621535010600745571087311166800913012300439462048534371165516396230718772158718977911852069573365053235444108758291515665378044110739381148978307047242241076298259463488539293633394798020720212431235798505065860834505744545641092027444725551697355800406794251553855044500760147010986389197050987187401666243944911162598763899265847720924362026383283540067071200091004993536
659 22887284938275379073209001944560169611929137396978668814608196807031392776549938648262339691500354539503646589633113173840851767105740132664250646048705771830098383652912755875857220772151415816628698134316768331523398899772776081053773352091912730257472439115608827157692806508708024861680712012162352175782227152815794998426659903118578601580222388253563534789792422132536641073139201456079896576
660 -22887284938275379073209001944560169611929137396978668814608196807031392776549938648262339691500354539503646589633113173840851767105740132664250646048705771830098383652912755875857220772151415816628698134316768331523398899772776081053773352091912730257472439115608827157692806508708024861680712012162352175782227152815794998426659903118578601580222388253563534789792422132536641073139201456079896576
661 91549139753101516292836007778240678447716549587914675258432787228125571106199754593049358766001418158014586358532452695363407068422960530657002584194823087320393534611651023503428883088605663266514792537267073326093595599091104324215093408367650921029889756462435308630771226034832099446722848048649408703128908611263179993706639612474314406320889553014254139159169688530146564292556805824319586304
662 732393118024812130342688062225925427581732396703317402067462297825004568849598036744394870128011345264116690868259621562907256547383684245256020673558584698563148276893208188027431064708845306132118340298136586608748764792728834593720747266941207368239118051699482469046169808278656795573782784389195269625031268890105439949653116899794515250567116424114033113273357508241172514340454446594556690432
663 1464786236049624260685376124451850855163464793406634804134924595650009137699196073488789740256022690528233381736519243125814513094767368490512041347117169397126296553786416376054862129417690612264236680596273173217497529585457669187441494533882414736478236103398964938092339616557313591147565568778390539250062537780210879899306233799589030501134232848228066226546715016482345028680908893189113380864
664 -5859144944198497042741504497807403420653859173626539216539698382600036550796784293955158961024090762112933526946076972503258052379069473962048165388468677588505186215145665504219448517670762449056946722385092692869990118341830676749765978135529658945912944413595859752369358466229254364590262275113562157000250151120843519597224935198356122004536931392912264906186860065929380114723635572756453523456
665 93746319107175952683864071964918454730461746778024627464635174121600584812748548703282543376385452193806936431137231560052128838065111583392770646215498841416082979442330648067511176282732199184911147558161483085919841893469290827996255650168474543134607110617533756037909735459668069833444196401816994512004002417933496313555598963173697952072590902286596238498989761054870081835578169164103256375296
666 -93746319107175952683864071964918454730461746778024627464635174121600584812748548703282543376385452193806936431137231560052128838065111583392770646215498841416082979442330648067511176282732199184911147558161483085919841893469290827996255650168474543134607110617533756037909735459668069833444196401816994512004002417933496313555598963173697952072590902286596238498989761054870081835578169164103256375296
667 374985276428703810735456287859673818921846987112098509858540696486402339250994194813130173505541808775227745724548926240208515352260446333571082584861995365664331917769322592270044705130928796739644590232645932343679367573877163311985022600673898172538428442470135024151638941838672279333776785607267978048016009671733985254222395852694791808290363609146384953995959044219480327342312676656413025501184
668 2999882211429630485883650302877390551374775896896788078868325571891218714007953558505041388044334470201821965796391409921668122818083570668568660678895962925314655342154580738160357641047430373917156721861167458749434940591017306495880180805391185380307427539761080193213111534709378234670214284858143824384128077373871882033779166821558334466322908873171079631967672353755842618738501413251304204009472
669 5999764422859260971767300605754781102749551793793576157736651143782437428015907117010082776088668940403643931592782819843336245636167141337137321357791925850629310684309161476320715282094860747834313443722334917498869881182034612991760361610782370760614855079522160386426223069418756469340428569716287648768256154747743764067558333643116668932645817746342159263935344707511685237477002826502608408018944
670 -23999057691437043887069202423019124410998207175174304630946604575129749712063628468040331104354675761614575726371131279373344982544668565348549285431167703402517242737236645905282861128379442991337253774889339669995479524728138451967041446443129483042459420318088641545704892277675025877361714278865150595073024618990975056270233334572466675730583270985368637055741378830046740949908011306010433632075776
671 383984923062992702193107238768305990575971314802788874095145673202075995393018055488645297669674812185833211621938100469973519720714697045576788566898683254440275883795786334484525778054071087861396060398229434719927672395650215231472663143090071728679350725089418264731278276442800414037787428461842409521168393903855600900323733353159466811689332335765898192891862061280747855198528180896166938113212416
672 -383984923062992702193107238768305990575971314802788874095145673202075995393018055488645297669674812185833211621938100469973519720714697045576788566898683254440275883795786334484525778054071087861396060398229434719927672395650215231472663143090071728679350725089418264731278276442800414037787428461842409521168393903855600900323733353159466811689332335765898192891862061280747855198528180896166938113212416
673 1535939692251970808772428955073223962303885259211155496380582692808303981572072221954581190678699248743332846487752401879894078882858788182307154267594733017761103535183145337938103112216284351445584241592917738879710689582600860925890652572360286914717402900357673058925113105771201656151149713847369638084673575615422403601294933412637867246757329343063592771567448245122991420794112723584667752452849664
674 12287517538015766470179431640585791698431082073689243971044661542466431852576577775636649525429593989946662771902019215039152631062870305458457234140757864142088828281465162703504824897730274811564673932743341911037685516660806887407125220578882295317739223202861384471400904846169613249209197710778957104677388604923379228810359467301102937974058634744508742172539585960983931366352901788677342019622797312
675 24575035076031532940358863281171583396862164147378487942089323084932863705153155551273299050859187979893325543804038430078305262125740610916914468281515728284177656562930325407009649795460549623129347865486683822075371033321613774814250441157764590635478446405722768942801809692339226498418395421557914209354777209846758457620718934602205875948117269489017484345079171921967862732705803577354684039245594624
676 -98300140304126131761435453124686333587448656589513951768357292339731454820612622205093196203436751919573302175216153720313221048502962443667657873126062913136710626251721301628038599181842198492517391461946735288301484133286455099257001764631058362541913785622891075771207238769356905993673581686231656837419108839387033830482875738408823503792469077956069937380316687687871450930823214309418736156982378496
677 1572802244866018108182967249994981337399178505432223228293716677435703277129801955281491139254988030713172834803458459525011536776047399098682525970017006610187370020027540826048617586909475175880278263391147764612823746132583281588112028234096933800670620569966257212339315820309710495898777306979706509398705741430192541287726011814541176060679505247297118998085067003005943214893171428950699778511718055936
678 -1572802244866018108182967249994981337399178505432223228293716677435703277129801955281491139254988030713172834803458459525011536776047399098682525970017006610187370020027540826048617586909475175880278263391147764612823746132583281588112028234096933800670620569966257212339315820309710495898777306979706509398705741430192541287726011814541176060679505247297118998085067003005943214893171428950699778511718055936
679 6291208979464072432731868999979925349596714021728892913174866709742813108519207821125964557019952122852691339213833838100046147104189596394730103880068026440749480080110163304194470347637900703521113053564591058451294984530333126352448112936387735202682482279865028849357263281238841983595109227918826037594822965720770165150904047258164704242718020989188475992340268012023772859572685715802799114046872223744
680 50329671835712579461854951999839402796773712173831143305398933677942504868153662569007716456159616982821530713710670704800369176833516771157840831040544211525995840640881306433555762781103205628168904428516728467610359876242665010819584903491101881621459858238920230794858106249910735868760873823350608300758583725766161321207232378065317633941744167913507807938722144096190182876581485726422392912374977789952
681 100659343671425158923709903999678805593547424347662286610797867355885009736307325138015432912319233965643061427421341409600738353667033542315681662081088423051991681281762612867111525562206411256337808857033456935220719752485330021639169806982203763242919716477840461589716212499821471737521747646701216601517167451532322642414464756130635267883488335827015615877444288192380365753162971452844785824749955579904
682 -402637374685700635694839615998715222374189697390649146443191469423540038945229300552061731649276935862572245709685365638402953414668134169262726648324353692207966725127050451468446102248825645025351235428133827740882879009941320086556679227928815052971678865911361846358864849999285886950086990586804866406068669806129290569657859024522541071533953343308062463509777152769521463012651885811379143298999822319616
683 6442197994971210171117433855979443557987035158250386343091063510776640623123668808832987706388430973801155931354965850214447254634690146708203626373189659075327467602032807223495137635981210320405619766850141243854126064159061121384906867646861040847546861854581789541741837599988574191201391849388877862497098716898068649114525744392360657144543253492928999416156434444312343408202430172982066292783997157113856
684 -6442197994971210171117433855979443557987035158250386343091063510776640623123668808832987706388430973801155931354965850214447254634690146708203626373189659075327467602032807223495137635981210320405619766850141243854126064159061121384906867646861040847546861854581789541741837599988574191201391849388877862497098716898068649114525744392360657144543253492928999416156434444312343408202430172982066292783997157113856
685 25768791979884840684469735423917774231948140633001545372364254043106562492494675235331950825553723895204623725419863400857789018538760586832814505492758636301309870408131228893980550543924841281622479067400564975416504256636244485539627470587444163390187447418327158166967350399954296764805567397555511449988394867592274596458102977569442628578173013971715997664625737777249373632809720691928265171135988628455424
686 206150335839078725475757883391342193855585125064012362978914032344852499939957401882655606604429791161636989803358907206862312148310084694662516043942069090410478963265049831151844404351398730252979832539204519803332034053089955884317019764699553307121499579346617265335738803199634374118444539180444091599907158940738196771664823820555541028625384111773727981317005902217994989062477765535426121369087909027643392
687 412300671678157450951515766782684387711170250128024725957828064689704999879914803765311213208859582323273979606717814413724624296620169389325032087884138180820957926530099662303688808702797460505959665078409039606664068106179911768634039529399106614242999158693234530671477606399268748236889078360888183199814317881476393543329647641111082057250768223547455962634011804435989978124955531070852242738175818055286784
688 -1649202686712629803806063067130737550844681000512098903831312258758819999519659215061244852835438329293095918426871257654898497186480677557300128351536552723283831706120398649214755234811189842023838660313636158426656272424719647074536158117596426456971996634772938122685910425597074992947556313443552732799257271525905574173318590564444328229003072894189823850536047217743959912499822124283408970952703272221147136
689 26387242987402076860897009074091800813514896008193582461300996140141119992314547440979917645367013268689534694829940122478375954983690840916802053624584843572541307297926378387436083756979037472381418565018178534826500358795514353192578529881542823311551946156367009962974566809553199887160901015096843724788116344414489186773097449031109251664049166307037181608576755483903358599997153988534543535243252355538354176
690 -26387242987402076860897009074091800813514896008193582461300996140141119992314547440979917645367013268689534694829940122478375954983690840916802053624584843572541307297926378387436083756979037472381418565018178534826500358795514353192578529881542823311551946156367009962974566809553199887160901015096843724788116344414489186773097449031109251664049166307037181608576755483903358599997153988534543535243252355538354176
691 105548971949608307443588036296367203254059584032774329845203984560564479969258189763919670581468053074758138779319760489913503819934763363667208214498339374290165229191705513549744335027916149889525674260072714139306001435182057412770314119526171293246207784625468039851898267238212799548643604060387374899152465377657956747092389796124437006656196665228148726434307021935613434399988615954138174140973009422153416704
692 844391775596866459548704290370937626032476672262194638761631876484515839754065518111357364651744424598065110234558083919308030559478106909337665715986714994321321833533644108397954680223329199116205394080581713114448011481456459302162512956209370345969662277003744318815186137905702396389148832483098999193219723021263653976739118368995496053249573321825189811474456175484907475199908927633105393127784075377227333632
693 1688783551193732919097408580741875252064953344524389277523263752969031679508131036222714729303488849196130220469116167838616061118956213818675331431973429988642643667067288216795909360446658398232410788161163426228896022962912918604325025912418740691939324554007488637630372275811404792778297664966197998386439446042527307953478236737990992106499146643650379622948912350969814950399817855266210786255568150754454667264
694 -6755134204774931676389634322967501008259813378097557110093055011876126718032524144890858917213955396784520881876464671354464244475824855274701325727893719954570574668269152867183637441786633592929643152644653704915584091851651674417300103649674962767757298216029954550521489103245619171113190659864791993545757784170109231813912946951963968425996586574601518491795649403879259801599271421064843145022272603017818669056
695 108082147276398906822234149167480016132157014049560913761488880190018027488520386318253742675423286348552334110023434741671427911613197684395221211646299519273129194692306445874938199068586137486874290442314459278649345469626426790676801658394799404284116771456479272808343825651929906737811050557836671896732124546721747709022607151231423494815945385193624295868730390462068156825588342737037490320356361648285098704896
696 -108082147276398906822234149167480016132157014049560913761488880190018027488520386318253742675423286348552334110023434741671427911613197684395221211646299519273129194692306445874938199068586137486874290442314459278649345469626426790676801658394799404284116771456479272808343825651929906737811050557836671896732124546721747709022607151231423494815945385193624295868730390462068156825588342737037490320356361648285098704896
697 432328589105595627288936596669920064528628056198243655045955520760072109954081545273014970701693145394209336440093738966685711646452790737580884846585198077092516778769225783499752796274344549947497161769257837114597381878505707162707206633579197617136467085825917091233375302607719626951244202231346687586928498186886990836090428604925693979263781540774497183474921561848272627302353370948149961281425446593140394819584
698 3458628712844765018311492773359360516229024449585949240367644166080576879632652362184119765613545163153674691520749911733485693171622325900647078772681584616740134230153806267998022370194756399579977294154062696916779055028045657301657653068633580937091736686607336729867002420861757015609953617850773500695427985495095926688723428839405551834110252326195977467799372494786181018418826967585199690251403572745123158556672
699 6917257425689530036622985546718721032458048899171898480735288332161153759265304724368239531227090326307349383041499823466971386343244651801294157545363169233480268460307612535996044740389512799159954588308125393833558110056091314603315306137267161874183473373214673459734004841723514031219907235701547001390855970990191853377446857678811103668220504652391954935598744989572362036837653935170399380502807145490246317113344
700 -27669029702758120146491942186874884129832195596687593922941153328644615037061218897472958124908361305229397532165999293867885545372978607205176630181452676933921073841230450143984178961558051196639818353232501575334232440224365258413261224549068647496733893492858693838936019366894056124879628942806188005563423883960767413509787430715244414672882018609567819742394979958289448147350615740681597522011228581960985268453376
701 442704475244129922343871074989998146077315129547001502767058453258313840592979502359567329998533780883670360514655988701886168725967657715282826082903242830942737181459687202303746863384928819146237093651720025205347719043589844134612179592785098359947742295885739101422976309870304897998074063084899008089014782143372278616156598891443910634766112297753085115878319679332631170357609851850905560352179657311375764295254016
702 -442704475244129922343871074989998146077315129547001502767058453258313840592979502359567329998533780883670360514655988701886168725967657715282826082903242830942737181459687202303746863384928819146237093651720025205347719043589844134612179592785098359947742295885739101422976309870304897998074063084899008089014782143372278616156598891443910634766112297753085115878319679332631170357609851850905560352179657311375764295254016
703 1770817900976519689375484299959992584309260518188006011068233813033255362371918009438269319994135123534681442058623954807544674903870630861131304331612971323770948725838748809214987453539715276584948374606880100821390876174359376538448718371140393439790969183542956405691905239481219591992296252339596032356059128573489114464626395565775642539064449191012340463513278717330524681430439407403622241408718629245503057181016064
704 14166543207812157515003874399679940674474084145504048088545870504266042898975344075506154559953080988277451536468991638460357399230965046889050434652903770590167589806709990473719899628317722212679586996855040806571127009394875012307589746969123147518327753468343651245535241915849756735938370018716768258848473028587912915717011164526205140312515593528098723708106229738644197451443515259228977931269749033964024457448128512
705 28333086415624315030007748799359881348948168291008096177091741008532085797950688151012309119906161976554903072937983276920714798461930093778100869305807541180335179613419980947439799256635444425359173993710081613142254018789750024615179493938246295036655506936687302491070483831699513471876740037433536517696946057175825831434022329052410280625031187056197447416212459477288394902887030518457955862539498067928048914896257024
706 -113332345662497260120030995197439525395792673164032384708366964034128343191802752604049236479624647906219612291751933107682859193847720375112403477223230164721340718453679923789759197026541777701436695974840326452569016075159000098460717975752985180146622027746749209964281935326798053887506960149734146070787784228703303325736089316209641122500124748224789789664849837909153579611548122073831823450157992271712195659585028096
707 1813317530599956161920495923159032406332682770624518155333871424546053491068844041664787783673994366499513796668030929722925747101563526001798455635571682635541451495258878780636147152424668443222987135597445223241104257202544001575371487612047762882345952443947987359428510965228768862200111362395746337132604547659252853211777429059354257960001995971596636634637597406546457273784769953181309175202527876347395130553360449536
708 -1813317530599956161920495923159032406332682770624518155333871424546053491068844041664787783673994366499513796668030929722925747101563526001798455635571682635541451495258878780636147152424668443222987135597445223241104257202544001575371487612047762882345952443947987359428510965228768862200111362395746337132604547659252853211777429059354257960001995971596636634637597406546457273784769953181309175202527876347395130553360449536
709 7253270122399824647681983692636129625330731082498072621335485698184213964275376166659151134695977465998055186672123718891702988406254104007193822542286730542165805981035515122544588609698673772891948542389780892964417028810176006301485950448191051529383809775791949437714043860915075448800445449582985348530418190637011412847109716237417031840007983886386546538550389626185829095139079812725236700810111505389580522213441798144
710 58026160979198597181455869541089037002645848659984580970683885585473711714203009333273209077567819727984441493376989751133623907250032832057550580338293844337326447848284120980356708877589390183135588339118247143715336230481408050411887603585528412235070478206335595501712350887320603590403563596663882788243345525096091302776877729899336254720063871091092372308403117009486632761112638501801893606480892043116644177707534385152
711 116052321958397194362911739082178074005291697319969161941367771170947423428406018666546418155135639455968882986753979502267247814500065664115101160676587688674652895696568241960713417755178780366271176678236494287430672460962816100823775207171056824470140956412671191003424701774641207180807127193327765576486691050192182605553755459798672509440127742182184744616806234018973265522225277003603787212961784086233288355415068770304
712 -464209287833588777451646956328712296021166789279876647765471084683789693713624074666185672620542557823875531947015918009068991258000262656460404642706350754698611582786272967842853671020715121465084706712945977149722689843851264403295100828684227297880563825650684764013698807098564828723228508773311062305946764200768730422215021839194690037760510968728738978467224936075893062088901108014415148851847136344933153421660275081216
713 7427348605337420439226351301259396736338668628478026364247537354940635099417985194658970761928680925182008511152254688145103860128004202503366474283301612075177785324580367485485658736331441943441355307407135634395563037501620230452721613258947636766089021210410956224219180913577037259571656140372976996895148227212299686755440349427115040604168175499659823655475598977214288993422417728230642381629554181518930454746564401299456
714 -7427348605337420439226351301259396736338668628478026364247537354940635099417985194658970761928680925182008511152254688145103860128004202503366474283301612075177785324580367485485658736331441943441355307407135634395563037501620230452721613258947636766089021210410956224219180913577037259571656140372976996895148227212299686755440349427115040604168175499659823655475598977214288993422417728230642381629554181518930454746564401299456
715 29709394421349681756905405205037586945354674513912105456990149419762540397671940778635883047714723700728034044609018752580415440512016810013465897133206448300711141298321469941942634945325767773765421229628542537582252150006480921810886453035790547064356084841643824896876723654308149038286624561491907987580592908849198747021761397708460162416672701998639294621902395908857155973689670912922569526518216726075721818986257605197824
716 237675155370797454055243241640300695562837396111296843655921195358100323181375526229087064381717789605824272356872150020643323524096134480107727177065651586405689130386571759535541079562606142190123369837028340300658017200051847374487091624286324376514848678733150599175013789234465192306292996491935263900644743270793589976174091181667681299333381615989114356975219167270857247789517367303380556212145733808605774551890060841582592
717 475350310741594908110486483280601391125674792222593687311842390716200646362751052458174128763435579211648544713744300041286647048192268960215454354131303172811378260773143519071082159125212284380246739674056680601316034400103694748974183248572648753029697357466301198350027578468930384612585992983870527801289486541587179952348182363335362598666763231978228713950438334541714495579034734606761112424291467617211549103780121683165184
718 -1901401242966379632441945933122405564502699168890374749247369562864802585451004209832696515053742316846594178854977200165146588192769075840861817416525212691245513043092574076284328636500849137520986958696226722405264137600414778995896732994290595012118789429865204793400110313875721538450343971935482111205157946166348719809392729453341450394667052927912914855801753338166857982316138938427044449697165870468846196415120486732660736
719 30422419887462074119071134929958489032043186702245995987957913005836841367216067357323144240859877069545506861679635202642345411084305213453789078664403403059928208689481185220549258184013586200335791339139627558484226201606636463934347727908649520193900630877843276694401765022011544615205503550967713779282527138661579516950283671253463206314672846846606637692828053410669727717058223014832711195154653927501539142641927787722571776
720 -30422419887462074119071134929958489032043186702245995987957913005836841367216067357323144240859877069545506861679635202642345411084305213453789078664403403059928208689481185220549258184013586200335791339139627558484226201606636463934347727908649520193900630877843276694401765022011544615205503550967713779282527138661579516950283671253463206314672846846606637692828053410669727717058223014832711195154653927501539142641927787722571776
721 121689679549848296476284539719833956128172746808983983951831652023347365468864269429292576963439508278182027446718540810569381644337220853815156314657613612239712834757924740882197032736054344801343165356558510233936904806426545855737390911634598080775602523511373106777607060088046178460822014203870855117130108554646318067801134685013852825258691387386426550771312213642678910868232892059330844780618615710006156570567711150890287104
722 973517436398786371810276317758671649025381974471871871614653216186778923750914155434340615707516066225456219573748326484555053154697766830521250517260908897917702678063397927057576261888434758410745322852468081871495238451412366845899127293076784646204820188090984854220856480704369427686576113630966840937040868437170544542409077480110822602069531099091412406170497709141431286945863136474646758244948925680049252564541689207122296832
723 1947034872797572743620552635517343298050763948943743743229306432373557847501828310868681231415032132450912439147496652969110106309395533661042501034521817795835405356126795854115152523776869516821490645704936163742990476902824733691798254586153569292409640376181969708441712961408738855373152227261933681874081736874341089084818154960221645204139062198182824812340995418282862573891726272949293516489897851360098505129083378414244593664
724 -7788139491190290974482210542069373192203055795774974972917225729494231390007313243474724925660128529803649756589986611876440425237582134644170004138087271183341621424507183416460610095107478067285962582819744654971961907611298934767193018344614277169638561504727878833766851845634955421492608909047734727496326947497364356339272619840886580816556248792731299249363981673131450295566905091797174065959591405440394020516333513656978374656
725 124610231859044655591715368673109971075248892732399599566675611671907702240117011895595598810562056476858396105439785790023046803801314154306720066209396338933465942792114934663369761521719649076575401325115914479551390521780782956275088293513828434714216984075646061340269629530159286743881742544763755639941231159957829701428361917454185293064899980683700787989823706770103204729070481468754785055353462487046304328261336218511653994496
726 -124610231859044655591715368673109971075248892732399599566675611671907702240117011895595598810562056476858396105439785790023046803801314154306720066209396338933465942792114934663369761521719649076575401325115914479551390521780782956275088293513828434714216984075646061340269629530159286743881742544763755639941231159957829701428361917454185293064899980683700787989823706770103204729070481468754785055353462487046304328261336218511653994496
727 498440927436178622366861474692439884300995570929598398266702446687630808960468047582382395242248225907433584421759143160092187215205256617226880264837585355733863771168459738653479046086878596306301605300463657918205562087123131825100353174055313738856867936302584245361078518120637146975526970179055022559764924639831318805713447669816741172259599922734803151959294827080412818916281925875019140221413849948185217313045344874046615977984
728 3987527419489428978934891797539519074407964567436787186133619573501046471683744380659059161937985807259468675374073145280737497721642052937815042118700682845870910169347677909227832368695028770450412842403709263345644496696985054600802825392442509910854943490420673962888628144965097175804215761432440180478119397118650550445707581358533929378076799381878425215674358616643302551330255407000153121771310799585481738504362758992372927823872
729 7975054838978857957869783595079038148815929134873574372267239147002092943367488761318118323875971614518937350748146290561474995443284105875630084237401365691741820338695355818455664737390057540900825684807418526691288993393970109201605650784885019821709886980841347925777256289930194351608431522864880360956238794237301100891415162717067858756153598763756850431348717233286605102660510814000306243542621599170963477008725517984745855647744
730 -31900219355915431831479134380316152595263716539494297489068956588008371773469955045272473295503886458075749402992585162245899981773136423502520336949605462766967281354781423273822658949560230163603302739229674106765155973575880436806422603139540079286839547923365391703109025159720777406433726091459521443824955176949204403565660650868271435024614395055027401725394868933146420410642043256001224974170486396683853908034902071938983422590976
731 510403509694646909303666150085058441524219464631908759825103305408133948375519280724359572728062183329211990447881362595934399708370182776040325391193687404271476501676502772381162543192963682617652843827674785708242495577214086988902761650232641268589432766773846267249744402555532438502939617463352343101199282831187270457050570413892342960393830320880438427606317902930342726570272692096019599586727782346941662528558433151023734761455616
732 -510403509694646909303666150085058441524219464631908759825103305408133948375519280724359572728062183329211990447881362595934399708370182776040325391193687404271476501676502772381162543192963682617652843827674785708242495577214086988902761650232641268589432766773846267249744402555532438502939617463352343101199282831187270457050570413892342960393830320880438427606317902930342726570272692096019599586727782346941662528558433151023734761455616
733 2041614038778587637214664600340233766096877858527635039300413221632535793502077122897438290912248733316847961791525450383737598833480731104161301564774749617085906006706011089524650172771854730470611375310699142832969982308856347955611046600930565074357731067095385068998977610222129754011758469853409372404797131324749081828202281655569371841575321283521753710425271611721370906281090768384078398346911129387766650114233732604094939045822464
734 16332912310228701097717316802721870128775022868221080314403305773060286348016616983179506327297989866534783694332203603069900790667845848833290412518197996936687248053648088716197201382174837843764891002485593142663759858470850783644888372807444520594861848536763080551991820881777038032094067758827274979238377050597992654625618253244554974732602570268174029683402172893770967250248726147072627186775289035102133200913869860832759512366579712
735 32665824620457402195434633605443740257550045736442160628806611546120572696033233966359012654595979733069567388664407206139801581335691697666580825036395993873374496107296177432394402764349675687529782004971186285327519716941701567289776745614889041189723697073526161103983641763554076064188135517654549958476754101195985309251236506489109949465205140536348059366804345787541934500497452294145254373550578070204266401827739721665519024733159424
736 -130663298481829608781738534421774961030200182945768642515226446184482290784132935865436050618383918932278269554657628824559206325342766790666323300145583975493497984429184709729577611057398702750119128019884745141310078867766806269159106982459556164758894788294104644415934567054216304256752542070618199833907016404783941237004946025956439797860820562145392237467217383150167738001989809176581017494202312280817065607310958886662076098932637696
737 2090612775709273740507816550748399376483202927132298280243623138951716652546126973846976809894142702916452312874522061192947301205484268650661172802329343607895967750866955355673241776918379244001906048318155922260961261884268900306545711719352898636142316612705674310654953072867460868108040673129891197342512262476543059792079136415303036765773128994326275799475478130402683808031836946825296279907236996493073049716975342186593217582922203136
738 -2090612775709273740507816550748399376483202927132298280243623138951716652546126973846976809894142702916452312874522061192947301205484268650661172802329343607895967750866955355673241776918379244001906048318155922260961261884268900306545711719352898636142316612705674310654953072867460868108040673129891197342512262476543059792079136415303036765773128994326275799475478130402683808031836946825296279907236996493073049716975342186593217582922203136
739 8362451102837094962031266202993597505932811708529193120974492555806866610184507895387907239576570811665809251498088244771789204821937074602644691209317374431583871003467821422692967107673516976007624193272623689043845047537075601226182846877411594544569266450822697242619812291469843472432162692519564789370049049906172239168316545661212147063092515977305103197901912521610735232127347787301185119628947985972292198867901368746372870331688812544
740 66899608822696759696250129623948780047462493668233544967795940446454932881476063163103257916612566493326474011984705958174313638575496596821157529674538995452670968027742571381543736861388135808060993546180989512350760380296604809809462775019292756356554131606581577940958498331758747779457301540156518314960392399249377913346532365289697176504740127818440825583215300172885881857018782298409480957031583887778337590943210949970982962653510500352
741 133799217645393519392500259247897560094924987336467089935591880892909865762952126326206515833225132986652948023969411916348627277150993193642315059349077990905341936055485142763087473722776271616121987092361979024701520760593209619618925550038585512713108263213163155881916996663517495558914603080313036629920784798498755826693064730579394353009480255636881651166430600345771763714037564596818961914063167775556675181886421899941965925307021000704
742 -535196870581574077570001036991590240379699949345868359742367523571639463051808505304826063332900531946611792095877647665394509108603972774569260237396311963621367744221940571052349894891105086464487948369447916098806083042372838478475702200154342050852433052852652623527667986654069982235658412321252146519683139193995023306772258922317577412037921022547526604665722401383087054856150258387275847656252671102226700727545687599767863701228084002816
743 8563149929305185241120016591865443846075199189533893755877880377146231408828936084877217013326408511145788673534042362646312145737663564393108163798340991417941883907551049136837598318257681383431807173911166657580897328677965415655611235202469472813638928845642441976442687786465119715770534597140034344314930227103920372908356142757081238592606736360760425674651558422129392877698404134196413562500042737635627211640731001596285819219649344045056
744 -8563149929305185241120016591865443846075199189533893755877880377146231408828936084877217013326408511145788673534042362646312145737663564393108163798340991417941883907551049136837598318257681383431807173911166657580897328677965415655611235202469472813638928845642441976442687786465119715770534597140034344314930227103920372908356142757081238592606736360760425674651558422129392877698404134196413562500042737635627211640731001596285819219649344045056
745 34252599717220740964480066367461775384300796758135575023511521508584925635315744339508868053305634044583154694136169450585248582950654257572432655193363965671767535630204196547350393273030725533727228695644666630323589314711861662622444940809877891254555715382569767905770751145860478863082138388560137377259720908415681491633424571028324954370426945443041702698606233688517571510793616536785654250000170950542508846562924006385143276878597376180224
746 274020797737765927715840530939694203074406374065084600188092172068679405082525954716070944426445072356665237553089355604681988663605234060579461241546911725374140285041633572378803146184245804269817829565157333042588714517694893300979559526479023130036445723060558143246166009166883830904657107108481099018077767267325451933067396568226599634963415563544333621588849869508140572086348932294285234000001367604340070772503392051081146215028779009441792
747 548041595475531855431681061879388406148812748130169200376184344137358810165051909432141888852890144713330475106178711209363977327210468121158922483093823450748280570083267144757606292368491608539635659130314666085177429035389786601959119052958046260072891446121116286492332018333767661809314214216962198036155534534650903866134793136453199269926831127088667243177699739016281144172697864588570468000002735208680141545006784102162292430057558018883584
748 -2192166381902127421726724247517553624595250992520676801504737376549435240660207637728567555411560578853321900424714844837455909308841872484635689932375293802993122280333068579030425169473966434158542636521258664340709716141559146407836476211832185040291565784484465145969328073335070647237256856867848792144622138138603615464539172545812797079707324508354668972710798956065124576690791458354281872000010940834720566180027136408649169720230232075534336
749 35074662110434038747627587960280857993524015880330828824075798024790963850563322203657080886584969261653150406795437517399294548941469959754171038918004700847889956485329097264486802711583462946536682184340138629451355458264946342525383619389314960644665052551751442335509249173361130355796109709885580674313954210217657847432626760733004753275317192133674703563372783297041993227052663333668509952000175053355529058880434182538386715523683713208549376
750 -35074662110434038747627587960280857993524015880330828824075798024790963850563322203657080886584969261653150406795437517399294548941469959754171038918004700847889956485329097264486802711583462946536682184340138629451355458264946342525383619389314960644665052551751442335509249173361130355796109709885580674313954210217657847432626760733004753275317192133674703563372783297041993227052663333668509952000175053355529058880434182538386715523683713208549376
751 140298648441736154990510351841123431974096063521323315296303192099163855402253288814628323546339877046612601627181750069597178195765879839016684155672018803391559825941316389057947210846333851786146728737360554517805421833059785370101534477557259842578660210207005769342036996693444521423184438839542322697255816840870631389730507042932019013101268768534698814253491133188167972908210653334674039808000700213422116235521736730153546862094734852834197504
752 1122389187533889239924082814728987455792768508170586522370425536793310843218026310517026588370719016372900813017454000556777425566127038712133473245376150427132478607530531112463577686770670814289173829898884436142443374664478282960812275820458078740629281681656046154736295973547556171385475510716338581578046534726965051117844056343456152104810150148277590514027929065505343783265685226677392318464005601707376929884173893841228374896757878822673580032
753 2244778375067778479848165629457974911585537016341173044740851073586621686436052621034053176741438032745801626034908001113554851132254077424266946490752300854264957215061062224927155373541341628578347659797768872284886749328956565921624551640916157481258563363312092309472591947095112342770951021432677163156093069453930102235688112686912304209620300296555181028055858131010687566531370453354784636928011203414753859768347787682456749793515757645347160064
754 -8979113500271113919392662517831899646342148065364692178963404294346486745744210484136212706965752130983206504139632004454219404529016309697067785963009203417059828860244248899708621494165366514313390639191075489139546997315826263686498206563664629925034253453248369237890367788380449371083804085730708652624372277815720408942752450747649216838481201186220724112223432524042750266125481813419138547712044813659015439073391150729826999174063030581388640256
755 143665816004337822710282600285310394341474369045835074863414468709543787931907367746179403311452034095731304066234112071267510472464260955153084575408147254672957261763907982395337943906645864229014250227057207826232751957053220218983971305018634078800548055251973907806245884614087189937340865371691338441989956445051526543084039211962387469415699218979531585795574920384684004258007709014706216763392717018544247025174258411677231986785008489302218244096
756 -143665816004337822710282600285310394341474369045835074863414468709543787931907367746179403311452034095731304066234112071267510472464260955153084575408147254672957261763907982395337943906645864229014250227057207826232751957053220218983971305018634078800548055251973907806245884614087189937340865371691338441989956445051526543084039211962387469415699218979531585795574920384684004258007709014706216763392717018544247025174258411677231986785008489302218244096
757 574663264017351290841130401141241577365897476183340299453657874838175151727629470984717613245808136382925216264936448285070041889857043820612338301632589018691829047055631929581351775626583456916057000908228831304931007828212880875935885220074536315202192221007895631224983538456348759749363461486765353767959825780206106172336156847849549877662796875918126343182299681538736017032030836058824867053570868074176988100697033646708927947140033957208872976384
758 4597306112138810326729043209129932618927179809466722395629262998705401213821035767877740905966465091063401730119491586280560335118856350564898706413060712149534632376445055436650814205012667655328456007265830650439448062625703047007487081760596290521617537768063165049799868307650790077994907691894122830143678606241648849378689254782796399021302375007345010745458397452309888136256246688470598936428566944593415904805576269173671423577120271657670983811072
759 9194612224277620653458086418259865237854359618933444791258525997410802427642071535755481811932930182126803460238983172561120670237712701129797412826121424299069264752890110873301628410025335310656912014531661300878896125251406094014974163521192581043235075536126330099599736615301580155989815383788245660287357212483297698757378509565592798042604750014690021490916794904619776272512493376941197872857133889186831809611152538347342847154240543315341967622144
760 -36778448897110482613832345673039460951417438475733779165034103989643209710568286143021927247731720728507213840955932690244482680950850804519189651304485697196277059011560443493206513640101341242627648058126645203515584501005624376059896654084770324172940302144505320398398946461206320623959261535152982641149428849933190795029514038262371192170419000058760085963667179618479105090049973507764791491428535556747327238444610153389371388616962173261367870488576
761 588455182353767721821317530768631375222679015611740466640545663834291355369092578288350835963707531656115421455294923043911722895213612872307034420871771155140432944184967095891304218241621459882042368930026323256249352016089990016958346465356325186767044834312085126374383143379301129983348184562447722258390861598931052720472224612197939074726704000940161375418674873895665681440799576124236663862856568907957235815113762454229942217871394772181885927817216
762 -588455182353767721821317530768631375222679015611740466640545663834291355369092578288350835963707531656115421455294923043911722895213612872307034420871771155140432944184967095891304218241621459882042368930026323256249352016089990016958346465356325186767044834312085126374383143379301129983348184562447722258390861598931052720472224612197939074726704000940161375418674873895665681440799576124236663862856568907957235815113762454229942217871394772181885927817216
763 2353820729415070887285270123074525500890716062446961866562182655337165421476370313153403343854830126624461685821179692175646891580854451489228137683487084620561731776739868383565216872966485839528169475720105293024997408064359960067833385861425300747068179337248340505497532573517204519933392738249790889033563446395724210881888898448791756298906816003760645501674699495582662725763198304496946655451426275631828943260455049816919768871485579088727543711268864
764 18830565835320567098282160984596204007125728499575694932497461242697323371810962505227226750838641012995693486569437537405175132646835611913825101467896676964493854213918947068521734983731886716225355805760842344199979264514879680542667086891402405976545434697986724043980260588137636159467141905998327112268507571165793687055111187590334050391254528030085164013397595964661301806105586435975573243611410205054631546083640398535358150971884632709820349690150912
765 37661131670641134196564321969192408014251456999151389864994922485394646743621925010454453501677282025991386973138875074810350265293671223827650202935793353928987708427837894137043469967463773432450711611521684688399958529029759361085334173782804811953090869395973448087960521176275272318934283811996654224537015142331587374110222375180668100782509056060170328026795191929322603612211172871951146487222820410109263092167280797070716301943769265419640699380301824
766 -150644526682564536786257287876769632057005827996605559459979689941578586974487700041817814006709128103965547892555500299241401061174684895310600811743173415715950833711351576548173879869855093729802846446086738753599834116119037444341336695131219247812363477583893792351842084705101089275737135247986616898148060569326349496440889500722672403130036224240681312107180767717290414448844691487804585948891281640437052368669123188282865207775077061678562797521207296
767 2410312426921032588580116606028314112912093247945688951359675039065257391591803200669085024107346049663448766280888004787862416978794958324969612987890774651455213339381625224770782077917681499676845543137387820057597345857904599109461387122099507964997815641342300677629473355281617428411794163967785870370368969109221591943054232011562758450080579587850900993714892283476646631181515063804873375182260506246992837898705971012525843324401232986857004760339316736
768 -2410312426921032588580116606028314112912093247945688951359675039065257391591803200669085024107346049663448766280888004787862416978794958324969612987890774651455213339381625224770782077917681499676845543137387820057597345857904599109461387122099507964997815641342300677629473355281617428411794163967785870370368969109221591943054232011562758450080579587850900993714892283476646631181515063804873375182260506246992837898705971012525843324401232986857004760339316736
769 9641249707684130354320466424113256451648372991782755805438700156261029566367212802676340096429384198653795065123552019151449667915179833299878451951563098605820853357526500899083128311670725998707382172549551280230389383431618396437845548488398031859991262565369202710517893421126469713647176655871143481481475876436886367772216928046251033800322318351403603974859569133906586524726060255219493500729042024987971351594823884050103373297604931947428019041357266944
770 77129997661473042834563731392906051613186983934262046443509601250088236530937702421410720771435073589230360520988416153211597343321438666399027615612504788846566826860212007192665026493365807989659057380396410241843115067452947171502764387907184254879930100522953621684143147369011757709177413246969147851851807011495090942177735424370008270402578546811228831798876553071252692197808482041755948005832336199903770812758591072400826986380839455579424152330858135552
771 154259995322946085669127462785812103226373967868524092887019202500176473061875404842821441542870147178460721041976832306423194686642877332798055231225009577693133653720424014385330052986731615979318114760792820483686230134905894343005528775814368509759860201045907243368286294738023515418354826493938295703703614022990181884355470848740016540805157093622457663597753106142505384395616964083511896011664672399807541625517182144801653972761678911158848304661716271104
772 -617039981291784342676509851143248412905495871474096371548076810000705892247501619371285766171480588713842884167907329225692778746571509331192220924900038310772534614881696057541320211946926463917272459043171281934744920539623577372022115103257474039039440804183628973473145178952094061673419305975753182814814456091960727537421883394960066163220628374489830654391012424570021537582467856334047584046658689599230166502068728579206615891046715644635393218646865084416
773 9872639700668549482824157618291974606487933943585541944769228960011294275960025909940572258743689419421486146686517267611084459945144149299075534798400612972360553838107136920661123391150823422676359344690740510955918728633977237952353841652119584624631052866938063575570322863233504986774708895612050925037031297471371640598750134319361058611530053991837290470256198793120344601319485701344761344746539033587682664033099657267305854256747450314166291498349841350656
774 -9872639700668549482824157618291974606487933943585541944769228960011294275960025909940572258743689419421486146686517267611084459945144149299075534798400612972360553838107136920661123391150823422676359344690740510955918728633977237952353841652119584624631052866938063575570322863233504986774708895612050925037031297471371640598750134319361058611530053991837290470256198793120344601319485701344761344746539033587682664033099657267305854256747450314166291498349841350656
775 39490558802674197931296630473167898425951735774342167779076915840045177103840103639762289034974757677685944586746069070444337839780576597196302139193602451889442215352428547682644493564603293690705437378762962043823674914535908951809415366608478338498524211467752254302281291452934019947098835582448203700148125189885486562395000537277444234446120215967349161881024795172481378405277942805379045378986156134350730656132398629069223417026989801256665165993399365402624
776 315924470421393583450373043785343187407613886194737342232615326720361416830720829118098312279798061421487556693968552563554702718244612777570417113548819615115537722819428381461155948516826349525643499030103696350589399316287271614475322932867826707988193691742018034418250331623472159576790684659585629601185001519083892499160004298219553875568961727738793295048198361379851027242223542443032363031889249074805845249059189032553787336215918410053321327947194923220992
777 631848940842787166900746087570686374815227772389474684465230653440722833661441658236196624559596122842975113387937105127109405436489225555140834227097639230231075445638856762922311897033652699051286998060207392701178798632574543228950645865735653415976387383484036068836500663246944319153581369319171259202370003038167784998320008596439107751137923455477586590096396722759702054484447084886064726063778498149611690498118378065107574672431836820106642655894389846441984
778 -2527395763371148667602984350282745499260911089557898737860922613762891334645766632944786498238384491371900453551748420508437621745956902220563336908390556920924301782555427051689247588134610796205147992240829570804715194530298172915802583462942613663905549533936144275346002652987777276614325477276685036809480012152671139993280034385756431004551693821910346360385586891038808217937788339544258904255113992598446761992473512260430298689727347280426570623577559385767936
779 40438332213938378681647749604523927988174577432926379805774761820206261354332266127116583971814151861950407256827974728135001947935310435529013390534248910734788828520886832827027961410153772739282367875853273132875443112484770766652841335407081818622488792542978308405536042447804436425829207636426960588951680194442738239892480550172102896072827101150565541766169390256620931487004613432708142468081823881575148191879576196166884779035637556486825129977240950172286976
780 -40438332213938378681647749604523927988174577432926379805774761820206261354332266127116583971814151861950407256827974728135001947935310435529013390534248910734788828520886832827027961410153772739282367875853273132875443112484770766652841335407081818622488792542978308405536042447804436425829207636426960588951680194442738239892480550172102896072827101150565541766169390256620931487004613432708142468081823881575148191879576196166884779035637556486825129977240950172286976
781 161753328855753514726590998418095711952698309731705519223099047280825045417329064508466335887256607447801629027311898912540007791741241742116053562136995642939155314083547331308111845640615090957129471503413092531501772449939083066611365341628327274489955170171913233622144169791217745703316830545707842355806720777770952959569922200688411584291308404602262167064677561026483725948018453730832569872327295526300592767518304784667539116142550225947300519908963800689147904
782 1294026630846028117812727987344765695621586477853644153784792378246600363338632516067730687098052859582413032218495191300320062333929933936928428497095965143513242512668378650464894765124920727657035772027304740252014179599512664532890922733026618195919641361375305868977153358329741965626534644365662738846453766222167623676559377605507292674330467236818097336517420488211869807584147629846660558978618364210404742140146438277340312929140401807578404159271710405513183232
783 2588053261692056235625455974689531391243172955707288307569584756493200726677265032135461374196105719164826064436990382600640124667859867873856856994191930287026485025336757300929789530249841455314071544054609480504028359199025329065781845466053236391839282722750611737954306716659483931253069288731325477692907532444335247353118755211014585348660934473636194673034840976423739615168295259693321117957236728420809484280292876554680625858280803615156808318543420811026366464
784 -10352213046768224942501823898758125564972691822829153230278339025972802906709060128541845496784422876659304257747961530402560498671439471495427427976767721148105940101347029203719158120999365821256286176218437922016113436796101316263127381864212945567357130891002446951817226866637935725012277154925301910771630129777340989412475020844058341394643737894544778692139363905694958460673181038773284471828946913683237937121171506218722503433123214460627233274173683244105465856
785 165635408748291599080029182380130009039563069165266451684453424415564846507344962056669527948550766026548868123967384486440967978743031543926838847628283538369695041621552467259506529935989853140100578819495006752257814988737621060210038109827407129077714094256039151229075629866206971600196434478804830572346082076437455830599600333504933462314299806312716459074229822491119335370770896620372551549263150618931806993938744099499560054929971431370035732386778931905687453696
786 -165635408748291599080029182380130009039563069165266451684453424415564846507344962056669527948550766026548868123967384486440967978743031543926838847628283538369695041621552467259506529935989853140100578819495006752257814988737621060210038109827407129077714094256039151229075629866206971600196434478804830572346082076437455830599600333504933462314299806312716459074229822491119335370770896620372551549263150618931806993938744099499560054929971431370035732386778931905687453696
787 662541634993166396320116729520520036158252276661065806737813697662259386029379848226678111794203064106195472495869537945763871914972126175707355390513134153478780166486209869038026119743959412560402315277980027009031259954950484240840152439309628516310856377024156604916302519464827886400785737915219322289384328305749823322398401334019733849257199225250865836296919289964477341483083586481490206197052602475727227975754976397998240219719885725480142929547115727622749814784
788 5300333079945331170560933836164160289266018213288526453902509581298075088235038785813424894353624512849563779966956303566110975319777009405658843124105073227830241331889678952304208957951675300483218522223840216072250079639603873926721219514477028130486851016193252839330420155718623091206285903321754578315074626445998586579187210672157870794057593802006926690375354319715818731864668691851921649576420819805817823806039811183985921757759085803841143436376925820981998518272
789 10600666159890662341121867672328320578532036426577052907805019162596150176470077571626849788707249025699127559933912607132221950639554018811317686248210146455660482663779357904608417915903350600966437044447680432144500159279207747853442439028954056260973702032386505678660840311437246182412571806643509156630149252891997173158374421344315741588115187604013853380750708639431637463729337383703843299152841639611635647612079622367971843515518171607682286872753851641963997036544
790 -42402664639562649364487470689313282314128145706308211631220076650384600705880310286507399154828996102796510239735650428528887802558216075245270744992840585822641930655117431618433671663613402403865748177790721728578000637116830991413769756115816225043894808129546022714643361245748984729650287226574036626520597011567988692633497685377262966352460750416055413523002834557726549854917349534815373196611366558446542590448318489471887374062072686430729147491015406567855988146176
791 678442634233002389831799531029012517026050331300931386099521226406153611294084964584118386477263937644744163835770406856462204840931457203924331919885449373162270890481878905894938746617814438461851970844651547657248010193869295862620316097853059600702316930072736363434293779931983755674404595625184586024329552185087819082135962966036207461639372006656886616368045352923624797678677592557045971145781864935144681447173095831550197984993162982891666359856246505085695810338816
792 -678442634233002389831799531029012517026050331300931386099521226406153611294084964584118386477263937644744163835770406856462204840931457203924331919885449373162270890481878905894938746617814438461851970844651547657248010193869295862620316097853059600702316930072736363434293779931983755674404595625184586024329552185087819082135962966036207461639372006656886616368045352923624797678677592557045971145781864935144681447173095831550197984993162982891666359856246505085695810338816
793 2713770536932009559327198124116050068104201325203725544398084905624614445176339858336473545909055750578976655343081627425848819363725828815697327679541797492649083561927515623579754986471257753847407883378606190628992040775477183450481264391412238402809267720290945453737175119727935022697618382500738344097318208740351276328543851864144829846557488026627546465472181411694499190714710370228183884583127459740578725788692383326200791939972651931566665439424986020342783241355264
794 21710164295456076474617584992928400544833610601629804355184679244996915561410718866691788367272446004631813242744653019406790554909806630525578621436334379941192668495420124988638039891770062030779263067028849525031936326203817467603850115131297907222474141762327563629897400957823480181580947060005906752778545669922810210628350814913158638772459904213020371723777451293555993525717682961825471076665019677924629806309539066609606335519781215452533323515399888162742265930842112
795 43420328590912152949235169985856801089667221203259608710369358489993831122821437733383576734544892009263626485489306038813581109819613261051157242872668759882385336990840249977276079783540124061558526134057699050063872652407634935207700230262595814444948283524655127259794801915646960363161894120011813505557091339845620421256701629826317277544919808426040743447554902587111987051435365923650942153330039355849259612619078133219212671039562430905066647030799776325484531861684224
796 -173681314363648611796940679943427204358668884813038434841477433959975324491285750933534306938179568037054505941957224155254324439278453044204628971490675039529541347963360999909104319134160496246234104536230796200255490609630539740830800921050383257779793134098620509039179207662587841452647576480047254022228365359382481685026806519305269110179679233704162973790219610348447948205741463694603768613320157423397038450476312532876850684158249723620266588123199105301938127446736896
797 2778901029818377788751050879094835269738702157008614957463638943359605191860572014936548911010873088592872095071315586484069191028455248707274063543850800632472661567413775998545669106146567939939745672579692739204087849754088635853292814736806132124476690145577928144626867322601405463242361223680756064355653845750119706960428904308884305762874867739266607580643513765575167171291863419113660297813122518774352615207621000526029610946531995577924265409971185684831010039147790336
798 -2778901029818377788751050879094835269738702157008614957463638943359605191860572014936548911010873088592872095071315586484069191028455248707274063543850800632472661567413775998545669106146567939939745672579692739204087849754088635853292814736806132124476690145577928144626867322601405463242361223680756064355653845750119706960428904308884305762874867739266607580643513765575167171291863419113660297813122518774352615207621000526029610946531995577924265409971185684831010039147790336
799 11115604119273511155004203516379341078954808628034459829854555773438420767442288059746195644043492354371488380285262345936276764113820994829096254175403202529890646269655103994182676424586271759758982690318770956816351399016354543413171258947224528497906760582311712578507469290405621852969444894723024257422615383000478827841715617235537223051499470957066430322574055062300668685167453676454641191252490075097410460830484002104118443786127982311697061639884742739324040156591161344
800 88924832954188089240033628131034728631638469024275678638836446187507366139538304477969565152347938834971907042282098767490214112910567958632770033403225620239125170157240831953461411396690174078071861522550167654530811192130836347305370071577796227983254084658493700628059754323244974823755559157784194059380923064003830622733724937884297784411995767656531442580592440498405349481339629411637129530019920600779283686643872016832947550289023858493576493119077941914592321252729290752
801 177849665908376178480067256262069457263276938048551357277672892375014732279076608955939130304695877669943814084564197534980428225821135917265540066806451240478250340314481663906922822793380348156143723045100335309061622384261672694610740143155592455966508169316987401256119508646489949647511118315568388118761846128007661245467449875768595568823991535313062885161184880996810698962679258823274259060039841201558567373287744033665895100578047716987152986238155883829184642505458581504
802 -711398663633504713920269025048277829053107752194205429110691569500058929116306435823756521218783510679775256338256790139921712903284543669062160267225804961913001361257926655627691291173521392624574892180401341236246489537046690778442960572622369823866032677267949605024478034585959798590044473262273552475047384512030644981869799503074382275295966141252251540644739523987242795850717035293097036240159364806234269493150976134663580402312190867948611944952623535316738570021834326016
803 11382378618136075422724304400772445264849724035107286865771065112000942865860902973180104339500536170876404101412108642238747406452552698704994564275612879390608021780126826490043060658776342281993198274886421459779943832592747052455087369161957917181856522836287193680391648553375356777440711572196376839600758152192490319709916792049190116404735458260036024650315832383795884733611472564689552579842549836899748311890415618154617286436995053887177791119241976565067817120349349216256
804 -11382378618136075422724304400772445264849724035107286865771065112000942865860902973180104339500536170876404101412108642238747406452552698704994564275612879390608021780126826490043060658776342281993198274886421459779943832592747052455087369161957917181856522836287193680391648553375356777440711572196376839600758152192490319709916792049190116404735458260036024650315832383795884733611472564689552579842549836899748311890415618154617286436995053887177791119241976565067817120349349216256
805 45529514472544301690897217603089781059398896140429147463084260448003771463443611892720417358002144683505616405648434568954989625810210794819978257102451517562432087120507305960172242635105369127972793099545685839119775330370988209820349476647831668727426091345148774721566594213501427109762846288785507358403032608769961278839667168196760465618941833040144098601263329535183538934445890258758210319370199347598993247561662472618469145747980215548711164476967906260271268481397396865024
806 364236115780354413527177740824718248475191169123433179704674083584030171707548895141763338864017157468044931245187476551639917006481686358559826056819612140499456696964058447681377941080842953023782344796365486712958202642967905678562795813182653349819408730761190197772532753708011416878102770310284058867224260870159690230717337345574083724951534664321152788810106636281468311475567122070065682554961594780791945980493299780947753165983841724389689315815743250082170147851179174920192
807 728472231560708827054355481649436496950382338246866359409348167168060343415097790283526677728034314936089862490374953103279834012963372717119652113639224280998913393928116895362755882161685906047564689592730973425916405285935811357125591626365306699638817461522380395545065507416022833756205540620568117734448521740319380461434674691148167449903069328642305577620213272562936622951134244140131365109923189561583891960986599561895506331967683448779378631631486500164340295702358349840384
808 -2913888926242835308217421926597745987801529352987465437637392668672241373660391161134106710912137259744359449961499812413119336051853490868478608454556897123995653575712467581451023528646743624190258758370923893703665621143743245428502366505461226798555269846089521582180262029664091335024822162482272470937794086961277521845738698764592669799612277314569222310480853090251746491804536976560525460439692758246335567843946398247582025327870733795117514526525946000657361182809433399361536
809 46622222819885364931478750825563935804824469647799447002198282698755861978566258578145707374594196155909751199383996998609909376829655853895657735272910353983930457211399481303216376458347897987044140133934782299258649938299891926856037864087379628776884317537432345314884192474625461360397154599716359535004705391380440349531819180233482716793796437033107556967693649444027943868872591624968407367035084131941369085503142371961312405245931740721880232424415136010517778924950934389784576
810 -46622222819885364931478750825563935804824469647799447002198282698755861978566258578145707374594196155909751199383996998609909376829655853895657735272910353983930457211399481303216376458347897987044140133934782299258649938299891926856037864087379628776884317537432345314884192474625461360397154599716359535004705391380440349531819180233482716793796437033107556967693649444027943868872591624968407367035084131941369085503142371961312405245931740721880232424415136010517778924950934389784576
811 186488891279541459725915003302255743219297878591197788008793130795023447914265034312582829498376784623639004797535987994439637507318623415582630941091641415935721828845597925212865505833391591948176560535739129197034599753199567707424151456349518515107537270149729381259536769898501845441588618398865438140018821565521761398127276720933930867175185748132430227870774597776111775475490366499873629468140336527765476342012569487845249620983726962887520929697660544042071115699803737559138304
812 1491911130236331677807320026418045945754383028729582304070345046360187583314120274500662635987014276989112038380287903955517100058548987324661047528733131327485774630764783401702924046667132735585412484285913033576276798025596541659393211650796148120860298161197835050076294159188014763532708947190923505120150572524174091185018213767471446937401485985059441822966196782208894203803922931998989035745122692222123810736100555902761996967869815703100167437581284352336568925598429900473106432
813 2983822260472663355614640052836091891508766057459164608140690092720375166628240549001325271974028553978224076760575807911034200117097974649322095057466262654971549261529566803405848093334265471170824968571826067152553596051193083318786423301592296241720596322395670100152588318376029527065417894381847010240301145048348182370036427534942893874802971970118883645932393564417788407607845863997978071490245384444247621472201111805523993935739631406200334875162568704673137851196859800946212864
814 -11935289041890653422458560211344367566035064229836658432562760370881500666512962196005301087896114215912896307042303231644136800468391898597288380229865050619886197046118267213623392373337061884683299874287304268610214384204772333275145693206369184966882385289582680400610353273504118108261671577527388040961204580193392729480145710139771575499211887880475534583729574257671153630431383455991912285960981537776990485888804447222095975742958525624801339500650274818692551404787439203784851456
815 190964624670250454759336963381509881056561027677386534921004165934104010664207395136084817406337827454606340912676851706306188807494270377556614083677840809918179152737892275417974277973392990154932797988596868297763430147276357332402331091301906959470118164633322886409765652376065889732186745240438208655379273283094283671682331362236345207987390206087608553339673188122738458086902135295870596575375704604431847774220871155553535611887336409996821432010404397099080822476599027260557623296
816 -190964624670250454759336963381509881056561027677386534921004165934104010664207395136084817406337827454606340912676851706306188807494270377556614083677840809918179152737892275417974277973392990154932797988596868297763430147276357332402331091301906959470118164633322886409765652376065889732186745240438208655379273283094283671682331362236345207987390206087608553339673188122738458086902135295870596575375704604431847774220871155553535611887336409996821432010404397099080822476599027260557623296
817 763858498681001819037347853526039524226244110709546139684016663736416042656829580544339269625351309818425363650707406825224755229977081510226456334711363239672716610951569101671897111893571960619731191954387473191053720589105429329609324365207627837880472658533291545639062609504263558928746980961752834621517093132377134686729325448945380831949560824350434213358692752490953832347608541183482386301502818417727391096883484622214142447549345639987285728041617588396323289906396109042230493184
818 6110867989448014552298782828208316193809952885676369117472133309891328341254636644354714157002810478547402909205659254601798041839816652081811650677690905917381732887612552813375176895148575684957849535635099785528429764712843434636874594921661022703043781268266332365112500876034108471429975847694022676972136745059017077493834603591563046655596486594803473706869542019927630658780868329467859090412022547341819128775067876977713139580394765119898285824332940707170586319251168872337843945472
819 12221735978896029104597565656416632387619905771352738234944266619782656682509273288709428314005620957094805818411318509203596083679633304163623301355381811834763465775225105626750353790297151369915699071270199571056859529425686869273749189843322045406087562536532664730225001752068216942859951695388045353944273490118034154987669207183126093311192973189606947413739084039855261317561736658935718180824045094683638257550135753955426279160789530239796571648665881414341172638502337744675687890944
820 -48886943915584116418390262625666529550479623085410952939777066479130626730037093154837713256022483828379223273645274036814384334718533216654493205421527247339053863100900422507001415161188605479662796285080798284227438117702747477094996759373288181624350250146130658920900007008272867771439806781552181415777093960472136619950676828732504373244771892758427789654956336159421045270246946635742872723296180378734553030200543015821705116643158120959186286594663525657364690554009350978702751563776
821 782191102649345862694244202010664472807673969366575247036433063666090027680593490477403412096359741254067572378324384589030149355496531466471891286744435957424861809614406760112022642579017687674604740561292772547639009883243959633519948149972610905989604002338090542734400112132365884343036908504834902652433503367554185919210829259720069971916350284134844634479301378550736724323951146171885963572738886059752848483208688253147281866290529935346980585514616410517835048864149615659244025020416
822 -782191102649345862694244202010664472807673969366575247036433063666090027680593490477403412096359741254067572378324384589030149355496531466471891286744435957424861809614406760112022642579017687674604740561292772547639009883243959633519948149972610905989604002338090542734400112132365884343036908504834902652433503367554185919210829259720069971916350284134844634479301378550736724323951146171885963572738886059752848483208688253147281866290529935346980585514616410517835048864149615659244025020416
823 3128764410597383450776976808042657891230695877466300988145732254664360110722373961909613648385438965016270289513297538356120597421986125865887565146977743829699447238457627040448090570316070750698418962245171090190556039532975838534079792599890443623958416009352362170937600448529463537372147634019339610609734013470216743676843317038880279887665401136539378537917205514202946897295804584687543854290955544239011393932834753012589127465162119741387922342058465642071340195456598462636976100081664
824 25030115284779067606215814464341263129845567019730407905165858037314880885778991695276909187083511720130162316106380306848964779375889006927100521175821950637595577907661016323584724562528566005587351697961368721524448316263806708272638340799123548991667328074818897367500803588235708298977181072154716884877872107761733949414746536311042239101323209092315028303337644113623575178366436677500350834327644353912091151462678024100713019721296957931103378736467725136570721563652787701095808800653312
825 50060230569558135212431628928682526259691134039460815810331716074629761771557983390553818374167023440260324632212760613697929558751778013854201042351643901275191155815322032647169449125057132011174703395922737443048896632527613416545276681598247097983334656149637794735001607176471416597954362144309433769755744215523467898829493072622084478202646418184630056606675288227247150356732873355000701668655288707824182302925356048201426039442593915862206757472935450273141443127305575402191617601306624
826 -200240922278232540849726515714730105038764536157843263241326864298519047086231933562215273496668093761041298528851042454791718235007112055416804169406575605100764623261288130588677796500228528044698813583690949772195586530110453666181106726392988391933338624598551178940006428705885666391817448577237735079022976862093871595317972290488337912810585672738520226426701152908988601426931493420002806674621154831296729211701424192805704157770375663448827029891741801092565772509222301608766470405226496
827 3203854756451720653595624251435681680620232578525492211861229828776304753379710936995444375946689500176660776461616679276667491760113792886668866710505209681612233972180610089418844744003656448715181017339055196355129384481767258658897707622287814270933417993576818863040102859294170662269079177235803761264367629793501945525087556647813406604969370763816323622827218446543817622830903894720044906793938477300747667387222787084891266524326010615181232478267868817481052360147556825740263526483623936
828 -3203854756451720653595624251435681680620232578525492211861229828776304753379710936995444375946689500176660776461616679276667491760113792886668866710505209681612233972180610089418844744003656448715181017339055196355129384481767258658897707622287814270933417993576818863040102859294170662269079177235803761264367629793501945525087556647813406604969370763816323622827218446543817622830903894720044906793938477300747667387222787084891266524326010615181232478267868817481052360147556825740263526483623936
829 12815419025806882614382497005742726722480930314101968847444919315105219013518843747981777503786758000706643105846466717106669967040455171546675466842020838726448935888722440357675378976014625794860724069356220785420517537927069034635590830489151257083733671974307275452160411437176682649076316708943215045057470519174007782100350226591253626419877483055265294491308873786175270491323615578880179627175753909202990669548891148339565066097304042460724929913071475269924209440590227302961054105934495744
830 102523352206455060915059976045941813779847442512815750779559354520841752108150749983854220030294064005653144846771733736853359736323641372373403734736166709811591487109779522861403031808117006358885792554849766283364140303416552277084726643913210056669869375794458203617283291497413461192610533671545720360459764153392062256802801812730029011359019864442122355930470990289402163930588924631041437017406031273623925356391129186716520528778432339685799439304571802159393675524721818423688432847475965952
831 205046704412910121830119952091883627559694885025631501559118709041683504216301499967708440060588128011306289693543467473706719472647282744746807469472333419623182974219559045722806063616234012717771585109699532566728280606833104554169453287826420113339738751588916407234566582994826922385221067343091440720919528306784124513605603625460058022718039728884244711860941980578804327861177849262082874034812062547247850712782258373433041057556864679371598878609143604318787351049443636847376865694951931904
832 -820186817651640487320479808367534510238779540102526006236474836166734016865205999870833760242352512045225158774173869894826877890589130978987229877889333678492731896878236182891224254464936050871086340438798130266913122427332418216677813151305680453358955006355665628938266331979307689540884269372365762883678113227136498054422414501840232090872158915536978847443767922315217311444711397048331496139248250188991402851129033493732164230227458717486395514436574417275149404197774547389507462779807727616
833 13122989082426247797127676933880552163820472641640416099783597378667744269843295997933340163877640192723602540386781918317230046249426095663795678046229338855883710350051778926259588071438976813937381447020770084270609958837318691466845010420890887253743280101690650063012261311668923032654148309957852206138849811634183968870758632029443713453954542648591661559100286757043476983115382352773303938227972003023862445618064535899714627683639339479782328230985190676402390467164392758232119404476923641856
834 -13122989082426247797127676933880552163820472641640416099783597378667744269843295997933340163877640192723602540386781918317230046249426095663795678046229338855883710350051778926259588071438976813937381447020770084270609958837318691466845010420890887253743280101690650063012261311668923032654148309957852206138849811634183968870758632029443713453954542648591661559100286757043476983115382352773303938227972003023862445618064535899714627683639339479782328230985190676402390467164392758232119404476923641856
835 52491956329704991188510707735522208655281890566561664399134389514670977079373183991733360655510560770894410161547127673268920184997704382655182712184917355423534841400207115705038352285755907255749525788083080337082439835349274765867380041683563549014973120406762600252049045246675692130616593239831408824555399246536735875483034528117774853815818170594366646236401147028173907932461529411093215752911888012095449782472258143598858510734557357919129312923940762705609561868657571032928477617907694567424
836 419935650637639929508085661884177669242255124532493315193075116117367816634985471933866885244084486167155281292377021386151361479981635061241461697479338843388278731201656925640306818286047258045996206304664642696659518682794198126939040333468508392119784963254100802016392361973405537044932745918651270596443193972293887003864276224942198830526545364754933169891209176225391263459692235288745726023295104096763598259778065148790868085876458863353034503391526101644876494949260568263427820943261556539392
837 839871301275279859016171323768355338484510249064986630386150232234735633269970943867733770488168972334310562584754042772302722959963270122482923394958677686776557462403313851280613636572094516091992412609329285393319037365588396253878080666937016784239569926508201604032784723946811074089865491837302541192886387944587774007728552449884397661053090729509866339782418352450782526919384470577491452046590208193527196519556130297581736171752917726706069006783052203289752989898521136526855641886523113078784
838 -3359485205101119436064685295073421353938040996259946521544600928938942533079883775470935081952675889337242250339016171089210891839853080489931693579834710747106229849613255405122454546288378064367969650437317141573276149462353585015512322667748067136958279706032806416131138895787244296359461967349210164771545551778351096030914209799537590644212362918039465359129673409803130107677537882309965808186360832774108786078224521190326944687011670906824276027132208813159011959594084546107422567546092452315136
839 53751763281617910977034964721174741663008655940159144344713614863023080529278140407534961311242814229395876005424258737427374269437649287838907097277355371953699677593812086481959272740614049029887514406997074265172418391397657360248197162683969074191332475296524902658098222332595908741751391477587362636344728828453617536494627356792601450307397806688631445746074774556850081722840606116959452930981773324385740577251592339045231114992186734509188416434115341010544191353505352737718761080737479237042176
840 -53751763281617910977034964721174741663008655940159144344713614863023080529278140407534961311242814229395876005424258737427374269437649287838907097277355371953699677593812086481959272740614049029887514406997074265172418391397657360248197162683969074191332475296524902658098222332595908741751391477587362636344728828453617536494627356792601450307397806688631445746074774556850081722840606116959452930981773324385740577251592339045231114992186734509188416434115341010544191353505352737718761080737479237042176
841 215007053126471643908139858884698966652034623760636577378854459452092322117112561630139845244971256917583504021697034949709497077750597151355628389109421487814798710375248345927837090962456196119550057627988297060689673565590629440992788650735876296765329901186099610632392889330383634967005565910349450545378915313814470145978509427170405801229591226754525782984299098227400326891362424467837811723927093297542962309006369356180924459968746938036753665736461364042176765414021410950875044322949916948168704
842 1720056425011773151265118871077591733216276990085092619030835675616738576936900493041118761959770055340668032173576279597675976622004777210845027112875371902518389683001986767422696727699649568956400461023906376485517388524725035527942309205887010374122639209488796885059143114643069079736044527282795604363031322510515761167828075417363246409836729814036206263874392785819202615130899395742702493791416746380343698472050954849447395679749975504294029325891690912337414123312171287607000354583599335585349632
843 3440112850023546302530237742155183466432553980170185238061671351233477153873800986082237523919540110681336064347152559195351953244009554421690054225750743805036779366003973534845393455399299137912800922047812752971034777049450071055884618411774020748245278418977593770118286229286138159472089054565591208726062645021031522335656150834726492819673459628072412527748785571638405230261798791485404987582833492760687396944101909698894791359499951008588058651783381824674828246624342575214000709167198671170699264
844 -13760451400094185210120950968620733865730215920680740952246685404933908615495203944328950095678160442725344257388610236781407812976038217686760216903002975220147117464015894139381573821597196551651203688191251011884139108197800284223538473647096082992981113675910375080473144917144552637888356218262364834904250580084126089342624603338905971278693838512289650110995142286553620921047195165941619950331333971042749587776407638795579165437999804034352234607133527298699312986497370300856002836668794684682797056
845 220167222401506963361935215497931741851683454730891855235946966478942537847923263109263201530850567083605508118217763788502525007616611482988163470448047603522353879424254306230105181145555144826419259011060016190146225731164804547576615578353537327887697818814566001287570318674312842206213699492197837358468009281346017429481993653422495540459101416196634401775922276584857934736755122655065919205301343536683993404422522220729266647007996864549635753714136436779189007783957924813696045386700714954924752896
846 -220167222401506963361935215497931741851683454730891855235946966478942537847923263109263201530850567083605508118217763788502525007616611482988163470448047603522353879424254306230105181145555144826419259011060016190146225731164804547576615578353537327887697818814566001287570318674312842206213699492197837358468009281346017429481993653422495540459101416196634401775922276584857934736755122655065919205301343536683993404422522220729266647007996864549635753714136436779189007783957924813696045386700714954924752896
847 880668889606027853447740861991726967406733818923567420943787865915770151391693052437052806123402268334422032472871055154010100030466445931952653881792190414089415517697017224920420724582220579305677036044240064760584902924659218190306462313414149311550791275258264005150281274697251368824854797968791349433872037125384069717927974613689982161836405664786537607103689106339431738947020490620263676821205374146735973617690088882917066588031987458198543014856545747116756031135831699254784181546802859819699011584
848 7045351116848222827581926895933815739253870551388539367550302927326161211133544419496422448987218146675376259782968441232080800243731567455621231054337523312715324141576137799363365796657764634445416288353920518084679223397273745522451698507313194492406330202066112041202250197578010950598838383750330795470976297003072557743423796909519857294691245318292300856829512850715453911576163924962109414569642993173887788941520711063336532704255899665588344118852365976934048249086653594038273452374422878557592092672
849 14090702233696445655163853791867631478507741102777078735100605854652322422267088838992844897974436293350752519565936882464161600487463134911242462108675046625430648283152275598726731593315529268890832576707841036169358446794547491044903397014626388984812660404132224082404500395156021901197676767500661590941952594006145115486847593819039714589382490636584601713659025701430907823152327849924218829139285986347775577883041422126673065408511799331176688237704731953868096498173307188076546904748845757115184185344
850 -56362808934785782620655415167470525914030964411108314940402423418609289689068355355971379591897745173403010078263747529856646401949852539644969848434700186501722593132609102394906926373262117075563330306831364144677433787178189964179613588058505555939250641616528896329618001580624087604790707070002646363767810376024580461947390375276158858357529962546338406854636102805723631292609311399696875316557143945391102311532165688506692261634047197324706752950818927815472385992693228752306187618995383028460736741376
851 901804942956572521930486642679528414624495430577733039046438774697748635025093685695542073470363922774448161252219960477706342431197640634319517574955202984027561490121745638318510821972193873209013284909301826314838940594851039426873817408936088895028010265864462341273888025289985401676651313120042341820284966016393287391158246004418541733720479400741414509674177644891578100681748982395150005064914303126257636984514651016107076186144755157195308047213102845047558175883091660036899001903926128455371787862016
852 -901804942956572521930486642679528414624495430577733039046438774697748635025093685695542073470363922774448161252219960477706342431197640634319517574955202984027561490121745638318510821972193873209013284909301826314838940594851039426873817408936088895028010265864462341273888025289985401676651313120042341820284966016393287391158246004418541733720479400741414509674177644891578100681748982395150005064914303126257636984514651016107076186144755157195308047213102845047558175883091660036899001903926128455371787862016
853 3607219771826290087721946570718113658497981722310932156185755098790994540100374742782168293881455691097792645008879841910825369724790562537278070299820811936110245960486982553274043287888775492836053139637207305259355762379404157707495269635744355580112041063457849365095552101159941606706605252480169367281139864065573149564632984017674166934881917602965658038696710579566312402726995929580600020259657212505030547938058604064428304744579020628781232188852411380190232703532366640147596007615704513821487151448064
854 28857758174610320701775572565744909267983853778487457249486040790327956320802997942257346351051645528782341160071038735286602957798324500298224562398566495488881967683895860426192346303110203942688425117097658442074846099035233261659962157085954844640896328507662794920764416809279532853652842019841354938249118912524585196517063872141393335479055340823725264309573684636530499221815967436644800162077257700040244383504468832515426437956632165030249857510819291041521861628258933121180768060925636110571897211584512
855 57715516349220641403551145131489818535967707556974914498972081580655912641605995884514692702103291057564682320142077470573205915596649000596449124797132990977763935367791720852384692606220407885376850234195316884149692198070466523319924314171909689281792657015325589841528833618559065707305684039682709876498237825049170393034127744282786670958110681647450528619147369273060998443631934873289600324154515400080488767008937665030852875913264330060499715021638582083043723256517866242361536121851272221143794423169024
856 -230862065396882565614204580525959274143870830227899657995888326322623650566423983538058770808413164230258729280568309882292823662386596002385796499188531963911055741471166883409538770424881631541507400936781267536598768792281866093279697256687638757127170628061302359366115334474236262829222736158730839505992951300196681572136510977131146683832442726589802114476589477092243993774527739493158401296618061600321955068035750660123411503653057320241998860086554328332174893026071464969446144487405088884575177692676096
857 3693793046350121049827273288415348386301933283646394527934213221161978409062783736608940332934610627684139668489092958116685178598185536038172743987016511422576891863538670134552620326798106104664118414988500280585580300676509857492475156107002220114034730048980837749857845351587780205267563778539693432095887220803146905154184175634098346941319083625436833831625431633475903900392443831890534420745888985605151281088572010561974584058448917123871981761384869253314798288417143439511138311798481422153202843082817536
858 -3693793046350121049827273288415348386301933283646394527934213221161978409062783736608940332934610627684139668489092958116685178598185536038172743987016511422576891863538670134552620326798106104664118414988500280585580300676509857492475156107002220114034730048980837749857845351587780205267563778539693432095887220803146905154184175634098346941319083625436833831625431633475903900392443831890534420745888985605151281088572010561974584058448917123871981761384869253314798288417143439511138311798481422153202843082817536
859 14775172185400484199309093153661393545207733134585578111736852884647913636251134946435761331738442510736558673956371832466740714392742144152690975948066045690307567454154680538210481307192424418656473659954001122342321202706039429969900624428008880456138920195923350999431381406351120821070255114158773728383548883212587620616736702536393387765276334501747335326501726533903615601569775327562137682983555942420605124354288042247898336233795668495487927045539477013259193153668573758044553247193925688612811372331270144
860 118201377483203873594472745229291148361661865076684624893894823077183309090009079571486090653907540085892469391650974659733925715141937153221527807584528365522460539633237444305683850457539395349251789279632008978738569621648315439759204995424071043649111361567386807995451051250808966568562040913270189827068391065700700964933893620291147102122210676013978682612013812271228924812558202620497101463868447539364840994834304337983186689870365347963903416364315816106073545229348590064356425977551405508902490978650161152
861 236402754966407747188945490458582296723323730153369249787789646154366618180018159142972181307815080171784938783301949319467851430283874306443055615169056731044921079266474888611367700915078790698503578559264017957477139243296630879518409990848142087298222723134773615990902102501617933137124081826540379654136782131401401929867787240582294204244421352027957365224027624542457849625116405240994202927736895078729681989668608675966373379740730695927806832728631632212147090458697180128712851955102811017804981957300322304
862 -945611019865630988755781961834329186893294920613476999151158584617466472720072636571888725231260320687139755133207797277871405721135497225772222460676226924179684317065899554445470803660315162794014314237056071829908556973186523518073639963392568349192890892539094463963608410006471732548496327306161518616547128525605607719471148962329176816977685408111829460896110498169831398500465620963976811710947580314918727958674434703865493518962922783711227330914526528848588361834788720514851407820411244071219927829201289216
863 15129776317850095820092511389349266990292718729815631986418537353879463563521162185150219603700165130994236082131324756445942491538167955612355559370819630786874949073054392871127532858565042604704229027792897149278536911570984376289178239414281093587086254280625511423417734560103547720775941236898584297864754056409689723511538383397266829071642966529789271374337767970717302376007449935423628987375161285038699647338790955261847896303406764539379637294632424461577413789356619528237622525126579905139518845267220627456
864 -15129776317850095820092511389349266990292718729815631986418537353879463563521162185150219603700165130994236082131324756445942491538167955612355559370819630786874949073054392871127532858565042604704229027792897149278536911570984376289178239414281093587086254280625511423417734560103547720775941236898584297864754056409689723511538383397266829071642966529789271374337767970717302376007449935423628987375161285038699647338790955261847896303406764539379637294632424461577413789356619528237622525126579905139518845267220627456
865 60519105271400383280370045557397067961170874919262527945674149415517854254084648740600878414800660523976944328525299025783769966152671822449422237483278523147499796292217571484510131434260170418816916111171588597114147646283937505156712957657124374348345017122502045693670938240414190883103764947594337191459016225638758894046153533589067316286571866119157085497351071882869209504029799741694515949500645140154798589355163821047391585213627058157518549178529697846309655157426478112950490100506319620558075381068882509824
866 484152842171203066242960364459176543689366999354100223565393195324142834032677189924807027318405284191815554628202392206270159729221374579595377899866228185179998370337740571876081051474081363350535328889372708776913181170271500041253703661256994994786760136980016365549367505923313527064830119580754697531672129805110071152369228268712538530292574928953256683978808575062953676032238397933556127596005161121238388714841310568379132681709016465260148393428237582770477241259411824903603920804050556964464603048551060078592
867 968305684342406132485920728918353087378733998708200447130786390648285668065354379849614054636810568383631109256404784412540319458442749159190755799732456370359996740675481143752162102948162726701070657778745417553826362340543000082507407322513989989573520273960032731098735011846627054129660239161509395063344259610220142304738456537425077060585149857906513367957617150125907352064476795867112255192010322242476777429682621136758265363418032930520296786856475165540954482518823649807207841608101113928929206097102120157184
868 -3873222737369624529943682915673412349514935994832801788523145562593142672261417519398456218547242273534524437025619137650161277833770996636763023198929825481439986962701924575008648411792650906804282631114981670215305449362172000330029629290055959958294081095840130924394940047386508216518640956646037580253377038440880569218953826149700308242340599431626053471830468600503629408257907183468449020768041288969907109718730484547033061453672131722081187147425900662163817930075294599228831366432404455715716824388408480628736
869 61971563797913992479098926650774597592238975917324828616370329001490282756182680310375299496755876376552390992409906202402580445340335946188208371182877207703039791403230793200138374588682414508868522097839706723444887189794752005280474068640895359332705297533442094790319040758184131464298255306336601284054032615054089107503261218395204931877449590906016855549287497608058070532126514935495184332288660623518513755499687752752528983258754107553298994358814410594621086881204713587661301862918471291451469190214535690059776
870 -61971563797913992479098926650774597592238975917324828616370329001490282756182680310375299496755876376552390992409906202402580445340335946188208371182877207703039791403230793200138374588682414508868522097839706723444887189794752005280474068640895359332705297533442094790319040758184131464298255306336601284054032615054089107503261218395204931877449590906016855549287497608058070532126514935495184332288660623518513755499687752752528983258754107553298994358814410594621086881204713587661301862918471291451469190214535690059776
871 247886255191655969916395706603098390368955903669299314465481316005961131024730721241501197987023505506209563969639624809610321781361343784752833484731508830812159165612923172800553498354729658035474088391358826893779548759179008021121896274563581437330821190133768379161276163032736525857193021225346405136216130460216356430013044873580819727509798363624067422197149990432232282128506059741980737329154642494074055021998751011010115933035016430213195977435257642378484347524818854350645207451673885165805876760858142760239104
872 1983090041533247759331165652824787122951647229354394515723850528047689048197845769932009583896188044049676511757116998476882574250890750278022667877852070646497273324903385382404427986837837264283792707130870615150236390073432064168975170196508651498646569521070147033290209304261892206857544169802771241089729043681730851440104358988646557820078386908992539377577199923457858257028048477935845898633237139952592440175990008088080927464280131441705567819482061139027874780198550834805161659613391081326447014086865142081912832
873 3966180083066495518662331305649574245903294458708789031447701056095378096395691539864019167792376088099353023514233996953765148501781500556045335755704141292994546649806770764808855973675674528567585414261741230300472780146864128337950340393017302997293139042140294066580418608523784413715088339605542482179458087363461702880208717977293115640156773817985078755154399846915716514056096955871691797266474279905184880351980016176161854928560262883411135638964122278055749560397101669610323319226782162652894028173730284163825664
874 -15864720332265982074649325222598296983613177834835156125790804224381512385582766159456076671169504352397412094056935987815060594007126002224181343022816565171978186599227083059235423894702698114270341657046964921201891120587456513351801361572069211989172556168561176266321674434095137654860353358422169928717832349453846811520834871909172462560627095271940315020617599387662866056224387823486767189065897119620739521407920064704647419714241051533644542555856489112222998241588406678441293276907128650611576112694921136655302656
875 253835525316255713194389203561572751737810845357362498012652867590104198169324258551297226738712069638358593504910975805040969504114016035586901488365065042751650985587633328947766782315243169828325466512751438739230257929399304213628821785153107391826760898696978820261146790945522202477765653734754718859485317591261548984333357950546759400970033524351045040329881590202605856899590205175788275025054353913931832342526721035274358715427856824538312680893703825795567971865414506855060692430514058409785217803118738186484842496
876 -253835525316255713194389203561572751737810845357362498012652867590104198169324258551297226738712069638358593504910975805040969504114016035586901488365065042751650985587633328947766782315243169828325466512751438739230257929399304213628821785153107391826760898696978820261146790945522202477765653734754718859485317591261548984333357950546759400970033524351045040329881590202605856899590205175788275025054353913931832342526721035274358715427856824538312680893703825795567971865414506855060692430514058409785217803118738186484842496
877 1015342101265022852777556814246291006951243381429449992050611470360416792677297034205188906954848278553434374019643903220163878016456064142347605953460260171006603942350533315791067129260972679313301866051005754956921031717597216854515287140612429567307043594787915281044587163782088809911062614939018875437941270365046195937333431802187037603880134097404180161319526360810423427598360820703153100100217415655727329370106884141097434861711427298153250723574815303182271887461658027420242769722056233639140871212474952745939369984
878 8122736810120182822220454513970328055609947051435599936404891762883334341418376273641511255638786228427474992157151225761311024131648513138780847627682081368052831538804266526328537034087781434506414928408046039655368253740777734836122297124899436538456348758303322248356697310256710479288500919512151003503530162920369567498667454417496300831041072779233441290556210886483387420786886565625224800801739325245818634960855073128779478893691418385226005788598522425458175099693264219361942157776449869113126969699799621967514959872
879 16245473620240365644440909027940656111219894102871199872809783525766668682836752547283022511277572456854949984314302451522622048263297026277561695255364162736105663077608533052657074068175562869012829856816092079310736507481555469672244594249798873076912697516606644496713394620513420958577001839024302007007060325840739134997334908834992601662082145558466882581112421772966774841573773131250449601603478650491637269921710146257558957787382836770452011577197044850916350199386528438723884315552899738226253939399599243935029919744
880 -64981894480961462577763636111762624444879576411484799491239134103066674731347010189132090045110289827419799937257209806090488193053188105110246781021456650944422652310434132210628296272702251476051319427264368317242946029926221878688978376999195492307650790066426577986853578482053683834308007356097208028028241303362956539989339635339970406648328582233867530324449687091867099366295092525001798406413914601966549079686840585030235831149531347081808046308788179403665400797546113754895537262211598952905015757598396975740119678976
881 1039710311695383401244218177788201991118073222583756791859826145649066795701552163026113440721764637238716798996115356897447811088851009681763948496343306415110762436966946115370052740363236023616821110836229893075887136478819550059023654031987127876922412641062825247789657255712858941348928117697555328448451860853807304639829434165439526506373257315741880485191194993469873589860721480400028774502622633631464785274989449360483773298392501553308928740940610870458646412760737820078328596195385583246480252121574351611841914863616
882 -1039710311695383401244218177788201991118073222583756791859826145649066795701552163026113440721764637238716798996115356897447811088851009681763948496343306415110762436966946115370052740363236023616821110836229893075887136478819550059023654031987127876922412641062825247789657255712858941348928117697555328448451860853807304639829434165439526506373257315741880485191194993469873589860721480400028774502622633631464785274989449360483773298392501553308928740940610870458646412760737820078328596195385583246480252121574351611841914863616
883 4158841246781533604976872711152807964472292890335027167439304582596267182806208652104453762887058548954867195984461427589791244355404038727055793985373225660443049747867784461480210961452944094467284443344919572303548545915278200236094616127948511507689650564251300991158629022851435765395712470790221313793807443415229218559317736661758106025493029262967521940764779973879494359442885921600115098010490534525859141099957797441935093193570006213235714963762443481834585651042951280313314384781542332985921008486297406447367659454464
884 33270729974252268839814981689222463715778343122680217339514436660770137462449669216835630103096468391638937567875691420718329954843232309816446351882985805283544397982942275691841687691623552755738275546759356578428388367322225601888756929023588092061517204514010407929269032182811486123165699766321770510350459547321833748474541893294064848203944234103740175526118239791035954875543087372800920784083924276206873128799662379535480745548560049705885719710099547854676685208343610242506515078252338663887368067890379251578941275635712
885 66541459948504537679629963378444927431556686245360434679028873321540274924899338433671260206192936783277875135751382841436659909686464619632892703765971610567088795965884551383683375383247105511476551093518713156856776734644451203777513858047176184123034409028020815858538064365622972246331399532643541020700919094643667496949083786588129696407888468207480351052236479582071909751086174745601841568167848552413746257599324759070961491097120099411771439420199095709353370416687220485013030156504677327774736135780758503157882551271424
886 -266165839794018150718519853513779709726226744981441738716115493286161099699597353734685040824771747133111500543005531365746639638745858478531570815063886442268355183863538205534733501532988422045906204374074852627427106938577804815110055432188704736492137636112083263434152257462491888985325598130574164082803676378574669987796335146352518785631553872829921404208945918328287639004344698982407366272671394209654985030397299036283845964388480397647085757680796382837413481666748881940052120626018709311098944543123034012631530205085696
887 4258653436704290411496317656220475355619627919703067819457847892578577595193557659754960653196347954129784008688088501851946234219933735656505133041022183076293682941816611288555736024527814752734499269985197642038833711017244877041760886915019275783874202177793332214946436119399870223765209570089186625324858822057194719804741362341640300570104861965278742467343134693252602224069515183718517860362742307354479760486356784580541535430215686362353372122892742125398615706667982111040833930016299348977583112689968544202104483281371136
888 -4258653436704290411496317656220475355619627919703067819457847892578577595193557659754960653196347954129784008688088501851946234219933735656505133041022183076293682941816611288555736024527814752734499269985197642038833711017244877041760886915019275783874202177793332214946436119399870223765209570089186625324858822057194719804741362341640300570104861965278742467343134693252602224069515183718517860362742307354479760486356784580541535430215686362353372122892742125398615706667982111040833930016299348977583112689968544202104483281371136
889 17034613746817161645985270624881901422478511678812271277831391570314310380774230639019842612785391816519136034752354007407784936879734942626020532164088732305174731767266445154222944098111259010937997079940790568155334844068979508167043547660077103135496808711173328859785744477599480895060838280356746501299435288228778879218965449366561202280419447861114969869372538773010408896278060734874071441450969229417919041945427138322166141720862745449413488491570968501594462826671928444163335720065197395910332450759874176808417933125484544
890 136276909974537293167882164999055211379828093430498170222651132562514483046193845112158740902283134532153088278018832059262279495037879541008164257312709858441397854138131561233783552784890072087503976639526324545242678752551836065336348381280616825083974469689386630878285955820795847160486706242853972010395482305830231033751723594932489618243355582888919758954980310184083271170224485878992571531607753835343352335563417106577329133766901963595307907932567748012755702613375427553306685760521579167282659606078993414467343465003876352
891 272553819949074586335764329998110422759656186860996340445302265125028966092387690224317481804566269064306176556037664118524558990075759082016328514625419716882795708276263122467567105569780144175007953279052649090485357505103672130672696762561233650167948939378773261756571911641591694320973412485707944020790964611660462067503447189864979236486711165777839517909960620368166542340448971757985143063215507670686704671126834213154658267533803927190615815865135496025511405226750855106613371521043158334565319212157986828934686930007752704
892 -1090215279796298345343057319992441691038624747443985361781209060500115864369550760897269927218265076257224706224150656474098235960303036328065314058501678867531182833105052489870268422279120576700031813116210596361941430020414688522690787050244934600671795757515093047026287646566366777283893649942831776083163858446641848270013788759459916945946844663111358071639842481472666169361795887031940572252862030682746818684507336852618633070135215708762463263460541984102045620907003420426453486084172633338261276848631947315738747720031010816
893 17443444476740773525488917119879067056617995959103765788499344968001853829912812174356318835492241220115595299586410503585571775364848581249045024936026861880498925329680839837924294756465929227200509009859369541791062880326635016363052592803918953610748732120241488752420602345061868436542298399085308417330621735146269572320220620151358671135149514609781729146237479703562658709788734192511049156045792490923949098952117389641898129122163451340199412215368671745632729934512054726823255777346762133412180429578111157051819963520496173056
894 -17443444476740773525488917119879067056617995959103765788499344968001853829912812174356318835492241220115595299586410503585571775364848581249045024936026861880498925329680839837924294756465929227200509009859369541791062880326635016363052592803918953610748732120241488752420602345061868436542298399085308417330621735146269572320220620151358671135149514609781729146237479703562658709788734192511049156045792490923949098952117389641898129122163451340199412215368671745632729934512054726823255777346762133412180429578111157051819963520496173056
895 69773777906963094101955668479516268226471983836415063153997379872007415319651248697425275341968964880462381198345642014342287101459394324996180099744107447521995701318723359351697179025863716908802036039437478167164251521306540065452210371215675814442994928480965955009682409380247473746169193596341233669322486940585078289280882480605434684540598058439126916584949918814250634839154936770044196624183169963695796395808469558567592516488653805360797648861474686982530919738048218907293023109387048533648721718312444628207279854081984692224
896 558190223255704752815645347836130145811775870691320505231979038976059322557209989579402202735751719043699049586765136114738296811675154599969440797952859580175965610549786874813577432206909735270416288315499825337314012170452320523617682969725406515543959427847727640077459275041979789969353548770729869354579895524680626314247059844843477476324784467513015332679599350514005078713239494160353572993465359709566371166467756468540740131909230442886381190891797495860247357904385751258344184875096388269189773746499557025658238832655877537792
897 1116380446511409505631290695672260291623551741382641010463958077952118645114419979158804405471503438087398099173530272229476593623350309199938881595905719160351931221099573749627154864413819470540832576630999650674628024340904641047235365939450813031087918855695455280154918550083959579938707097541459738709159791049361252628494119689686954952649568935026030665359198701028010157426478988320707145986930719419132742332935512937081480263818460885772762381783594991720494715808771502516688369750192776538379547492999114051316477665311755075584
898 -4465521786045638022525162782689041166494206965530564041855832311808474580457679916635217621886013752349592396694121088917906374493401236799755526383622876641407724884398294998508619457655277882163330306523998602698512097363618564188941463757803252124351675422781821120619674200335838319754828390165838954836639164197445010513976478758747819810598275740104122661436794804112040629705915953282828583947722877676530969331742051748325921055273843543091049527134379966881978863235086010066753479000771106153518189971996456205265910661247020302336
899 71448348576730208360402604523024658663907311448489024669693316988935593287322878666163481950176220037593478347105937422686501991894419788796088422137966026262523598150372719976137911322484446114613284904383977643176193557817897027023063420124852033989626806764509137929914787205373413116077254242653423277386226627159120168223623660139965116969572411841665962582988716865792650075294655252525257343163566042824495509307872827973214736884381496689456792434150079470111661811761376161068055664012337698456291039551943299284254570579952324837376
900 -71448348576730208360402604523024658663907311448489024669693316988935593287322878666163481950176220037593478347105937422686501991894419788796088422137966026262523598150372719976137911322484446114613284904383977643176193557817897027023063420124852033989626806764509137929914787205373413116077254242653423277386226627159120168223623660139965116969572411841665962582988716865792650075294655252525257343163566042824495509307872827973214736884381496689456792434150079470111661811761376161068055664012337698456291039551943299284254570579952324837376
901 285793394306920833441610418092098634655629245793956098678773267955742373149291514664653927800704880150373913388423749690746007967577679155184353688551864105050094392601490879904551645289937784458453139617535910572704774231271588108092253680499408135958507227058036551719659148821493652464309016970613693109544906508636480672894494640559860467878289647366663850331954867463170600301178621010101029372654264171297982037231491311892858947537525986757827169736600317880446647247045504644272222656049350793825164158207773197137018282319809299349504
902 2286347154455366667532883344736789077245033966351648789430186143645938985194332117317231422405639041202991307107389997525968063740621433241474829508414912840400755140811927039236413162319502275667625116940287284581638193850172704864738029443995265087668057816464292413757273190571949219714472135764909544876359252069091845383155957124478883743026317178933310802655638939705364802409428968080808234981234113370383856297851930495142871580300207894062617357892802543043573177976364037154177781248394806350601313265662185577096146258558474394796032
903 4572694308910733335065766689473578154490067932703297578860372287291877970388664234634462844811278082405982614214779995051936127481242866482949659016829825680801510281623854078472826324639004551335250233880574569163276387700345409729476058887990530175336115632928584827514546381143898439428944271529819089752718504138183690766311914248957767486052634357866621605311277879410729604818857936161616469962468226740767712595703860990285743160600415788125234715785605086087146355952728074308355562496789612701202626531324371154192292517116948789592064
904 -18290777235642933340263066757894312617960271730813190315441489149167511881554656938537851379245112329623930456859119980207744509924971465931798636067319302723206041126495416313891305298556018205341000935522298276653105550801381638917904235551962120701344462531714339310058185524575593757715777086119276359010874016552734763065247656995831069944210537431466486421245111517642918419275431744646465879849872906963070850382815443961142972642401663152500938863142420344348585423810912297233422249987158450804810506125297484616769170068467795158368256
905 292652435770286933444209068126309001887364347693011045047063826386680190104874511016605622067921797273982887309745919683323912158799543454908778177077108843571296658023926661022260884776896291285456014968356772426449688812822106222686467768831393931221511400507429428960930968393209500123452433377908421744173984264843756209043962511933297119107368598903463782739921784282286694708406907914343454077597966511409133606125047103378287562278426610440015021810278725509577366780974596755734755999794535212876968098004759753868306721095484722533892096
906 -292652435770286933444209068126309001887364347693011045047063826386680190104874511016605622067921797273982887309745919683323912158799543454908778177077108843571296658023926661022260884776896291285456014968356772426449688812822106222686467768831393931221511400507429428960930968393209500123452433377908421744173984264843756209043962511933297119107368598903463782739921784282286694708406907914343454077597966511409133606125047103378287562278426610440015021810278725509577366780974596755734755999794535212876968098004759753868306721095484722533892096
907 1170609743081147733776836272505236007549457390772044180188255305546720760419498044066422488271687189095931549238983678733295648635198173819635112708308435374285186632095706644089043539107585165141824059873427089705798755251288424890745871075325575724886045602029717715843723873572838000493809733511633686976695937059375024836175850047733188476429474395613855130959687137129146778833627631657373816310391866045636534424500188413513150249113706441760060087241114902038309467123898387022939023999178140851507872392019039015473226884381938890135568384
908 9364877944649181870214690180041888060395659126176353441506042444373766083355984352531379906173497512767452393911869429866365189081585390557080901666467482994281493056765653152712348312860681321134592478987416717646390042010307399125966968602604605799088364816237741726749790988582704003950477868093069495813567496475000198689406800381865507811435795164910841047677497097033174230669021053258990530483134928365092275396001507308105201992909651534080480697928919216306475736991187096183512191993425126812062979136152312123785815075055511121084547072
909 18729755889298363740429380360083776120791318252352706883012084888747532166711968705062759812346995025534904787823738859732730378163170781114161803332934965988562986113531306305424696625721362642269184957974833435292780084020614798251933937205209211598176729632475483453499581977165408007900955736186138991627134992950000397378813600763731015622871590329821682095354994194066348461338042106517981060966269856730184550792003014616210403985819303068160961395857838432612951473982374192367024383986850253624125958272304624247571630150111022242169094144
910 -74919023557193454961717521440335104483165273009410827532048339554990128666847874820251039249387980102139619151294955438930921512652683124456647213331739863954251944454125225221698786502885450569076739831899333741171120336082459193007735748820836846392706918529901933813998327908661632031603822944744555966508539971800001589515254403054924062491486361319286728381419976776265393845352168426071924243865079426920738203168012058464841615943277212272643845583431353730451805895929496769468097535947401014496503833089218496990286520600444088968676376576
911 1198704376915095279387480343045361671730644368150573240512773432879842058669565997124016627990207681634233906420719287022894744202442929991306355413307837823268031111266003603547180584046167209105227837310389339858737925377319347088123771981133389542283310696478430941023973246538586112505661167115912895464136639548800025432244070448878784999863781781108587654102719628420246301525634694817150787901841270830731811250688192935437465855092435396362301529334901659687228894334871948311489560575158416231944061329427495951844584329607105423498822025216
912 -1198704376915095279387480343045361671730644368150573240512773432879842058669565997124016627990207681634233906420719287022894744202442929991306355413307837823268031111266003603547180584046167209105227837310389339858737925377319347088123771981133389542283310696478430941023973246538586112505661167115912895464136639548800025432244070448878784999863781781108587654102719628420246301525634694817150787901841270830731811250688192935437465855092435396362301529334901659687228894334871948311489560575158416231944061329427495951844584329607105423498822025216
913 4794817507660381117549921372181446686922577472602292962051093731519368234678263988496066511960830726536935625682877148091578976809771719965225421653231351293072124445064014414188722336184668836420911349241557359434951701509277388352495087924533558169133242785913723764095892986154344450022644668463651581856546558195200101728976281795515139999455127124434350616410878513680985206102538779268603151607365083322927245002752771741749863420369741585449206117339606638748915577339487793245958242300633664927776245317709983807378337318428421693995288100864
914 38358540061283048940399370977451573495380619780818343696408749852154945877426111907968532095686645812295485005463017184732631814478173759721803373225850810344576995560512115313509778689477350691367290793932458875479613612074219106819960703396268465353065942287309790112767143889234755600181157347709212654852372465561600813831810254364121119995641016995474804931287028109447881648820310234148825212858920666583417960022022173933998907362957932683593648938716853109991324618715902345967665938405069319422209962541679870459026698547427373551962304806912
915 76717080122566097880798741954903146990761239561636687392817499704309891754852223815937064191373291624590970010926034369465263628956347519443606746451701620689153991121024230627019557378954701382734581587864917750959227224148438213639921406792536930706131884574619580225534287778469511200362314695418425309704744931123201627663620508728242239991282033990949609862574056218895763297640620468297650425717841333166835920044044347867997814725915865367187297877433706219982649237431804691935331876810138638844419925083359740918053397094854747103924609613824
916 -306868320490264391523194967819612587963044958246546749571269998817239567019408895263748256765493166498363880043704137477861054515825390077774426985806806482756615964484096922508078229515818805530938326351459671003836908896593752854559685627170147722824527538298478320902137151113878044801449258781673701238818979724492806510654482034912968959965128135963798439450296224875583053190562481873190601702871365332667343680176177391471991258903663461468749191509734824879930596949727218767741327507240554555377679700333438963672213588379418988415698438455296
917 4909893127844230264371119485113801407408719331944747993140319981075833072310542324219972108247890663973822080699266199645776872253206241244390831772908903724105855431745550760129251672253100888495013221623354736061390542345500045672954970034722363565192440612775653134434194417822048716823188140506779219821103675591884904170471712558607503359442050175420775031204739598009328851048999709971049627245941845322677498882818838263551860142458615383499987064155757198078889551195635500283861240115848872886042875205335023418755417414070703814651175015284736
918 -4909893127844230264371119485113801407408719331944747993140319981075833072310542324219972108247890663973822080699266199645776872253206241244390831772908903724105855431745550760129251672253100888495013221623354736061390542345500045672954970034722363565192440612775653134434194417822048716823188140506779219821103675591884904170471712558607503359442050175420775031204739598009328851048999709971049627245941845322677498882818838263551860142458615383499987064155757198078889551195635500283861240115848872886042875205335023418755417414070703814651175015284736
919 19639572511376921057484477940455205629634877327778991972561279924303332289242169296879888432991562655895288322797064798583107489012824964977563327091635614896423421726982203040517006689012403553980052886493418944245562169382000182691819880138889454260769762451102612537736777671288194867292752562027116879284414702367539616681886850234430013437768200701683100124818958392037315404195998839884198508983767381290709995531275353054207440569834461533999948256623028792315558204782542001135444960463395491544171500821340093675021669656282815258604700061138944
920 157116580091015368459875823523641645037079018622231935780490239394426658313937354375039107463932501247162306582376518388664859912102599719820506616733084919171387373815857624324136053512099228431840423091947351553964497355056001461534559041111115634086158099608820900301894221370305558938342020496216935034275317618940316933455094801875440107502145605613464800998551667136298523233567990719073588071870139050325679964250202824433659524558675692271999586052984230338524465638260336009083559683707163932353372006570720749400173357250262522068837600489111552
921 314233160182030736919751647047283290074158037244463871560980478788853316627874708750078214927865002494324613164753036777329719824205199439641013233466169838342774747631715248648272107024198456863680846183894703107928994710112002923069118082222231268172316199217641800603788442740611117876684040992433870068550635237880633866910189603750880215004291211226929601997103334272597046467135981438147176143740278100651359928500405648867319049117351384543999172105968460677048931276520672018167119367414327864706744013141441498800346714500525044137675200978223104
922 -1256932640728122947679006588189133160296632148977855486243921915155413266511498835000312859711460009977298452659012147109318879296820797758564052933864679353371098990526860994593088428096793827454723384735578812431715978840448011692276472328888925072689264796870567202415153770962444471506736163969735480274202540951522535467640758415003520860017164844907718407988413337090388185868543925752588704574961112402605439714001622595469276196469405538175996688423873842708195725106082688072668477469657311458826976052565765995201386858002100176550700803912892416
923 20110922251649967162864105411026130564746114383645687779902750642486612264183981360005005755383360159636775242544194353749102068749132764137024846941834869653937583848429775913489414849548701239275574155769260998907455661447168187076423557262222801163028236749929075238642460335399111544107778623515767684387240655224360567482252134640056333760274637518523494527814613393446210973896702812041419273199377798441687035424025961527508419143510488610815947014781981483331131601697323009162695639514516983341231616841052255923222189728033602824811212862606278656
924 -20110922251649967162864105411026130564746114383645687779902750642486612264183981360005005755383360159636775242544194353749102068749132764137024846941834869653937583848429775913489414849548701239275574155769260998907455661447168187076423557262222801163028236749929075238642460335399111544107778623515767684387240655224360567482252134640056333760274637518523494527814613393446210973896702812041419273199377798441687035424025961527508419143510488610815947014781981483331131601697323009162695639514516983341231616841052255923222189728033602824811212862606278656
925 80443689006599868651456421644104522258984457534582751119611002569946449056735925440020023021533440638547100970176777414996408274996531056548099387767339478615750335393719103653957659398194804957102296623077043995629822645788672748305694229048891204652112946999716300954569841341596446176431114494063070737548962620897442269929008538560225335041098550074093978111258453573784843895586811248165677092797511193766748141696103846110033676574041954443263788059127925933324526406789292036650782558058067933364926467364209023692888758912134411299244851450425114624
926 643549512052798949211651373152836178071875660276662008956888020559571592453887403520160184172267525108376807761414219319971266199972248452384795102138715828926002683149752829231661275185558439656818372984616351965038581166309381986445553832391129637216903575997730407636558730732771569411448915952504565900391700967179538159432068308481802680328788400592751824890067628590278751164694489985325416742380089550133985133568830768880269412592335635546110304473023407466596211254314336293206260464464543466919411738913672189543110071297075290393958811603400916992
927 1287099024105597898423302746305672356143751320553324017913776041119143184907774807040320368344535050216753615522828438639942532399944496904769590204277431657852005366299505658463322550371116879313636745969232703930077162332618763972891107664782259274433807151995460815273117461465543138822897831905009131800783401934359076318864136616963605360657576801185503649780135257180557502329388979970650833484760179100267970267137661537760538825184671271092220608946046814933192422508628672586412520928929086933838823477827344379086220142594150580787917623206801833984
928 -5148396096422391593693210985222689424575005282213296071655104164476572739631099228161281473378140200867014462091313754559770129599777987619078360817109726631408021465198022633853290201484467517254546983876930815720308649330475055891564430659129037097735228607981843261092469845862172555291591327620036527203133607737436305275456546467854421442630307204742014599120541028722230009317555919882603333939040716401071881068550646151042155300738685084368882435784187259732769690034514690345650083715716347735355293911309377516344880570376602323151670492827207335936
929 82374337542758265499091375763563030793200084515412737146481666631625163834097587650580503574050243213872231393461020072956322073596447801905253773073755626102528343443168362141652643223751480276072751742030893051524938389287600894265030890546064593563763657727709492177479517533794760884665461241920584435250137723798980884407304743485670743082084915275872233585928656459555680149080894718121653343024651462417150097096810338416674484811818961349902118972546996155724315040552235045530401339451461563765684702580950040261518089126025637170426727885235317374976
930 -82374337542758265499091375763563030793200084515412737146481666631625163834097587650580503574050243213872231393461020072956322073596447801905253773073755626102528343443168362141652643223751480276072751742030893051524938389287600894265030890546064593563763657727709492177479517533794760884665461241920584435250137723798980884407304743485670743082084915275872233585928656459555680149080894718121653343024651462417150097096810338416674484811818961349902118972546996155724315040552235045530401339451461563765684702580950040261518089126025637170426727885235317374976
931 329497350171033061996365503054252123172800338061650948585926666526500655336390350602322014296200972855488925573844080291825288294385791207621015092295022504410113373772673448566610572895005921104291006968123572206099753557150403577060123562184258374255054630910837968709918070135179043538661844967682337741000550895195923537629218973942682972328339661103488934343714625838222720596323578872486613372098605849668600388387241353666697939247275845399608475890187984622897260162208940182121605357805846255062738810323800161046072356504102548681706911540941269499904
932 2635978801368264495970924024434016985382402704493207588687413332212005242691122804818576114369607782843911404590752642334602306355086329660968120738360180035280906990181387588532884583160047368834328055744988577648798028457203228616480988497474066994040437047286703749679344561081432348309294759741458701928004407161567388301033751791541463778626717288827911474749717006705781764770588630979892906976788846797348803107097930829333583513978206763196867807121503876983178081297671521456972842862446770040501910482590401288368578852032820389453655292327530155999232
933 5271957602736528991941848048868033970764805408986415177374826664424010485382245609637152228739215565687822809181505284669204612710172659321936241476720360070561813980362775177065769166320094737668656111489977155297596056914406457232961976994948133988080874094573407499358689122162864696618589519482917403856008814323134776602067503583082927557253434577655822949499434013411563529541177261959785813953577693594697606214195861658667167027956413526393735614243007753966356162595343042913945685724893540081003820965180802576737157704065640778907310584655060311998464
934 -21087830410946115967767392195472135883059221635945660709499306657696041941528982438548608914956862262751291236726021138676818450840690637287744965906881440282247255921451100708263076665280378950674624445959908621190384227657625828931847907979792535952323496378293629997434756488651458786474358077931669615424035257292539106408270014332331710229013738310623291797997736053646254118164709047839143255814310774378790424856783446634668668111825654105574942456972031015865424650381372171655782742899574160324015283860723210306948630816262563115629242338620241247993856
935 337405286575137855484278275127554174128947546175130571351988906523136671064463719016777742639309796204020659787616338218829095213451050196603919454510103044515956094743217611332209226644486063210793991135358537939046147642522013262909566527676680575237175942052698079958956103818423340583589729246906713846784564116680625702532320229317307363664219812969972668767963776858340065890635344765426292093028972390060646797708535146154698689789210465689199079311552496253846794406101954746492523886393186565184244541771571364911178093060201009850067877417923859967901696
936 -337405286575137855484278275127554174128947546175130571351988906523136671064463719016777742639309796204020659787616338218829095213451050196603919454510103044515956094743217611332209226644486063210793991135358537939046147642522013262909566527676680575237175942052698079958956103818423340583589729246906713846784564116680625702532320229317307363664219812969972668767963776858340065890635344765426292093028972390060646797708535146154698689789210465689199079311552496253846794406101954746492523886393186565184244541771571364911178093060201009850067877417923859967901696
937 1349621146300551421937113100510216696515790184700522285407955626092546684257854876067110970557239184816082639150465352875316380853804200786415677818040412178063824378972870445328836906577944252843175964541434151756184590570088053051638266110706722300948703768210792319835824415273693362334358916987626855387138256466722502810129280917269229454656879251879890675071855107433360263562541379061705168372115889560242587190834140584618794759156841862756796317246209985015387177624407818985970095545572746260736978167086285459644712372240804039400271509671695439871606784
938 10796969170404411375496904804081733572126321477604178283263645008740373474062839008536887764457913478528661113203722823002531046830433606291325422544323297424510595031782963562630695252623554022745407716331473214049476724560704424413106128885653778407589630145686338558686595322189546898674871335901014843097106051733780022481034247338153835637255034015039125400574840859466882108500331032493641346976927116481940697526673124676950358073254734902054370537969679880123097420995262551887760764364581970085895825336690283677157698977926432315202172077373563518972854272
939 21593938340808822750993809608163467144252642955208356566527290017480746948125678017073775528915826957057322226407445646005062093660867212582650845088646594849021190063565927125261390505247108045490815432662946428098953449121408848826212257771307556815179260291372677117373190644379093797349742671802029686194212103467560044962068494676307671274510068030078250801149681718933764217000662064987282693953854232963881395053346249353900716146509469804108741075939359760246194841990525103775521528729163940171791650673380567354315397955852864630404344154747127037945708544
940 -86375753363235291003975238432653868577010571820833426266109160069922987792502712068295102115663307828229288905629782584020248374643468850330603380354586379396084760254263708501045562020988432181963261730651785712395813796485635395304849031085230227260717041165490708469492762577516375189398970687208118744776848413870240179848273978705230685098040272120313003204598726875735056868002648259949130775815416931855525580213384997415602864586037879216434964303757439040984779367962100415102086114916655760687166602693522269417261591823411458521617376618988508151782834176
941 1382012053811764656063603814922461897232169149133334820257746561118767804680043393092721633850612925251668622490076521344323973994295501605289654085673382070337356164068219336016728992335814914911412187690428571398333020743770166324877584497363683636171472658647851335511884201240262003030383530995329899916429574621923842877572383659283690961568644353925008051273579630011760909888042372159186092413046670909688409283414159958649645833376606067462959428860119024655756469887393606641633377838666492170994665643096356310676185469174583336345878025903816130428525346816
942 -1382012053811764656063603814922461897232169149133334820257746561118767804680043393092721633850612925251668622490076521344323973994295501605289654085673382070337356164068219336016728992335814914911412187690428571398333020743770166324877584497363683636171472658647851335511884201240262003030383530995329899916429574621923842877572383659283690961568644353925008051273579630011760909888042372159186092413046670909688409283414159958649645833376606067462959428860119024655756469887393606641633377838666492170994665643096356310676185469174583336345878025903816130428525346816
943 5528048215247058624254415259689847588928676596533339281030986244475071218720173572370886535402451701006674489960306085377295895977182006421158616342693528281349424656272877344066915969343259659645648750761714285593332082975080665299510337989454734544685890634591405342047536804961048012121534123981319599665718298487695371510289534637134763846274577415700032205094318520047043639552169488636744369652186683638753637133656639834598583333506424269851837715440476098623025879549574426566533511354665968683978662572385425242704741876698333345383512103615264521714101387264
944 44224385721976468994035322077518780711429412772266714248247889955800569749761388578967092283219613608053395919682448683018367167817456051369268930741548226250795397250183018752535327754746077277165190006093714284746656663800645322396082703915637876357487125076731242736380294439688384096972272991850556797325746387901562972082316277097078110770196619325600257640754548160376349116417355909093954957217493469110029097069253118676788666668051394158814701723523808788984207036396595412532268090837327749471829300579083401941637935013586666763068096828922116173712811098112
945 88448771443952937988070644155037561422858825544533428496495779911601139499522777157934184566439227216106791839364897366036734335634912102738537861483096452501590794500366037505070655509492154554330380012187428569493313327601290644792165407831275752714974250153462485472760588879376768193944545983701113594651492775803125944164632554194156221540393238651200515281509096320752698232834711818187909914434986938220058194138506237353577333336102788317629403447047617577968414072793190825064536181674655498943658601158166803883275870027173333526136193657844232347425622196224
946 -353795085775811751952282576620150245691435302178133713985983119646404557998091108631736738265756908864427167357459589464146937342539648410954151445932385810006363178001464150020282622037968618217321520048749714277973253310405162579168661631325103010859897000613849941891042355517507072775778183934804454378605971103212503776658530216776624886161572954604802061126036385283010792931338847272751639657739947752880232776554024949414309333344411153270517613788190470311873656291172763300258144726698621995774634404632667215533103480108693334104544774631376929389702488784896
947 5660721372412988031236521225922403931062964834850139423775729914342472927969457738107787812252110541830834677719353431426350997480634374575266423134918172960101810848023426400324521952607497891477144320779995428447572052966482601266698586101201648173758352009821599070256677688280113164412450942956871270057695537651400060426536483468425998178585167273676832978016582164528172686901421556364026234523839164046083724424864399190628949333510578452328281820611047524989978500658764212804130315627177951932394150474122675448529655681739093345672716394102030870235239820558336
948 -5660721372412988031236521225922403931062964834850139423775729914342472927969457738107787812252110541830834677719353431426350997480634374575266423134918172960101810848023426400324521952607497891477144320779995428447572052966482601266698586101201648173758352009821599070256677688280113164412450942956871270057695537651400060426536483468425998178585167273676832978016582164528172686901421556364026234523839164046083724424864399190628949333510578452328281820611047524989978500658764212804130315627177951932394150474122675448529655681739093345672716394102030870235239820558336
949 22642885489651952124946084903689615724251859339400557695102919657369891711877830952431151249008442167323338710877413725705403989922537498301065692539672691840407243392093705601298087810429991565908577283119981713790288211865930405066794344404806592695033408039286396281026710753120452657649803771827485080230782150605600241706145933873703992714340669094707331912066328658112690747605686225456104938095356656184334897699457596762515797334042313809313127282444190099959914002635056851216521262508711807729576601896490701794118622726956373382690865576408123480940959282233344
950 181143083917215616999568679229516925794014874715204461560823357258959133695022647619449209992067537338586709687019309805643231919380299986408525540317381534723257947136749644810384702483439932527268618264959853710322305694927443240534354755238452741560267264314291170248213686024963621261198430174619880641846257204844801933649167470989631941714725352757658655296530629264901525980845489803648839504762853249474679181595660774100126378672338510474505018259553520799679312021080454809732170100069694461836612815171925614352948981815650987061526924611264987847527674257866752
951 362286167834431233999137358459033851588029749430408923121646714517918267390045295238898419984135074677173419374038619611286463838760599972817051080634763069446515894273499289620769404966879865054537236529919707420644611389854886481068709510476905483120534528628582340496427372049927242522396860349239761283692514409689603867298334941979263883429450705515317310593061258529803051961690979607297679009525706498949358363191321548200252757344677020949010036519107041599358624042160909619464340200139388923673225630343851228705897963631301974123053849222529975695055348515733504
952 -1449144671337724935996549433836135406352118997721635692486586858071673069560181180955593679936540298708693677496154478445145855355042399891268204322539052277786063577093997158483077619867519460218148946119678829682578445559419545924274838041907621932482138114514329361985709488199708970089587441396959045134770057638758415469193339767917055533717802822061269242372245034119212207846763918429190716038102825995797433452765286192801011029378708083796040146076428166397434496168643638477857360800557555694692902521375404914823591854525207896492215396890119902780221394062934016
953 23186314741403598975944790941378166501633903963546171079785389729146769112962898895289498878984644779339098839938471655122333685680678398260291269160624836444577017233503954535729241917880311363490383137914861274921255128950712734788397408670521950919714209832229269791771351811195343521433399062351344722156320922220134647507093436286672888539484845152980307877955920545907395325548222694867051456609645215932758935244244579084816176470059329340736642337222850662358951938698298215645717772808920891115086440342006478637177469672403326343875446350241918444483542305006944256
954 -23186314741403598975944790941378166501633903963546171079785389729146769112962898895289498878984644779339098839938471655122333685680678398260291269160624836444577017233503954535729241917880311363490383137914861274921255128950712734788397408670521950919714209832229269791771351811195343521433399062351344722156320922220134647507093436286672888539484845152980307877955920545907395325548222694867051456609645215932758935244244579084816176470059329340736642337222850662358951938698298215645717772808920891115086440342006478637177469672403326343875446350241918444483542305006944256
955 92745258965614395903779163765512666006535615854184684319141558916587076451851595581157995515938579117356395359753886620489334742722713593041165076642499345778308068934015818142916967671521245453961532551659445099685020515802850939153589634682087803678856839328917079167085407244781374085733596249405378888625283688880538590028373745146691554157939380611921231511823682183629581302192890779468205826438580863731035740976978316339264705880237317362946569348891402649435807754793192862582871091235683564460345761368025914548709878689613305375501785400967673777934169220027777024
956 741962071724915167230233310124101328052284926833477474553132471332696611614812764649263964127508632938851162878031092963914677941781708744329320613139994766226464551472126545143335741372169963631692260413275560797480164126422807513228717077456702429430854714631336633336683257958250992685868769995243031109002269511044308720226989961173532433263515044895369852094589457469036650417543126235745646611508646909848285927815826530714117647041898538903572554791131221195486462038345542900662968729885468515682766090944207316389679029516906443004014283207741390223473353760222216192
957 1483924143449830334460466620248202656104569853666954949106264942665393223229625529298527928255017265877702325756062185927829355883563417488658641226279989532452929102944253090286671482744339927263384520826551121594960328252845615026457434154913404858861709429262673266673366515916501985371737539990486062218004539022088617440453979922347064866527030089790739704189178914938073300835086252471491293223017293819696571855631653061428235294083797077807145109582262442390972924076691085801325937459770937031365532181888414632779358059033812886008028566415482780446946707520444432384
958 -5935696573799321337841866480992810624418279414667819796425059770661572892918502117194111713020069063510809303024248743711317423534253669954634564905119958129811716411777012361146685930977359709053538083306204486379841313011382460105829736619653619435446837717050693066693466063666007941486950159961944248872018156088354469761815919689388259466108120359162958816756715659752293203340345009885965172892069175278786287422526612245712941176335188311228580438329049769563891696306764343205303749839083748125462128727553658531117432236135251544032114265661931121787786830081777729536
959 94971145180789141405469863695884969990692470634685116742800956330585166286696033875105787408321105016172948848387979899381078776548058719274153038481919330076987462588432197778346974895637755344856609332899271782077461008182119361693275785914457910967149403472811089067095457018656127063791202559391107981952290497413671516189054715030212151457729925746607341068107450556036691253445520158175442766273106804460580598760425795931407058821363012979657287013264796313022267140908229491284859997425339970007394059640858536497878915778164024704513828250590897948604589281308443672576
960 -94971145180789141405469863695884969990692470634685116742800956330585166286696033875105787408321105016172948848387979899381078776548058719274153038481919330076987462588432197778346974895637755344856609332899271782077461008182119361693275785914457910967149403472811089067095457018656127063791202559391107981952290497413671516189054715030212151457729925746607341068107450556036691253445520158175442766273106804460580598760425795931407058821363012979657287013264796313022267140908229491284859997425339970007394059640858536497878915778164024704513828250590897948604589281308443672576
961 379884580723156565621879454783539879962769882538740466971203825322340665146784135500423149633284420064691795393551919597524315106192234877096612153927677320307949850353728791113387899582551021379426437331597087128309844032728477446773103143657831643868597613891244356268381828074624508255164810237564431927809161989654686064756218860120848605830919702986429364272429802224146765013782080632701771065092427217842322395041703183725628235285452051918629148053059185252089068563632917965139439989701359880029576238563434145991515663112656098818055313002363591794418357125233774690304
962 3039076645785252524975035638268319039702159060309923735769630602578725321174273084003385197066275360517534363148415356780194520849537879016772897231421418562463598802829830328907103196660408171035411498652776697026478752261827819574184825149262653150948780911129954850147054624596996066041318481900515455422473295917237488518049750880966788846647357623891434914179438417793174120110256645061614168520739417742738579160333625469805025882283616415349033184424473482016712548509063343721115519917610879040236609908507473167932125304901248790544442504018908734355346857001870197522432
963 6078153291570505049950071276536638079404318120619847471539261205157450642348546168006770394132550721035068726296830713560389041699075758033545794462842837124927197605659660657814206393320816342070822997305553394052957504523655639148369650298525306301897561822259909700294109249193992132082636963801030910844946591834474977036099501761933577693294715247782869828358876835586348240220513290123228337041478835485477158320667250939610051764567232830698066368848946964033425097018126687442231039835221758080473219817014946335864250609802497581088885008037817468710693714003740395044864
964 -24312613166282020199800285106146552317617272482479389886157044820629802569394184672027081576530202884140274905187322854241556166796303032134183177851371348499708790422638642631256825573283265368283291989222213576211830018094622556593478601194101225207590247289039638801176436996775968528330547855204123643379786367337899908144398007047734310773178860991131479313435507342345392960882053160492913348165915341941908633282669003758440207058268931322792265475395787856133700388072506749768924159340887032321892879268059785343457002439209990324355540032151269874842774856014961580179456
965 389001810660512323196804561698344837081876359719670238178512717130076841110306954752433305224483246146244398482997165667864898668740848514146930845621941575995340646762218282100109209172532245892532671827555417219389280289513960905495657619105619603321443956624634220818822991948415496453288765683265978294076581877406398530310368112763748972370861775858103669014968117477526287374112850567886613570654645471070538132522704060135043312932302901164676247606332605698139206209160107996302786549454192517150286068288956565495312039027359845189688640514420317997484397696239385282871296
966 -389001810660512323196804561698344837081876359719670238178512717130076841110306954752433305224483246146244398482997165667864898668740848514146930845621941575995340646762218282100109209172532245892532671827555417219389280289513960905495657619105619603321443956624634220818822991948415496453288765683265978294076581877406398530310368112763748972370861775858103669014968117477526287374112850567886613570654645471070538132522704060135043312932302901164676247606332605698139206209160107996302786549454192517150286068288956565495312039027359845189688640514420317997484397696239385282871296
967 1556007242642049292787218246793379348327505438878680952714050868520307364441227819009733220897932984584977593931988662671459594674963394056587723382487766303981362587048873128400436836690128983570130687310221668877557121158055843621982630476422478413285775826498536883275291967793661985813155062733063913176306327509625594121241472451054995889483447103432414676059872469910105149496451402271546454282618581884282152530090816240540173251729211604658704990425330422792556824836640431985211146197816770068601144273155826261981248156109439380758754562057681271989937590784957541131485184
968 12448057941136394342297745974347034786620043511029447621712406948162458915529822552077865767183463876679820751455909301371676757399707152452701787059902130431850900696390985027203494693521031868561045498481773351020456969264446748975861043811379827306286206611988295066202335742349295886505240501864511305410450620077004752969931779608439967115867576827459317408478979759280841195971611218172371634260948655074257220240726529924321386013833692837269639923402643382340454598693123455881689169582534160548809154185246610095849985248875515046070036496461450175919500726279660329051881472
969 24896115882272788684595491948694069573240087022058895243424813896324917831059645104155731534366927753359641502911818602743353514799414304905403574119804260863701801392781970054406989387042063737122090996963546702040913938528893497951722087622759654612572413223976590132404671484698591773010481003729022610820901240154009505939863559216879934231735153654918634816957959518561682391943222436344743268521897310148514440481453059848642772027667385674539279846805286764680909197386246911763378339165068321097618308370493220191699970497751030092140072992922900351839001452559320658103762944
970 -99584463529091154738381967794776278292960348088235580973699255585299671324238580416622926137467711013438566011647274410973414059197657219621614296479217043454807205571127880217627957548168254948488363987854186808163655754115573991806888350491038618450289652895906360529618685938794367092041924014916090443283604960616038023759454236867519736926940614619674539267831838074246729567772889745378973074087589240594057761925812239394571088110669542698157119387221147058723636789544987647053513356660273284390473233481972880766799881991004120368560291971691601407356005810237282632415051776
971 1593351416465458475814111484716420452687365569411769295579188089364794741187817286665966818199483376215017056186356390575574624947162515513945828743667472695276915289138046083482047320770692079175813823805666988930618492065849183868910213607856617895204634446334501768473898975020709873472670784238657447092537679369856608380151267789880315790831049833914792628285309409187947673084366235926063569185401427849504924190812995830313137409770712683170513910195538352939578188632719802352856213706564372550247571735711566092268798111856065925896964671547065622517696092963796522118640828416
972 -1593351416465458475814111484716420452687365569411769295579188089364794741187817286665966818199483376215017056186356390575574624947162515513945828743667472695276915289138046083482047320770692079175813823805666988930618492065849183868910213607856617895204634446334501768473898975020709873472670784238657447092537679369856608380151267789880315790831049833914792628285309409187947673084366235926063569185401427849504924190812995830313137409770712683170513910195538352939578188632719802352856213706564372550247571735711566092268798111856065925896964671547065622517696092963796522118640828416
973 6373405665861833903256445938865681810749462277647077182316752357459178964751269146663867272797933504860068224745425562302298499788650062055783314974669890781107661156552184333928189283082768316703255295222667955722473968263396735475640854431426471580818537785338007073895595900082839493890683136954629788370150717479426433520605071159521263163324199335659170513141237636751790692337464943704254276741605711398019696763251983321252549639082850732682055640782153411758312754530879209411424854826257490200990286942846264369075192447424263703587858686188262490070784371855186088474563313664
974 50987245326894671226051567510925454485995698221176617458534018859673431718010153173310938182383468038880545797963404498418387998309200496446266519797359126248861289252417474671425514264662146533626042361781343645779791746107173883805126835451411772646548302282704056591164767200662715951125465095637038306961205739835411468164840569276170105306593594685273364105129901094014325538699719549634034213932845691184157574106015866570020397112662805861456445126257227294066502036247033675291398838610059921607922295542770114952601539579394109628702869489506099920566274974841488707796506509312
975 101974490653789342452103135021850908971991396442353234917068037719346863436020306346621876364766936077761091595926808996836775996618400992892533039594718252497722578504834949342851028529324293067252084723562687291559583492214347767610253670902823545293096604565408113182329534401325431902250930191274076613922411479670822936329681138552340210613187189370546728210259802188028651077399439099268068427865691382368315148212031733140040794225325611722912890252514454588133004072494067350582797677220119843215844591085540229905203079158788219257405738979012199841132549949682977415593013018624
976 -407897962615157369808412540087403635887965585769412939668272150877387453744081225386487505459067744311044366383707235987347103986473603971570132158378873009990890314019339797371404114117297172269008338894250749166238333968857391070441014683611294181172386418261632452729318137605301727609003720765096306455689645918683291745318724554209360842452748757482186912841039208752114604309597756397072273711462765529473260592848126932560163176901302446891651561010057818352532016289976269402331190708880479372863378364342160919620812316635152877029622955916048799364530199798731909662372052074496
977 6526367401842517916934600641398458174207449372310607034692354414038199259905299606183800087345083908976709862139315775797553663783577663545122114534061968159854245024309436757942465825876754756304133422308011986659813343501718257127056234937780706898758182692186119243669090201684827641744059532241540903291034334698932667925099592867349773479243980119714990605456627340033833668953564102353156379383404248471572169485570030920962610830420839150266424976160925093640512260639620310437299051342087669965814053829474574713932997066162446032473967294656780789832483196779710554597952833191936
978 -6526367401842517916934600641398458174207449372310607034692354414038199259905299606183800087345083908976709862139315775797553663783577663545122114534061968159854245024309436757942465825876754756304133422308011986659813343501718257127056234937780706898758182692186119243669090201684827641744059532241540903291034334698932667925099592867349773479243980119714990605456627340033833668953564102353156379383404248471572169485570030920962610830420839150266424976160925093640512260639620310437299051342087669965814053829474574713932997066162446032473967294656780789832483196779710554597952833191936
979 26105469607370071667738402565593832696829797489242428138769417656152797039621198424735200349380335635906839448557263103190214655134310654180488458136247872639416980097237747031769863303507019025216533689232047946639253374006873028508224939751122827595032730768744476974676360806739310566976238128966163613164137338795730671700398371469399093916975920478859962421826509360135334675814256409412625517533616993886288677942280123683850443321683356601065699904643700374562049042558481241749196205368350679863256215317898298855731988264649784129895869178627123159329932787118842218391811332767744
980 208843756858960573341907220524750661574638379913939425110155341249222376316969587397881602795042685087254715588458104825521717241074485233443907665089982981115335840777901976254158906428056152201732269513856383573114026992054984228065799518008982620760261846149955815797410886453914484535809905031729308905313098710365845373603186971755192751335807363830879699374612074881082677406514051275301004140268935951090309423538240989470803546573466852808525599237149602996496392340467849933993569642946805438906049722543186390845855906117198273039166953429016985274639462296950737747134490662141952
981 417687513717921146683814441049501323149276759827878850220310682498444752633939174795763205590085370174509431176916209651043434482148970466887815330179965962230671681555803952508317812856112304403464539027712767146228053984109968456131599036017965241520523692299911631594821772907828969071619810063458617810626197420731690747206373943510385502671614727661759398749224149762165354813028102550602008280537871902180618847076481978941607093146933705617051198474299205992992784680935699867987139285893610877812099445086372781691711812234396546078333906858033970549278924593901475494268981324283904
982 -1670750054871684586735257764198005292597107039311515400881242729993779010535756699183052822360341480698037724707664838604173737928595881867551261320719863848922686726223215810033271251424449217613858156110851068584912215936439873824526396144071860966082094769199646526379287091631315876286479240253834471242504789682926762988825495774041542010686458910647037594996896599048661419252112410202408033122151487608722475388305927915766428372587734822468204793897196823971971138723742799471948557143574443511248397780345491126766847248937586184313335627432135882197115698375605901977075925297135616
983 26732000877946953387764124227168084681553712628984246414099883679900464168572107186928845157765463691168603595322637417666779806857534109880820181131517821582762987619571452960532340022791187481821730497773617097358595454983037981192422338305149775457313516307194344422068593466101054020583667844061351539880076634926828207821207932384664672170983342570352601519950345584778582708033798563238528529954423801739559606212894846652262853961403757159491276702355149183551538219579884791551176914297191096179974364485527858028269555983001378949013370038914174115153851174009694431633214804754169856
984 -26732000877946953387764124227168084681553712628984246414099883679900464168572107186928845157765463691168603595322637417666779806857534109880820181131517821582762987619571452960532340022791187481821730497773617097358595454983037981192422338305149775457313516307194344422068593466101054020583667844061351539880076634926828207821207932384664672170983342570352601519950345584778582708033798563238528529954423801739559606212894846652262853961403757159491276702355149183551538219579884791551176914297191096179974364485527858028269555983001378949013370038914174115153851174009694431633214804754169856
985 106928003511787813551056496908672338726214850515936985656399534719601856674288428747715380631061854764674414381290549670667119227430136439523280724526071286331051950478285811842129360091164749927286921991094468389434381819932151924769689353220599101829254065228777377688274373864404216082334671376245406159520306539707312831284831729538658688683933370281410406079801382339114330832135194252954114119817695206958238424851579386609051415845615028637965106809420596734206152878319539166204707657188764384719897457942111432113078223932005515796053480155656696460615404696038777726532859219016679424
986 855424028094302508408451975269378709809718804127495885251196277756814853394307429981723045048494838117395315050324397365336953819441091516186245796208570290648415603826286494737034880729317999418295375928755747115475054559457215398157514825764792814634032521830219021506194990915233728658677371009963249276162452317658502650278653836309269509471466962251283248638411058712914646657081554023632912958541561655665907398812635092872411326764920229103720854475364773873649223026556313329637661257510115077759179663536891456904625791456044126368427841245253571684923237568310221812262873752133435392
987 1710848056188605016816903950538757419619437608254991770502392555513629706788614859963446090096989676234790630100648794730673907638882183032372491592417140581296831207652572989474069761458635998836590751857511494230950109118914430796315029651529585629268065043660438043012389981830467457317354742019926498552324904635317005300557307672618539018942933924502566497276822117425829293314163108047265825917083123311331814797625270185744822653529840458207441708950729547747298446053112626659275322515020230155518359327073782913809251582912088252736855682490507143369846475136620443624525747504266870784
988 -6843392224754420067267615802155029678477750433019967082009570222054518827154459439853784360387958704939162520402595178922695630555528732129489966369668562325187324830610291957896279045834543995346363007430045976923800436475657723185260118606118342517072260174641752172049559927321869829269418968079705994209299618541268021202229230690474156075771735698010265989107288469703317173256652432189063303668332493245327259190501080742979290614119361832829766835802918190989193784212450506637101290060080920622073437308295131655237006331648353010947422729962028573479385900546481774498102990017067483136
989 109494275596070721076281852834480474855644006928319473312153123552872301234471351037660549766207339279026600326441522862763130088888459714071839461914696997202997197289764671326340464733352703925541808118880735630780806983610523570964161897697893480273156162794268034752792958837149917268310703489275295907348793896660288339235667691047586497212347771168164255825716615515253074772106438915025012858693319891925236147048017291887668649825909789325276269372846691055827100547399208106193620640961294729953174996932722106483792101306373648175158763679392457175670174408743708391969647840273079730176
990 -109494275596070721076281852834480474855644006928319473312153123552872301234471351037660549766207339279026600326441522862763130088888459714071839461914696997202997197289764671326340464733352703925541808118880735630780806983610523570964161897697893480273156162794268034752792958837149917268310703489275295907348793896660288339235667691047586497212347771168164255825716615515253074772106438915025012858693319891925236147048017291887668649825909789325276269372846691055827100547399208106193620640961294729953174996932722106483792101306373648175158763679392457175670174408743708391969647840273079730176
991 437977102384282884305127411337921899422576027713277893248612494211489204937885404150642199064829357116106401305766091451052520355553838856287357847658787988811988789159058685305361858933410815702167232475522942523123227934442094283856647590791573921092624651177072139011171835348599669073242813957101183629395175586641153356942670764190345988849391084672657023302866462061012299088425755660100051434773279567700944588192069167550674599303639157301105077491386764223308402189596832424774482563845178919812699987730888425935168405225494592700635054717569828702680697634974833567878591361092318920704
992 3503816819074263074441019290703375195380608221706223145988899953691913639503083233205137592518634856928851210446128731608420162844430710850298862781270303910495910313272469482442894871467286525617337859804183540184985823475536754270853180726332591368740997209416577112089374682788797352585942511656809469035161404693129226855541366113522767910795128677381256186422931696488098392707406045280800411478186236541607556705536553340405396794429113258408840619931094113786467217516774659398195860510761431358501599901847107407481347241803956741605080437740558629621445581079798668543028730888738551365632
993 7007633638148526148882038581406750390761216443412446291977799907383827279006166466410275185037269713857702420892257463216840325688861421700597725562540607820991820626544938964885789742934573051234675719608367080369971646951073508541706361452665182737481994418833154224178749365577594705171885023313618938070322809386258453711082732227045535821590257354762512372845863392976196785414812090561600822956372473083215113411073106680810793588858226516817681239862188227572934435033549318796391721021522862717003199803694214814962694483607913483210160875481117259242891162159597337086057461777477102731264
994 -28030534552594104595528154325627001563044865773649785167911199629535309116024665865641100740149078855430809683569029852867361302755445686802390902250162431283967282506179755859543158971738292204938702878433468321479886587804294034166825445810660730949927977675332616896714997462310378820687540093254475752281291237545033814844330928908182143286361029419050049491383453571904787141659248362246403291825489892332860453644292426723243174355432906067270724959448752910291737740134197275185566884086091450868012799214776859259850777934431653932840643501924469036971564648638389348344229847109908410925056
995 448488552841505673528450469210032025008717852378396562686579194072564945856394653850257611842385261686892954937104477645877780844087130988838254436002598900543476520098876093752690543547812675279019246054935493143678185404868704546669207132970571695198847642805321870347439959396966061131000641492071612036500659800720541037509294862530914292581776470704800791862135257150476594266547973795942452669207838277325767258308678827571890789686926497076331599351180046564667803842147156402969070145377463213888204787436429748157612446950906462925450296030791504591545034378214229573507677553758534574800896
996 -448488552841505673528450469210032025008717852378396562686579194072564945856394653850257611842385261686892954937104477645877780844087130988838254436002598900543476520098876093752690543547812675279019246054935493143678185404868704546669207132970571695198847642805321870347439959396966061131000641492071612036500659800720541037509294862530914292581776470704800791862135257150476594266547973795942452669207838277325767258308678827571890789686926497076331599351180046564667803842147156402969070145377463213888204787436429748157612446950906462925450296030791504591545034378214229573507677553758534574800896
997 1793954211366022694113801876840128100034871409513586250746316776290259783425578615401030447369541046747571819748417910583511123376348523955353017744010395602173906080395504375010762174191250701116076984219741972574712741619474818186676828531882286780795390571221287481389759837587864244524002565968286448146002639202882164150037179450123657170327105882819203167448541028601906377066191895183769810676831353109303069033234715310287563158747705988305326397404720186258671215368588625611876280581509852855552819149745718992630449787803625851701801184123166018366180137512856918294030710215034138299203584
998 14351633690928181552910415014721024800278971276108690005970534210322078267404628923208243578956328373980574557987343284668088987010788191642824141952083164817391248643164035000086097393530005608928615873757935780597701932955798545493414628255058294246363124569770299851118078700702913956192020527746291585168021113623057313200297435600989257362616847062553625339588328228815251016529535161470158485414650824874424552265877722482300505269981647906442611179237761490069369722948709004895010244652078822844422553197965751941043598302429006813614409472985328146929441100102855346352245681720273106393628672
999 28703267381856363105820830029442049600557942552217380011941068420644156534809257846416487157912656747961149115974686569336177974021576383285648283904166329634782497286328070000172194787060011217857231747515871561195403865911597090986829256510116588492726249139540599702236157401405827912384041055492583170336042227246114626400594871201978514725233694125107250679176656457630502033059070322940316970829301649748849104531755444964601010539963295812885222358475522980138739445897418009790020489304157645688845106395931503882087196604858013627228818945970656293858882200205710692704491363440546212787257344
1000 -114813069527425452423283320117768198402231770208869520047764273682576626139237031385665948631650626991844596463898746277344711896086305533142593135616665318539129989145312280000688779148240044871428926990063486244781615463646388363947317026040466353970904996558162398808944629605623311649536164221970332681344168908984458505602379484807914058900934776500429002716706625830522008132236281291761267883317206598995396418127021779858404042159853183251540889433902091920554957783589672039160081957216630582755380425583726015528348786419432054508915275783882625175435528800822842770817965453762184851149029376
