0 -1
1 4
2 227
3 5329
4 -26581
5 206116
6 2391479
7 16785409
8 -174757993
9 2826198244
10 9824173259
11 14210785681
12 -287742103741
13 22876687229764
14 -22446053606113
15 89792737665409
16 5164999769137199
17 122161424469552196
18 -606821408584323661
19 4689875711360495569
20 54708362168002091867
21 386057520891402724324
22 -4006065614806557872761
23 64520046343895120684161
24 225944015577495724683719
25 331182073061185624780324
26 -6704029775568549600638053
27 523338004211678700008857489
28 -503630338970941207956724621
29 2015301289953993645403875076
30 117515168847262670291468060399
31 2800383740417188318214262966529
32 -13852895997712004597150266579873
33 106708890460749275870531542262404
34 1251505792859062291401616976383619
35 8878956246182233900720625045983441
36 -91830995116434632382733179521461621
37 1472928887665050710931614067217771684
38 5196195780051148633993035228080472407
39 7716806393272221194650329849421901569
40 -156141424928540077499870752459439276041
41 11972019564421130181835546318751630182756
42 -11295592473348734872647174272357845160341
43 45222514962806997638731387434630151398289
44 2673600390065066739883139450650626483514787
45 64194246840541778064752777130482997863052484
46 -316235274731858694523500249394051644496161601
47 2427892545979493113323854812545617981967611521
48 28628857951634466520057758475812779738099076239
49 204202792701134522776997856046175097210334683844
50 -2104993623422907217159747601194293002223148866733
51 33625127464192650337655515576052312223726195357649
52 119495131999070718867224196414559130462911695338939
53 179776060926838790111227925073767358225058846523236
54 -3635426108586630702829628665089876659999027804849881
55 273872588494613414589656991993155885409847068250750849
56 -253235349192254903874732167572800462607305573610696153
57 1014574073327940569701895399211069449904148377710374564
58 60824391680506100006976090137283548306920235174781707579
59 1471532233252843624239421941624374221061558668244183936401
60 -7218884059303506176696391408598254217643822467058351846701
61 55239259636802619186859954553096713182838563571020448156804
62 654888238842511379651903018264627755334294417208776586192527
63 4696251591787525498777604469553173876531110274188078463625729
64 -48250584557916357403872816634822506356845865706111535117903681
65 767610910093701101107696006279896953348298669589554914754784516
66 2747863610410071019069295525849863225351190721785500945204767779
67 4187462855312770922347888231656428842897791133025841640828544209
68 -84616001835381147857307596833009566694008120482885356091330044693
69 6265066998239160525975275634909797862708005846967113526317806148644
70 -5674796879934828368946738807481555884203976735133409712154294872841
71 22757546718782911591543788543928953566209683527861330480502323566081
72 1383685932512420652958019008713682926173167881817688639289743474665559
73 33731726656298565207552964032164427966052466372497252542274160703790564
74 -164785803817561006403211221956311219065020219386172240214858218640461813
75 1256769721426203000123361843285196008688089004879918269271885505270545809
76 14980363954149915030811275689450964304870797557775291908989292984226692099
77 108001802338485460128869458343382119688720490557733500464289533601153494596
78 -1105973478458869831486977423404482880225538784042516550662752003197027091361
79 17523197977257369679740140070794214968682845505906404545856379739757607658369
80 63185959951817402879945924018566723708671359693643726181883041197254628477167
81 97520578314859666983948134933610739249935133744939229403939816132312786534724
82 -1968858160796695856086046031753929484306258553169032933656608121823481011246861
83 143317385596361224426221722513512180828362704117668619242920245307754087518148561
84 -127109791767556385306762486849742569543879042187317679165469847508959389796650981
85 510361637295890358936854746410117185479112810023050330276387492209133903996945124
86 31475707991050353766567871094399946499939702526690406235879603623591929825101698247
87 773218962400836309554778191294237039882912081940571257859669084376904006612050997889
88 -3761486022906414205921240503561231190213806173105808017433774459538139198009020857721
89 28592556183024308089037656240027286280764147457632156907103467748580469599492990621476
90 342664839215055103002049311269581704785111312995832215231724991718181671326824803028699
91 2483708784029988412262220544849323493902067717542477364241845970833783401919444627133329
92 -25349956729109061433249940501493691059633469395644297021448854561824792735579235394682573
93 400018995938936584477839801448138261877003514462751407288380167462426493494481689227532804
94 1452869672359946438458045781978353329611371207198412200996185095363429793819270834952361519
95 2270748662349632314647265144359042221724737381813792947856582155155500878388720590935171841
96 -45797906064867627951321824538539479081005003546145948587717089142928284759478178478532420321
97 3278446030459456088624801068816379531293124343706981330692694606190444616052650827460537540484
98 -2845783634882934901830251992933212249753475972691473956929275395811933302364421890256710559293
99 11442994948190565767493443433385733793504284703894904016183800220914210210495153531108000501969
100 715964472384505002655839281765606510714481320279218766395686029655294738452141924975130951382859
101 17723992618604400478650961039731479293036137322792591883046939964351261782146801686624888776373156
102 -85859626539670794496844251812143744993681716903937179262357184457750937417199749024394840922376041
103 650488485066341100848393416907075288865400427328470062611812924688737378118351682107121383230969089
104 7838062571477198674114299236908842452279818725622873845982052890263248083926660187799812602643964087
105 57116346285901339426994220846908292454537945795475053879739033780744332493785806430842716392358582884
106 -581032125708890923726892552449215887129307789334207748373054234751130319859044834069718088694309551701
107 9131515726514440027986912370882649473301784628140734200386506674332619596462922623430835033412270763921
108 33405161822036174363262395364226604191471046583982655958977669260647856020777728282024270463422146173539
109 52865291963973331239946314526112942598443552283897894196187551533505917774287236626073319659619782856644
110 -1065001849241248106464167686557778776499384395439730732935130877852420950438355172844123107736268372626433
111 74995154508965953943175818909601598058367165620200660551185158642155906324878639987082064715311757332818049
112 -63680996725157116453596093747255048731331414903309518738323379852657124588322820023119264781017518641130161
113 256512568322093105585281814150126887727913262025419401303497640597776436928362763594648222504284517155997636
114 16284902654744767828736433878604823667386847594363263074582607148077674045721180012405704367886214514407030419
115 406270955175395646775265677977366154402448204828011197506778622186613296848027443218131967336565905763264925649
116 -1959784768078980261943475375200563880712214335596422656446920948406057016251306259639547341483131379298971454853
117 14798426493214478690029540060109200901465034875108164553904696529563405658505875454522124568978269736924264164964
118 179283329821750696519407662101756078502258185930460338808913972968746704958714051845980085498835727948625305829479
119 1313440152761178447545201443237492327674672483421499170917516261007820547519628619447030157059331429025413202492801
120 -13317218290609412193222376730165487839976856889999080417153191710944878840347431200018022375359191300918742935813401
121 208449148246665069130461401776007387909151173617050139080869608016118952293470126455289296500125968802989668018333604
122 768035943468467860346633331554539593583305148050115457979081413150005179456602061041155925844580718863205837081544827
123 1230558342234770802353483282289410727387803939168292173315864421526149150177307419221501907471572648885239962025546129
124 -24758978541707954210876452680347014945074393560032890248003795504391406129144404808690520368577130828700179812033820781
125 1715514421496984922160772267197443360173229292309834931886823058071923748657974186685249675785279157542894622330842582916
126 -1424272958007256316946299196998670091519203616592005543592199008036038687559683020422208055654032995471267244535077775921
127 5748876067917979337702429934663071306264092597800530683140952758354403738709258901185377638118129742722270109890961323009
128 370387510081205309851720088797562598416436824169808602281613957477573663997030160931460880263723372705906897448875253428607
129 9312475640722545788199345550064606382778588118389782782859117775495920524187510696499284191740416371282613440087791973399044
130 -44731921594370366542866463932935864898342281400331907561607220100001305114487323199003181465357501931775422636141141712758941
131 336651615525401848998088807303478152320693368166514899197759593670302330522658512588483313750569429725816339508994746202166481
132 4100748099135285477321368231607828066947731081070344264424984959589829737230634301183149658531906233715756550714536152317714859
133 30203017685663482247201698913271349982556493146766449730677992574268992753177827758522174153105416251226963643448128613266371364
134 -305223084893087704801172891950750688176345029568692617094342833024006578779521280464079976551447739948121908488600247460974957513
135 4758305973154344845133275539562059203772514177082066263687567153073984740539973136532699417087614607947473759904425233027253726209
136 17657562115964196884265745257230640526502310694126593376881727301636087595839915297693031666883533233016719910097564433945816606999
137 28639471066420903131247348549007542160408119179171895236884322173456379545675171862529945548321435349041730473966433918501509856996
138 -575435408947224313902303463466798251744337622342290372268748858568361625620188512338353897210947230220813265280538183764632528379061
139 39242037251226953575030736132276590973515564670101614499238803171321952766215650354596998724425893131124045650726697565548786391841169
140 -31837695336546345927931248966537687739708367602190184794483679475053573375758161466764311773624565929583962599191545421482153615177533
141 128813278514072251451492527532946601508105750704405463212058125504112433001266370459489557140688298451855146085565583085476081437645124
142 8423735237238505228990975372920165739692020810107534112449878464424842338554748403599529438550211403198014372987576655216148446510939039
143 213456652167305005409163033607027839590802025456996936406293561599426604971176244046881153862103079859327602140329495390140775959508632961
144 -1020978225533741187799525479976890428734808438437730177981074834770200486510643969542090648481580087802909719842890462151213263321417305681
145 7658347039331068487164420413877358067094130326597366008492373322986932536655623017519321116416644771990417149686932475518693720267603129924
146 93794694036404380611320930654896795177162683476793074673453273271357880447296315277128722031982755802842646795890517039203986487368655594547
147 694513373651138473197188685363609975936523421062360023402010718102861475797253429951434992253295335297535061230043241360904587804722311438289
148 -6995387191588163636100169201486553992936673623021841204590345906690965153308926946295136671981835391140135760310811165549671806504004774230821
149 108617444559198814206754420673582123887351993011373639394278705538801078251157256552914518471099360793710687522207736154778928346599207644987876
150 405939542399022749679748077390259009811389982669949452937663576443501858768392209625848408857509106284009215377540747876034728405958947681876999
151 666438624854463505831307833827965519162487981051269751502665941930993997960118584808347067021719603021686688879447897426662421655649747768320129
152 -13370437826247379836790009168024534684805421829166319985581622666951849009325392910731475988323507516194914721721717132729673624797231037825625273
153 897645216795176310253914167785914372743028467849351350759992076475575872684103407805372944112009886668334465502415027754258495384757024558996103204
154 -711285415047870804477485797225907299390938089239255642829093815670845740017913922388395916218885148964926912720674145436131503851100924218253700581
155 2885623622157467212549190916208961730911879327984515735596920763600235501666566421404150551388226476037841646782917885756443909452818835725460580241
156 191571113174998196562892176546391437778085333650091549278448723405814559392799335556015017727347764562634164746434611341514588214555367775038967700979
157 4892709340217648844673656750356624483452004502045709186945886723855641043343401005533151538554587019915769449454108128608325028113412667584703363329284
158 -23302638915420656350005473460173972124296513909414609922051829092632506771091169746387926981880668163785702578619110187654671082558010531359726754830993
159 174212172915357183467934200642973712253798544011194509395676099883995089454066005996533205438841502282720558736863979073717439401667925665746279421402369
160 2145287208110252659451663554864525706885273156696282393803664973258796664403154342389622808045448868617269821577032602385904764777771769606489439119201759
161 15969862140130690774695434318535343440115438404486434785592510276168742033929897629914827670145513478131716436087681321455488019592218021436729541761383556
162 -160323318460021961967556967638019322097740453117987973796753035419022436077731369282833741046516470995523399331926778007139798684891571266296290872957311741
163 2479372395765468190265683152746734143518962562498994566924430484350831645485674549408827114877030413891018605391230241904252458441907598710649081050271559889
164 9331975122751838748600952691684667863395828974141935388580097281626310752199684274875410949205214738348509003094398684788489446287208824491081257390684773387
165 15505609829342991500884476282453456497346168665039653563804087319674604186630357602731408447932518374078574141249406336602204337490838050402059251095529413284
166 -310587075505564364826597828312916735772515917317603470652197537733235166715158390267137823577766785597253291435010617474275239986358889297527899161567054581801
167 20533070530411090010186247150528822046458225629448304302099930078005671776604841984799499142561753263152903152714489260902371920379846971465790544811681789336321
168 -15881375756562416764887567676457262428952709970975131369253177755697890504769003548455448995381463201105587019790799619653094219081979260046910852151492829249161
169 64627596652766180093035623221621155404603895284322168017819325701608446071846471978789911969214667323241806594957113391394261779025025356476514826696014113049444
170 4356442662850120645300893232323807018030572589283165550860031997399647942514428716617186813819421507664994549994561405718071605536469644647929530813159398181573867
171 112146139353500455943804822698152220347709449967081719758999483659350504232701496246101201144566383051728009190569299341140573220483736120940134525159722950432578449
172 -531842922437311597819503080394039725836104867915774333511894572365214740005317160344693073958937760056635447862358528930294503236927702193429929397755327681806039261
173 3962880774151484387945908452806128777795931147551280716891141252546597908073328248215581435943261041017789518717185632134770964673710165003491299352437504333771492036
174 49066446364887851727828289240253302126772723957416203513543937630382261889939138600599826112535688456478746145390027840906729668666667181705704040407139030074375590719
175 367207927969076126842471286713894638023332828199647465226766020321140034949275202516590120296661451118122598610360898240180963176162548451994109333071659988585488120449
176 -3674279755162424958969170518611687469298133659387370310805874604747636326756228346666043354185619870914311763802009756460720295887850754437939023120769593470529412653553
177 56595108402081252865006153147149830677386001458836283965134511969192627034234300929800946878427778233674077838617862978732893895423615577212310616626333885560090101255364
178 214519889653684848823217490012004455263771672385948354125295917500216883446518650254706870586753849190532464055189451779076109843504206768767973166521121470379315996711379
179 360705016117743386214572904051658158963404690632585622150524817387898065647102018372722250163239545847635501789968885144249484157122008880569215177069327019140593871669201
180 -7212954415817317772393025769141368982445609229107923093095860673282423043344108754711292658854210008748940269752673947606326175831425388372806151616714431915236659099900101
181 469676768137118262155599940638904958509574014340903818204226852993072788381659726101794209174889740163863904132063877170312481140495406348662017868105077707223596173670530404
182 -354373651308497898359748189674121359548546995074450379824070856419689207964368986133283049726977343261738217282207596771994735011842993907456973809504770907534140025837942873
183 1447082985257694992137465232977611068840708765307228704062817894417250974524621050550104060760159990518632748972949883494950124632867650062453322890955462262181318947005766529
184 99062747013218115065193877763758240387913503433046838868116286914680601950178569515120116394881163983615576833049602898956337351359059083602699336944959940295852164126784222119
185 2570481224670807138673557286022407150735931867954360672702468277348848853390899633386207632705386270063845585278837425164468545213516994693144642370578029301869544470573719601316
186 -12138115537694790088379998281056792856637354666541369532719249000573786991271846231187066904393951592467609774036677980826567796885720743179168898029803349358862923252987753239621
187 90143103649337566478056718913250947534897283987653381451502821167923246640801280160306418072164713198354635456066307448178492257099462767863706428776939205993479427800333935121809
188 1122214185349715299960742717026273941883953285290819641963299395636553471330567955164608684374701615603769227407716540580626368983048441856641348762655406838112900746100380691661907
189 8443321139453192448359119042425516662892132932525878077146660108953676456603342495083863863657592539514308408595702518393764683022717713965105880581084537704842891153064619487949444
190 -84205095018242916024407267963822377582659495685281742222470719070172190364528338331214521958977719479970319474071970692568338556157858715071109779374149623220983869467802931977485041
191 1291846679169583194947439844961641734277499927418346368589301890149676507379514569929961710544786884669907270803639085085895385473968705241790013995802448438955733845405726020342586881
192 4931096602583983656521028156308683794367668865258066693559517649473712467821281042522322627828329744099336742192479498365487822301266545378958138556843720725404903147134630350719044159
193 8389792799705756235692112591840629310982932107238734809840653398214431682382224320842435183435364563845646990427167725327397103911838516126187559747896291056255822559150297096854972164
194 -167470475562569841815934025710429214657850703136544226538059189003762279320236604417160625090083325130417898290715807047420352789033204595746336966825387547956240691903400994500701093213
195 10743363263519125414026702048279061826601204548681561039179930175716559521772036568756353814661058887929118301375902622908659089676451854177152066586178779914844721146992192631103487206609
196 -7902235377418319865308097979818609034800072767022718501887353703647734720620880675083507498029505981994735215080350159852594094919761933252379149914945069677770428530453764533965289118101
197 32393937986270117375245718304161739499415680807443883696582764523056846650836636638221204701450453489114831718322126601919234474797861948291620001914302278793354181755698235170099474639396
198 2252500155269095432489325447739642996450969087264183571591759979786253583830720940143182955928344569551903172087117533376603672507132097607539072726923347875095377745024463546878032083813239
199 58916881488589064475112066602339123331251403118327626897080979363749466637542282828310649124916269147329038277292793523605057110584669358452367573391783380945317085621450901956153097553043969
200 -277018456358046336507155084524397983604518209316134745361514029399160235737291659151681818870966718406710405378576982474191266329272728206631845015538854187608073369185264528736846422332872233
201 2050420502867290506254148940958841438123853103315773779575065869083163074986459394196487877250866939503740660174445483345976752598550484694111358458238318713126392652628120425086890737596055524
202 25666041109554229997482178077942307906544850378615364409567511064899784654131222147866122181315272166549682473208661304748028188754524625765185516107328625982277938515943115864512809158700684939
203 194135515148408919002963309280272809862297154526458444936347715820633195613507531479936770869121336445652918901824430767742696656843553218796523799559587501668097873082541196965530995574868137361
204 -1929723909829775565808953489815001783926304183954683139479963068587478252830787857894269424859617096849826671399620968480043217171802225598005550204719557068516009648103174343176420760244325280381
205 29487501878126965793953510858144273572956348469344902394411733026432076174247827492808858248827554559445446278322626952891487475642764611218006930882154312169144352865471365021802923337764043334724
206 113344795115361929594626639143610778278399647523288332472902167916964337797540078740413708397894595455342227317622634577634496760664688867663428158708872216933611854019960670916688890105436297050847
207 195113387642415915877834784913366214400810485153623190144260657608974091312887333120467026426210767219216050110902358169087843359227876104116481747745828240510755603229281622434932975225803270178689
208 -3887421514449684233542945468290946924305866787473420462915678822874348501618052360456099729588663164048252397319991474137072979192850172530346096278330329745773791385709331088256081347430681204843921
209 245740899497567024696959797695978258771591555254811006182618398083014691232115191134037359409830087048245464272264454937622918194918938497445678582052810359411341505395662207638080505802953973382974276
210 -176091659642235721973075341050752065335923536429175361769022015563548139053424811989263780278641618831455503422203350239847278284564898471309222092652682472418453831911399622999007931256888089043394701
211 724981004209136020298861056293337190552310899668234967627902298215382654793304075772662969110208453899464741734766535286362808159670233104512989923392082138034174431463091944196656618916506901446526929
212 51214754864070793664344265010866704309415628311272714475466983029156628820916064087384982246512895368713087478458153196831038446030765158782747163209416934435116104740703266227903307683998360385316592027
213 1350393324423169700460099762139402869393910454978671336449128244663443276836933873596357721291563735147294558067700590580709294328541067741905920565991351909293768156398833201550154398109955836974367973604
214 -6322016831241627303128915378952554528505687410933996764851626078144428467524225165296647745582715062678931213901814185813693620295461414312021279678680622725989475700971983942777391884887317864042509802681
215 46638248269541587788944030769671615617487125029311636172064473792615587206172573466643766970533116016213153369149501617041857322031409968092404926481949028568577739184705140274824503305875942001403278208641
216 586994450698109109025058922590776514187754424646103247994798531754789914564506577655977702335705292636997390283500928004390825318729516282781502695270386411165666689138155525924225613478835165662144270902279
217 4463619345425692722404710266252888502106586075388034694651609436898896857591247880485678330482328815445436321043992066578833645838910382086423839436495192468993155990465199734213785581380588595790478015138084
218 -44222437372147613181829788896945660809886330895193121433049066937493732350991519028261438682244779198765151286981332615517416653775987037984927777537652850324970386540093520136374471411164241680690156736342693
219 673069498411240161534700032387009703902710784483423583007426004591877729382564461788232285379415405791822258854769511244903919908220392228215186706066284174955996100231986896288070550601651615868502279044602769
220 2605205265303257660233737587835981768657547530595112319131290606030908293787034122125300342583175338028372210249224973228734626535109751214470016336828310903787737287418215534321828575995341763471434322116180659
221 4536915755549112639849502102930880285287949908197875010776149403622059825786788690208628022914549545624109844390780288481146048385232211704030145273332190668622742064779012794704004158239460418551978186281213956
222 -90216557135615128308140442871192857650337722463524328870933500303616232938051625485870550822935603029044185102502322800985484808701772721093511236752393040970878937873505882396234065166671307799821292681817967441
223 5620961713576862694977459662434800190952081746762655834993994173695789001418210991304671538663035699037515176876900945807866576750016643687182170218642835368597033046239591389251239601786612214277273343904553170689
224 -3921134403854864775805047654597719167212861868559979910664106621840819306581193554326995127539615350563699046479825920409847102626396260438485136620081163858003019413219053290835343772771426371362171855858838057313
225 16221077375637885561435270425453896341916264743744295034176288626155952271383168156344730501869685589684264901756460566844890555941719221109784688910881813134281112468875410213014509259293301564426117474717375543684
226 1164396454329581114097246403249163337456943629892940188679154262280785723067410973744537972570064332655858959243572324277103442813346184847113357170864300665078377545718053874863651892383158700693504592240798040748099
227 30951096438610495497997291792148409692831866575524590687623808179018503290702931707369851653565084517179062747455594210124208377552522071461079605856152143103058645343622770339192124075411385790777828359096317659328721
228 -144275319508427074864141057212562211812630183244747239353289318747097100097362791256763128963441976252706978605607421480648095810416757122941649165581835381029085311304705657088922485794787841878744460920866677455191861
229 1060792217898052747592648872764380782485883082048007898264433885643572177515837286794060595789235755945244679237771256767443225650724812191932621729631670515575753948939763650219101351561518138103873088321105975965262244
230 13424591511373971240572560701316322267588999598005516367656309422251941485169684124749503190630336446340128244821605516592546300022482221167570041776907288966667220373030874462002262860113120679046607664754658963109734167
231 102626574167497203744088286106150270297021698838696668480408828499473173718077654065864330152363973425974256638552926986524762922457139118352768797266070391579075249744660865450619589220810358688393695866651500814934638849
232 -1013399989365809762939964386020562379365327309040018752280889955349079383095976608777804576702886314971648237112564113087979603191138060806845065924046042254201585446992333855291909948276912588574362310952373937830507388361
233 15363025348777529810660736465515840246050024007230842132757154797913423630260292530185888909548950063257544840251473855379098417466241975676942888400015520894699042847825128055943896927379421958408061459664781563677669006436
234 59877653541283600079838229597665716989686360757328544944816887361570601847814287339077977764895764561423061204159806716481325791458651024718952580812433446203127842393425175527422005823227053156632104510591277466291112831019
235 105480742393292390253061865681126844545647874922408586381686428805659365249953917725815276218341805351310824164435754452158274934477953955218904396222036363976487659175503066997248278343108872029929231790166231124537320335249
236 -2093220086798327757007275184578284909478296195958404528228346557743998037288183421314208925927144513438782852111798634636039389015906232655256599270949199915840062871723373202433391679546326267231896136387801103972543498292253
237 128570049407898570541641779078206259796905773180649621908053750365234839585982342073667717635085467136688954935484891879826371829492241465046389324059527068823294092546943914855666204345447257760791677643843410154257680901645764
238 -87247152211805847600756447441855172385500968318905522261605000548641005279434759719816108930118012325434408152169891209972227721437899405513584389151792652826072594671650089080140594992429060744806401781370410276344640533646721
239 362844451566956569583007530697929605935031613151021757150680376879439752441315264572534770988617811857522305867319792178422590689707834141942431136432410422621845540098703061301089430005843841784456948711114725826363827407465601
240 26471701212407482163435173812528982459370242716243298359900511845459957893445246346335676666805224952185277882922314958502999678663294105656121868632859427960433251323437964586866009678398089508050205210920442943510175410207893199
241 709393211998967498047325928310834264837115493237943586686378588586706265239312298810770769443216614081634373558724071037497825076899540422158471538537938567192252015233132538158596375219340084455036102000410829318508279221964747204
242 -3292439811349834229752972324963219653046783583431182428987084320837520216804634508043295302663058564151875419020271327712810167004486881426219165643172564887031392399581246595227634969300794000628655158706813407929388423349096270573
243 24127212884950163192998998024021385073562835387671412133221717073985111440462267299246341083153448604712735558943400513888843181420027915742744438695869758990127871615706477692251574763272498449070709163659100861561623597924124286929
244 307015380802470307069635784060627415428902240719680354092807052624215167914582376896012739577897469454886202987106305403332103490945212061018182603803003766658180728405785517248806816017946058829466256782345731405320448942594068225019
245 2359516841837998235969999246116790782293547907223723348886286389269162584332096904307388381942523352384850677207795498284744322256303286883613991680747488849317471420857116617009569823688848802587942566674304981368329175039827241839716
246 -23222547994894402450757573048767918508979780054181343780965569454120444373073820019545799497600703301012931011925520407762739603961562531871230714370383351708281420813592126607037282105037615150977466993947074015752068100025313329623321
247 350661819097736010002858712266319264102529209188413944855999448589143808057492905942846569460211369602955111817752175353355260060209301990442960283397308115964605204928493214155625118831795845989009857996035673791037910283481910869940609
248 1376164093809575073126725285898339629682020286548653388818066068034109161781202748038947142279117384854379549942721509782098051174296593320859388234524461636364763679714091705958021667441747720062582070367302462549494477091336064500655207
249 2452028073715019739646810242378100206990437935545479951737816224723515091802159110672147567585798306051297445525591613002687661942873231633675095023282221841429694929783326279687621541423358804612463592442053151455959744662760756909799844
250 -48556820301695786197081454968191272596158624900619598220522544744495702088318268065446292268992923830793573922394001032854980929855490853238325965256486228351221095280279446401099555555343374123573821326339406914876874851068984661437051141
251 2940796642701331430110140823683147822178303213929425983059355967214406701435593718517420385402852523980981758507289795794183553554927290008208008068381609032430842562884327476409853647127912303328465554416353681268543439351793640761640827281
252 -1939716855437037270010552175423080511304575864555253543839039939675417705552004092328373529220322282733722434504671674883518097995658284205362855279268003456910934591683356508230045049005174169288823050034318047215209535940184158618989346541
253 8114213835642958864010539292241065182127172285534158315258667511896045862906863441228855612658004495760334327256436937799692320716645373120776106821725133343468331930231289119994409129368100578179747720415615075143282576746758930255549592964
254 601779958893233494660592043658072694153864814198032201325348247261247286412048754257335658843029626532960113942509105309555172188147984982079633528820934648921358056519683498039200761153363306340936007027123283661927768145130495522060937131087
255 16258978676028901458826846864715763999033705549682932921347192571393897885871886044249059489788612484101654793016778306305157742370692725732996641710885165146054183021299931071901712138315102965924739806206084320857474543361976427556329170987009
256 -75133391709889688691907205551127782111794940625565682892372903055931688250032419271804547465867790976796223742821178516284292898520091804712240801720579088061725634395839288663225985561868095001072688994684838706862464383885504081521707718483201
257 548747630496619860144433792646120310012968339667814777505316561881920830704165404504497465003261930400547525409787146934336828699262224646088176507077637778363918273689982095933888307158946199152191347049174149241929531400599782216641235383841796
258 7021196879345389590550307612024041241978554285379300429390833995884983038355281337001084672347580102929497358875089823441515278457494474020562681468610394625438912412966892714195797698105525217253731451119030587096011713247082414781927518381485539
259 54247152662039804972983777232738561225524364207269239922266773887253564882773815144249067244171601819990991168808661334625967934743627332725174220633208365489506739606629347379078723225018026910069740829764109139738405165630694359656332316531266769
260 -532144561375840632712741735734560642893382320221041417234203146449239716991408372359848726239188118428946590419113361977119984947603870876285139594328398218541099325022064763353160772651990110417006879369251238960293081311401240279297493342728606933
261 8003779238099591660596896722785227287969666145907591763271824762970975942642773861581754206683769952422935820165596021739714823106503148990787393236079742196652272715569504824234322728063996624695763935629202459236579775856994834629917634679901765924
262 31627033235487631272459725174756119273812524085898456798960397534587624966096621512473797495648992235305770029611086517059736060390543903888718627656393340769495797111745672351722844109920205170481272337118721206265857020850473357393207579937449990839
263 56992597787920270338979339346975574807959385468682236750268893886366471026276202466931952904916960228759117644316551667655156255267109150538608322386505700091354348804963475420820036300417658099932251319970033817625289863407090413639978165967772661761
264 -1126146385194303774550821347359941035953147113570921954174611196196331461869476409768206941509439621342323844583415863558837243575790413148446118759444807040498233706845101250991447410678642840444283625677675917296332218560065572706937452849225308575081
265 67264539890246628515656475744254623024896825841414497378388055855844289496172450314952227504680246627455246784034130984396972412271465037982285397420369859123545134378437523997725382553156599691641973921600366675066666458393558768630038668431470517559524
266 -43087592819665997694188340157023507306324491946225169748485933579765013969616377917182371908574853339861875855099622558838690730156958233740749577174654880875919803650778573654902258246104611418662218454895245909045784004030382082643966815982714337932853
267 181407376562254461516330689538979879891499831047946121159883919539899078636153319289370981594401152105423148639732645933776976192879242211550265033816365940681627376094666851534380330091578420164356480010337378309611023996474202977420029287696413807219089
268 13679434984931062728179436522954005203611974036287693724618570360889822760889625900397832041895361943246820619156336374399980001703676802793104423448216991600593202683624381061370616165393848943279628762485937596101920150561026006596235783277243542899302979
269 372644526206612095525587369055362944484651042809792787402620310546791227814673236469643147992247397867631343896370310181964880193527520435297353935677590497903408799539578812839405438597947160704097917070290195696173884013970191259820095322091504448620580676
270 -1714499811310106547442628032581053528290553217638819945074495062473075866435232325943449936024563230951202042911516487053856430368177010236220187847596770100259697760056401413210296243794809590200982984040379180621630953131466460118823358078814968492120786401
271 12480349977983042035709295217826558791100622849818067048004395442921883895200970023360260335913216152380459330478004823492529982826180033199827873474478562616443145924277014329642333958497691433124874520554784042712903869748505512347326638253662952857021753729
272 160566199515142853367038409729732586989522608123184153453653838983270949365347084055233514632710762009233108182796684157424770042576019991362589303505376752746423870160975042185050638932893157252485871359225123802733421049363211548070307305424990514887307969327
273 1247157999516536023903813606897044587639565816867336202129840101323136867505667494650716856174333642544407352669567526668723015340140630294000241095337810733274427578877002364419000543920040385144524461632190624230254740003610445584899648169006348836403263144004
274 -12193831867205247533816525298776665501355981125056588744599698386671707847659114981549118106118611895077197191145856215423664386570489554579097385843702597273174008039772306486944639628664655237554287860157940271140558789711477441178664814236943606896742483944781
275 182682352317274013422475231871700072418440436049794358599339475878277099221422479483358799229399345647068509483075740175634772257399155893341939155576606306309020846500426630632518318630619357392754875490380639300887225868259534972800248897487753988105377444057041
276 726824617593113878996073687384617659959715412362050725902133126884828646972188568819784153988102027138692367119965962694991084189950207805218269912881802327114118161680599495317800143746327659949366225595183242316787607793003675445195776647700403838748775069183579
277 1324503639481037135892072128509399277224991790500055165315046119960153057174376903102302411024964666174075282453911277896260105638023228454434949161624525396048668093403387229911798753986726030168170823696897068458009870125154740759856085233279310726102144412966884
278 -26112663287860997264056535872880475999721858043363127228392815410231907269448077653744722588018683318647594828407067924074036251443748371968409458760210399049366584856421423455555040383295035339013786286400507259297784518481533123425363544355671955607793722939094393
279 1538520742805247687915814014514362200963222926701457730876128695988988158688534294802906037988308896857943196978957174901812997064114722632980820086552659525875926397699499053885140096642483907033514540330828774000951411920510132294487318827694772582145159424630103169
280 -956247476000714559540985225489926971036301546176398237298544395597502291445109862579874336465209635534411775726664764327027210659476051102649287919426786806988207869748885464269050847158580617431779008315523192982966955031593278575826413109634244067292829679805680441
281 4054555377370979773197508514296602318108495316126801666826922982533435418600349151760413346077578321663934306682880944185483650261200133782380188488817489059433369346334624272927681929353640503820018050743670086072388394029496636438903639282844820326202321980431864356
282 310937315327760328742458774783498140805475136364259620391072743663766878145834877422880778023911188041670988925271828241595724602005936529471530495162051301983172512226318237075178043639951497004309187039140114303765939660369957494864466528524163334567487749455027656859
283 8540661150009957248154541437036001498682043375670072661829261015555093054143918403034464118130921998205131944342411327922455359075962708519842669321329515015875083696602501453816519525032150805981755752259777614478697161538750925746105674866887254495381563170920955801489
284 -39122908347812319771250577053951317700630195464718555742180870795394751675120526295354038069942793035342688722547039404523350262756044362018361474254300341848893554951620025081906751763225471131659239234156309019188580998451730293514215016752217571521344955891228968528013
285 283837261388374623889507804607958676232604563810002285711482493817041345001169496251129596323133388435309228288122611843171374051437834961368418194124837534957064450049108678994663214330735404901596271968235852545895428696994314834068593999585444072645459288901958296974084
286 3671884892915163169723312228522361082467286168163001768972578864949659257052774208350168773596766478418629195153159287967299589248621527284818063662369631317626864170219649708508142613109197013376976352023022826854524495662265331729269627552176729804019076435944992948437999
287 28671915928863485220363510488823534567979558584550527597904863925550428957288101289213735650008448373098322760112682803564465768769946848165466381109371111989607455648205525077919826580014100737880800570617665498959533850708322881804515157165221864355206364511874233416741121
288 -279409792695617192760428549313290122606389068107779814045547820994065285789239261395306797168233240744236481783730130510148038956356335924380967662123501629502931554814489872879798623195420447858222278780061789245864296435848935976726600897706503064635240904045615707959654561
289 4169586148056107545371128065327222355907075534073356825882343478153559006994728953990343152794363463508645633162916587645044607893462353719343115046754826131776130067181328039959818048653016615326402593559301981437943030018949411013513808149011371275670002775914388933579495044
290 16702592951143724586467916668405146838464939394418398244420891932198817339705680582729335062993668283753900191024720966128161082567819204443929962981224086832478151182104399702928675301921943782534110856265968462903652063593821811126345704695317923192576011494424794627407854467
291 30777295771318457730554475666044623222184068228641758841412750484663942434230989535534577065223186639749874767071865724385850956768891613538471552005672990474952088019564132411462527068468514705035470794018609771398861294906963926554622436522841966322386858673928177558678999249
292 -605370920991039387923144121542654943995362475729942783732610968558964991533830571063875022976297276905133870906555874777630234462247683848950245764066422486373076141449374300663227827295450233852183813938845996341817552369093115481143244395664050179044282106742735355678253177461
293 35189778517530845922888152723345793228750412845766626300736868420433777429092379460190446077798956315637023144700128823675182800989970660388244468883940708329798414919576015976578168324216952734106314589528138067562397698035097814389173081169602814770242644363938880675208224540836
294 -21201557887762226375036959516178546583845545910207464456684270557547551801869706927961413993762055181559794000956036541232850631239299958409888605566113550697420033254178318554083775870774139014787464492889503619205498543351470042553040486739029567926026023830481715621397969248681
295 90595890705572544983217057529812757441634413152446975655880184346965676261507245029792508655657230552374730176858553754674774686549648143005586647416153807710964112683476273553054927535592605270780026134928010372221036161704301076446628568787332154734936872496923380208330761570049
296 7067266064235494474919144670803426888795022906154444414745564066117311872526439588232450468836746490282313251157494429436028160467744847660806298870692376334917077419159379295547669052018473280463147819214636110402667748422934556884524737543850150141909334381589417149329122607629047
297 195741767840942940854880616451416192725485410181549839016186633781351359438363558240720216707113060546939882591437811655029318110902684925639242856661344691586174999836346948428615542784982712725827800249339370247043638775070662238882080517674917887131892220424369251651391728745336164
298 -892717424076774226091577630551652881627462717581677710252546854525058046016793032727582931237092143535003926228721630950631378436729700731350440494001815938772120465016605429116616028106547972871599027067488838873182215326819450355950113047907348925556106077360264367610059824473244821
299 6455063540038658581875000510000023340054001676613955438665980065022683032717487592138114326141241526645615802980283690124219834456920375033762656803808978819993250487190348439005502264841200317538043753166760131315335430053250517216952797195650530615418969469528342924369733149425882001
300 83968411267759957759425825875400036900225411479645635891726194922862791522805812639834000434577559233368315988549037167262400490933662361274614185233652445927338642945319705092937683453262800846134745109986142955132700340312766124249349701969272108050124344416990431754320360944439566499
301 659147648332511954657497268737405959223710209786102372096470543681876296274439112454292470356240698809658033630121525171593187548397443315063072921563884373625372571479613349234612249292698831599219132226104652575411474876098048536980094841066066773391669111471599277961840305391060984004
302 -6402269025725238135489329743759010831075127185974875383225064546199061722413469557690092451601762094338613374341516805753217997752931138247703430962967342731107559499042728723134784023769307673525111569468182599602425734926401440355016364780193611474744542311319908520241170189519217438273
303 95166513239848817811693164904775808414067847063568849194907040546417614720702397618084754041022863225287673161009596556110896083946085738640305511157363473442863674756910375450966045893557493451615208758035353937432613606546318629137282064959481740274982315525959991896154296897458501107329
304 383814531428111684921849299020315939234589644434376788865243858856160236291237618692802621082593899643308031452991220785561218050912187431841957251275238341012434850495995808462914326333461683983176226475735575613328510366462551750632405863287872974395837353732832421215114959513337750187919
305 715074430662187038921899547126937232260062900413250883699046888703653436629680405349812459357948707751223499548610998444535400029437187070505080801278272966427480761803915844180963638574294611967635672124839160822774707080075022773571476610300242084822159916566182817289035264213173665298116
306 -14031634510721018591644505208163257065566178620237853784985954905387350537765918561144486103099548246967330243082026472145074552176198167005743548138156062129018790299196044883098173664734978215545472058176648003554447266651412705423068886717179169375993311540423613696104466475511725914927021
307 804869939592240353943776048655469471578970903861764714300067922915991288891953093473300064906309622093413546772481224427745722063970609927158812800669263220262732622837575794808165163498612213008778370272314875696431604297889914114666882674773147219152383520936955666088783454728593560485779409
308 -469588502134572050392155490480457345745480578579219459136915541768714131792985906316383025870364531502513778873099534640886267014309929357476523497446053684545841670421605946392847540022535289143980301413510503080099055583254547044131157408323575856116065392939265915961117143942296995403591493
309 2023707766639287340242385203176769274596753130971152258161659414514025150663119150954838151924705965548417497272258322383137672745288895689629019530208399541111979902942397097118884325401955163858845903615877793326980161090332696036852768377108140865160619845250538290539981806206021203198950244
310 160621475336488122337034300280905902086019862399946599717282519232478670120058134001860895099509357647719665440333707741313229120917285859916255849961565761572185167034579718651362858257616344287214966180069521001015190631655082628723903947366654605268837664385852153190464507561407795056760542759
311 4486119097627135128549919075189243414664012943177584786893254929788840787238944276624370045070261891757193154258030233281539615465405611180601553772172251548062195369082415588499637601716627918719085404978402412442274899262860922749135306439423161906401832436011635355675248261591366943609392887681
312 -20369765236622338638584075667969981059122801834333944687325944938397352418834707032929901651792904525379078251102315283452876653773036289033369883427645042965233767187412482308815504595524132233859730304716107655439687928539908980637145452559520591177272793957259890691186928522560127491444075457241
313 146797965612431870430865705280936219722990940047220207023501963403539017807738388297737229734190645819340651806680669295152759121151186219366002426235824787999558763012058825432500584516526452314574458234830729628105990315729555512952917702507084969032513405894744442122691035170654340678355030233764
314 1920148224864162870579993003380593611045552750606706283604497352321720898492165809621556308413883165178656699706908574893363895188524985671961448348838343311249023128448344883015471957918302471275103231381115590406533771832537714045965702275017385446712984001724368063830653930183382070383429095715387
315 15153030563409344377194806522371977736272590123437110573695050025016958627403605081776978496869554544881496132902151909147993800491962514621269158673311775241104230734034704876028010984239767045844953797810816986045171637886549148246778809819701151939614101363622662729318123282257948928259629905067409
316 -146695611112688615296928858036015621483745998753514106312711088698146221959881695361694136291013695525071745751726361359696804972119756815758431653761618996547458630236845056492120380204838329219811381252400493872014138188400163428750681217909523676506008863098175594494398035770256785804616068899488301
317 2172051921689908733152543057587597353516286643860441039419897878835441954787560069385614753376177754838865770215575694949734374523434055406009577798603345653099623058686761921728130770197813371208301992455807843869776897288844486786379705454892712072581362725026815915425699898215106063213382655973464196
318 8819466719118765239476279178078206054557044221282459594926711821346537591135627645880312958984512099923308272975021598640373009597572064106991958832468003030824119268829787470385063994004413552056509361758972716656796098513143918742018485188401390853993405977020057929389192786524320963688267762336637839
319 16611788649542536144665058877300660348722583318602473648987983190550739274850873060828603923734661619151017412511591200816730475670676593696447258906961990352211784573944750506632520905211838712343816894623119364282605949079420335763821115870768023271887623494839165833314472119233920462862754434366509569
320 -325172236480989720000386522425119591410470958485433049341602472968057126027017833030450463806397910248807283977276496520523721979167796891429755909210346206152445340265208555031417528600700100589067894419810376337607469728825539880301479366802218223127113121857798382213076634143896089034401065251606381633
321 18409028821125930015805695544230043363738722832005602765756614505027841348997196304626041650837675810868179334737405118606782974274535373855213258235197568636583422892205530328988696831728083921720249983391703929176838037945669466999057154157802007437408636862886631519082422031598775229115606621845394776324
322 -10389374617913719616147435413303649578020007196960992198440195206518292735496249362174965608163288991270962118306748216683023907011171966457229879155112021786980026844071786558609445688960742629038845337208305048694548621936208428342367293767977664816492220823990036271613305287377240843736169261956149143261
323 45191639181462788829611959681445483243056307391914490418091737297626062491527797698930382503003347927720113708077957862640978357669630804248069067724873535055389335720011082478274473148311011716985166202436944410451551927515435615098220201456100955659638929563673236281792643261180382684641263750182798206161
324 3650303737767176616880061543973542477635021009379231097702522325295093543245716409390330471825616881867985059447696333306877630328951022507426190876975436639465277796714514167118109475737461783804545874520788416260446707693510797692643631015714092825144853432811560481355538368575179403340186101361387244810219
325 102814265768134475210549153215888762135671194131456473883024435219395366071486954523745448526798617834462392651089943227746292827027802780702206942926973206207781197711423168975032941606794830863379790753694324978510413782680162651427312461185657836095715173179180175719274906561908620631496231799608293825804324
326 -464779658845875871662945661673451956853323800150106670450602138743117138676283703705758299531380725680997036221153089613146814174126550014158338630901723774417554602196364076788207410292397988046339833422611419349540285814729112964771698313882556093610143140364289202299853705821494115711914164271068243213356553
327 3338319391089646068032006654411199405724734440437648529091125676777803458723660812168182510599227738202986970184365451980803067927756779055711021521089831832355377846579951609439055929634598118013171872489369916543518508748042723382162752446375068819870396090555362508403450787140939080323808285390311779202559489
328 43908187368007431479439982814313573504821901979378438653761663280233993509502275379030753505933713587489717313252015440693010736834228643395894201767815831273431284296425227760616365632376619491223990196970374425948090879773326149195233090732753026641305515120509575217604953813716388828624506972543901795950209879
329 348343038766636783519858668609993440332374185530337609305481573400747069825900887113505184712423522141305849195139454719811816498375497266016301229060449377924239609887324539723346466417937459202724740318180868610963408705099009958647634441210140781729078813268533130478590246011652811158088559723228297806173807076
330 -3361176014041293402017651004650263442789340236204402178622802206620571505532234825325009808640933242580477173087808833389323319781353087292907693700754901681967391762267738545242560563398563246146666921671921143836087453216467907620636918609598491359454456063664296525480983092907769875793309186208930918485898298101
331 49573670288338749259767154110030530887679639849847634837676863294617268411893615112741448822527789363018374613224510066787877686533714657016420508375662322712544937212523790484939590672816875952027661165908841911793556193808337610932173014636472772596770479903836021890062978021706890789652083164385783439179454000529
332 202650080728532078757971319434227106882107175599140782071598849384988208391861855735630658309145158569229631978573616368454361243708176615444061422511575976582256541022243908268009867342167233455492770881777860391423343907411521647743065808703787130686745100589323969717517429592741174761217750939643374415711824506627
333 385857325884396559388188521506573179028532092337755620493081290597283523767844214003881705661967723896114544574565434924727127461850530817654613914774716317274474985407013383394247074258284244255585855078770786787945214042372915678628504704454673945714261926870317915944122363609371955206315860253833746654028001614404
334 -7534235958240757488026004395886779156646786347737471488509226732570708777414838248444686758642030146537015536242634233926986440495936180126065589316037182645621397637008978011793000775498442626533662875650092992439238429928836218671488785073177219270884098452339850075076814647972333360057890066471136908507947644126881
335 421048420750797957363019023196147012410455987339921831515232834207002912679056603006819726051335977973342018743394399187282424306292895808592873213610619846312144042890611527697695854525207477266967794177824310519855639333293180953880695611342633768433452925049368506109486104580356384533773429211864126089178819414125441
336 -229588729756748375479253185008494291383074372336291833849412947859584153756439251208548482404564983978311347119996898840089043807562664475522910952957021316095461110643631492424634626409186595227573289910430965131999748606916905604804892150221673350886656230924936454355416916954014177039897714210214190899324924545455121
337 1008872383684513901942492205371287346384937770506241199175768677694204170584175300417583290666412404917659881691097922109147251786768668235878314768268951844838341987439031902327261308583853896474285183102908863093394292462733387337138821603104390117611449527337790239606166549514110097609472834429611617037802380076815684
338 82952076666502872698909579852653324588688423588604158178123326979895706737058884424493668254516847452262815612807470439447958431997986291233461330634245067487859312050386102629370533543786524975913062454063181032665806635372962649005152172797480044865722379660842478678469850780632549023164883000808401128022083476752913907
339 2356303633438787433807851459836555099662131941945851949691739522206058017321968517238199841305668906865072846057301776085779301951945440945174572683204221635287610417355221219161518748408163701591189701853472944487341704575603632226433850158157277809541718503785857442659303847936087449472501077651697528907632624716337903569
340 -10604671537375393322521418511646654344184158887037796372120007388158041550814599198796788972103108868148670331015591030869577714650287356896179535510248762998325139212423504762090070113522159395195198763190886868538157418154470729081627319830827687695228115899384493810030707821837065141823304015184811258200753357663194381541
341 75914370698802599755177069278287310823103261503150381245984205788470048749268249494762868372938225835792600066387278012817564509541486218239957236361103046913351335733606604611445494767894137087744412374218203179492110975326716568923146391847662188879055234956514180094003121671635282801214389419693848817667189892804709334756
342 1004033469447882077310581349287153071624502450342686388522853930355978334517088142315228232509168858615409535092646476953740291066603166050059472394205037509967625378651248475913850165993451881331533416664760952051250625715870718505794785289576575829139300388355348593655042651016481356565217588848678523896357100527850511561159
343 8007660683090728607474048433065509714869570390335743063269204890006827851117152731928756601808410990199935615362319551082093656293608270206690312292362148897794165328837396972346141127550974876770417567927744835170083417375004040792006098104175425578592103998517040312217572607967535223777458714158194543920505160769615959452289
344 -77011636582670827698281850141010649304985091292177230726857305358267926224600283434717589500370156073926366081733092881710783109903526894712849037071193342423262066910371662739349174220225086882528179747759690255003740534005642448341481806868119612085946188284019230786024753029333293663019070328279517823812993897437956350638713
345 1131427576586640960835472509267923238736659657801908964143736269046560675125886676784143484729299034195733402732516761101951027492295224456943024631772402613721057004072684090009178041834932190514220635577666940545267904977083269997948201138207800638220399475512899403085087312334272224637974389082701255130386109047467089093704484
346 4656235348022386534714425887914543495599462751959510291022721945241543376025026079738555633561385905417547488190178025436284284357931554173635761034014976890898671659583421509474208497069824891432923496435418170822290762642996013341336757517833549349565193641467365571788879108963526694376391667492629806992698172462714420840487899
347 8961550096883376080536208771997184882046230744489346318516598566289815930309042922381850532099510317079445009149944379230185613901894930244589006803061508409695922405208056770117065502229718450819885439158121537640542317807589305008364874164890015507035454764378608426631957463516904678880161167258831399776231647188694768997573521
348 -174537013192365133539878960860352480267514377818113691690406623549669468940051348026647017788033748189931045413515169316793057532180966953139818578742087106432183641300231061150364508513297639112939443154519725176974909702266397844266704462741965430140625330322785200294067945283219157655885063030082035378896880218465873826170637261
349 9630064635513665115448524964432566382995507457745660814800042065671422519093256328322645499734954989473216423155720827098429029637642659026820445499047934487003759186626833128221318719582803923239826575488227184971824570460039634156198074954527311697185665019966700230077126468662219345451241119159543133891684990212214539200795747844
350 -5067156192289568557439019964995857755570975954161748032600711644478023624852699297274198914743325689714596439642543304635674789973967751774810715647827545842087373128693093595707063706333665802202252359552898742926712877169802758269571614514178964481965937254540746273572915822559701624044286528027166998360148197631851736513528065233
351 22515362680483801427233362294302757426714565318172757218498503741246668881591791042210483236755255535678965749624043432030996332279570351616690116713760517560336939634067571038848220827155410892045898222463639422826578912280491561695756151524162450303960760702668630086145921936610211013803123108747281344609859436949490205767905659649
352 1884942147629384650541242777094167855348524322172259143940461757203172834944170991804864125259814972572468669145884348364287769804838615938672714179709655198246313347360007657180772841480461017341524531031527133353432462623361038963591303699120164001519669631410742655071025499096917330490727731632334615881524067967604951704480648593439
353 54001326876785798007682558714606738704634430932431837667578598391246632153541896230588580174344942272176369029296962922433683152281653470545239414330518752523410101740322059200527892112408824751096874273157010834478156184091859790165109151877579051546999505999887347796614300037995808477352333221195621930468560932879199822248115214095236
354 -241955941776278299673664035465410684146583377801894606173414147452242920899190404714094143208302026145362958454804388239471352094487235507651683164872213130674026493617205730866958789878892127203613603799576392817258976355899635791677670977244015758255693251858926591339457822156335727896291684907934611242461581598607743705588917058648381
355 1726268317483688046634096891653073513195929654643921847440934882189119076650796761229095529933739387264521376905767430785470012730802914671693795909473763562641282159952582737980288737002204529295821501490104300728713207557039824927200122417641026005959432518982995867596046944158843721125724815397105773417445412181760584414650627411824849
356 22958462068740239060153855317435124586459505081304420257925095939017449481213093211026031382582449782175024996135293473344725348105590224943514064338268069322713806196083026467812932709364945836949843706640303829387940160689475048944817419107698904691360662319717399775639843735250141667508921349318705826600711503461274492882884355141110347
357 184075132228116495393522698966001252631775466614653753505096616514372649263198317197421046594057510647951458677319578051119775691083703215994114194650864203676853868801946267742517121391293466630176409648559181494667513741757309890990446072410939432759576495984099074197042713229637156911474466956818838136843829828826423101627537372112326564
358 -1764462528041912978623553139656968690937354200112214846553293785662381820237523363480628908267368074657827279013781255869158359731485420676050360148660547770763927880005635064082571555171870845611768326640463645816603119589605846716746143908026052695023053273232323001465234414178801972728732772319572066321913442636880669508532231028810082921
359 25822438253449966643950371387612670449840790910910262790840879988933991174769013204719045572921450147898541968681700222223793205238950838746882992402298408278104436979002336175790350821993189750328707538789887341069192445203551594072465422605141427525192904441565165420465911027562427445493702120277959932498143646993506808072706221629942918401
360 106981059461114586405369313652225576465092900377945066284534338250814259708439306510630028705912285879192443736368402878282377511876093952848956805581063171705208188028321982700734795548949733823090251130240658864609780065798807824517989923806191179793348472412253298285951209723128908537868951785777492754672094450775155800441101476125447119799
361 208106845618634175581393956058174056793004474110605401325534361392930203225129363322035605601334927655303707035955013178660029708694524689701239320614049875775492847974455771092962467376791345290013481351723933083495026649442184560490606359662967825974718239975388180188256452413201913180598752329037076508844034289480201847249423940592719240804
362 -4042596034839738562434787643935562582663582548243738069305852856887994794853747962755577923920991800532092007900368000471679118535633872060381280679473369144978264631418037818861528176664016520112364673927054214030294821979221982071055078695144980517782624446511710337135473628149700903455651241534801615044051692672598674218920847734292325445973
363 220253264785645311396037194873190067926749859081911387924119550628211715422608822796628099000337182247349053658705469692460514007563146381982886440877637800925043722466082801319844678207613097791037350223906641173009719662216203672137494687806118770316966048888725960316866928714729656449976324955874809229810285840665943343983625789315869656227729
364 -111683710037770971290149070857659870118591467336111821774175276157945117898423087453929241447025704775696190200859363215545527549216507103826338622214243574391044285466787006945737879803712791676889895272159047562281723002739568754288490400601253175027896158306084180832346737283592437012433111402405094166972064561336390770731623015652379037889181
365 502322738966867416921250832493197190310267478353158190738435724099085221421151762638785326788059936076834572106619062174546530710065430356871650731256383929554227976848108088612743138434837830638931877884931349864122239536680525727510984430926770918570140685033064424312644077896884407708009857383156912368141218792703196955799607870927633645976516
366 42829294250098086516496406077079567142170119330099491451745290913102121062205211151913016010111380100542699433159781480564333718897903871746807021381304336821294859924884649143628216818434679973283149335370623642345895885405652462494311969806629180731244638106251621923468466117694683431387762060460977144681944581580032954077156642269939286782849279
367 1237578971205988747305406112296799969180301712699122420108334418544114362439826561425951819271930403975360777697049027048139346602084039623562756139475549346481334074909191672634568993390007870210551131409389446756553908909290282166527383877674622500415597339042753263355409711946678592650715291699271464267958558156416131853850896377550292859102638209
368 -5520320138956505288773807233356510394908758805002296089294448486440631756550406951394070584342325845645891413333489814105198516708684462166829217421322781084329407992085569222398733426099303649907265200083475540726370414648250948927282762073423038305403690468866518490385369109865773801744039616916122840294060193323756751448494691165715877002705078193
369 39253711383219418308860391214387688099323818808436490476978144987421712388100292933469170053701851775759511897269256123050837979746397991684717245060606864429222456340105340381518683684841021917794833235797018809484057939064596122855487695362350551775276717656393535152660517256677631237718046049544740458100565354225883358141978743999480041279715400644
370 524963740712756226526242935798331477636900632605552465622088625339469220167231024535833007271638808624639495365728186565376389909778784173826264876230388284427577990877324923438870349664748397581749976422820767228618657634498152736958102428818469537811242737839394808156387283842208157061294677191069463636674549825521889499780000180261446381812667296659
371 4231316942209559551403084215978469319293919153775988402911026309103292762176446119120658987829666571994515263087375220431252374003544481532837517081668945053230992712534182442342736136916673663554472142658675016059931551469827622894314140994360255663030967478189172937364434393116814906371095484193818422260102398125261495624683450474369741772445294768081
372 -40425885712368777873186519368504331033991125840790595338964062780025521189688509574135121957789266185914672760515288568200745458702023733102068176428337922832141140832016019153916981042415734799893929579984148992672607724129555823683980752643767998198687826558318414175414136711133049017706378943309459735785155346129027820714306357579909302729901407287941
373 589335395225710732411681815430274344509983883529513194236866574992563967071262912182641606909505888238800045098540676143321480150692538228171412370454639133003228368419748490053006001117283364818714611540994764961787780108298439943565202966784638093243184497836835558680931680530469577509353091314207387307020984817061224193555468028104934389463122576894564
374 2457892211189447967246551926028779506186999322230397192542229695031468540177319645844127445128010639757282493940689498901874342772436862068427829905589759199363267363328209973789450868042283044250652123367558699143233714982972770150679079850512149099428859074550219133296406990536697438105976948672574370504410959129588944816232147023971408487492695330659687
375 4832114642271644316856995561524215924126281506586518251505968493172560786471307302154354324314677575590530690946557329544907926128052205538165540787689424699181744104050740903183786464398465654412650050598467710170351146643671866333268995805368209591055885521303120916028245796685524966539982899473080232036497665435679879617184270610563627734554741689447809
376 -93618026674807851592019827623444891989286124404210894092222319574846962340342356977342071823634177958777076133599858543708563090231804149107793860669779731405359010047061554504410514114883688438491138037387568533987143109500008682808547940079011932335022594835204878056383269656613891358301082259142492767157595806967434411463329453418040703963050385060133401
377 5037458711200500663109006525565134102291736537856628334140653298015795844333376959993177162449280291851234928462708207995373770687890503221634428894643088257849315991108556092763196511035730616666762406441105945572645921383029276729785510296955994567323574209802568611919161699520756433418406492518998735233424215370595247700229959181835373695067382054379506596
378 -2457998903092021780669732353651868109657128390138845442805110371173808590413410077691377681234287825466077327239284454913747351756114846261217088352786569321839981703925398680388652084452400541308822427955967619116633510016283077268557443647674468120439445542184075537325768895045643753101356750405956500874431315031987642865653016425242468307834217845678729861
379 11203259137674601569763253143771708112292342218305198333471069226149989883420963859541398175908277216670008504971146290637555869115505361269847255662167959763355030627130562127914424757505620269765557969686844917882373545716260610856838123484118829532128126347399697989096216883493403517784704153104537749330125401593997512316839322269432646713722206847698772369
380 973095712864849494273023012670594680351647007176299110788616752921946974115344075471282474695069864105583686289484202322678995791403634576433930419361263938739197793691879066440180587437802358876028431144871109542518138403806886249116269807418869633634242293872654233377492890893707729154611486261503544172987958084183533031996244941961165431645369381848629803667
381 28361992108125271816629106480967260856200585797767156133673503516333534654915965067458099095329539282962608566460363579974877184348653843142773429674005397844516416970823891086412686683791641365062455957422878162138268079333551822592645042086806274150650620859356395255198099224986063467034879465239606618891228698639377291744752205102398665355017329549389515086724
382 -125945043275081271260887245877596916663880043680038705224893716781332900059137851499074112338902037736532284854247748230422037010673061141839508524544111853735330757919559802958236419439826944444372966997332078444183415747738972122411970004110762781172396172703137798472719592350086859792475275354766036847019098022365924897829902320760314318452523626464401804717361
383 892567767270819382087225143491946520014203862339576139060990380264812503475047830331443084588944993734910179575899565287109146736373852845414095398448980915100195472779011647480810728923150116643256905519381942774735792667233705502193266362226068526547371830992580584011646345022508963896180666916310167873479443268597381971997175437646422468751925584704314920770561
384 12003495346055588072164233911997378135139330363201952496950368134153709311463353839697736085005344131136979022974865390202520512170867680252585227102011077943290413931843312676988492404035312612292830644868984103142317193102512949191695774393696162384895577524559634151827329625959065118717984240434116626345814318275096874860238375766798684097043180949493803346875519
385 97262854816061224211719164309295284937877587814009960912364819796897624005889567563101631426631470484333298419870713460748347166369975333893394801730812862874463390452264922551531067817711778547026609650039973793304481393829954743602082742224864174062980053404182125956884262589869159359581917994756396582727906459426007244799477362683301067827478320401103210368069124
386 -926184891596307637793296930948703837498625266442751119574226071784116402185646216910444217355243973556610616425610870829769009949920727165268427727359699507362895331338891783631330743044451058895222237681375912386490919472051494486842647864508925100922663029480419490387276879981103620234395417500761059693196588343421310474932813735444185634801296905393155047893220253
387 13450009179571087052428683677732626983592835644258396135687981447519702260956500326508441438950775496609569357343776917593415797480392885581673204399714151067050057936175895860991193703550033437260174636775719425509115984143140515285370042964158492619074125819021320638441573988427832891525049919541609037126728819780084052472721956736617694004128562010453622671136199889
388 56468061207590201776351813221895962330150142387673653125345641152298507926593283126668009280145557294875430628401095316027538372335363315991978773178221445689054312568654225936452789821614168549449184840495478507710931138973930735432310612421262543327408918165505485926403314801323702310313036353622875529751814155936600733382166821968884936320289037977771793233559876779
389 112185440740613210302653978518322471807259697769573378302593770820197565088118945995853840246447801235867208697269447603014593045437639300159677617778434770177558967128892315218233015919148161767192841543164558413803919960077925917307004513951391940018633636171161069812026678532959172361020703278858632519674843033279126005722472038405682415059308910893168754773258653476
390 -2167637862544795047785543566442364622373440415469463260773966351259994442542594507344104844833495654546890617378126992625906128079533153203502746564813342602793973366109047994316946308841025210808027885284832500958029023634064032044942736774461273738648109915742768668823960351437239684947834973406446514696702050645556489047762165089207898752830890548470191542872323929801
391 115211713508604307717664755359267515923815002457463453701956699415561460872522200404638738667057181214982586546646983209226947992223648049496770002835521663965344920855930213924641711026558860835117653221345360191095767755526954607247152437410178029066418268647193736824265682339452849889628616194312094623014863775682816062080399468823699004740184705849265045524487303267329
392 -54011821651459236877954885848274173981592783546985202082393664316271321895159732521829501541344635847831670215733045445074384561280478348511971732359562885157965233311019369198792592928820879074964030486905289349219181752234610876609750359024557580928505864385437267514833937101647816855579925398778495204983153282848790010747120415913500849284106358095512770146027057796073
393 249781295840486624825016180924484295804807316642005646882127289808163312739986714386625082296269975226658877095203881892882697718469523204460641892683039064461577945957408406783306585096322437352607320480038094839442842209572969067328811337207860150854291131760079800397079632395670739359878004424016798019787793863579203315058679218730326526423342659047789220760825303384804
394 22107597977269448892702364673276383688704688963754987957967468220792436534215283510871779111988881823265573192114915833599430252276766857050929393136236522049994183318450291793737203299913814753056219406441958283771628959889347302231892848394825823814832105357462146293319758682620310833857414368741355882852602533581419466211447145873664147712803001170457791154105267741651019
395 649973830205802274616331618204207804851295413399174562431972484743857090353725269474274889447210976643740996414193686777136184170017412439626711574774413174285470556869186690764216652736659462106693699281721761329545801516730946045199436631944918097224605939103507847455921911477735012129215797546711996843775569434286270354981645316701658304081089390372250661542427359044413841
396 -2873337742826115485178283236247825163057654335856458331000665528656639591041288387511556390737614590399150097763353200540383779725846742684848644861879440129777740868740144520572353479581423166335369029315940306010430776667433424164419783760084447988493560405956619446659859306338654055353722607294852251856585501214116330806359426248746486493916216355422178223571285564081013821
397 20295027797949196127425630262178390432146277372170648471577758966594667296137958240659329160180683379796754997920278201346953900371937974168361974281551812965241491773565029180365542292314740156802147834620485648225315377410890472631556749103682129319734847875122096756080278506671592652524852271677582525278412941275788383228046574612142802174476588986929582305627023820126684484
398 274459360123748006651009137870816120424826068743846440333872608187250204191041629461857490293932676555830488559983604494650169954785757082876754401467550437777538330083708735544853817168153243690162022754461596377697235787611272278061839450653877176270946376019357297381868522008771632700705004991736392823665557954433291179915171508239876554968067097212264452879323030702855682207
399 2235679430809615279955951427010247573099364927519106043536465408370694325549247537619543317888433384246938091558263923991105479889166870054992876100975784483328830961812092111259167662548228650228709704471165431424981488960578218461034136001307737782534940490850741096913035157916608969842358702973499710395815576847245363898113434785326212289174905002226493034425477257116728003969
400 -21219097647385065272792617816117172687203335939047357179050034261822317455070184790967872103284681449542427538332245907473466834617440055344714183675471357224048838352417387190073446127016656184437299120809508723409360099276215056654270358545552004483051921075344785228217467304392749117127156702331987727824113987881443265847090844584996279138753500685065698795529957896681397922641
401 306956900651979291038136992084765533391768715868007300006396538679785948108139371126479173888318376657105297988118616765197886944160630564749548074038633215601067199883151335529204744250425285862140583798628598458017638983483764835644761247063322673510774647040326982081237977630685324856752604181127161134515764036472606988040092523039974045431408642580281467422239396818302009625156
402 1297260394746308858190451247582682646224403210072537653110766819909509758742822848582062333261071200750390585154455473401726392780796895859573885188590219732452701415773725515840937240104178371076692640346165739783695010491809840855159743711910504501011901303937335415197310853541790688951239340789687734946250916491653893382251823043847626677112522875209924948806135448474047965745459
403 2604263528803889270644384149861539791553439604911360413187471163851655579514581827719983814157489841390851955676300037677334228013585673060825323833288523324717830651171000829023853528408818086086108894508372610059890834937620649546222395288179200134655316916310660262114720850300457981381559315494816636306929401654573640872057519805595977679870325996807034593889308131521887644123089
404 -50181517968467680041013516655526896348021781574500786902424680914972199953736653479440891786465600319109158353552633717718637444071322592381117478439404506191109978272753447958704957015853760951104005958909011274130659920452989778144654759521566955734433936199513834736472581632980613629409668631294237819898621933291319166586003133079592907429066621785932992728223721717084351228389413
405 2634982664949310918718977075907043427352188311171501242559554863588645567185123630819181623003706339566831043104300352849497237277901381763348193628628321745637717070235056771374395820884209136574768809610595979269493552451795328636315654542727731342169784226505337342904821414314389054122994056973411081605737712519757912570724650242190272385176196002680974362083395454698808430965734884
406 -1184823826534251132599577203683053975067129351408804654305737691840352333866109301548540767701910501533375509579697838201805796200395335247021108870187373760720117161069409707461465508008865193772995543310477772697746615450627858241583483603696044493911729770003837787584559591672519120315269694752182507277153460841208596159397753561063714143891535803506100650796391306743913423911102201
407 5567056496835793701807733825583064055891577423320399331760352456941128807648932850526127936680078352107514412959942575467374522919608422008677322136588436570434522586238458130450958958789097689745244699424824132575596415601471826520230927815540216401163858039287110675455805416425662481176756811430888926271224141234104632425295386570981964126177766620433066929748830041555428730737825921
408 502225218065117114108627954514637847299171794215985142395446034491824044640918141504698643095479736917548012356294714199415626515809666474677593671088289534185009672963669189346437187150310843891050732419731777783442265593883733237678268483360623292684733601825570586693342308478173597588586211323740140398819263787140800091242838576050511330650270332849397060306148968970401788300483860039
409 14895337472674863114318433762974251049739270422875826374856396309881533231565304162084128847409979343730972759278313658670503789748144211230582284439136551737915705045771041974384147407625180446720404674143598310499308231854690792161880886833796633749209619457317992516847766757702115998764471781407882412462170355381016878855908203781023688413919083041856307937546530919012247013017054020644
410 -65551252711615876978873855325772608575263646280940663452835176039641758855078505532226025915047806789401533085666630756672633642437417510747223180681590912746926723558919304553925154125899218671748783173620794889712655232735455674777997962646801252807416246845538125932885681556849947299545102385996991067982208656343387213919645770989235625776867102189208444434822626106131845117589902024933
411 461451439175301095364251420195483580096690885924146979963144891803908771990956148408728389415684655987069090409536193664942641805747552837583364982697126192402270930964216559357835006868912858050114120471402546694514403066121408921918985956593806317867554746969400106961851173511496806355883043452677832006411777683044128578583625813889520840870008323396699777404564844273582727782087254620049
412 6275383240170684653248874867992261935858626215166258344857414269486839235952397881292671986247537237336591321437678470611838586225635734828734892303502005627263453175287584913571098117488096479306138487942775859860882959417905354745180583027103933486578234877870997766906290621374795331954870815860501634768749274118703743833624018666960996523026173265799538774815460026080443254128651089924339
413 51388170318973494138892615321354688215519426988798488507284562074341452719444933289822049026391236125106450268118313666927887719485307957086810488450331437713406869671063612064178248734685076144061415367031907531475529176120717229765306826510560374172648509770025005033158074387365018815021602921312084863063067000524779309529152420538940090839913469665117545282098418396930861817791158813669636
414 -486124184024008190515944365934476157773054644165022025435130893348988948600880015871795153963511776305878874354842292314799284260910920996982762987859374843047877930321917840203077388933237312273352452837519240268284181093036857110577920489031511269370964296615590029722655474026227614233095722361106980279206123027061783089182310821915930551639796239343336057186185913925413679286275711943368081
415 7005303798340485076401266488869965267324802372922284141012519431835137159884760266735673302354556198051731387742143960373121511868259356239825614709247994143776170128137073718756100825866029770055397425856408448530771801740371327316460657718119682778664231981758797497144965606839274690986709681876249706575966930301159672962910594300688231316967789705298142031336302647430694608461060278471099649
416 29801341428745333805362009417536288473697531450387394712919615406849234268644799818120871576902627526492939995854366232276422537866598409348153767824192068164514661543938160051709324035413246591181883494885256662622237342842504105661246586157771737722720988272164527990835526440989199505076068041860867895046329974458205067728210193525794762351835528147216290447618910201996608985458174142738151647
417 60448184124025106096660436890492680368763129962490168003633140697284914871013882899577347470364574587746904934737888329613213075541573466031533335359418841032091376311794338320439119792246909039893217524199084816597922879014067618017945505658490012779670487409024776429067646707047343413529450554286455595908678831842239058012859550752045387862036180336730170277047846182442916355941765735882616964
418 -1161535077215300997607742390064200046010828071389850119206370058137271711451766989310799245073182854525097944752617190034959586492686815103626542138986683606782013484572868417977170560379363996487089547186283737342634139903590779924040265250498928269174367537641134901651644295298343750757764899700463815064892803090345581040193546952175614954059283983161950534153795108226865762079638478779332161021
419 60263573152686614729636970045014399768439340844228022612994575616638573654851895208367111907957425952101513972643489943405449487607174781332803847438361054089746256489234778197421280747498369202824750952131853938870535249913910728453703330205696994809675096383065317054405407094546356890239507867154850783099501153791749380414370699717875448488857515308806990109241189008147151685720018824413374574801
420 -25942479840564189446249754839082381958348605423073579307335568196296156164620551167314348635373442440655879378918387104861508643010477158603761718402468352637206725642139479074597973180959167397629263720744743311439914780465415568333560125208296843899314743558065772506731821865771950342170407066381437259924621711229828617496529224705099652497737438632241303640373584034177350289963862648722517446901
421 124033090382227955660279611414051188825341022245880870878315410063594916616831785836685415890844498766699226692640864178711419537039644051472937433871334937963006053548631202594189696117854704939439441770893237828445169802309547219760935022296887590232181959927146940042907365831362046259332525849248908123430060459364276672585779198799669154638561123173779888683375639874212868457386508463512299517604
422 11408433698331961504456862027717244267795939368157549210983986908097878498869643687296048747689675304874926004844005901129150108858047859051042953860652010629128972416034953635239520131069045621005667022317940124175250149855409780058327958588934807583352977973941088875719284213855138098678574938626432930589756450915312335359203128360168758978252628253832787786077592974066359407339232005984685855706327
423 341350205193106235842735791786607808055041809649274019824344738892774213156667651134702577279488975101465824236368356492191424852423087704732735430838079087111854320053676373992153199149429847618878641462144036363322048786392734525011362234556350575189488418560713879398895628807387983251283899472389658593341223831927953871392998178603853494213116714808905328582940027959114563086703823984851311509648129
424 -1495422709722524732693857214547498155069481947570216430968233425646391180238892542136473675766007438658595972102141323769859557686483246783852990629216598690200116645803026108536532637095807563370981785986612997263229241004256236344679393972492846314346130751710929442438348011961520396212091900276930598003738998786256695403048928497294479990787228390193451823582837489365450878219074970035495697964006281
425 10491804463147452075306546685657969612926874592519136062064372866236523602512368070104307510975315309822173540308439916921808489598457598089663822071347474732613536363339998732184213667078845753797425436636295122678126771643130653426467329154076142393904233709482641639107955360354712714327706583319608747723861711915476997517412824901197227195686364644158800386672117654274014590803123932110125206239874916
426 143480982124732611542561681560081890999135206150769918548096142040342931483794578919575780828245126368870622409131110553091141558008902027208643811585885567031501842265636481045527273436043895932745159420617492445717652953420066939360501783681954289340156201262768214482404586019278416781535287268103840850946501748338113296553411835433926850998619850994847045578639185944506444148432244433916848003455705579
427 1181157809822941553801133066158216862410076337493057046241433633804689144188316959764263015269560250039849688217194555831468875534291698363948532951518916646790031031569444306414571471456191995964284030290994441683599076188463442885481416839108716760609462345571429765456511120652626282612814739676207672873914326961179682853407960874960763854522717363459161287677273433107318787275154521137441456660640517009
428 -11136754991721476514009608323125820690462869040004218104439457232224095463086634553300660214223013644816062698770992915497258109488283113823602524973249188780196303657669271934538791289676815382903781777551986022030730280970404606489191756564039761575237841522388751242593068252335113530556616983426219110735657684220734362757394108102604237026243492777188431239954324380171217633675756808948972534162687804893
429 159871587258009705261914670922571754075984507154384377730545329325345323009179628691099555424752519270521613053606125776114547803003497013176295031456934460559669223604617039278766627621689790804489467052258743940426630429540300331440621750749005806293567652666607518256858653998873931278147983901730473872465553995221930739824627411267764255459425041261410057064252157696396768169054370550959480367910219151044
430 684587505070964906714655622460672533962252792285414407654101967978027964145472412490559693262443718036985000394255749323768704223192928417730056598279386356614976746914872750302959087278931044689211148563918591280133099994290013358277744255612503097623960025783735426199531475968440882957613059814198690344346023925380855623892604730698224536429605103092319494991879660523090994458796538375621550237079535210559
431 1402917752646701517091498460528604794713530112188922983935254056239846688397588327781676960725553507443109488414188778894080848013512390416098880210465329528345884225382788986383598697253063322703997632556696695627604527860937502836034469732193395525485781692905253583761889444971540724491881365128708788470014713803258543172243521352580900707302236549477227506737871253349280072166157453580800095133433442468481
432 -26881526239676268971922680671229680408362023902202828534271608424169792431927562919416083550799590309761622690924854882692720360233542039191932096999302480478918656751603328381723017091154346797393115447813534036355811225719517327132963546502760576557962685536032775322478474687821689037829542704613585204737869426933366767037057547420754383189538788940345348903474108178067926296437654179326537537972217452838641
433 1378249940601499381886661300285169901129752351749201484507123377025150894374070857166909857962031404816921934136148073528759489744754620867561938427228678097190916869076724479333038656468897763137132267255833378713325491549241944111195762631493720404954111159643673306661811725851673465345513724577508355567766089222207951874278814567757043562630634904879404296389823849367812383347566420335852683122561587069575364
434 -566875789777865483054144160964939155705485080462990962614908181975051777697020312115813949078153048815461674711683158440109295814271665626704815179412891735828738550774394171006154076328531951786519490347093908081004830107487247882247602271670588646048249640906302934213268709406974033561786050567374167457525326642152245760948977714680911237841975896098287266734502658694082775364266578100778510561535082402036013
435 2762432032571359438950949505909516228628115643609771102954833461458828485420127881148027265173901497233322300472572230092060230358073835328658014350740590303622655818314576828009149820457467905051637023501277624557449790592436333645132375932708795822125302137101961295431805687231947579381606002584153424646798149505377452276879009088682514338567309968841345693919572878306949534893425411244945304113598690924128209
436 259133558966084361250689755384819049892264060569949438555132617439335567689641705883197760742206457149403410983063714017602895472375932500637169504606705767853181135360330986479383210279029334298528076043780307392357182647638891374127523760268518085119837627374231267285918504000216310677220393067806360977083858999864047239628685314970982548831492475067955775098931011925639749634110369473275075328619840738771581499
437 7822495868534071583046083061479083235294671771476704113743475755944755971255877489213780815618740630590001583328427311017184018482007317846472839884490757001848369746120161651580539863245876534369780186417943141950454254509194961503197080448134956515104939925271573345179373655464104776549015294297977646715539669555392855662081092339613417378032825520306103413795931366582775229388919434625776915230709843110137968996
438 -34114227552315741308282464446092615483686865230294934323332949564204678169217538791155017748460380590534653955743949044044465649129449746916216455280451059427792092130977523870018571805946784671913744726224641748364675976220054307267191950494772908320773727702651511472370845581612424724675299110127186789965419745880990012548201813199741993497916697505620680407398855797451526357415160924178953190184265072220892617561
439 238540499879974987557310518237324170075870083283567063591681428647794810301155526898988352361122382201893148594888985919515207900946923551462633972769585919477667301204619273667962479326214089925421866054275269083303859158792192819331799018800593902250886409401382944549449054736448591626443320777432638735544491958384692820221104473480412296388410472650068461859455388708285280209548167529235023307499209699398768055169
440 3280501942261618736843464324049724074275137822223622144846385533354402353094021431208972083045599000860823698078735532760999387578641169913087133351221258133572924022023586882731478241027519099766764023105555098459987217176969162555359341381115097458361709571384789330303232150169994795449350671160691736964304084000516527892833660375637714547812415706899761499056146577183800450833215360815969396535827925457169975948967
441 27148377897455268525107975189631361392953245869148608390125526642533618788207243913561501848590997962524477714241829966269339924627943614737505637566392680900230819965763315331207991813519361309233018419369120634026826478831653896646468487335446637566225984788508545679460787984377586646345889749565055872294643438285425650361962017860936367332698695419308198049693290109040091936885326827881863921065673695417366102697124
442 -255129836599452756855504542080446064655700599268683769052184805778995850083490856947741852677008897071182395315859338105130171462543291017793425306183264286595902990744100150767603973571200934333521468224651169864137494627857721423102417454446599177428213169965082675454046776063860121517010560527916521067825277311350237600024962318439599104640781240872987894709253507381755401390648571855593420013431913977905540024731461
443 3648466195403091391522814919468978738555730667898672155363989989280991513122307783486936945456133614190257407372014301653023766463765668544160273925869997999354214509315549807610916671237010569659210279566904571813142456817604471447982029787618384878890112313071475944023369569036358009454726487188465749791643044200530275030848621685970001008658708763584573482791092325849632675087401591486058752451838218597500549516354961
444 15725582900341621968473693713654885788413108241618645389281846159395160273539790504208244653981123927744765433020879532904088051627855772798075412785393911228629882140141868474468951402013783599124395605203523799168098083769132652247240309547707325480207946317046467820171323168058241888540352083590513589679691392329745750098762852767622424129356801714486897432243634384833373845117965508603064111289492421849716631409620819
445 32556108725614835698155178730487293997066819017955896917578318591687776348217527648975674745330159270080940468718702731014611485108488675335403037728149105614822312233717189141476141243376292429319295723879726247197067933112048865823335251976337953664435833860531910075145781848577699061002552701489324393431000180394217709221693596940683699648795811745285419789265002474389797766862630002108384656601975299393077506144353924
446 -622028245520867269668193981603806694902262171474488018083765028555701627539025901180269424067388719766708057553695294496237800571920410460776346832799114055024243270188671708086217234093363075309927405337778149199936217976918856971122124275341132317003853554147876868091012284781517058453785116580554689367233298840373970620655598732790664197337927328947413447920158358253975392863177684311498931540139105981020380083541523953
447 31520788549833837216239441376275379278719044668265581189805516589539423756378457095542342263297131674358415080281331979791364662783873463547917378301297140331936056289779974505808033470611944534890092441675515203396236310229177344382804454831385925914000815709376516714836885588024483505734675023849068944908123219476012639992019366109521498825073101269161795180319927723601354678519373403773419973054862520821590814287688140289
448 -12359425563094760363599583141133928202048126137984681758848498482659208933996783925790957260931401003994029603210477618933002823229981798054826145696298799537501139273924729680403073970981425198605758386424709863151203702979126213610313526742702444193081716880551852626856257727528634496460622999676375014272393594380862155782265662020933751901372586022426170656607364893811358439795029792465859629310050306527015326481459696321
449 61501180052376983097499610175629479574614960571013248852485472958653009033997942625685937650002833782563758180708043677137829861414508401803347539492668526260998928119987763258902874735467919022770453460633603019685442896542947804464588429977036220055441821937245167248968525349421294586053862501077238047406777736808744532240180348187385561063751210371560364737665832735428869619896264896770896430200690827575439676671491119876
450 5885603451074245169378559851908129242752768523189879423439463130822202882647079390809227451402121936972499887678524559554034621743947155549158228841654612047489226429700885610092520072649843216104874430839170076920857266781517047774638032274947725984052213833324790615066145228670714056998535107837770069022187138471299495986332169940895875576334538764498200547668834263000790884785383136467759995714120019094418951394409054318499
451 179261025988720122940426470524382853739200985107023923602689228312297764040395781448660127631342219242281496199571526132660712150822691069571489332462591278477725190473691257875785831343487613464646133069274768946138287364522327472187286316384296564066992020266621363454678797924626502476277820548227515566829192364517521608568856306786204515869921744497711656694662922516950444372130486703527429940460016623418028561183892729554129
452 -778207912737375071983692873389607166508266448794404898802356618555314551050520691721032737315738880810780155374400642037069623251404374133139387068968156935167882083960109147640383362283267978823259286129186309818310113454855441887599885663183497257320814075212118724714853296435608881390507978243437733608598147844076889809917051802851451487919937122723599174281648881329819146455170747455924454346358282726661419346538864862938773
453 5423276411421201108916119827938967556174011552997558454124969716689374330451796991073446080438911623269611402529070000009487012171396964554716577627180120244856451666458763242973171713811026134019413405263853413607754399100851571574474429798896386887899927376575972600461326734649299993808656679782756195626617092972210768815267653536713506304551410741839621227615123355108681646067286520026965907475354749612959877356585646288455204
454 75002911017158637953326428326513410348505987243334316327957748707751451340328533108171438339448554569897330921603694102178143841443001335880323372639255002890933969652908425067678946696701503567331774634125406358795532037055361165140183177068858569387472280020525382582919602434290341755046775981018299684000759769725029919081564196234094077579979911083772785651865515074605406387378030370199997002687967832814084484495956464605388919
455 623980583716448651476115868826189540040195384904459510233449487714057909967353885534358737141142684786326802537668198527663799122320653544800086609384358519534225300883179278816830843278037392533480171825153769239298698491036382712877689858650482367921701764518474768486856715401175838156147091741973705208777492123218427299080884659764041236216577293551948904498967136784428836524560679605323956620386214131551047583665102124590922241
456 -5844602893035243293900649593361745291421137966986719642839569536990293126245499575411334208030926170205481715142696726512795202698214096350999693845831152770439885216462353942212570977777898311771034920288717949666215023032776175885923894015906425625289091735529994904252109477492360025433706447973476783658098478374865894143042595771669362114434359556041292522710466890487445912664817159990879217425986610621230762403768151466645492521
457 83261471277034872348079023342344892254658181534004178079130515040471627721342683087125762587864735521740582491163612065219143702276924302672719013930372000944925326417027691127925242255157022868201006014547645705595089084637728882149241659344495073354208809186485159805501153804713568089748577685798499631754874825881048124551568257520901244457812735292517307516429118778989995600017217337805239217520650532527316177928320925697282573284
458 361217923199567697297720144380560327250938360876544618426846363129025524187947432287341987427393254316903942234191885066477297850231726302535153653605196230516805466710771498693993793478514588613307324987656029531209907667665097074860146701573557067541001764172712220894272472142505631458459244192666546187353392993564499245790076291171835625705168298561395461653838521606681031941476048099786185409558288199606483008172179749854285210507
459 755413579621929985920105169597182788779519775548283208654256106390976877640477251408287441271444058468898306806639770883947348966397535479568852823700697826974307522117650576264378992033105924945118793220665146162345462666409837692710594695157904643176612498003145723487493550469567500068123203005016817220151646852721554823763578058003658722919557932591376138444178025497980992968337666654340871302101136277401724144917134964830760404369
460 -14391377205932652554184979097515396921622914486575646713649153284644413330143602399678166425508508527549810033140781997055236161230849354011223442103860456328597511234563134594466415662662339114013109336183501843796609753361059682942034749791377273333464526692403687683765690650978448066064501646975334565772811260442921758412848667653165316520150738542776817159957050886087298030461637635868624524263611924856651487062015401706064564303741
461 720878628989016341616947715318487971798608015914904455602070143972916272637198721394443597967489978267016079140965757509662390979037377087901993002580696102201490082774661185445037166173773310205030811102181664417707828582075869379804001057434573759494106675434102643788700113690811337093639219902849255311737478104292141534470218726546969073696786839159205452830963332853867207602597753081145396675904321220010827886283561439276917628735556
462 -268809722046196389059334919043608356536461070670964821305762608931452117996157152884238481386884896550934500159978786351093071655666350585294520574140065844445524026843154152139196592263832705245995396161219940559963180216835988198620349039483026013450691677646226479457530854684126030353533860689686362932395167406110102823352785069016277328309601379615900318557105110892688738120625256745877981929624587848547017905563422689708538877790241
463 1368701169362088766303216466306561100722449236405635881981299085532217847217272680531001905864727290892041340860665315128054326952404441922992930431209753970094934119988066430820258261081940921608658562042209188820899741332675560623136349020456879857642014661644750200091484832450319315956193244054652390200604776241639882766361007595001551641784785826335931358734587981770723685478193863881208038470173642856665701928962023110323855689813889
464 133668045266868806210670546039165339257091258264383681998893435604544005086511119665387268200246519345690740650793573489938992915562889797120637007467878067260974779129069232286616855633247181892955338194238066918904180903459966856781260953145748088304661744565209660893986201144951998193065138966499379074165109121058084669156206728548794131621910797003080143895815557053951318143470092013832230865418747664872355020826142763290936282554219887
465 4107918153786493362450887262277809118424488772462760803106541386894337158195861414872902105494364963544626754588868914283384820334776774295607003394039053523899727531871093163265321728839656164183683290508226371827536269322905051397416014036452745654464162815704931422977476644427948356064561395053138066213553123118448728616267975788318213711664664416715674697228186142709186325355680906724401557983734894402072387877199326598466544835513065284
466 -17751874022617751198139603317873025104299602621927817379251333121064167396457836391073052480856640018200166879466240912281571322539354984189495653603377225814695234612726173521660792080611082177252503582144993740146091986502494242518915989111231087218230626609483718558801125429580440851037974629123877117628661238322991977072788559530308147665759681710789779018735904697309961638137211124509800266910870238197046848562215227173298973675734332301
467 123295991129121162400531073423619017718335967605428959506326108920305808529453474392841588324684908096347150726108906592421683433934521774481825621392268592849129629649964829200118743998575030029001952729072043130163245761614690584921190091187364318229622169872114010427656262874992755850693587415883881622650308245436186611927859789001847069630287804878747128341845491023117791731455584251445449808441964466989414091352450997626294067431373498321
468 1714777562306265437380172631846497874361966237328839999775954804673955222510244656972059795543252029230147414992214537525619680571737707732757866020096326969646248727592198101129982453959483237479185549100773129006399099121763316860419881296650485526494785778892282324459520847006714304106843919092883633068187259851894735138293257345416351261629556790638098912634996215976279800828725550475677572260974651347541318598443100497349817206818975837339
469 14341333574439969813322349325427853994742134637308200799200766889493134968429729124385202528177969042998852407941648740931579975426768570345049493420410701127759861411714169618645749412961060517862592712006402737727535262913718640200638162434525649874253506096798200955265576236880849111975907856735968134042686760155913767326577666477670555272007499201223257635903711296481424706587263822774913046408264079605988483534374646218990864367587394313444
470 -133887478634319688246511266881023771947537377847542230142021404875095460198335855356090432822414381108190227692685315853261083916292997277715367455642305758998136879934364498289360981437195242507007414166259572905835758948334579536454694864752183723629427582533450541906795859719503015975939060645879252659193693553739480968616249833352435527362866019728670701102783176813486192613175688181540125998900079463930208141955998567129058745909077518024633
471 1900082842522672701207105372974724774333428855743932483816500576840869742648406935774742766043928863923462329142219309724223777180459403778650276315035107211841071607610749422305537320206304310991567586429130460398417399350743617736262749187403789497006571979025841663167920934031014969570774299405225455077076118805278638420130702788965758542063758766890886761155719747832935257471289919354013633601343833760241765647082989825083691135062899765880449
472 8296916294319266949339332327084598150651596682626646362205085638298116974067319687595518873513223078016776053368136533870527527547606502111819289565924639565878946568684805008732888409402335884922146080623725144841036317118959490401170609066494988110564137554571514787613279241836387783242099901129961371681902646957682864175630414226178906367426916777009355395208133641748612348286382137833937844235156914242591797401190608437730426208786017162815239
473 17526281327103995155980954146342055345894648202268837428720953829241061527337356899335938058860503099994732662602568917313394919705671463606813512439508985920320315348783349387250250275176915945737484271111006161375427692240666266940383411287235309926786166541968961739242470173710722714501276194259963579147700534140626936895489466849091776804364944759099064611029965961650651700104586419071452296900367223011135812870526084342062322606055709599264036
474 -332914031650841500018182097747954362247340379605765796920140065806023763852547127397636425785069814939613219900039576631851047447152194169235090400155829291831550129778616057998504308563303053110157683426234813311602887839344909259891655916069190853409689713965472153541051133688453328535210408667360583568587963049736963534550825320396790834616565894003557417765027088622014493114766101964670158579549488116572306801200522232974887794573300910011407781
475 16486300535754064084278490417054396494202105566130037635355068294685631336524197993989581106172780813237724662393535434602087310795027431552894274322928238803560250024902468014570103436773131623571080998388551150848923875244151387897165798420377402451321658177931606557395636257286292171265132181033234029459984725294670248805585096489273470795992905881336368859050220919946496597572985381398559945908805685981835193973299342308098306807087558564739394449
476 -5830619186005851451960773126800711578313430412271620432087117265194475944383803870259281164500063633684537580742565610474278180955625911647323160419280483584325449489463061194514851803846479986891178654741977931808017652073136464577898602339171752395596608256584774104537259587174354279710697785879031358591120661427760595811890650960028342822669380449438997754266609884698529622351102319486623043412639249326087989773935335945615708348143125743565247053
477 30448262276280072020343132991015858069530225511904205896061265813276808970170344820746012307821395333368908074692894279670557419134103208481426807142251700407101144912948197316292903296311476259857259491627143639056916037135806635502553454005820041507291004383384476642018317843354590403277491845830917400930045822092919531024401592028444288488348574705052350574165269499651348524606383736921159313839832197710986623750293779666870086569154518811336207364
478 3035519362818025393605565619837232461138561070785085976677758092471715402516597067913747639592852346336744822552574241410819336720286929044860609536637346587018316026939106890927355131845417409541856644551855388181397124316619873482522350406849037038978079018788839818645276387857398013357277368004891367147809242137777264738723999967287482718029018376175433890079267771615022414189241333635247874778669521934439751429671185418608132239024323629145372520879
479 94135419747544417012093622653861535002532218882662827998857344717622555382888522312946643981930184912991942043593097762987351368615404466865364191710335911760764090671042633252862216136840587428329693968083461698088403328938701547539976254650808341551035782155120444538621591826381280095615156685114676838512199719804628010415495247285924127945848502717127945251529046766666550922277634601301294439927300901207409193253377194362620972500405804485758536851201
480 -404931134492047316090097948011296470660915499399708450940029105123929492096321034722636011660271525064560493025423866275657884015912030034231561736838153348907914865832742461578181906564394186599118046950808769463891576334974653184352670429452653540223290189971717910622341392475729171520980607555561814859863806692487943382731889434275226519572702877792844083685829867202286219619383652392594455929855424087599740407825203331977602644425384201851692802133601
481 2803003860315903044414066348426504244846743594116805155087768007457462902453949221263512868620786435253580700486789598688655528387959936298307725718883427096196584467833093601565388427502591582828957220162601913042191399738131479081280176461361887453851394641733841294978717302938963110047583921456328711462847451861343252349325232571800673455704268463692065387246100559999624638344791285366137861405813760506339224332939954891933780061125640461171048761814404
482 39203903096389843541708184377897202538963563726936484744261478503386781090151477706922759439030938415110449200944444878349665398101353843534477554408492757983128398958832919079040181338363767619467113409913357139870023612264956374996660741680750884859865191293597236900730184920724070676426071891631932709683339339437283099928087693618809897744626230591668214465321084761967626004934400859337929259336041183377702890412407038937242030465867506139524360002018627
483 329609189002656215436321785564736664501623011375899337418887694618621306067317668817417825631392215432780735203999202236248196315924755601874718241441981200083695186527570482904537336993492307181288421272880122335377049059575207721692876020898290242444538979994519685973336913127855044428829038596507635884149311635522938320618581366262535220132651371555522107819788859814688001424645653806585472061745699074928684263150413736903444821917867977273015852381368529
484 -3067016678670594716222262282270875426682413712571239626044644902776368641518153436395508005595475532657544188598082965604459771094398832101440446388244818543351916813260982895125414986432119814165385051803093805968430815056914931206974597597750769312135310992460755375913425122392455224409052730006221108318201107848429936055396876690066483875798926085184709278874148616533073509797646382115525446507280575334402725184470268623732285497941710148021600085496163381
485 43360639645445328046803190179548489679793334218812738183850144543131205742282053363334914011648905978824705271392158559999399595115839115764129501622925092938087059209158724481981192172202843340309673273511134088661428684283386224579095708458561707527856566193384258995845644628466956761820456321588603307117948509033672547262210770396344560915330308442722979607982291703167342116969507030174821374737543727434078288079919999156573090843753239647035543908902993316
486 190567626870493065091302895508164266437492460422970708995418595344629150929166556478623944137457440826461794327923610131398971902839246919380597938209622522202074429167200720610727958258084813516822486480810159476703674078239201179865200123104205764006179884821978813577669324604427835055690240899911171306224972339822756245459760638916694906764150509525032399608654060890559138212081767750750561319559197794681689212936856636597668720812932973829734286509195641879
487 406581977675182481056482673601816551800076693072311077985182834514714345539123285804437983604800489567582909255965444490583562582840112225510929999471027356894805354642028597873123179377956953559558629263923451601822538488475695431506389459025609967522059946898843663564436448958990113566253274110026274715906585338483674057790881740800173176474871559075805144615794313925215607324335635816574792250517834043533857639014070947343566092018285815610321433736619415809
488 -7700177094334215570195959910212769225410582853573820326852199713200101378657712549688167819356871390897274550484824741853389339664179312812016530225330633778570940446605996434248434179699244672716991701318184822639861837834504508611358883134371244087982487762473890760971739164229565190782980209816214319033128493020573601377666145318311255678449220345757852764170203816948138881181580178549619498121375023254510345153471636502952108086692653897971487669402235771593
489 377033776197143412685441708553513940016513954400968166246165222091944091290793366614667200008392168518431610849790500962142884998731653691655833513029251767074545072307887410541148197036239313426090218772561781716719071350270816236185207315619871006980199164527010821914795092236124582635479572816778903077350265177954793011626991892852670836670863800161847377737856546860814647934877749090418662899675704574189896333697783210735729146916025904436920063092900870201444
490 -126088344124509526815428150538001445186442936213333053998520245928897057962235744801779195859755046191413748214722393761513811063558119367501689659695060836496453024561528448526714743895204739267191545408140472221232977303489740683837181070068492380799103010995814944781214520752134507946068559911149904361305283540573357925322232335458991954226005322513091070263529536228530229156957772144429986091907143335748052533671857463286296696596525772193049454054106183715541
491 677080353460624520729804412744586948073046083542847412754752853889796206246031991271068020398489866167849506130195639988275852309052356430490614572302528490315645325352120580055927481257039255412725037006071772309174348778468539671381867385404713435602321320545032449216282135418093045078776383100028566489550608829418970348091073360093057187938106197123177539287198601886263518779965217320190438931950574968156498274533939111709840896029656462048754738076060331988881
492 68929760158105179271108202949454189885139502789444461048261238223924835607859670779563831658324669939623425565080404620481103872816165899014887145123873170349686081856165096090004329261706636230706148181937119565640148204341686220839354068474609620057922141814980179220792900686321815376853142903632068183926927439631693655735913500410452973823302111775428568244196019532362152656348182284550831496592784454592058044468018596735668098859883264964776150890847571719890659
493 2157146941500696126856551517247475732667382532333854385052524509568583193747692213924799713163201702924918042103583802751964578200820885599823827648748228451352495112029453698877800426685893254943183271926791858581153749665429404460690482257181343665186488775639153243590685492692234544589442692225145541341724468206888854358536636530675848070935103221265924865595909156086312500228485864469238205804623245452109308646609399440589686407779238548960979907275601918988276164
494 -9236479357282449168145773534940484241362115302763213145761849447153532401457283212171846118079548953123154530464945449120949051043155400085994937330826188722800939656851915878356856637512730595351053905140009818339952073745689999615889948996573626018033717849843564313526215029548230538386403042353227432338807440876525472389404204706979687966525287398204180451653601564529487454328034670504816259753543762944597501818909658306786149807173151093498720562014754799746371713
495 63721483919411032236930398647402329454540915468957479837767972447536729251955882075995543211449880884857868614666046487482751725964751862165252106552316551509462998128440417772335769435371307074915896599304502910747709215524998422799446946087708345821888475531523793220949787031039298804407882319708987245685495798476588498469878325276476063594912948567380745752997226613579062224684301533051503913742764937432291598862493833081429329378145358270084234973210664274409108609
496 896277829765909497351542016549941759402468556401884010343588035297244884189596048992371233729345987682111266315389500856682038942753823949118586291142891682864646806842080522793582664790801426611590831928751992007467990398184936648992930510237835681432895633629075433907205172911084227916881373592841205766721315436549176893569685411026052481858006804779223509691255744269477084753592637924765168474872130583332742435806140099608059475227585958216916876059303282708767656399
497 7575310452362915768420435813140204350219497210939601519728421945212750299348064658847447840888608561350040141109413000913723949266588184996107428343677874991677628753836902882575296389768815226342120654131310234978933318068539016195070188573525598231714045739102867857987173156335787240946613423595369385598395363315206812817913168308598610364818991898590684538073970089096834039782441971840050726224496411883908613697852980039877982083005139332571736205305230504529184851396
498 -70256022082692637621120714253546979765183570733245624060820358930623427005719787997826717743764593520147228007666360033393030961747915716607100814679311561487941468710338336249963732660735982849193996789974186414961901042289528663273113899128204449184883539697021387889406458436152356713511490183675290858366396434145296202114293082927309929602896582878149004471624058798465687186178289663833615117088330436487076186193830186391952754498364505575224758297279473034344133025261
499 989494761170181010132882815901975732658377041599022940810199626387089531122390814165441909713689142575145438297675569415511438538498638793609044288137292045653498170978885015389270697300634739337454614292849234667682953221229548779353336495111331014461202632046233599466211862478449556154835641678392379420825829871828015260434622097020640175779804391811649507911877900148865551461030875701309292232278172809441378474113332176688080118017207568373202766691567324039415414357969
500 4376900382978992880560157110433691162277205128501100121015491304285796657667149370243753126091391628759163270824018049754691662911787855694469674286990975645964506732018506782446009104775005335983676083051689397023440067171779815483832012195047409675111768543524758709988169792208620460810018874673961314286035328806014095909976084125645319388552518454053269205772783646423951176113708993495323536731260194969867000062975122019696623939793026342121623087577714225162018828054267
501 9431059191244704245122739510128894648761823769398742891170414871875677733500843434427236230724865955453258408038885849156834147884608966800881476258809689314445859463700271737804233812094716912957094319597132465155365293458757936420038555133173569761926513058319951500133471376571254669432932354002579043656218218823939545773393001901685787858028839177920126982405988118165640782235999952179187369897261117069043729892911933571860252229954513986143847204378211176440407397607524
502 -178077695030386565129609931905797175453102541180336078205219355481906007434876279001846861292503679713151874582007647085093306645092951914733384000789719289388434006666172166101105279310061995580054895186526014896857217068618255500904573488296772421464297303402457445715877015862862974880913868607304768564019231001250769620784631365258136182604063214028241685704500962601163498084085754565904887579547452471808875151576647961958105072946012324870707331597895654295322892117185561
503 8622501632244297561301774786536567420361836396286890266685616353241916560517667643705827827655140071006105618746061847396063873614880642028810650046612726378378837707631149447885933112176814235971970356030235252877691306122616751761717106648807893206473352690567190250997491105848152466757978234875514941464790640327215253681682332296294048405598565449902458386898216654722721056533008307632394642555095204860217292795368103793464620102587888690426818559030135239156390202360959361
504 -2717499938288733780432140743309060099547771835766650476020612547060834785462230283899622511580083238168696530903265950016909230180669141660341468881648774962461763695512286748866894957159758654700884083669335958929636588695782066257354102720377281344620907117307154821714337690702764510761109020069363972683870066113646118630796908620671057848099844328920213146218092964417672946205524539700704137879870078313201615282989173125346209018864246399536698664304617504170863281754953881
505 15050005917066192571985238961713633341912189751662864674560470986482114342448040512277203897334986259342407174185716200815394411983479577448332825004776421680073720563546848050443047373332385716777246125119701113021159714933724303588207560902106652032051154342469608667288903324927456067777811826121631981421697153753202477208198557616008562365210109816864499548179748018178487577828709365697281309642035901476726823848517948991933907321680558603127400727425721553624349016754658724
506 1565122748084521385758463311757058042681780460706115978603453623187667193457708887980462143630808795370619142644429001227765932504832552194975586885902069402196933017281549447123918401298641516587069243534520233742007143136788556015008605653890206933541907046750367905312162403918847596764797808862653726560375204251798632802064315046076605939887836019261644819255072388431213961075693218503204771539871867101265465700810806554707673900352966837809068807602267543440559534317077732347
507 49431272236811201011807077526606051202013408678425428371079835935621835309235819246448610108970191855221924718002537608049032754189364881673173691494563617071918210693295792832451059577677750331740734088667427708469301832185900894781208784825865520437846864909802345453310444118006642245853304641065164697559416672758843405760882323618581405086796494277193301140044247797439590973039704681500294022971414265309346471875478410677478505169555254513204190968152951058991478277133338380689
508 -210678404125227739987320368099679730918407016248627939102932990064133273217407804752482049671621157998485576886830306281192884686490182382032935308009204520192040588916850105920776388775676484888219609083085440899795697239538103041476756157519574869395060657228901471390307941383450911172556843813272347053035908316990968204764731479266961656682240980170154625158903660771412886116996763396491576796191465012971842194446685792111923912078764837692763765973428465897456658018699096509421
509 1448556475702167178399818738235808877858810811223953388609042184311646415750730492516648667993281526541568443233948705516117503614550085946942343047925426669722932333884053314610211950939899573614864383064436678334124932224152069470612042669017448268030108135703668189348454879118359305302712088715773223047812954471321391299890754728515299128930766321429839403609865423684633924854645818529344515836245742542286184356119570755509060357966966751216312233729488706777897275092456887206276
510 20490276652100705226187495954115182896052262769606852173410957327629173433465511479822567127694952561352262030587126039998788881063360252825573729410940382600223848455475869541853324130328379803352301619300487117788862930852093328041134937302684283240710403821690450996231861909872273948819460772789891569780620899184630528081306824955667790304003090982466923614067404532129086574463904249288243706170854571842486239926196423842903842703283850880278209385442078668515160966075721088446799
511 174097667600741681177824452571305337534637049996166374579660685482318987207594035416854878320568363325192673041133125851308053737560162885576726632457088096665738835727750784287966555404511019609358596535625361872577831691952977073056502092995424288945872012444287307803782603210514388759857271263368738856381214898527175774528148626156345860793413357447667455772075905580547034974350934077707183378065996043121800371269501960439057754090796813927564399224892374273206487913910441492860929
512 -1609319381741083760966565474198817988267961930755352508863656422023080915706552069073060072747956656329366386511226762328916660207188510304015675938148905002652703570616023408164371436270730033937827181223747541453614418315796131838876703696705974635042725985887983291658041435424530568324495820568444300173002056813178314708409393208056961954892268212543786351986274143369606694058114255751702345741132565538894734391459972399017628247530666128418395501722879320850000367786370506714921473
513 22580106199326882394632221327493733259024438592814388322303701633512887989009576757156483951068911350834829000013073343166521179508345877029437304819179028353135500224651549161375563373425996294524579666834117038528242943181924493437520146424317084396706614260131406279726501462392294434806582586721890185717630192874873198250564225891653089462980832163395604985987262686683134007330093215147229712165495460252484134862428034648066303034607901053613946413273926177168697646035625296476825604
514 100523924619765502112102398278077711306123545858890909184344546588794806796189381265550907696395088069055301247956973351589778541592815885597699448304560280147226051593562237527898570076442085065128317534436645072414975384785650923198112416076160714373937034465534511595796803581309473597171907672718389235927646575173673052686317329842180073229706879095427321558099783796663640317427005560168375522018377722820079000997381233423281612163231909123580411473654902699972082598387287919079086819
515 218739618965293023206129426567606446141439836024549734007950890358837431195344070928109762305330722849653213601409074309504028498631887811377026638372468660775532337955932361356497944351511928400632475015997215525352180657442932167735208570105600120524274916357124393620225020261399106127599280203912785436953898241072334080409270417432609226361662620968250113044638058875561966322179437379611768035290537913039922289076646371465819923736854434076868234861686356851219317646833210782709650641
516 -4117748530882512752665314072380901029667939467712204930259854017070607904292961539582085386374339235905101120301559321692085459453187303192617269622270835179090615405848357098106750237788284666842650224018742561095422207608766613792054359793031564718079481838556980316417923465050838086410081441467321775010369905224093342890328301318896563305489032605432606692100623779664901966629055179797663735807112385031043181803248781169844456443783158263489647188349804570099071646318167141628946891221
517 197188822474117749086164437461307166494315128336584676079401635580530007115029038792070526842092492850821635154630070857198975544043078858894261856658394476508985719313646407399251208948968335916847942971331085137627942805322223955727975542670746721056265622681783259623995434315303465577890012203312366720975408806704686494353631906219588516914998399072687443266289255556106669551455312105266182753880219637034426732368536979634484082326082210422759744488353636403591066602789887422481864482084
518 -58346183921434597468367980534856313547957422094201335340545883676773973363026145704295038985394644378927067923818041192736059931225118759284384715474678061898720275251501704096956983554446958753279958636702414400183011188698730093462879032093081998167796534699052804383006002399549095655172995786476372625407283016996840836686996008535645217858708073351938079696001609658834456994796527229805806372124168024890233782269496221692860016610623449290322590179578349380052373565566593359251642501193
519 334384851711091783265325330398079213713404064995121748784156624820551318533837493351912641241567537699030243156411881087364481841591604733174215278644728532917789378840011339461223870064653365192650830544694798867650906783037615457736606983892943414773201749322842741554913164856764377927004473528365020650123809135056704151846837615595443494615254185420276742229274638306471651831191519312412985166533478596957874363457256630929080698294252461768977160620500904108960223936052915494585795104769
520 35535090963649617400618850786980113433653134473413171507154601222809258571067937934025137911869657806096720367175964723761237449431229235102282074451021946647226687864490319718834107909078191677133502080745522445773784737671132346735248993287670067847817774408834057295936872204532716650591801722292648569152500268656815184859745402199484553654684921633626292142488427628571252524293524010204119500960592889822648448022461701622507041152812324963142673368981506793907655612066217246678260358475159
521 1132711336807543272572098245342422420045050814364158141077998859841345575027813300570482582332222349591081496773506990652591045329024784974787983095917842681731363183777386247943736687606227670605842638913629577539222498169896193436308278755913930398052521575537350628589192610947121264061893112541943499049077696408655210918928610621143232994274343394015369208878665573659868484763610131859377865779797519039227844253524807541063335254148334085161091470893978796069193396497396006143792939262665956
522 -4805313967984311746500389894609904288125208986758268078875250235726837712141104396401790384349795777919980680959520681403599378408191464145268334751619841446377592702290483998369644985624689488481221495173441736203371835290932954480136403690437118915802481999529286915649880960118335014392813026099655210300967855349378744260019447909122376559213014889247372911917843872799789996203994490335045551532739895502801849565809243726359173439328298993825023797703086441627994096397985298984975985887045941
523 32928524356236196213805866726162971626178095586851933677591943354545187826490937270113205060030876855698597548152313647927236812611166647408568757571798540403685433791826113980585920716534282786345122754059058792614851195572688493280976167008275179390229863583886553453824855709367171335942072213241041878094743820177430132874902403545044206389140656876826846007603896944785006310351527298855058520119817831388386109121157626986654673552332979665024580513193460399596944833145838762423637701376524689
524 468430107513204375223596644599669501828082296786643321257345195793266760487824501089522466275293358710516597091048514932328030341877658753703104183263341859218674235455489676086697585909742649724585431143551120718970486288615912027169946293843416046557629954034915639766240801643337758156817890710587593441731752618351932234098049810901048821116712402991894342393138631757713351633893384557967422477977574793282673569132778359703170625138329989015274394490762954402859009603339402296350427727553189187
525 4001076925114556904585023683439346501250681494186989421027788659870505857072467236250666273051203568778945571335900605167571528431966944821704599899738769769338436871399355652940301088403089753678676064901924052829064390703962999775374636946476006626672070073113405954438168082772371036219537728089052635356558170530580396762452113919160906385782100572051111186418988886964411763228378322028953728772733497100335392611522953870763487907571531102681515852116543056311071748773110350252891544164735695684
526 -36863130752982769413856052013016165232510519168728928038071881789213164801864591214278133364473820272802429927517667989430876908177993981783547666451070131716243052656773627195354606792138839125864178717125512393739368386794112041622637214288180805590833888890186031952292288060590916661464165779505950807708185783332108165088327674659801215278043420148464560314305266587186727173454026294375009818178419465425387406092111192428020374334763208697744080458921441199296146135620371188626735004817857202401
527 515267926147474978586649812492712836361695225979123685098348110943042066935120542639330550929952912363655595680997720639848390191022201736981616039610173512840402794022844297660132670824493404375432744948394097426249949798840412867710096088099283473427305795641936472303976050283963111423781595499328659268133445185858577805993313507030179717273140348932092944848487150892980461025413932382069523106084536886464337122711380148915350093060728430814151498397755255705466458704233299218785965561730040590721
528 2308647154541350428580966008681928522452487849417256662789052911625498845511613765636250569980978033329455375903210219985903821520927802257351892755465453292237764029065481805716949730498448987533165078967485906448782423932331359266643015652167744934797137649544079152528368157264334801306886022855703617354193095437480764714978535691009196115247589265646007025447186358766904867254313342893927174576038373733378940002368075276478472181342845411941420444748634671260079373793064375073148154382930677294639
529 5072822723544788846569115500100600769562361675023638255871820051203328150401874921069503927475516713052853093406278561985217393708753865847926864990177532611615679136194590004778623918365892046973139441602914069244806414358083502973926472967787518726976721151100465504412646830380730165094453230009531809460153581301611878809916010069802328586039936662540794850471334278057386505325032279878753535083943072743959231340885772893486754151742154298858661658051553358844672900587119242601566662172122456626244
530 -95203483692717212448511480010162504187561709748888975909412108678295257179662026826013750212910058056243742127425272439285974547499640615091520102712485046476442879762468575605953085489550628675047224966192455526198237908364209347843757522271736494998920951824925000630152048995055876774938967657594184884338785009430229977242348337444386859386905153190241045493132354301435993634097881545118928071032992452417358468975397456845615262465674017877548473042317086295389573777982143392099622173297917780064333
531 4509488476295849723161288326618283777393935279855777560311563533977141655825736847626847930176898173041662873565367246150622024406075835988084476499503095470336689796050971844424234507919201212768148625056648929007824377617724146618813307594408694208026509730958726842726186344846949956774617990106720045018337236823882816661744568833289536103916913364173732269368341994455065956314529859636866257945789049411376726298778211373995097997189217219550862097255498211353389447779356107266553210763772006879440849
532 -1247325361809087144437041901478407424426763156688830481784808286143790377171041999741432458560328400462970370696872477191762689063859780807123833372586022264811309349378214088839756700325932020648201238041576525385518748798851483363256227442199046247361561152219653227736424326533142622233389917947520440347398287788497720617591315401830854241651280806128259451961665971860007763477259137139692694022570872011764888885128913189515427661802002137625582473817497479010502999870902429608380203604912177840733861
533 7426162619973331366770414878781019990035713617945384329264721288752534177260372664474290033425319945968678179340295283623406322988689677767090981412053725465688215167045742880382778631087942112068271939476669719369020797488787967763579061694407470977490123689973066881227809285862437027038041792822104060731894455018471906715703342343315152378255878033805094082014205292109281977898859716224740024761344433736951928420038432694248959597909901112988303768035495543715688996169484610102122100782418788546878436
534 806739559332044353962491937962523673940899798539029821282234854815288577422734689967725354096710837374608866219780594144152631609468670073455543066294173640594392899130775581521262672144527749751622223757258873413672376241409894102238302310185923895802708293147402300383945545130400430366449494821813431316866918463992406090855379490639926903718571707775897379466844608463282687700996034839920420401342810794027962692176404040033334175660379543387930572807997035119584431538492597518389130805324816519749232519
535 25955662238422748383013643383013461162203738914210456211976951042452284011978303089492623736930239162077912248477465442807489464433698310642491956035345243604702585926168782580398270746974166183275317032842167335340738161973420668947385884194899256131505951358911429967804124946222498735328852320387939867425285891702052274274185011962459741988629566770054711839022733616883914473209014309284537403913637747480119026478796460791245502694493087311330795207344466441011847468768212642509183906631817325436616709249
536 -109600273963649054923872391026928625283707377515662937116216161637642723639100058174984363337505467621255345865945786422191129212034441808848969816921412459447354362631822772265226706422262611476263996345769011935341778420376579956580468029038876946358256208079807591028877369582654514089028354992331079363143289929562557744292868785282017093263437415966273507137838822394265761468171123887854857613113962884658893117082424190408456068757332477309676417019250966167671416822466928397024230581725594413070333085753
537 748507766027823617476717644027254443646305361836637077144614575886229770378371577301096284986659705959895153653643735547323138374734409315025359150209446590122381129556649496511987342062445425021861518075334352756177109036047063371943924288432754544756415020828902001247643491677411245129239648494297693941700000819959964730570347725209895404612303712964280001770708143640695635744801629437704165964950103065648773982958723827511591971865179742498711434688875790311749658612207303710935023811061067876336153097764
538 10708621749915219012537459484959461466695033539072214161534816716652729294838046192669470999047278468688471725160104339460119448967304559740007775212570145823373925133049106160362094745710094709414150056410900274092795188855090358455962830782546187487943837268311801797397029237467001833363864693354419664148956477673879254304656697813085935201164313756358269335442500593435203460346749103042091333261428399540580931870664544892975880512062791503044544396617372513060433400756121613647386577718200663122193915962779
539 91950124182408482295468021603388598226517406544771154934987472552322275764169042950788286620458413758352563301053798611629534715581117231098292402015081923136015152236686379654611222507244039372503220010804698923748666117085239669207875821663953138906960186374713025335818479077517744304191954283132325099923048887583379245143411585801981088165387609779823270721398374430892442301649902331382510707382739688425255835310019961987118454852942257189128010654680241228911458589084471892277358592059458229866078645747601
540 -844371378012120526474942327276402663651070792824278737164589004126724567250219262443670358003529283365460547646904928845181440789068493014183044212213854143778501096197780290580713412037208833678697828211400952709770689356752451239446122555727671728183281259961905457679501846838386000733009208125061059264164520512526429768174365780475232390468576922273586842643244572912762044217954625215929613856527835846677818311939238441104598287644309175815716509842830797880731110738188238379642463500155671871685856354940301
541 11758038411929563820226650644695292574576883516966688200141452865091936083980899934872082761502909688119779132661050070291791575498313108928376077402252322899680098718920208904895321297030610454133409351215004188078426411001563863880840534652862954226973767266439071643260433809188347776234870326918163378192413686196199926064678284638442896316712870006913067726873964614350658164145808700990133080298851771051581101276044453342046133363893025440783344146869065945989894374952428475987767796405691368674975754666131204
542 53018953888575844924083308101535762210070220702491898512200062124543229915099591246671473043766081338292176967672675040198646650529514763616533441813549978244504837246940736906648454530828558328623644398752622397303691412007610039129561760371954536206359547637044465228485360811383357078319028133160567236086716544810536958660604809597727108153573168096477073916075461251734888552486354416466562385524832304229209979539698733358456597956425164617619354650846715432397238625414568896287296334613613542521420745189490927
543 117632622730551622066351143296135081100952884655209642638325721580554771839243684781686860348619839504973242509926075584268003851151459362174456357609463842133141709669055575139159267246658246896600952555385231371534529394578023111574082516393612759611744464028656930026204999606423427829032316086469132834658952926133840147855009663181914192326996512562870046522381648010410857404562292960373208319523807064517650484241932782245767945267697317983099310112893022459942245422151955265078406209997213589639441554991388929
544 -2200846656594550584714066373563743406455576750843724388244340614107871681875851741121113845528692247229871184168867317715766977960230772821958929428443199786366960545899711101870613665124842358213115631322881219277533453283458233130910006926176108077517985608398430215523651061355319582625304692932917206636477196459652490255456288315570158076557349355048649517164689699872661956549007448762403911773946385427411491068162671658247393936403761531645509757944807588234520021757274026849111061829066214057996525252902360481
545 103126017706946644318766312198998375163683991265800713952058254832651685866994359001101747646515569806280020963590565495071873953456918182378667996697540482641488537146443133790254756958305657520895822063809017011819085513205559096123812785922651544724107322903102876647555567370394235783753568101785762535358431141490491650538215337084768058081940243998809807373487290079807419932162259513181044999846597678149333603115640734618294194483998939379670230886261507824674482395726299660749272771948816713885442348817491331716
546 -26533744600141733178656893913869598517756512405865585454870877939378865919094063965728913192960191564973780196245792552241341891930453532082072215185994238452619997475820353971410915068539186894984848727075297534189635174797027429616193698578681932732299093220477924897639397325609546727556658413460569467039276567392669408475610061697444477418220550043883252457326405091223958136707883807126144692432252475645768979808213327460714224477156321435956161204263392069718359444782978608570736224356251200015548822264505341821
547 164848299399081735644599921786767797482771058572926105378372212076584896785878107592322257567839245149546301221895141177439239976011768609240203888204072491263127530170448647367588785179032581407488780075570178119475749193174051819087487940292162029626024464252838427662825647841058752125908938986901083446135884765007396001211321232681585708725725128064760941501292150202458994056286325942494331139366079174402057640259468676885184751415168652777794056893627030050570022944514108229350384008599269806895697149416159334609
548 18313681625537539430392895988376681873347489873542051187682266948311060528975196612492049266685937802561356747983824184160383058618920316168855079397170992612436147773117776219199089856890811998904039571262417119671583722513135472295864835435129007275511171186891877679106026623091245603827896218698112934929661264811109722203487776646282700843352969424881144340887184264183232984877388907170549190243971096233529063950214434559025428390409902338775789057698337828585566341687789767008345165416516105636785330234910167021707
549 594758142422680854103969356756027862035787597181249829801346977711424716299662726231364201367525800221706285766598766689598838001169691985516429011023617002902412821943176501234327964493673474445006239288028895734781243365454894453289229588358507809627558554616255615301352806291294105422167218115062711747447296052239451942021182060038060415018694604962448395017727617907326987799113674683789768602669593179294432364783000003497255087717278783769663432383787062492758265171499407936965679458398696648450208111238220228551844
550 -2499709619006950845452194933334097117633733043642255367232203144293150097935202551744691793477135102316165113338069685952160482405406660536662365788151656722928037771436337985596640105341372946621994184905971872350233027105074481989484419117154102901568016642666658475896067801117997622079373612079209692226485851103758715452700737775560341106788588507194729054397010358767231626457158354788345546448571771557383353060209619804147966518205223116519956828762785207604070529569196183332385793782809987299668642391419464837481641
551 17014041015059341424820298120413416916783979808893614231125367151859857510940920173339417468217377544720713322015891800741784894096770038430583486587796948113318842689683825012785815554557747640747419446788726574816405624970968774966830891525855085039914032545182475195510422905838740536655821371868085368313251194157047936968680469343260843335350198687673303521225466934142627452932202009585345430038714566872448729138450330002759802025348622354718289777024489231039795533522585681933014878206610976628035685559108174859329281
552 244801539229863027233212669687038769403492143311459885773518305618931046167933307580164666608935287015555044923836303676739157183590636243968847229145302999017299949090279616122944226828779832682001747369219174640968761153932192536731556005814617606894301635672134528028211258289125990416873720272686296098993426702723081568717224412655549001357895089653785253921402696422709625848964571179152476544300784284989785358213247586263837275988483205767205744991807845816844396549289054105186573261992495976668673237475996260442899959
553 2113096098957504900916781112527896259089504345720249851249330479537952747239348289718041717650003854041957264497774715295001351091960046127219295309383602381744846490462689052773337473597267500400152830582345999710549192322976660196511459512003769971281167741924717633689004761358445434453627186648517327097646586830232894110057038806005967858906572268212390690401068759158550816582007227932310808575574809724799422920980355861346200374660640987491472787383653126483890540012631835653992532692953428918714482333110071270412996964
554 -19340429917255397479037198816702649144114930424136305858523187790656574947965398964707118467901068497974677250269025127271792023742359791838409913519151218097394936748787010430450301385857107668785351268737918043091560237637706434029799903021286101469380281615595694831764742867077212202400792890960504439755066629505808976947545223702258756196612753893748029746626008713843798672763411426389926445218835112420516482871098832059505433968374079174524602015291311742168975151692705740513456503241888085920500329941392345225946347413
555 268306541479301549827955676213443586254210867655609229395126216066512483879555364772081743861873521055851143662145329005017505712621713532542604411822218820642669857387414213254522870889406478735053790212959519813410556869859382250577601237270215723458150823949096586165943303839193646365669100953018885796597377854569905850506074163870567294349641678212643085659798797051242892184806344152494559547712800831268892499422860161335612074382077186635979768665568662858185583584182161151296786365766695657779193581661100904539344389009
556 1217559869032156710262322701421925408984467889657412344784331814270053348495137817813778918692331582595246228793987680158596025184846365211728240703373744865667155799341578961463106930111513237416047820746289029471971752764156024134855046886958064695696008084232096807044558392958317358425407283371138859498743855311281972461987893289096721406796312385268727292029074180991796751028401516746509862394792480719577424763943312067210756991622177246441955001341280237952354286387249554130835542301382894441469883060363270938222300091299
557 2727484735940814030657657656996167397255128996220746796748017174995564297516023593019849651132402762644501268106785045180059148082439829238128021731165841100403355119952395649927541794807916235774757627394530540251360722779808886384236329731527779122712497974386680040963549978506474308170761941445163306612042246988148019877128005970286432487398238849092224513698288581586674133505598053327515597234273827301851974278542844950169632085906554880617761899704642206588640738325442597276142930742564129531564079445070973999083856153796
558 -50871180191582216838336052971215028677194253377223899600741809788930000646689138793368317861181500643694091964907127443124792209213946726660515700093415608450396566695078952939429184403672449247842292154768718022184149184425787610019319681773219333831013152617962780037297047421020745070157861214594403857583610719259555281697388207497601625986285329952353361468631587253273162558145879076446132502558925012467295371418444124670355368510335544516469516373500618400673079842282592539593201058231874856730200262067562379953021827952961
559 2358333336978445109899553958781967316633622112446349352174513850591605694232943956414765962578793606983075499556216021745804135977257071722254040334232333452514301680085812048434687938876215992894856580128099927133442108256437109205809955636197175658338486785693073187466379125491527318215618376023383515619402848101726732489643982844812536257975145583389632373505886291107639413190300031716170530618692150056967470797904795126980657559347736027431734748143373267711810722054418385010421735284370847436646332249106432338478751077680769
560 -561217992748976517634035510231858421476732830967593052421696804242039925059984958844429077807888419428073080240912562824328858692540780061713695041196461229884310461998572437002783645525460760501715097320169491126720888959462683285963289086441839729133588758424221265573978692730491408386049448867259093964051269685425950195283889575113751755992947386704528988582543962509296750008044006212715861798630414180922359649139228271097892819524115414501117373269049354707126816013485813871804638537519441347874664497179313152535324017880433
561 3657636941430948670060152765805618687886894573854148472510181530500736846715289660129614885288441994865979344382357641151250829553732100440205643912698271241355167180796376854810680551046707908624142524471128199908396922242221651064568138819798053579402792795427952078973522815492222166721419859762165980680724388190847047925018626242281363754235187731149711872868012963766851321123140031964146349819500533611736541498500622409259387996380651806401482012024154574438501279307612153387795179884913565667505698317937701913351404039817924
562 415703640178321496250892028037993132686674489729234590934034747444507563301685243614576178847163534959775607096928897326693775053763658362629842984327583146606161201538204586038001291119212210548343683036182304648051452587099144269087396638734600649718781253056390104598506817267968854029668946963573711428357555303134130931728011907358372024470988368276251636928743262495082545045169537527619591171889147477212589440650739229542493924446832358089719633423818763114056591983185018477554469369537169371796544936013456495141933519809920339
563 13628375833551623989333977906101392905128035283610059586896216619379073770936169196913379743881054867682160246202562059012363285715345801379194149502240353757039171927202657036039080501339755000787223598543999488205250293899221387038317426710144110823244404030977245074526917076833356102376916355802132453821119253804814560274370143593044706721749261746222104062556402662123879862758274099966396547478926352420294373616129293950114401275567353249322371119934224966075854691077929546448694424836452153547939014845247379130769906759630583761
564 -57010580215608903520433329110915774268945631396489872259430320394266080293727484252749822932188320184259651156690991685006869515967734062959053522546537157275228574483405235802372925005112434690406424969764984447333096325253440398247554769559106784396096587102211639547951121118118698557910795822663674953042062693851503456801032138972000990301694573964164324297506445386258555599791975754270831541835001384232006456677005450826530838180339803046557235393859306598418803389680532272910042294507761673598889886891971174696938033010934848581
565 386728056252940233091286995824423536277490975557288564628487840770700106135954971402232376937611733992321591804661577957469617873992397872316472446819498926215841779105204257630216993438491945567772052285838076614900048146065100588809167147983132777627733197929919745671865976459741172573115157806752153314202331404541619730520051620647724524726915593882236087152825631648715278511691754925748837908197832320571508254250523897305042228886386352709098226285644983805520556254811318416745141428986007475202144993500233865467237154367398983524
566 5596113128268932577081163454236430099708790856774013198758624799579433600061855817546239838683254794030821310713934290650565091203545810674807414471621151937300348231285004138151120579713264151391655141185295628514766483063044812594660587008891875659025177915619923897730060455150186338166318229080889422462687232958456471649883206165733865731493253114507504357546456481163512539528271124404829267429145505499881143354733295735645199736033944143370705852609783858577819994891680805613631301464599836097080792161043503441126726996123600548647
567 48559893340999189945075176593048807588571491496206829542536154233686158595697077932872782514841566071039241157711391200635629429590654723750929815692636314293558555956613319860879097148780647114906671775102143167119658036638497580947550543272537410330870528963645438129514697878232445702266577447551202654883986179571675323357075274424102537017674851894543966251854643636392953607111351727876461258738113327738856719913141348596323796254431531908236709239838899230224710350339080075372505212073048452793664384402495380110666527569898966921089
568 -442986099932654140256286792021800399578931177496635875124636888631817552801884925179459428189667631199572340125184809989652432421453385171447532351428857893963076164581988852070694843679593882099425096386425098804203461537216720185918238860220914233794886267702898321994481520795950424133829730053313484312643362677574930680811376236401845899428596854939213504485842858070630447480892431239334147298675799721036452567533228414531330332159746397143661033061917532760135950214491425377027382519566151729691479107614128625217891706849302138562521
569 6122407830365291585311378106863847772137991238212694049423850712887570093985581552972866045579715664787897429002438563108350982107026505784696107418103417258439755397973541883355596136495418768318749086337119799525957402547626524987519931289681958802719260227090652082195578342204823903353414576805562988022965610534037186589749722426374876701451494640318636397598112301426720795045939173332339397357432320521376966373204188766692748106837564351151146291153356839967777848790687342659190944668372148859021366392989644007127169343945759862912676
570 27959872355595037839188358211937640454334575103214537171141648430204698859069363057280196934090639451501343038682859377530897570145730171193928276960306874657981535283509460251911945053721980689235414691101339806728322489057004131710494762226913881935189202780240834318187375389968389358829926686784053208868240015485506968903577214861289608252247907136841435565070756305398239560365308113722700682004043097686601893309446195200006073027204266458319309728067167886850771744831430339414962878947418627902008872343056353204579733378431169030455099
571 63234474409735592429847880164179335307705553784844836403630762289687204002280360330312683610060644677421650880453121720599386302410468162205136931055209401804074867172737762528674846826073485163747283522838070079996864884098948761517390674791886209690541578673775325968784418481321581397890475348973658865924423754693456380348576115457180240949107693732432044864722205661896945390987198510162395865793630042932420734231569601032305107496750382342117635698253065687817189759753761194702283244282163226751157305825569101517167240853208552953187729
572 -1175709562258731710300002656487863084695480509513894450293938044496531069490960012260475444024824031618801960086359930777401436124120944884446268678480067057773561435569952338343315108461593720174042487509460538527956172256643702089922670123220008474609374803516445919849563548993154113647112437390681997919509939733314897263118833882715771858677170476722669789568715428786736609891199743242242959145978370292523711127593632871460828352671726791255059182378565579040960705388110587655907923615449598175187500937029929657814053584612679347337744173
573 53930954667274397192324990445752953078983684885410573502895530796627794094941714248655659707793177785435038016563685573983507350827901259458008997219236216252903498340241282771688796882798739162947757065412519256181607693596021777477009252646003463350079867264805582309776153325528224236751099034502059995770026894664381828192582281985366486546660260154357877685999001567756691193419565718048605643615336899761308134317227781228916401400462349205418363897665198938532083332793525435781031455209951696805040063291675031400301406018690546615788496004
574 -11791126435284213559114430381294848655348992863161988636945400854079493068673929228785957256944376824955225504189690482479609283604477700074208198078483614196076883401892527314670265662077232156663352611934651846862922701233023603023846296980660742083807638127759009663591091780582101990804733132950601407136071540536436222561020359828418428376131629123306869465396779516854304711441624020767167139315684701213333197374606087473958905641415080709794350498578113965647650431174868659139014600918372284087705074636423003334395807342435715297505255281
575 81115994171583002031488802580292374133916424752513124296767108382079651218586117069931302329342410783892518375431075966892945360317806269964145145139621615302208832003238011586082637532620699449609571688013970699253321498352737759276040285308925644341436413850347474304300346904497370693113911581837614121953209943095485488460587154828323192160218860613569112398765710488220415951284788697757429069437753541755262821451415451915481046586200101019172034719895572231087915192696071434483571518003092258304413078469553679259964135193136068578456599041
576 9435334897531033930909024264885917602368000580942311829372556034637346334956582307843729147760749487894422583738302316272553777816611263597686365718966327638679561555450766279812349213279792292934742241892029762923907160555860775453464198037622943946148023252524217091017285844909071030296195739131052393791771159508598729437231641639447269707696133349780239431308271737730507385366638622444362457296854053866394715524834314040852495045525801261054418468378173403072300151002924389844708018575047167104210134544771126971739793440639403631318706790079
577 312279329016831099062055089811501923777406880521745041116637043541403815962835904883928216600538063407376101028363672069492183209627564334089208111702114813281052696166306812295847633420410335257602338892336592589728312480260556132833074714238202866820128241360898638039368684852245794051118444273767811201167974638724808920912835188963792868607986785637669652065817805771668826652052130003610889645434527340675243851206621844137947843978511781942558842097529367698549959402745965379219474572634751794276610872895394320050074109547121890064521792410884
578 -1300197314497631228751367764941668467917983342642371719641394406053437010880091367275119790010257368884054462692803578920244135051496266295075329407376152842506755555095995005141051372129960954588604110829333094619622809598365805356766317359002834687325749481112308832885702580184325199261574723827844753661378823910795856441612965098525048068747835850389898586408539403298572985051760743676623535164290484539832949358651019310047819896733442639576984362762042311119941587567488647644716295915331445841315246648847013212997038950359632202105599211452893
579 8790039802550335984948592955319009441531791221596034519793374777531072847691441650937666678498327866767129580963627555572068578727612241523186456419710758942956992311123272889239694818474020930354161329535409683423638200764254425112597769912113033740379121769539211447942925510528247059979786688678276576488184161760618894393904824608109736124048086551374018867826339482732190482122213387024454068945923752599499964636193131769444959128336189029676356754599932276483359410774181017570197294409259353813760324395732639680456473567207861330912911592105169
580 127923575653953045777005585479567090926889116214223763155130243140546174284843203100404782403039298466996644981242321025291418381263668378616577847994780239368609707678702793188744677142645582135991356332029024539921175320954405034337703731089569729118882243682585701267148164278463064062416569434426499278893497713440278776637816103588243481484989703249017042706833182010341796862166552574929574051661751295398194877804610884844948484929387843304461677392228981725954110494123155634357449893767506629461303317983420565035982901988471174282335449622414059
581 1115906445166384139722677946493895174590583475230145724981922882551652147867643956544695087540649652629374373009656408776613440756626985801888576300908580811490359108981225441052376969730622531794455788235800363164764966589301367714574701451441651654037789584958125097252737648222011033958971624622262911989002351803814498736475246568516355510722743672046355274380131128957814337058677333702746725363818811709671619804345272123553788218083829012884338919898072545763508767293057334478741093219419191551817490750906567592693564004868261190101771537007416356
582 -10146247465058186191605091574234508457315922256200068568081826800403141217202828191967037288586438978933228837533894588396825313591628580116031129565442976148130194124105784576826284810281581168798906453324983149029146343084465086067560936546659582067812565232079654132440537356066249720757627374391779465946144202483549087275698487112460707917753945659948363609771217548467964986951714436677390797329705820062292471417363851494138732457222507964186810495183671728731363376111687705419204066989566351736480951162494148804779931137007244567206139218530021641
583 139703679516646285995417894372165792235465844883100356018953837894530894290804059244201329730558017752898965504760450757890062754927806791769522081581802991572691148337602636726760052339351544611310477747959159479993536411541360858559413723453032534876395525811423150050271688925062860599780858458739476248485046354400267238851855920266241698382031942356039914067907434511428503884352662813254188328411436440763504294056212470205646615787025429311099402122747032660141906398632054903486694482158088175263467568037006707234253107866744416928420855507584255489
584 642045550032909250631409723506798551196805157923687900879137187613735168228756660485431666787279253682286422558017741658999499784906844464837177655860921367129560050039475522105283755568213186250401053291005109751832534809550051135574222556133631989151648123082184717322559348154676295917098484601927540259316815064716497688731267662776797873969058623335660269827065254906470358882275556310786121057184299479987144233659070302676547929132772522850701266926401723290794133960364380874184565027468076357630607800434923398296786126056698332345693440932724518487
585 1465895807926157012114801442867271295531238738281412282031335398635831314870869022750697720703079126997813427723302884706791384060914616029248152507613988963675823017657643827431793997598529387410974522573771203431249391394839381147137982557256443955564073839387711954874240214000444300610947621436020257556026448321291031177762712260491347644623408345130226066333904831762717774140524283697102162548453340007024159862447161307829263466176819481734815985306137439482242752508104831462459934798117512378332297438310192169726631243323521099100160183771033626084
586 -27169120686557990989064813813439978486283787133929783653169163754160325035330716663377291700527144896832903290410707887742356086121724177724947696676823153093033563657505373618814173672701671144068928540221531582987320925217132036104569188512876752469222385482324357966151299237432074786005585548496955801787602886954043100938907304820557784951098921532085185751042568880846354117422032802334412653068707838649422153144900034537731774001547913583172721312354581388249468447544416572375548610491794314471017218286374705843169646214373424917031762963402307712501
587 1233295082265610843576772810645742407389791427981015450337873234229508692089405457351993951203378212257162526747173897271001964009878054678306870724464440563030538335085822463201641334893393241116213699931531827239780617375285613305352638301814150235686054578656672567756946976789180847416324463552802049917479448760004471009011586634888725434054882253887072546627680095942564226732783232171793083457509978873962875017587948933237376071223883793446441273060915765182406221074760637914514196008306050515659996514377215010584771930413574078815500959701072275103121
588 -245769233528450908989216379165868435404805719583567904305321179826308983590587816591832577514376028471877338003191051414311729515002076585954358885287324738154143194313214352185897364068602727954817743769940913965624405803756608229235372667912753620317495055122857667295222194577748258755267667392691044580387602144314648598685380631677134248250551084020829910683160080837784323482993135814243492908154844445380018957881755213351991958814125139280233700700352823826477919572465883348694834013416079069645903908842825363122445425759477720633457273302868639768061
589 1798024227472530711985078107761087682043733208805367696002067213406979879782970725700415544619611319546302585212285076589981816980230468528831510420313978941150772971072917508027797604563020771944341970654500288687032900386216832925433377151638475473697815784441116824077757869439915860663688296099479408367456600640139085247836710905931546565220335912087132680611597607152109876023213740637311560518760401845192811070095235003850670660341089175835100777192094665956078600491148363170301218464771957104212240403339067584879243917026543140611688858790878480959044
590 214138908919660811591679834788196490417609562444914224577019775645687004161030653250825967164257497825014769836850547957967110790234935511602718235148586119213898117526622051732180808620611662657639630742804842154960975837698068090350442855348246401516922349197467332041021114705143088449251726223021419524265052454375415480668236399152541227308740482439052070672331666229549440592922955044995631381374399418404341514634425387751448995211018131354110344832609920766970538741918936100265420199395410041412645939867956948052913080973387788093130158705101362307855967
591 7155464167402811403827980964644188600142826256058709470363783124933334401471116140107374690073676626094296001127771847504938442345009501884111293603783756842025827151434111524029014817794879120475558613298100093775494419768039495468744627732405921917285646295916753504685592664850052750264791176242616672967476870402129726221478010990231371167165941986774125804673538578369524008413609190095337003336983204118149930789503142710838583027800052498258864094195314337374106215562349854751088832992567547649029380504892004474583363993603837597250741005228200308435301249
592 -29651788761090312078507007215369424796280065790769687768097674983429889366172628709961577664909773559648169181541243513533898918026371960213550313685323435798199791660997820188206725452955200249903826871574924618095840745825470834599151376806668398118567577926169161322865129928326284587897440862797681307050774600669962250721587731951837341384304244773840937274168209979137515380194833472492110624710258380680895556753963910656909134059029172138882497035266033554852177026005216009987964543149706971270299531674803937208278945383706683736520890000804677751428722961
593 199784998490778625271066392797873858362314694978202977288814670230085341804120517424434350409107793401440753414882353980023810269348899050631145502797115661650992378185826237284223863888436958985417375516432643724666342014150026040493917379851405464148684522206374228355525530259166786970961781658158349552363858154697436156933916181386589600199659519324820297512000991675449073169474676676868428214969925930792898911188304305119370260886984449196915836065987081651244994354225023747198200611550309549059631920502741422426652339109815527833811022026198506107032512836
594 2924195777697290978609011657398578846626953266251292186692433799569411413160681675675721168512133496478710795605445107823727028137118894299552911457247348098374784033413514466063343630771626117789185105946396424863293786419381717110686845439833741484958338844136114387617169435955193746517485790219217937330710082544657387636687509850128428849735773431698156206347390594822003365778278178933631813714500288995259866608562265986871476715038769172462526594702087208856324141111031397704401401371623932523755361613047709296233563301754778547853022968853312913606750552819
595 25643037732947420592643066141656512385034528684786645251423399189778677200769334590514049504094091724563826066158167761800009758236587249554252249871391043048415583308741854103922012649708212557314559731672973439544791340773127710917561074707619726769061874722886553925165193633482704901938580906904487498532324445912675813958572765553999012220318076341707950902243024200153878572905451135393534981629821930897532069087396748325487476950115615978228371903780913660314108959434761818968187715797234891338683270777769128517324819650694698753517251499628254977754103044049
596 -232387197482290945329831227640153715519141665219448737810606489170850562190000907682597379543298466161040138158302887049968235306848332136773621464668705760090729635790566413790423844395818344357602017363770797610714081683868816552355247250987174896747995592470276833152788620189709533810357815871190231794723539896524356267972039328782745815239002771066760416670901401170891252994170311711289506993593036957660584776987333616263254771834369900776320819778124286339638191134590361823311569232651866709963847568186576925226582081393698115991227794157304194659461729364453
597 3187777597001084618792111290704604793098846232895203353722687559123481474200899208471036949805281350010115633564418887597696717521017976971340574814674839680328509563265450284988011484925315127497427444545030207576099383490193263404964118855659903078398003305577229706439720382038714198429576908974964470287103499683536297291818334572650008575180367782427390249516398663788515471553766730496588493136287925497038745645429973190687565824689545786164106696224914643741820194216406000954839725187395201928932372465792251985427268832242840391586924734051578561214674413288164
598 14742882334942551907501633751270366653075242742164787683459489259969273797992900047550810826713468189115038641144896156863889323192219426469582081770631190099809568782196628001560283720296839317395051054996229507636185393147283770680649705713378357042395695344283371143150889878395565765411016847565484955202847973317058894839610989875588267341777995090375417964106374878322958854277582377864709691283746999720545392621373680834571437960448640972816202699765751628280833215820715825864911513567947918366362817412034210390492575060666822882255574248319826394107522110164679
599 33978989241835552591459304194917107317708672201124637710114462552905223772715709968997884517478760012226103492194018653524598491602511626132467329771011206772019964963725274701493864529303081747097568553659722280437271948649859265644419278983334932615881606719355501788901762974231874845419029597672767555568761869890939005200811212771824805672958020690813819011818928284548995929611154393400343983414129715454496867053019250755943038353578144690363591653531299238154762091961331760037685117694661634579363057832355486866785247113982437411646584788815116262948981317264001
600 -627768418220301686186215843138425003827896974851255833009696256505563435978367451636896973516585119128211295150529596967286249337832129115187253508820775262616919901778801447348830580082374383009450618105749304990987977471640125119372079820426385630626172438067885884584583785181068350420250829813681692654434658843194297172418654485692291738116490102225795928981746639152934481829775612030477159542463146479988530600906661545544215384220200663037724695601526295054635477475777146653529875245491498597416167447284863510600310922833302801790868282788621832378969821723867001
601 28202776363326709746670434886278210858429496681891843745254212621661460406695269128732524029593955107202486372149217064221533301721006557545859119888049229785441331137131532581707197598300666022384420477901718772344864032345438443377988407744824754301610194731711559892670228887880440565570626877650685785657147440151185917149328671793616471832960423838690926563374543650304826604969302657338191681612971693015482039792617772876679126811854272230366052491061873685371614166082860286459054268332481039796091518378701503485309148819334537630216092367722518021336195276172468004
602 -5073861939394036881930705943874825051953709303059820371762055584846143735789769272993911700645637396064919432574342527960185446140660806249589026209278049902780275120287065005307756796840902842049139728390863270916767653579870552007419065403223098483736981195931858920863755855717327825505060384079619663538425361826856021869564149662660028264397870862986911631166916260348498695767978624720694991313044679088172853256460134306167758362354236619139300355340257355173767017536253122084322654677547497178945997736766381824376390239372815869012053356087593444409858593105876773
603 39834628669881461755953385421500740079062815672011139607967624041193194858955795868216147702387115426934683113810737080214887702509112170732804118606785542154462042431818118396711164417431830615841705927862116148535907168599808311246157289204403942504867276535423856315034343898138496626653225867016638166203518610466922616737134912282280139928126264083219232071125742430769184964403400176107837148674224319933361443066941500678087523599898138965809924885285364124526567453351514650200863096365619427628146760464854099195982828274339927553620132600252877888061478556459709329
604 4859572435094928747829645214636930907700073610245823294653877254320538688879375164046792151536578026425672544638478694784552157042053076837183568097927701783835531643132627786830609928259230141864179905736887227599720197614091961501283399250688088501163916620769450691205562569507719309631004510483190056382355899496918762941195157931375490220384380706699536188199609473493283944867282669741182112489805227202077985847991786009016089856772455096584849579721291595708833352278866815018120619068591656885773590291203881239407592939657730799425646593364936485122260354923749402419
605 163956194711043159706840593704508174494522631474717711833546473983948536402414274852976894161010440836327789012963011400160171279873737615484780568701974101318437637879216465059538770527237296684583541860566988255178739406002175722147444569020398575059478039244199819400627264558100279096721225337891592443180670939612354399566225999421713861656850907819245265061003862127323917998305638981421641995918059893041697715232304980292629037876083287052491138759841543483811526620872433067830052038139516085473083587651132731698385003207466185852585290363795314521508941603106260890116
606 -676207967339495321200780839639229185358342460358514719560335232438623099525872097750718599456404364902566255120097628112597838216010873668425247341338371175027846234833160223377444857181774437165485860479613081309074236276519895687466699802489914172018133493005830874536225032978765631342987957350599363619348352527604137029928282672044109126733405152446075156265056845545872956007689562025420108585506677032005883843591165816133582456473372297643215089007921144466194584030659198258650369446674992776331879491364842429803775072829503651799556320561990026239076929589499755245521
607 4540688337031830469680738569849748711186924824777770712677072741488615484770014920845401199998830604488301380852969855543876129961830976521126393251261180020149522652102770971243718995225858555296475163969907131029150376066228720606368658541652691629224077158501541443378442734751250258059869105712447195753738007150691706601072704017426135336406596377404951731655556847683592444719208541653266958321175187504579587217076205117404475181826696331621030537033740328895459151322428928720440421140178497000986432115219334985608003740075063650891436468488458657959491434162225980273409
608 66842708484908489380803700334094557376897816255520302419584855270441918193039745820293912214403548844395835682161194987957837677184677318461324721544898540150320627175048221703711317409230258865390051268483792770843074279825847410960217788679762920458511033029982941697289158796359635785587221179907297128500222412430920002712347838930685341167135230440471315883920661694108015614848434459539440013438362751000025376015636101150348473094828277567216204902605092932618753644174597772429064557505519084516893879838678329939597943356013161387703555502983195552018081531412244436575007
609 589254378141523729244313341915789647294868762927382928524010379416804790317698514357972927508900292721131814326493906336137833476525360152780566286480425657439964653339402428066496470065387950444374994277850200514715359569884439066429301926617051177397316031627374044948621936895137323456110976540683355693038626166129236807007853840740831924600434615047654569899685274684077325780998141422713517899760776595876570840253070846671264509228296711646127852954333544259765366356912062032513993491488591039189796944022159585658289109023373816644941620202843507866086914545333279254202244
610 -5322434965082210647199017159904822691890996290893749078224029409454713900194556056420446452269449093156054809752573930195089884333715546356815361539034133582589112420816676143162436633777995712104194754591892318074252780644326686394722779743109059504331636974766253119972044742894825517454390304089182956054487931281303577342643321872598659829903872439110113018797378643713297815401420214643976909532491653639013101000481231848298442574923132879976431716799372939319635366224336274999638351456171158733953045113602304989238731477143548103147830084228329988440056168549479793574087741
611 72738233588705032859751793304650128651776291405730527942715885002348843290899169767123690639736873794256215359806858119102070233422270673563840922058208263451261351008428608746982253703379444702103329180162878816732422806611407942628386451196462734025223292837708098999815829204302777007478622081226062145192298851668520677259011998362269563799930983251307046732971917441396238350619300865253770716029226551097607297562228005941197437250381848083449358609119912165330125137436370979600379925557183937142757778630095055697958772094554949315705986989632652567486306389913851028320489681
612 338520494532518155663603427454109722066258886018018661245812058351018804163871411910436823992637883632702924313216193492491750112713801881670291286642904181131756778543743334303665795009627645551388307797894114069339495624134311350319536930965998166504128110606154875040004361599728955159103226235648935123865278719111056154230210822175177811768391129190144197230013820607098790599586772848982362863574683421984746254031671390204136283963609071358053510286716434409755120809323560165040106750807278461641803840964368005695152689304155671194860164642263432295457567680628314113448189259
613 787547068169828315225044566683894435463915611244910047718198337286253708955898142780688430880041779829972378183427792118224202464503843416103953120379396733177708552040242922944990690716429149938232005777625598243631590712712712921674321579903144829483827661258315597876948584872156690903908753615932478444911221664387339014841249473677921225341032322295408226101429124210727679860721564933845420797504425778566951542617793145344925914917323386565666925843519813909738226773720845235281058422628076531756255769064770202210075088491223340808124364291823609672987776999386935615023737764
614 -14503496395843266670613348822164477740176970694076836839660703563816367508748743852749227129585275510177751342942926693893810785342707375076796940792261060009869323074408314633046459317188206383387071153615135155238393867316182067710876234026497192901682833957057225035704051235427477233210816245275615153410835375853581427572527945231456153374185797788759601279252416527233476460690950807672292474639226040084207997424466660813117815724616249592750444007939913568948120000363369483823228361713923682946237431790453005797096975416867908889696670855148388060981596359518596934923845963113
615 644930176387402669710292421655598954994480009759143387434444842661406323415678765712076973779269405301821781824946549586571252979373619199220722429665249611229892212512106200835524121399744719382698039092026881496000998085661692659931878408038964175493558867972825917193569273509452610350459949756376909328382364574203472067757077808565432832601049098124470658634562894318634633815443150610689445134222856990811291255309906120658807804702429642766522355199091522741284090170394341425924000725697936764950527957226320917467924876714393095486268357403666737802932293590822738109263329969409
616 -103522490834734685399353159490400136410886829829002257843310194523844717841843731042988841296246930028212190349344148195741997829479977384426427775993979570964535055161886079941568220748688850488146299034173549744130926161782634883658551636199323806787890775956627279924677136083409998750097095521852850949698128801464751002315333200498743230381287721457634291255267864027087601863009998742018581450586496079347552548729663512414137063291266676638624255831919145095977827576919933604636799581813696276681209959161079638989738383661850660813763595366225722387184033062887216399452059113801
617 882053445347963916510205021593341148904959139812968718402272114353986382992429630665302570203312572279706099545338088049042289236492436665881538710092556807039425354475284196101303986016268186479914332272391958755750958302795659075415530605956737953249718187255776845801255609401357420460629251092245085170744378769343952752135716343804020387751465468852599721994764985231288341754366120813211369871663284863284588100506796772814434886161960577760693865214478083106512936052330487248500233442806321956996706037371501974399836155173116502035436978515479860855171716660501143252652887876196
618 110271723514998936694199742907819558369290581878872456150137164482680516029809693150164050026461044406395206352052787675215624245737579786005123183833145832085574746744828319978886779809380394252671933497858240016162217383081735239265207510332949358418973126881920036328257142023817537944610341331443827260184417705989201392641394495936400333923701026624866350516444212983133628930592788065472623817893590476577231343216456634407330000209732148367274804487553968109881378148614377489641174020149852940205720444014679798327255059724700546704109342404097529536629122541983048084355353994599339
619 3756758706187299131123039183176216866044493683649653208815611451745039135230272240378352440279958385230531135472075657121211086517968483749512504526279069989944514461440164413865258537743628339301034699604283179313515258831281850882446853463683265608338070613832083458698384043309223585135894906076733269355076829415717595341238441561290610672357141804542913078868883509747250933737136119302428933864071778080695349527434056541990937597307341889491139695621481805254942586878577705649020349616197113760372820124534982543165359640917891298565309918410410214525074661369080334284032824798023569
620 -15420460570823150486448006385125140226924596463807294784210067828200410146591878480550901516118636375418599946517660044269217892118468517137526192201342791519395598527827800146420840755837390012837374422724090382488440731382477477461036539223506842832834725143708893720339736045634107538113722790671922224905955562008013171999452695278242194418328721146746948590475042639655788068043338455812619164515166208803676483837387346318521026758366892996196107712669657833067970682965527429107589364885598867998729766284087407044367565184600877633200861041800432347765537450203921993519076723365855133
621 103197033357080248690936197389308009097313971300296742690922019947466632438839185309651808436151857676073598363252706579536500283773476796180613455844227680884294281807347915869463335133841543360709922078241594936586803395073034446559874686547585121170357594711162818537016296251535618482150830270491708935728827453878219613220385032728060663628631382154586398705235748633260930855935813275119086572786170961613739073079106428448494534389529411406469379954318307703135280625452508349911507873689200102981427877308300307289538225103297305034789373122169392328000767137427743554288097185069328324
622 1527894465358271947370764419010066350670075576008582853693619966746393015730832861402205289129709998460756643315760026526216101573012142526099210852266777757518301471670040213995966588022914175182476110038269283097272038531442446804492308251337518313006987185509221124819906353844312834110015077962497694182199547484174772774799904222784637794202590851739306368470965744007405318520708132051076513150014419368513551797415380584157577775345513752006941733806928458858991997679908073940172304527094249587124814044296447271652544070097967847521664316589579231483944794731821832572329724052848586239
623 13540286784915081052206048335998348021914051500117479778180684891576696815826716095815057112935528786018861823897526425924174935305958852223596212514614802721668579571812550615945742509152974469264874910988019523160630662098347733724388733861459615326439681608753733507850397813989113763287699982741753402640331285769227784206843124922338674452986338321102815893260967916173616768120475890855641573179203406860996800296519822428171417804840541798156061708839859150927687820509885143971674341500558231801718372383843911496722657203859729066643262130789044410887201540449178017048039608917901228161
624 -121898950137137013974546235282663642168978756698213435560066260124150489324912283053827507365683286516149035674998596322377212239470500867871175437397939497438917492922747674482743985652296353702415498478094558332695057986990162503834016270849849277872791497416472232524557319465864294222498066152926181632993159490354942403632376882806010080374923524910132000094654243866299550989591043670870576581518099731842057151965547186091189898638799822844970830432985929950653876010329753332890262637941346266780556853877383824043175839058136947586732140926825931162966248820058055356081477329712518063281
625 1659709343180431678507545003961165913980496479120881515632137282597761869827662874126250058290351523778600173995601641752341844229375718909681850949520171797473454431450093403285218058941743973558402052320120585433242389507222181783870910775271459024904146016670815826961242856215339728003028747276250081774322128271187394875903622699135068980888784033920304625668261623306422494504868480366087423590727138481914361448696789330682387433896848215267978045365670957313199487473203136571946280377818763809011815468881342528314787929847022991277200879336880778716676141962005920637444945543212877328324
626 7772731132806381793584164998143846429924532623746849488685833376302886865227198922198947173409732531456734871755093529028569144542160459595454691458376837759004378011094026630453085121216927737180437019840720750172276621295769832075492341107052536917788715698678946148641963054443650451888908731815275146887590054548150906754864853283987463166975636058617682930281513358047148149665926321559991178124397955372122930844127577156655857417222858408448196527708688154221619400730267113480507855137171183408835395721469047760991330858575227300073252994172356612026910529492993038480840370627288062924947
627 18251637220169927081434242908326755589330844227062233748438671788198401806458708906406688637849689408010525380871751555924018406785311909866935142757947972450640770819315791536998624766340935944542474704726876190974592501059367501421523846681475222454831443077380457612482036332867942265285591225959460638083069672864298526384748219450366924376665599419402075323891182053145452496347238884301832836719297417809681766132118958031063715389696218502138585700576121968338226360097447895819678839343481634778832237668251353296043058625386402187852217203125892234922222571216274880558427736774341853761489
628 -335039733539975793176290240039445422498312140370061674638536940265670121862421553524884011491572906760229468212577864767054205599989470906833602908155137270117901518553580395764867137832955072986795719381966832304340111256539939295366901048583809277873767477457651820108106032933237331581970862815681493751520028547811255275978243851371937485038569617622805655200074456268092275808518405423176859054821849143714210929196671176927458257945371689947583074574647784110116352002845486951061133682493819921342734257044965703557457625291546672694145360528259130995707378797576082426952121351340226173855621
629 14747876821795983116514433190545597494914834531086329556950810486108731459722594782034321562594041314744295712884104134010588065220551964302684355744936491677612359074552849030280583815322887089310320337228572013300681387882873917457904168309576301735254715811579808473285134541001536028167761491250351909118986775452106412673292856398524875589865696600034470539220972663593083090172275849560044164110353089695264798775183654505073474788758914024500751928920373249340171931159674271620468625353287652460760126533266322617064345307070878181770030381554154855439660694158754919477877053197621925234239076
630 -2081087865506205143967331507062744741981286050374074998041359503135402930842105313914226726971610751894135134548800387966528139742652023008072206067760391099614102421965170940732089356692822227568672257407811325446650668866714731123737696910135540148041711990215399945456438791952140203875384218350522151007554179909974828925844700095938873022895984007660992046366138527005866741914455403971280697670185010214223753605607041893410174854374907285481488530398126499771057495775841436690686519910882425829329829799993429640475308470546252102435390257638998606135282679557419291137783954389963959467656601
631 19520469596607555168041355977002505500071679695351633032785594968834206492119427048528771337548633423219249861219535325758034711492450958855162953663673736128910415022031543809359381860856725994696052487587026324164708027798428769622692805976546889087215283295275592462294040877386234585481741354641305875000747593811715237896760860353105137774390377711551952100690475727848883434232092578680145698633771276542812740955539189890953260514996091191440298740886560181673635082780783619091851631448115054586191731258801959584623470928884071211336861289109014935256642277565005949562492880702079460070534529
632 2502034520119687130048870664929962149340693716322589597017479352540830497442295188508241101534065011030409270586848227379755751343958113978913810766298872729787210816836955933960178337399170279091392864446624840263986467608698892460967941528638161533743878370171101983765923745699982602275116926812862514550825817569045970888866584122858357300680868926341732742537144732517809965899199746961270354118533163723185605932877987708258939159118320121426389877722390580513047779873942089642752329997830786675011834611271060708549874516237590526501854688041201954958587383506279893309349325527077962008944593127
633 86078409278900686240610298095161487270371517812845849535718949710180194567877921489186009906504443138301987306291402988023290173259589726419641420211378464261390875436076703367033000111168306674867190463370030748765109898751924629713346468365693554542065162274260925875832186572118654045652590950096539640599921409174254445422034411508204084682967060868977068814657593833013077466643219310231673398208754023288481424864251324801286414799756484468547871610908013580942854292211481912043102898500471235126296986884478228652845671550284683963396684137736966638317432692173867603128312042698937280558543466404
634 -351643022451888109037565455061935805551602064806593775102402625770889873997320044557611959268312753467262332887905161851995948571366344717965454627869059492544364653267682079816042798991017254112265299528354576572286549232435522948398476433753772305015304569677177650587685171958199468054540675458080151291660006390691366897192054204607865219996186312171629211594214896071914763327582421150889899043891758051569576418793798403543140960011720971028208875899526916789907067631810249421714245922547995258685494839927817971577123180495434256825192188973646015569100168331340636454010001002200828915238615637381
635 2345305075349673235743615252250164397178763313796096194171380101897309805955379380172515222715944661332643433561220844351323123463009778542078617338744436117370296150685451000800475881670481166125873286565183234247522461805346024108442006290305977696295454344344450807236011183636123320470646291147489667726987495418135025832601638079014291454343122048986730612691524688873846006473667162027731626838707950597987836390836954256523004469840108957762025624019118936597816470984522956055970377163420238790585817722552095212713366658007124749104950821737777742673201815564501235283348701269862918689375287767441
636 34924032791470396659233916006437145948709609988970180818919101330529532709889827773608776186008661468849785377313842410552831006851777143007302863231195781931343349207814315770429518581012562899272105147505462602581820973954912917029766894958655778709340881186175336870313809410359536482435896460060511130614392743970428951988186255442674639869676020551329756368969168236450204259562383948217030467036500588341337396618282089563411680338735963453439951893594325252580325390491362365424181867576239516393329599744911994541464257651298570052099390981913992246605332753191030542282819221538162512884152407551379
637 311131972838574068459537294336538733187350019416864512394997172976605806545156037359448031449607673431607201351641252922162795462226363934389248605652495700709237989246112993848987572532235418164341258992962038522899760198582616392149092234576470069688167324361319028399669742743775715614111884534923383041020671319126564733770997189841680108847478439012431658460566173865297600902259921648673560007280703184721834282372033901019615775102460846171243102273343455054314875536527562550582654967851083244276215803832800657234475509955702832064085811472574960083190890341234256963894338101282008877670682586359684
638 -2791778917247840028852684786278462488287541911193584641115325166574503312347498042604389258397864598953360499010275225029767908423624875184494870218305684831392552494251627976809652908647769979063154721330263163086173812683407819821903562782105243598358355371529636617560013760694745616529799511488370752445120038690356568777798125658198293712577720606336085172599854629393897059703839791268697820560355261321487269022563073750611557490818549373286154541687975385818147236279431858896063385168293572501190589917990737491536276429859047068576425131503351359855512377543964543398531989769132088368205694305644593
639 37870048892796974732716387601212813850421947383016864279749514345937831484267540482378672894097577634724246025885955800927219892955282452086923416919632418037391968164985594233109697914479177226568635586266989735479200118199898328580746728365722966360654342943683297362497198667572077392036338815231768326056308361246229160043064196832632524400031136847377121303814522509886758067387301814361056357250010099781940587154856948898039046719645604523935812699465902268126888237766383956664910110337076080021234700066978732888191923841641670450063485545575098697001054434128444673987812215886463617168279420311405569
640 178463142773347371731258255878421408720497367896630001249909250490273219493147554197593651169685403550067190994944062798708990393894721941665336966212754460131768950008267958844421253252550991761096307441435081675042049241659358045365619568363625001248334362780830560957633105520063941152088812002845116329026494855602074687564036324137562569851402837687793903662772063092159180569771808440977944907585387792829626618081659977963743358957061552281759038712572038347269981609783222919277197001403154118117190624100280077577749364309250953900333964967151595408927218927732471948268093593781400654725107422679512959
641 422947933512194806889721293874123147355050426580806637102574095968278745569589178521141809941226201123617282409012836317829337122833826447090174286103964566455047639273148052779194907971915138315395640776078343208656814386838980345130961536199621196362621223635689637410256301596559125780177784700019727023811752566705564184008774552744765751867513211156496900586333514437958189896596019801977353715872037755479573091005838617536581037593789405657775767658214230217200267401488523934939474443931223202841738259116885854546642800308031215352369406595872090876920545493663560085914013222186860996198273803358986756
642 -7738757368845637843461240475476533287538053233566871352129102153684573813687608255321275146425679284576811651255417417191205350341226597397668353564758553000471729786422190835437370241234425964486702759801665311547752804266427568771871181567696746933427647373395316052003183122011109418152951957540186477245435675070473456633215800880645130150082389404246855117337074988001881754469791161868853555810975748222847514182886029904944101710470484195006359704020711092348553297798998119997398892115686372064798370666703662644381897532845431452518833597410644657691357254382989535209373279816808863806068123371874717341
643 337242478519588051036124855858071941248211756912749252352923569397284930738809573686191916422854994749954794663221302025430024006666404466832547129721674951827908762078838065770774695035662106972058832731729347363383667146872875215604224751228109870430424067088076479953629979134485554375039001885818195586841766191633475544346155167962052785820788365883473938130413530581234121202613317786375159133218884902437501273313018394200063440671564691000858234480151969575090200960751001845513882630838923583548484112014752862192145596492590034696650067703517918094281766092434004558110391392083497059596288575098793006289
644 -41038103884468980783444307398749002634627458669026220789805678028734816296150297813505773946156757143776339034537053112413704824524187439206696214867133274855663532186606216004391787369760866129494270192212435383978975651628623094950637479150018580909885237689313166850566069503517542848523709749799582556909224187316087356658135394092359018883025165049574954800234557699381647565683325548403677390265270068219443170532410749298281328388590152049692536206161324113549567863134000053757451277315883847506325567383202842907856539437562516472341438927527497455033324244936276312018463215545675579965483787906575792213
645 431756419805399389855796724648721195172666435797110911099382257969014199231890716807141363367092045944271371016926188360982566650452067519340871795614873447781381239216759407620156982522824674511596185724960190386441353216242510142120525727672042986544141050050929977601924541257495144156284850173007340603344646616586156088752191931598822004908160671620094925930660122912360585726087451668879575208141377562376657136963876477648744547014776019537376412327478466988317957386826814873010455890413906274875274891586712766532214769929323079200159346824577908971609245543583113563918750952304625442752737602977206856484
646 56765550264128701085332067639818889284192776231110071176630668222519771970842341243934729231837768329099806742929203428603899207969319071650279715108982324365021894827960501607945787108724155207903420255121741675125736593929810250575039894221561069443062039119486390977375530611028450148385979416891902530516050195485525103042616637115397115671612230978501559825682794420390066735666065343088485078654541314050141243451647211603887325267131009002691836304179438797477095094876790673151522017659137328853065642782190345674336684470883003164937917316030254227547860285767490682063393718347751590106573590477230086137399
647 1972289354851934448732850953128339772539126935571343064445111826244197262214007551487790375964445757923470646966488143666008750312715166689984253284051028880429586824258954129104846686586279942386108176990112452286248105663786019404515152472676778561906961330675586755006680764138106237778165291746350506374766038564674720330727421640851515542965643391171403983415635999767317148456400319146370687283984991086588781293147623755158423782779708692381763149476763048179468368136324744398393081656447281949657292203967874425043175001926580949647930798726141134530960429134030187652414720968232018959676138232032530013035521
648 -8018519338976789375538303774570365629206354573414589357186162506941357578023939717660059084987579692428255224062066095105622967009817390672305704540168157940965188210205909851555270400940725617678287450516668496014071483463416900457984692055644644229337300666965429394990263487197575123035188935197782708299461908647905815897188002698208011365163857614970966456105349052311306753728797241167842294126032594933732854902077345968021525693443587326794975370361573616922657169101989263927419576747764536089058581798598596616134709177499070791505903747336909206419513961351026730698102345721576554675406205077220548803350761
649 53298869511828082050644687324003042406431742277802865177696033526396538591809112426646743096117246621781722746199379013126561831214944956898308905707012089549021489075584000400591366589321781447544440539267582095922466308738693232060704463249620637451617412771959459839676952781953943981027197973849208414783592124380355167072862932481440582112460235463417814016973682667879606440219853906231557234928817343673930429962263074001599009133288741688236783085281018859983561605563007966192593041809624277974084274019524480924241783584068664914095745674257494856166290838004222711873819872629048381426055375036638197307311844
650 798265048207662841007728655302421649270538962866216869159305911805485982490798597876912867918099037087301430672703146190350770479946636609059147652034518029222008826723813987277337169317006757861975627481579853287554478792885382412842928294136455880867315858714002480466017612791888306539577173584648502909005633330013718919926840637824249183392475364335812368575076147445271558191699342494501424341348313298842020117417035155998038010165117199645405266081068450120460725771403808926856122247312022254397589260301444247986344553101400951794704271600714246150307527022329396316905016289270578799920076614153093530141736267
651 7149129998524410796430910059304552186684197091032387417458838392517234452143152685281882041494356649039930499460206711017058487570756827638923046917506245194737762866961027300043642823519760570419588105338407793591296745446411467913265161970657655890897024439609715653757916672490547460040832569805130063199791787300854480059506337960110401061514594964881738929111550111743418190047514817802951478607997712565211468606400358739963292073481477638253554939395618706740708137467766890777948576892426818161256156606281501807135247201724994867013344069902196416176478743981321815173687759101697157479923226038733597482673461649
652 -63937191655292059694221572609197391900275796222294542124760250915558706374241526802461631059438949052724226353143443693803220203520797044721637829708996348015740688854515867606437097619710885870261197649470796577634630900757787548370229966366838047817946085696284179887507452728112402372544392739526029075562052883543092904207868247419397618208461333381204094893453922394795163884773465304894994662075953886270713676130357665879524319409423734697127335442893709216957712276146804542693194005065472127861734676823405467807546477839233135498956589167426818634626467844836005482157882887954240729562991074154707634701909152061
653 864080525107555045597670168287558143193356469942497032537519795053899973524844439553195574896845139312692451888343719846009902624187152302431519888438875553062023605101485828931885589530093941105663968280049664907053476183560580390792310616148324898992856526205299539229140004659421247268520021105954887654161184661156326798052823056343378867492858956445103864757504693335406738247486909666583687153268639645752326773546958082585952691854700345690142181804369779447212271948620947529263762575703928609659724549473389926921711888656860960878692728037142114042512544322724451547912889013859816879962418435219816055106832167236
654 4097413000382164815504641893503630776576260113089754271660790546315777599517133312488972808267438779367952360915337437140378744595106485737322055392514994020572540660624373100013207084588907998725712764916090882915011176150515988051391122551729067947049669162634919989238546540776831567185315504081921417446073760719071554180708762698467153366197323808248532904223198066251667233881186548408245375559502983841821702724659051559907423249082531318907087023904591444435483170531253072864103306674944752656710679679379422588863379151629746138122607292472029351663296620552553631159837089767414879009921074161128868015218804553119
655 9800139822475372632436843799702688814840618685881045110881955211401443977188436834180968377916499363796525224878590725629162412630571360699875232429983681883284316338770666611047892597971190085655438461032391910938832830426318523101413728379713081018962168932143590163799090441194737247882257226557339254387433739336657925984236720398530899600266490316084830751529017162228264710710395767186204878396451997621354403561720663708303586809128559467083969178258726770889554630329441607105112528650220373901956889485511871431515781464087170868322186382493904042261714975324372128496062972699401537807682881369490387379526798398849
656 -178730383605424859409889978562586005122424477496629632781923413505122857008102806272439268626067117052797395590665131747452368955585597507230354286586464087672316276876679865236094436867057445619170345899571372559730818378103490150646025083219619488535707429491377814186891397604271936842792302831930250182364140096058214365875655782657536618399094467690205737420635732840492345898654530202187764853807102193083816168708944881910924734720820449212582257649244724715120992653763764033549036907307371256978918018551032423688740915034734334157246483173428928281057051070703798180898345478174798908785692389995777938942719518083153
657 7711715671776189492029377861880189369592017985920321945624457166375441096572466786244700431281119591756981324138653002532963160188448797664066965081568176916994705154619864868970758195781982321658073615316504787758564751825522108675223173992187855631279054195092195610143242240199243978467971293126433557880935991419058701140076834317602412913864958397869674067324847397801113177013884176815478132509102920252866512318866904212900139682844710912249248081160536649810740234122083088481665165251105060496667385059417973924080050206744639849705813684106342633296061112643237695825237063817275874983790624941666078130257696596778564
658 -788490689115353880682018593139764777242868887473951390205628402629879707248901947464017375636866741724715683728419689949979075772996416866938279588667118968818262850361251584716863899397438319240530949277051889084688843520425835610857492911829969474379594670306549178107959803813089133255178808819669893238525490053329169561784447796642646949352849223148586721195585517965306220290903534587084240390062156795955030944982084525557592667990702398312388347048294658533540154406041862163222406627436318661756738667957657746976457018771551625264439902588361047228559671122549839628532706150488380501381078631782923962213527032873421
659 9544035843564680915341853488130534763475244039053341511975835776864587092703632626647079995211873367661508563966609824478283350751430772676999729473777048305670977192075073637458081387952119048336263468480606174655652420003248363702493316583460688177359961889813879980564858776146920079311498781175981361904073332878267876086002440140289955713453232324800262521278246232921349576970452981348191356085869073018369926886679470953270589677109462711910823688393394170241326927396174285999644969016252860556596668575739514174928813789708210301171763917704975847130866090685374282965736053554092165115167364833726075228488308567400401
660 1287769687446034169167862863947532437085685854426583923652221262791073502088502196283220578298608899275212202294703204127731937780454582107511343294239190248665533468740639327182677729596789895316494158041537351170758470532719170877573764536131099007542197266757686018883956591038339191080816404967966175859315844718024003210530706968325924207921974789095133504511346528789404989603544288706268224302777472381032352400866771710948985714029945517437360891105745659001805695344626167699945702516449365341655164965235141762880391868283538503694302401878767911347385024058779896450639819780276159193744565251002605955886357704943086299
661 45190016789466067923192322671828508917723797068375336340206554814972894001109301568440255586734645220097897776966881553564050322324143393979009982136483901211843009480981330583138169700733656415698712330359673695737470269295755900769926358714787214656954096833789829388907006997358442099230416100273092824410275402051069474399903120998373516684589769743742255440005567953994724380599664184055063836294734231453038347694444476310761213578595378648464659271627650854036176884668924909387538279399413473305604870185482478754347269859235445312556955445468013392363863530373456788467176499791284143711224559761563047425318133793040824804
662 -182841086955835151887353254146749739111019671975564657782085176417842090545661274980038786430043416601725121934084506216887050199799739496632674068577676808750751263874913170121343604477184731903671023515857715826646093195439485040682933611280624025379756280314740889599491338018779844094511966960657207505922147588591611787242615455381812527721904275454811614180892356619882754370788848060689301047006313156892462492496521213226368548753685047110527110156455004959625074567257379826539170357518997653141868122523860504902624678269236471326008160473417878225851633510346815383990610602866964977817145269743252705443325274059008084473
663 1211220145725483549845358485241623904643001980876700796051733853347684732774548345179350104937508050937296398968006790063335365704346379888898166726721656089504145180728824380627924474284452706773362425885590222197825852762000264041317692804933057755094355745647522695068853326001841216928595126555545484717559549180020539724182672889025291953690303590769084234587352275341495208689206883794213592349404540667097857238170422896177353905231957720944660283563630672506038689531334697131382759687121220001375576681357054903285453625675087928286974563166454662712984894257418688656507938267645734185362433300971931931054592785148306329729
664 18245741776218501991643226855065701590489687217539622913102212051832711972463883237271452604569165835707200543120790185383460085393199453300988490658837486856115119437329988212070617669784432354764451262404699949658983281368994335811946838125414967116960060658754991911628096156939313805117510743261126216051662290739419835873129888066558240319221947625149324747311339491115596001346317738658812133212398724614346259802405207935513512848287544338230433276297633455394413719663485168395375117987349371352113208551575868609524951979500228690858873370392413954624145349660980145449981290440185006291145116770686797318155097110483591125319
665 164268220877122274465989467286057125175256709975369140954290760774325472314628341547918139682955276967274565635553169117128489558460791397783344131942953642391198097959926689988371732876767937187552034930733119391264275116051083968522428996971136862673394551869499054743871294763826813905958839765594321924830391931195705258978637417060388422708808703540736675958022049836854990239593538985286691757850110931272841712444756504247506861099820146695844112685267061824835177501867484593111446983353999073331655447382916265080722233869210225222624047202758587503626797966783961222920262018040978588912008802116054088321254498579087867668516
666 -1464257927810666859246986420382767393904094265929105225604662117090113991909643327497597602499583355689332754286106921776989236106521029344537345072252135538779128395566872969796174790813718097775624299023543719111586541624594711676623510942698410968559587901033213842435439370171925258443063553287252489097187484119205731101378163654957431092222990402012782412466620813919826264769816757718004067279601793171323107517881484678606768827477053879289474888602953196947484288835093165543801270510470864615144731696651028044324522474882572900495455971211197738335312653589117645501334872238856853699048896933734791408036987055029452262069221
667 19715467422842359652815748204242651329297771718731292649159190984968414178450683171588057092373733475726065666744656256777741346479697338698730523156492673499734508810724224821195391764045322683186210281348655107975792169633416743884650201816593885151307479304762869151456007307434118930898840319296548775621396720846509712358769255178289534740481954497635472531122975529316308227725360342771306779683667550777169659587141370707353072444980254489862476056393226869649847042526428804614308906576986979207688764963698330827240035578942617595310938965787042116699367598869552165406482010032071018824689530456318533362879382947272530402232209
668 94071345666587769882888805979797971374794924991371897005417055823082219567472387894911249426360872882567639362356106173139546851287288671194666893336179037398781447124441400930846196927347181595631582924800146620579045768128856067524849392693120402155324875568757719063382209159422249857311290793402614304674416391862703197637606698019096324730141400325261512553016940431085209291560055943488127416815313770818447887047116193811684091014035287973133461010242393653489957755211475979552929345413747008369916066404160820524287071395354643031611503613690241840666629784885485508897564100295046813784935841192803468368984517892417188888888307
669 227058845897792100843778070740612277150753032021879252683522932210823612207662559207024293544561073408674055296741275229177320089399284168447753472923310783569087332053646567076361519471441045825700296597711244851614686477527051064150241532920862193565535672605991136971928372372074942872198193263384082462625791038501552536761888277050615468591679412377585779109329763545241044010312356007880157157402341749298636091367981613252563051517213373689109515379710782207798858986336476861000874630738039751342434054947737246736325008972516095798662624570110058027987602557653510405557084093797052668220103779382144583795828887778184211307152644
670 -4127420202956029139382287768919166949315296569979437577598701999941766155931798760945304546248921044177163146032843987499547462193059672464911845408035878190292229876854190981070841948863884073456340081127351065513421382547847082548301156038151304349957975614359710963034884829577646858522508482719118107515817709905845865098948446170612358014525604419882315424546974142810460433413000420361441917433568445542442483084058543320166867010972201542059240563371413548237089413213829233881847548611207720482043161033280084797732720466017217082464592900482106947519341628395080012164786261883937017693140820031915339953741067544244673286341533841
671 176341978569067275681709248181167245894217422223718256011283386138823469188403181010521705582200672324899284577046444050814164002842614458529090417502813951710132220682897416877740500963817385255194718848073177930550468784029984952698445801503848708175885533860265529331378239030038650693486183482843575981629765636060849519216263438065394278702970334843900327042063227718757747826223549016058464734286978244563957184290734353286596621843951689179519909026800151228451750411559734539977020038410496483221671436574893193598321766429606286714935569327292849474117905380066349110773884283851761192947670501998035580960366885491176934314411470081
672 -14598749286902103851819441771256115589996203651393129923130811263744583816143717880498243734011214532660462535623190427034637411109188791831080057605432448590739512562748148270938973506197783724313163725020506412659597432707750606978568083889472523447222068910101594171757489176632939969533140418523308755659460300757699375253864404793886716433719482231222731876485921318022834883627465672455084036424280601143234056643582022854096737541144099251079515435973966717932558502723425755097027338023266931536717800818806762990870287386408118890572511739034062378789880272951988647818123826980997562044404329406343922722711560432426876494132241441
673 210843939325268947883444452084371521167919369027784521407137755309059820437146123933000691897259642451551467629770816536917569000434124717878592854067947311705057555754209841804811031845017396759818114592403757895733819764383529714154432476690644336385983724555767874336549323056557877901332159274161933224800718197145423402650910045626230958458590721492361026689036641621828648860357094260414866006937710265969923102804687420232388219614020042151371649617840319308281577938966655927696242054334045098522596863004583653335108102424732245378787427004425689240519493872566712420741775196930859071792092523811056160163173690107099971588100498564
674 29211421347482214345852828550482047230597106528738486915402182266124636986225514481114886713104808292614794931322475204331587961470606074649624306132516534300755289056201576674362884158400819829696769176129544277081858916071756297218274825014173696263368700066688896377548472786647350274318016656224536981737561198602878829701264958425295141532625535004606390354419641863410764796632305746169862689599587538970877303784471078060312938139995652808108286589932043430801697181493553763742967757789530826087045978458896423754591440935954546636073780733962076789977722943751110302394608742959736417143179952322722758154011031980923625399830110781187
675 1035404041232765256716293563980823129938413311111810155933327184542868988243780648092291932502579744444623036523169904901706155655568591995257595066041736086623756741605353245397619662773994503413868008610783299216312480459536394889120347544429867491691610237063573635921329308636265113552562045710437002051688982406338223779190592516292652000315161114649488319177316831102087125799028183231804689135457047191930206036641103204267381340394853733317047213763852053270054996769386813317165920583333605636251305814066995156971181372687632430071851653617073042029048764215174430984315947694570616308254559351590564983102764462203811056453434365849809
676 -4169085122661038591122725610909167521281212461039028764223057358152768785571206181228824482974454432172974765276857627440637586320421099235641432437398171712706430260281239593651350481952356036120509632515053921880491782990480867661481739253670530428114606215617402311761176140362624420910323497522850970587802215962749043535344079570240399917241694587753480647903643582290423840636836836663822146318560075665647327706894235744859960273431918874797477141354653145260692272161690453127281696272500846270896307363826686696187250421107140140825725737638660728069507145316824106631278166043299191898330936233882500213501900121217696571697194537958901
677 27524188093141481379610497944118414938221031339658679062434767299418199007710007135920938766481696129623721797974838803264701015010009057403045452652067846276367317318637639989180341575066448909444958392966949088850399012243292849399215231798841716792818322900887204696892509852898315409430971683705930308322096204289800037909378785620110926843984265416217773762553307698587600921829017303856906032576024982344182222731247126435125932159973852505572142813699244987604154408308233461503463382732297042627194884494162261430768272807686501935321032216934392739337859214340566364693452683959214733117741968536816513962737757427482723829923261416018596
678 417030292447680825980777531073025746227109403376644986924612656442260499426770501948813602789589699889408646186014453790713538987572834032627464063324692088507883366503322436112602287401776202370953903782611932592617723968263413612527232804117903821320770466342594888384036186539749900303106723356847054568638984506527872354490236225026736964321731274646785647478584692748563852902273620152297564256046877203996583855076643675595841012784548677646433194321235222258571136527827599912665516196928011805593752210449876821389464117500844680081275882299719280479104202982305284874155584279762851384279913022957461014922811036870943793219505045706631639
679 3774381164995273041868728851051507293722379283321361165771838447975224347635292021620133825507343667719493333934758059606473353338077759798027400865284054475390051111328311270260335901700509771711527268430024025098475950733048831295089585504343493468996440486143688722733075778326045496430987875281385237716127557569942906691857050818531252343594537928196022542287256437204440896391994294495601932986332713294598012209061971039480297794600498918273031398420784813406081991512248775710024270567249465165299405018414201449765395379761464247748780031187813030941651815003887291642940469906997469886279288474177922725271377849760895479283071661215386369
680 -33533055207582326396837316803486710842031937936113100368925968513729716914175809529484468574484700654366774908176647359806153488337350936678566315023635640315084082571779862698493423448569917593172606253330073377064281111165913414701994298157881607773972556705353077136604206577884306618660949142852244748994721399021472889120181982793556332933950007908180118000977559597882851705313662056884107279386771415341189125756256895914966588512557287198832998846472463163695983935409978524281070155507611671233337150111615124509177211142239376827908692251111761913085177254992888628018899257435290304059918028721286224277944444687848486603142443309619869833
681 449836233662479152536745664292968105555379385057985970567912882993694073160562237568130760848652273688096739713488189855635503944803671398906944831461959937356136509961777476063469055986466131235747861855142712640212734929709244054175051756997927773081500874469134002399156307895282041574126980155822033429119189772546300248058998680536435899199421730014083835443083930652499344809711483687486000416237573784619829235409572531093780083094011366641835179346650811030231841049566376209752131123941723406622749953798419185414165856530462322855609447244862645290366165091526922730055749395840732928731868989893415414056290981179293886463815926197926138724
682 2159690311557785754678366871938937861940598143118344894650807764086867532730626928018566363972268274563139008967349683210826879999787872667001890273977498693302053287851561450645256215848154304847371950268473823311220155274447101834699993103233147763314418249307784199256552740483809670435815362912154208328388946909805671293736129615458803385441822261636736595035729532167568910083977438485855343706545065304392025687255647648000809037953940056991369643643355328661128427810779981518037790936066618543566615663534166353203598751843907070861418004893859040087033203462056765631424503126028316460487522849683887025671325711515616816745624118323290812139
683 5260243690046169656411971859663493593531790014097426510493787202369548533719680954222464755131565693640204657827315151657570421030674987882994729913560739177738669436762128927285169790327774092621918181016548561257393011643989028424836645477911428678060864659823207920565736288427430475894302475788424412667667384294215509555390629533436081213956671738096799287487042046114017128370338305811772148975834732137744178609605767121577823000489552122401988804208269781075291439995911249494251345062991085295661697035515609958122947669153780553791657475687594275820447313774581542465511051146663075566514878974649066231766207147355858313175585063624148892561
684 -95304410270489076693391927755408618008755784096440303098494654138101987104764045167763090822757047092917885136686070421092551442987669913834202387130641373114833114272880292629392056267763299178910835111098566776519394299709718954006414402858178344838871119855114953998196500753137276158594555658920936617790419149851744383367960934748462193894860048313393788670802743174755670833697769263718252321098972278387693896252523062510022332310386887009196662540224047167515399860149008203825416186380286132398800844993681455663013735464977880977858098854959149940954999735451945493755979428367194518294056149613488588260420052284306134641643550720784492597981
685 4032332831086204611082946880956014079852621080121550911156916757438179843030228146033573787146050676997731288712361592687502656273738838447673887036513194218082809364214649100979051715333059478523933573962971123491348661381582087049910969954543657373857083229588170086292773627030248912623429517021570071298010699495860290960157440077402057007109996576646281855816861010132363211498516811597885789376251211873064491521203127464498642582718432703039071026394719286325618319177493741139329641312988376208562649301831223996592363122153700715126185412378990744502111166029022314071501228512413001351783974444442232280982514867185631576281252709004477589693124
686 -255284234639227139209543594501713082913919938919176601423730236011047764950092680236402653899523273842743807878614990066722649002408425148405853566492728451989136937753571953792285817086298713982625439491066005373083870998028467852530151933018644128630714634861588847585553420356232928574579469864187014645158684796880329386480449933749728703234228804843135654092220957037091677341101661402832071178192220817512771681215937092070047580699315210577663501071343424888415235284772260981335183120011308934115641999370172916568806032961103669154481097284573270631594886538570397219403168468261384626326439573206648889408240359745266276988081435084575099138753
687 4654966861311366823898137156506641563980879990923263537132390838045755167591646827243960447443012353238963207233187853858223460863887244011670263798515118663894028901197400895164116031930411743655796367617903496309807280282376945807395572186601676343485948739489177461758343225780825591256200389614217165929104642989904095527620377245371292835771982839486055212231277904081595738484119028597651602107153542628177820196669714199705051360443860926410383885663240450913658524263984093817688963051117039464087488469545816966703433498509535453218965058117834545314914457542880749016893345655330953369935686770728816507874949592667663876804828909242165678901889
688 662563734042005994509937802800486052860879010538944612437088040257700111077070431660208426357439383957674840332075096582529736771793732376333456482672076402996834055656389105195115010467394618154297303329613333405213991166107622363705487079373230163267917754059201184929658040813343676448427482278351569287516108022521822989703337383212120844816374182491274452966601057696987341231691906704068935870746421357858524318770330628570483469070548386411678174082826113499777162834014392928573492334362708419049416075911589276424078799198041012792281226790934680274818606698931492378565843625883325389970962575302269365430219055560141425824083225801415020409611279
689 23723168676565454882171571150131909127605420804311903859490890088053518029969215111088849452172035415226366630160832766510967842448045259801771050360331117634409495648154599017714397657694663982647968323057494821865003428456768360095424156327969974679128300511396024409830536295496668941070447383829118367891152353428062850309559949036451500544535300676641981492222141266610467962256484235782935329552864236122867893570818433162462964692786865290765469333497333513919426604555212651342895207986182238533528409757872367510977886092978868751967725707934617813894440190282192624409769559182691711690241039607057454293637133944806896794940827735605315052217185476
690 -95059385306664905938097103685345224180690106819437195733873759799155731831414724947359392435951377858138284564991371151221574268577083249545993841220364363464037044677231623769655604282336408388087400777622662615908439432633648087520550786755956279709169873373316488570721257967790932517092596510860398112890465640335854315391989025933637673321270855455150257106624692724639793324792050378330083418128858357463643255540010508510219004307331857319504963185563528360274573415062710563273189744366561231264482019925224329852307568300656186694350508632192378091509622527464437511114108981058702562402432765954322503989404517111491956126997348671416695754353888301
691 625449428633333443705203940732578453150963780312814369432237180528535962969198514480892724379289475884440624130214761406789735915097466496076583866049267901980931136362352712435011445806276921284467609357226435326211736434286137137365103309857045290225096155488235631526690726999035077941892821057886379726377937123297248680988554711002158899301088636357641959435126927921062421498430684232067861056062308342984209579751979152561977503184057278013582109818926294813470607996167505201488427780378141348753816900144942350089173031326511097030670781755343461226890872436250394169411606499865634061020470979117977055465176586724946189170708842318863098649404901329
692 9531589595723474936982475213886413737560528407491814974945834298545966418609890740191843810317741369141884919069995479400372240252515476312591292835361703785687180283714248151184568641544539534950415906387315661451023161123680510449728714138601853736337993128121788357001817257521128286317386379357353478386614798753269049411786801215056375442065313885126685851653335598247475879598508755350795890798846049660782137253389394988441032588298583205400704124934853009928049753245187310233515019471764209827231156035026814915818523970357456172445017131324764764077320010458118355126889411205150076227155698372772896275865392274747737699709802861543753631228208090427
693 86722110464692620210054315866417948201433457657625489904561294498608809006810086500142122865181512456695847585148037610481180990272588071456152685517287593894263977337262285449117472678479535932611338690081218192897860473436833188430504578204473754298637768169827620427977192023104869641555658498354662709610880528359627365046871176365434187148343095031472613861309726014458083744738133726989708106527207946740787285909618755267844423600604768579589819725214009956384197153025682742026161904535518988779863097825520660704104162645191928702910615047629637919003024347710514634643969123114020385272660451201611881224524603168763705287620418357592448108273461736804
694 -767927453978598892939586283947866389834329356651477545132146069545450340571132037688384222534113249767469913153310953869289598300733016341367063161715998164022781271294963546520236601969093596668519285830565797148874110406547989423438058552330041494333483457503451618609763146071408421557693885678418535825771415551733741050834032978247634039880677744587255297464822388377769794417421635748992522750288083567155228639396842721976843870631188832115230738780006229877733787797570903288457794930088566396449482248384518149548514544051583360275338814037601462896894088124191105338106185011225763617242370584998532907601864235344670980008401613152223089315002520059481
695 10263518546192102175490510160237110841430401993265633310255942732358418934955044204084831449331919453949665301310261400392826456383701557371506298270670431387550660682776666733350856743671788076545403881984516105080903148575615788837716780406199240737074299479683579880554259235563148397374367528586249207685114502468947384808720962965553966341066315220272556301648838061433351910110807098976225196008803259397033726080438270084121404439524096088057863314120892714998803930304579303296455620696266854958994616230737727389854324201135388548591771805796438084258259049939433604559046459520990104240923238706765597484694867623899322881888603294203129324016695059155841
696 49580648943333719307637577578079732383677459189561923538673707320875664050885784356105409250485833343110700366365158924570439083610266345752679749317727593409432475767615495672032589030313941224794136969455428328955457159223538626761286455176819295808575011881896882906736496299829506860894935274085510058868046975932927960231035612052169690547188426309423087557166533843052700738897742875496336482010831268980271778832451216889457590300326565078189668098183338964011198587403677937672746017038685713205160793518328717171397787662015900652787709450868031965835240277516186851375981584721971837991017568386022832043919339645702056033430618945636003465502094647392679
697 121852675896447362655190100088140518308572367378354420486316497389143829345091059891974343015459876931278402679022890010435442293299887659210170308012030124759154920339747683070972723084262145034086196658697840971545822157603359469053463745937341674555013709203533161571449112337136693689974115351555296194734860604074071200678152654972701510770185752017528752936784523174251271102391313898120551587788347186886924188358626743833999487957756444732595375459673744987406175924973820054282338630154101720114406362283342305740317548194327632879435931775843052544644197083026020982848751134226052983823326877250159562475424550555777048735632966400299757238312987366328484
698 -2200402720173135682338460717417689544313874132685696663034350906560147266942127216717900866524614636369792153290440034650875051755989566264181941996369564683623673541105606539397485652906612331077788963206150340933733706869275280899970720293978214943729966770076798834684872458400597347850630966080380455041848601051282407159209108989334047884232383558938788776679614250939146686706367107673325184608941248987014224606455192566970735548636448573907662665199146614517823612021074282424649325951337030000848422822025169127836273075131883068540507620926029468945422968334545438177578631510755653253961371576183959071636392340176113881045747382171120816967574284409076293
699 92204686319899050158421655166284275700191860785976670027256925065207890852495548021250335202322592086010789573760696678141656850447150478995048829718290699332870701052827557192843472552678767851358851100628570307752308504870142829234799488898275530092842649816245752996838609479276966249505708248179608130862677875106162079481710212279238744437954678520216477370358440489969883668465342498737127269621032512001603231581290454561987735979569195814711744328555165385518075377131433590432612340714089126467829465477909410279712196586669968352975863163615790503530747349906050172068036380410157562449632547616896318965858461886315379107085636280337279885566512086513005969
700 -4039840571934722755994881746798450699482186370604067534222961374483730864311057519594063579843815654159650723317562645078893271192480819912768303803654296550230136509906712352172911303524368038517144028499115489951633218751445918785075269494292018015485504525912818887106773296694181728139549285539485060123360455608708901831294738231514348582175265411061716067345947907153353288778493285825986705567641603675486348377254319234003859859521101687483663273105481223275226576878685715072085028895610584215190234258080020697445015881231396176026049051944855261813258083940067957951334976790531853980706016057837776581241505749738563002659173105334179459893397457818228141
701 102704287508234076327020501222152331062776828861633904124484691142619873301137455813020038089832372978943545204236860711898993202169866742134051399257807877251665751070494879272558329828199010453504488312920286111588951025396234140009563339823125157048877730683149526180806042708937033508873934953668971140589915505149316835390787209657720492000597507535085448643432030870592476365040440742715525976452947636074446220838484951532367762170715102694410207958817862651697976256439908730848382259790306002256492085637174153333051020885179069818958875409052140854346567657101273530740519489334429388504187315186045256516035380978346571306302433150260280382651031793213377156
702 15026658970558412734197893502010034902367727394659049666164928658615750924596711066746880867925193714729515323342941213525909632165149743966561893793514241185588522033640264508404148419034841237824876415756423248399165300707026222127328885194957702876073195639257148711885037100883669731556363964142140984307579298016335373038939995860821783061446257280212403709627457494856130991642134613175280595232139208740421334506031649040059559474093819939780789584245001196449623798694556481388648641785481399130984276336986817669560759964600068654394073662479628213975655775498202541743988307953485491680423637255787270849867629983357313371929387847803513881268690908849410866959
703 543539402717317166979670563851988295232855660654081015503084731233033239384799663664087449190868355545451002265717275754178210647256791531168530866175264321498336017243830769906525406479644135676986361742964643376821905734749433736413839518565604327597830539420964037245295373841872581756864281991223051849879743558888966227130401224133787621071010830657106697182591810953350196316668341856905549942451121596689975887506489676789146047271093377034455889302184259392244423943672415689590419450921035332945770381752998443460976496801222415385265903673734555532935114641544202993586200927576969479820595846688568225723204600639770654421009736157950563659121661387881082777089
704 -2167386815709064543190810032152720460706385574842687964168042734579911876790374967358987955569723007843567768812382888660420187543817995959670363652597303373429864291269980678484399198116663442021720974729455097536705468354997591757441138395311774689707086168137029707216907877129405254488905555902328022229437209561136225358770114618143014685923501646549035022487752030030161973852075959075286668128663027914386648906177455171354396358679379763036414964564925112375736313038504189306154751826096183230087841218232812363959934205634850833230627846892215523867688956934006785222503584178486202291374438867989467891931148458346133040441243791035215475228868291971268591742913
705 14212027599638707673424939131780674595295564749401463993470351882297879795459597102651165693394044994061482640097642550954844765396216996578989019430018305120498317296752885317567796082236756036727586805443971519806286538526691555191621857456992918646073746850679579052790651975417265887831606035222387887486814966431122230056695972014042620603618514191922654520419861902995991574131385782682894151301373004729727549659585374741400747591925978501412661057972884834010413785149555298377637403249364903919595114979980478000795570799097485454028380435771052732944236129395686220050255096860397299687930986917768590251083414082591233548610747090728058098037102441947556455386884
706 217848565587689677356785885427609348268697634490674417908826142319489192195115723925485956138722363182820544210154864442477854284761879939947260508099959356102113893462703403619082665147745269173802248146722551307612074841890849353209001389951401616127318343958840184554990821641995410046638907193003304247455804821640712519871951421406028425478682346380685532544346047760652572746239044827948837561466736726954546364607834805665911098657659892778414824364247613556951519960386626564307670027855499291894436980815020094408162247894947171210192148346734625772788310169321283766103216001576167223625408590691242028175966154597728090871192879821702604808410889574844229696347299
707 1992534430587822311132652577304976382679106525339696970689988506338082866743126208173821831981807573461105891929539532527275682153407258785274491157134545495950851004914486327051437191132165142266460930996357368362987652411108417602364266681422308529394996874829186685008141509018617066265825525260046946994900122305499520320473239609639330121692958140936647562751569022892547867520632200870969082452868040843803472093897244071231118401302885032385607343735604735234971020228412855746977922314415752285330990996713911203991799121307339912535237578223356086027302824439268182364415039005698298320195976794130140419280388665902475795068510371350093414959700335467819841590387921
708 -17585665677935520426215834651476965904535258879095589281782088397066620236865245532278629619760512370230151323504566076100749875100244599740902778257903158557835288830532353696849925972727380456270616914221537595973038349038924806047942893921264082215420285868843615035978527377885301992107571097903308266281209972028929253322414185515643830765543528268571868968932381904027382910507430177387574454381985435989072965759313598247966825894722933720366645774669677917017715964370821492351238497335885838443981472966167451863650559869492030679861904355163429310731186038276888912006223520435072441415601960828042437274730793536059322388859159940986531569051385014303764305241453461
709 234170711043383098213802991128066298476933269412183873790747002399537368556688893271466266382346424358191849219789073160580560794428407214061270474136349565504015516588040998128544797494334345394364093086942154149007511624201957708243719032804640991723822140005347398105090603334260402313604457519240390571101513645081900821130151274982262166697608264914834124728572361036117665929687193353988189714131472727521307338486732513705952804494599885089441455394055035856465481169014785288896318081087808258966187023032388234206066547808809608255430077524089612974155289892932748877992059756752034629369555431863611886865294488029782274310138244488444559415352097401082505546375684644
710 1138202750157754009089639664825092088071222616454641179240376586213557964590171583037566566258877381211116502668840581503612279802313017276177829432010027814057982914248926608595287825983840835566193519385697829882820775922037159076595404393033410000040026082137217344387570216378122205531707510200588327709499120481438956142192597809439046792203720252607815090440673338630356375146010432782413547098986613988855874302667781184229113862336641766654350620447944383337427608338043280994858197558279401558701894021933101132681029232507088088949767350550934799671489058567508838363505433797179343292471580517368956895248181915948967064567540866873842818933518365587796597527517576567
711 2822451718804577528888844473319044741403303570108216180438111604580344873596625167219902777794723956679280717458867138240363671866773705469422118598359018369962968205155755759623952091919100888313796210516531193203014458692522054423196838494188563623404297545700093191131092704723819904200398194708142830120431189583253450177392337734018856591576514193236798751516259267771708995214418761311199838357557478760311442291371087782089660791711431105465774069464549489413194457910297459054688084934937132853399058600669312474843295707153686870069367337446748985062273320474291183548888915106705691090264446368526274032893125267507054979183965258052955391443871694018759955666233922049
712 -50798049010097135810685299916123071558742668496631450891322699614025367456092175186204629738547375995742986556137266874230372920604995703421899968923361437554508175463220512249879658286576418819072736256104374995712728676573039572702375714365464216590471312406550774029530133464900375637411522515942290310515852963808282765711759809009961658009012067910640970899172949767708371495478273792392501881251839196848649919842639534792540279205872529792209627657792123153711196375117359213932821062488045641539514083071208113694018944642297647696092078706209221044330090953721622249398960816813673832573086290543081275746725823338463977233556018190768417939747544296971305632328390021161
713 2108363922247137349568545875859065107077205982331167941580263895132658925452020122403080260156640665709470415820289524910660929710614180142625212192473284261244664970403671258905774305125397746132160460048811070236523129871421242355413454455035931253074850760813745794667192732442195596721478169152495981956938157916601704140352363441456719868413061459593722665243633221545036957693898150986588509499495612285051200401246371265285150358509631897636673500496697563070441352551901466178514083188851818658254623053506656426390731870075086971367969675038891709994315675778291118015877507881590901760346790438257024726770511370084722739602924335718883499417575238686833639018000121841636
714 -51233088310842225277072053163460742258861986050708946862996638499450157086658179123598299396577602747659336814222091607565721374646333649405343440607022605076232282757012690511253316439822574565176187298324712487128724044822023086995593925334427388053799513545869988215448703781404947431450687098485632766709196762711707455008702112275183934332846662406293057102007108668345938993146475796110007853682651640980503002777940270016335286733317281356588782721313118635027867538767521373072759056616489961874070549506691932193466876703548387969980095858136948172446434018068640090710871888497291786235441355167859930701351343125432234528456971707093715819672529263722854058097876766581
715 2264470201048730065485959629276220332349898074774252058517882116705224288240225678293875287408144468142670490316041193174648110340469008273804303955092504177971314674971518331976753655989751529107955139414442509942568668451260469863007101607298469310058089031799340594305130808190880474663282008708765578879849461632689100343295758202770876639744986268404134265774169765786054109039426687412051561353069324931362810855782258745572555138649268955711379439517513772777652682966507329035865537238461700639844942761946698039358592577345095252871205983608880265320411522698293406821840354921454884634486839908613990310678033490953188032867674051104847774063727949293272460484153902773649
716 340766030448630272944358772511548740866704497969802455539965741388540158814072855548733927426509663909227997969693033336530072052787741522964265838434799692136258052496713633686103422218441979758451945921856212369992006557539728007201643775050637123705937009677076646687202716415296486882048799543476269111234054022902052514266126615306535292609723790273034196406366761291513132474832339818119265989530984110107145562493137267196241723732793991044749329340085835332213228077805051923081861813250074988574366199258173456046704459796832931177677222386726693705026906114005585031550369214835118616302393590107663800056665423019975260870515753218867272612355827404932272946188856936758147
717 12453312051456234177752023056240169923574859174715153343764637539537392723738335350855628028177189608792681781190339481911874777894803257721499622566321343945436515401218360483210725452527464179180179910008167375496030522265713523584874527147479841982870916760601817695880835271866884159593633047015711716158121258248096977592364530593794238291495358756682638670536960218182390865296556951192590504323473596630114660609704840155265611974348924117055682753796783919538563772699244634980027878614712739514863918198984310803332090692323364216732266597325225363244724879703491445786580529859904309445685434705899297414567425571873324807065503494943027185303713931923140209097519659583568964
718 -49415700153092584009833511045880650236578463213112457108466877297531970706209072596885224961929465279119894794737071724096151821767955667279034354097658079739988515657351430255726766634730853133011863139726698567390781398942722995577661899413273841968045824804478737423650037651123489224681376775294371053657792847383548154470542391276116670927861866427815303927683278508587899635591487585747135072943511802659170171922771974899074115848730628009552823080217996587138713460437683873041221452564050157692001688216379918815697514952285626978469835059536860763974507239052267066971199874905496586570658733424462585802941585598670427196354093778584379931911079336620826204668392943301151521
719 322928183466807262432959667604945674587673791463259691784752233967717870835740016260616808094591828078553511608092375965839216884118868085840989586292869339123771467220829070113304056074647373756263176707286364385173728754122483799415169774414987053096198012490923256860489793955590385442775111412402006369701697210726530819856758058032163840150364828666723820264140272526124154473619306940169652766419573903186067251963651773797580316149025618755132435529734204859386118991902826901047722827570772144964124070886300160858154030683277547569534742749904755237093966537570380860265213693868230276051478613533149804858484517187297559991108288606549422299679724500994521866475295176812156801
720 4978926296578054044647754706250303645714007417934544827038448856189455741127392593889999546596372025843059745352456479997064363239781155290570467532287358861932334203542370666721583375495506728224528801206799381479536529221619401899088652506230750758700037700962595784938168474663269176370358835388230372195231127273737664006599132403286855900655434710479657010819586341420215684628982205972401216492439936441825863065207234725190278964503810314150111819911524336107601175805422899796678236717617581022995829846258592101969409222306680677399855662613067834141596525887640348385793209317669288397756170735275155335057689656971824684096243834804331294449350999542879983081640279359897919599
721 45779788333690139042453946868125209609067199292519505677142723227746652187125908340012964418819906169481700271485180182228399774555861916550070022800843684342523361660242317060603763802397869151607201527464938288876696966441426570076844707179791515417169086825807031837658874121101539756815625004721786859547384183718544011908651420839274772447252065238064005801545268389031324246763139355102909669262852697661307700296466397490636550770699326400306772590023971057429169048276242876051894214089907708772830300936394601076498215298566326775356751935308589384154513486731111452563913259670774126633224024534778791196593046815204366911153066706842537087041073404111055289249706055458631201604
722 -402706830595955446830054521140521386072053785877212713658962351054553278401161593399775972827851094076781093073188718497776544930388491539405543862479219732668056142489303383433527856931874854915090370916445840395361416507893227103281903543859199933617856847798353988364404700271816086946937876943975265857454965710282239503482244701717279483537991762097133714510129615552506280446715652021883624394313849783259760509534949342564955454734034655495240253477772277463492672653660099479291568610499433744740168081166085799537742350854829380294638338915886560312236350784173566637927766181124753001582308977352273653465322946805009731042772390600140252256336654405691236801090154685546241132173
723 5342731254200833746608738988543232496469281292710090216396066240685793724283211820705370622317245896703665319447644852222026135387946953982969739606045498935929365448340801158765292353293805018819951517633292197911940335855175210836395266477392293035654394766258244476039258925020792079821795276418457267812687583477396729861147287324283086201190871535466318714299088764874075581108069115657045583521284762918994408911400460709107396657689130248418021153073009112835265798281471864749064132610197667273520939223937142394579406586759666050259824037532305318621396191977289008252908131588893320288375986411029240812096500153344769412919934046424735108135135013925683119688756480909856451250129
724 26128461835160882650254041458807880146990250069004507584009240308505759529032769827855005007647462873653724599428085935414636272620515604891776566442628719476398152093996800036934758585427709173722060689083281955835527641929366261219237268310063234580376152422544091356223762877419439628087005714838209343215513567658214153961110818752757743032346490130724492670491617884607881838369732941810084780162923645361105546821277936982510076105059560231166193357315241340467958892974994878410563106028628377640188900228945903951489089317250957598596744479315099745783492408140532403378264616110985737053338874499291659252623648394139278979889313227469259206542959635230085003960520711209460954808219
725 65370330803607906883586514717009050569783467657985527186192644121547484681625649045877624325063798402477462927788778640662385272933076356150506942382553341681252977310328345854419234319894129816317326288435880001880799280547329099933892302355978415838356150287276878231917698710801031661311420666778820074812924468613065047159971413759052257230725508584568647880690038922990956164798154286499556915624194638135255229270680699014980537852492811207290119407088090847749316614054577764843757284727554433401969545230089562806719911627925120363265849721552010425139215699808457036070180189571586124114559218313380348307587751813175582526659763199271407270851568036008333013372028466909253367666916
726 -1172595912393425180285102339782989687441831620934265492948897099772916831648763180570900573392998551315683039863309364506624984514316385324159605418897632377519013854851213306685098484142414616265512937023358006718020782013400011113376072022009021484268159475286436820349810141619852839241843423736956844818702950852937493095975172049935559791229823607966481628990815803512757042391079616588693918252693683794754121132847776162877798372828694419045992927100361323270346573093685339564310231826692958336227336652895413046150279476360104245282002552352872840675807194093554960181782560037844413166405946476488314810497068811556665885692210076482991649101447317187852205926283518944712411333812921
727 48209665042977496911322655295617860326727122067565424338789172864187026039023822902156560569073222504599287090563935176529555564666632562363838490758266753139061623404423812841366338848208890965825701318548445491063034627584519271386126506378667408548042995347470374888109317545824726632178362355136905340595681434528211302886287945610257076473412865378415179225718868795002791772846153407327119215266711325787536998569183578946298087620452458750952455141483596276705183876223376603480873147715554322681901432534011716315719069459959896198828060930959038875812060732174745522569018227126066105882940428086486605808003474832022822050420665070224693623800329016932363313266274057460283171345211009
728 -229834891050474746691824402922007277895614046335812288145649097260430849264578477205204139797215421952363276804504604288180845573010626367643661271032701366872253080435862266304572394198665914025551375665143931405862684742170417306509202169007745378696652652492007617111827562250428870569704629457792157306353692876669072126472962546251822515671074984577078578436397628049784552446193809266654177755664203180111807298629224762090046892306389495966427260692545237339678625130881820862410691956658868608088223079383771087779111461908312993220867885266934693417643352151008912024540380778893098511688170022558614023891710626674590075991112918909028885317049857318165645747582620317261269760038393
729 49893004351203617637605262580295751168778342306684273305749874144089716939004926793852123976600912380182782460727960978392138175367447633146338538333230389922029307483014614850090977087477713710933991685520390241324641446298104293158456869302682406927357642651986098754720845605734964297785780221792989418813256133725248299826508551679027777395011512780523165265928615547809519872315669736053380120560244284025521541396773488513240823622933900543994474092158076261849691122981561979753019201075601611045018003034038878973315235697776191204901884601839678794047436728735515162857064294633159088446849053062108922740599787208583610297103093245566524336456406544659220763608349114573835152147403044
730 7726957675306631920867562814142808401878616915714744493306978639810130236440163685397638466441856946787241462956630412754040926852089355561487145698958140428465598851422446396041398724011387520765760880657362896062190302762274353841610752053076320783573105604618145090413431163256417093368911579039011513822237699706116576733158156351379973877546849639616339440260456540542467499785017660591352307608250233041678112618214126219906381970405796949771857974766582246628336945336778258727351392040604694460768436349236835574607733917837257650305465457236171172912946929861861394908258272002015587167495887655533391119159458224117775027121292797965626427010885127237950507361493230362578276146112180059
731 285321315141048475733789539031430817638104001271424967932208658295178177301112923892844153886627687268814391047678797550404879758403763376480079208817341010388654305752673631093756272831332615787575104182651392648840309470676470308990624018635373074846719954596873138811287275634961224106182004795952865225392056496623087271935325345878391192736796982894313659679486279170355316627510975068905423987339056874494961571574801087764119049803058123869218503851743161528051307756012055150569182089805375659843860969180983186616561446941789554949485484744251082531883826298254132906446344416793696008110201630965996065285932051233388068179703691748155183798867694017370347999671834400563812131209228270481
732 -1126627873874586095633619110957278736924004945936343431600295277685153327718238998679111871739301583847507798132553685553355220792600523192379013210448642948887928579846937481492819914227325130969879446000235973491125919128698675552927162924318283016972044680221249121224490249199511831812053258465823106673959717578129194420819301720035517978596522124410175345724905450081565618520013100863738918850549621187020290874572956084442258970018824133183655535058517218705551562559685910147515026688000646554334524875364741071785810401702659175396075842561244632721777093726368994184812698274003958107119213514189868036786527387299583168471131056642019319827024064462876289273028122061034877126436766392141
733 7337393783845940060215894923400705293323046368311106459391667114298468140316380353479746135494846572275476662252999147924960962039064867892511015198261333882653002633644681446320139744159931360265062228782628752661984307138933455123803170881964759273616258430220956288121636161712353566257512889507115960751077658510669902639982172145555284698199938316229407848853767366071200203892661234624800050038267323001076318819697432091154076682276844065929851868577090661083783243985741824566881516751415529392693435996518028098260068657603017770778635443262168123478648412557952783673031672061757039450045298294292787511854849217688008849831116487893102207831113522416110268907270673422333802410326523279364
734 113791100278002757929696310576171729666179116522701702393056023686238121365578979867256427295613007813865047288894385952710599714643118124248418765794637511186474778593470201493524090448950755597858241978041494168640353616366724595172557642730235579816895377440402721760573054521003374894966346865935219032210417218635031525493367387303781616264507349678362797408287340349409451037832411854966019661962514914318512370799548706199764037514915889657360547946099967810882009435359540726027041413269686996575738920915909318275726976413657992164172914149015197311897610877226200538989571425399353616233464654163766154238027793137302420643842332222282345707127096091771744955063348736502215990665125879885487
735 1051801316393042122585315331330372365095506283767637133192501242359721857629576538619892538024178511748638503913295652798076925699512049501761324345686664008974372925799003143628364892040916927356606350126133355083355058173943052437448852827866616727302805635956789061421828756616325258273689490259579186052592665304490090496848746287801490325422822437747243919509090750412636167841285615327372998425503415231692819144542437340662037029412101772924996018627927432681417886176418696050981369391222112234328230075514617307029749177578787728538554035821127302242243562466597009727356865776208742617570549105515318323470054142107984486167020130318502518451906759194907955681132399008315007241237730852030209
736 -9221695160097243284283486357130366738303754562026099294656642141298474736215164990285785394677941449200798240630895618180183954717643213475070434132263530245571618262270892601980125748301330132993924283586509926546214472586149780592438299892162139778913139959367181892689785435068495606146205213632276575814871206890608958127036199961199082517046291394785807978308847033028627828413726176058047824068071112882462677708660946235139888374884214752156676034611663828461649575608393689522101956237402059457069064746454694296269436510822920006195591862711892772249471676136318307845921314732565658829276679641310134329395651609973588245661889641824933715855451142457743429518911406686873705810556754164444001
737 121895737746275079441432036647633134794549559223948918234045448176447299735924020937314838417472068689194870665167290930934638998353247724399534187362309286210790651592710670661128745160098675000380840818274311063039611501185960290272934479969815672570522933688838903627550866262073827638769459307148305088183480523888691277988918864778209796642775342167713923169850054094116317987652356505614494795049211189979110446749732417699344998766787981174177279782717336711943071223280518064304478874255024113064277302935728178659097596863850269080053018778371580076196124863559290419695067201156841142808496468623155750155983277133631363334994429484385858458110919524137118557816773505698144881831880120976580996
738 599784084450221424728651514450770825452546982550364627619029181224168997207850401672655248136462507316547967869674694018572612661002411154166407860931858704958995243939792327890086801816428291939565019785700206035297952920595787897568841090302596768542667862681126298861588862807697215811471759402911407998638648834564466047785301766234954863177325822398989651037318426789704254689185567524042927311802322127995791280648659088953771852597732201772932145978941030148203974133431531966763466898198284296198660392853104330048293038330136234315417922224247635185062639750421371209193933828909427112966633631662809874136064784282302702022386345996045852330434989340716122059590434316092521933587395210080143939
739 1513902867182356843259798251345250962371012319501552548931131872444753304542536606341899481555132156775566722732023821643512657541972510998467596929469383943479675473432321110743794106965111829538402716152730902359727235878944686539876549877361951985295178979953020903310772539966728579896419218764595797132487610691944317125523688541897255836866836312553106966777804267597213462043885371023915038424463578249235513707142148456083213706119385345370407259087888684808392392172637381518273863162096873920542498976187665879237714771267255267672409576606772431062280631273490364242334155068716578401328193950850280501018574967609832814057821447084233090304054119558617737821420636862637594092790782930569769169
740 -27064934384334314822199167120680204346060925770899998160136031369669380848038461142942628253441552220009566052193199175831414521603894904898358429354270348982817918196450353510361068030593503620603355664101138453083787971769256322578063113591703329117780396678036359235854291730439393836549624466183698953879872741437126668705169549924876229629548852229062802905764144927595994002398635417393415613812524459065547898528179758738497882851653568469948141849838264023100897357914332670192955232263354595147174283555063982909227010648690712049401738433487426258290361736431135778765224593060413070914244215096134450288700588292179482015480748575409304330515893498079299179626625670876929818480696836598783924533
741 1102347716252519797116115351609891562217908583498246984522681765680979012054894876083433468267014303920407352232709993363205351056776019153328693667643114843166983596922068838485498092906304187748331185675669175452374579692631146033605280090706815297214146942153302404474933192016917856407081770425478121690650228905381097149188412643769464769960897995335894908476533954901745316845877776580700271254591924823185771610167878972300416148557175451737999715350938396027480167346832626057904870098056875698371786486065974314754894320037448603550030216739501875713044517454673571830459068839598341406224711487679813077148293624549939378358074622251411690820790253536572855123649654372807224950104068868188450249124
742 16297042034907196396395813307802448730734410038457409571410121959956813132908841495332641979136113617525426427271412215531608485331836532674528710149545988255448261192774149225856425749065505192603832144787162352643174766282458700448048190913348652787494067942438801603842063762850067197178958620318299387393245246243031891435389400764390668607697704683398123785718961261765509334454262414193033523893535541789606592778392493194993771447700020780220900308554448570364739966048288614236357591370827624128034561530123995300292930224820125869196823575875499261196834116431207196201390735345557065305572146695934157943564840982016346291312475929701595115336485655139203392514508400148717091914838170086628598039
743 1098489802919496460649422926744595561069534238324257231367441563497319783807485897914460376451614706851292161225126111971581807191892349343179657502866851029715352240768447673329621390889541519755557656930149942172450392683387205071045402178006493730210844492018234547789819859007942340869612332789721366379599464539245496434344428744670434471278694105710994172418714998117153430354956994395667774132073469988838259938315824216308675996122730983591160466293822323261712781216236920541931890587707390468482729664806049389887923443209390603715728685363605815468758682715957458689216060312893407653676866233597391841869620391893895534852354072168232321936403642425841230077256047491045125287395199069115749576961
744 175193666358520988874574946735843663199818510117260106131226624010247113026575652700528018241876151527324050610057953609162295837384706337267648463311534045390972915152765743594503929189360413496658457019028643687196829366900851762169257052401816639034783048685000487912279066734036753150813958164064777125846431250617505417225050564545511904982746154591104923792003586525739552286907124661046016947735516786827777199697742093076815518758334859697417507231739900764291735530232886511457471070539728665637917428421376688553595649053236023379222069620033180788508325571725725593833235507708918826733742761828131741284404093001615194945037569917524012825675650335247958222223172800201823843632285572091973553547319
745 6537008942518008365012965278480851880301182124715418241629545448106940853440925135825782688333616342724574673721014389577173366083216151352505512602248793204649452955421089499274514752743517345512570722756861925996498688520025058696752382079376073572386033970741165295830565234546014465055493645698285976910485838305518099059750039263437073312411361185351807791453097875456204839702538774523988954772177057133150571271580684732750946257599343506796137675190518854615928611590636959031096548290796394944683104619329110899369773946945597915156479744386322745159879550986934113535878259224021003148464366398884209301206053107143864777825562559122639368989871273464727771476547391860829091860884061122924595536077924
746 -25685200181135090491244695154545666693295850941382294559357108915675355152845060203327968127339030164433895711857788962483798075530429304731954258510775141856026041653989589757868417670986239150080808467480130550526428957209103568810351173831247709810017073687780412212515551523517425250899529039461365822654266044650756323154564972282059905304216043210729093963790625737596418140631794616212238967319650937566537080011089378737067419873185249352161985382758451248656756446331244252270795518455784385225039979307720140061990186676977504259194222524006163545774927962109861087113929708740104348608596302081379258237790726499918827709992786362533278038100367631329570213902870918442842014010366946759366509049642453
747 166710740221655978638661927182967305126101815181166904318947645940127400333551667264499724949623037844239903114887985239949324390420367776243136869032347007736741817177136245140808589686924012484356787731204516527350935570107993698655372863993080035651251353237193443801689631810848718722907365118435812964207859990645086749904910069034768198997333438958004203929010854087371931160043959695257841626425445225795115956201716075788359130781002729933952817693471301105177645654680162674471017834823957817430560353370199097386380402712055300362623736557586022513866935050977976327317633711171000741911891782516464205001816411523414482606329613170906664572145125531894563630148668588625506048388928213487733900522342289
748 2600593581467467003715639267029797062967184992562471449339160021557370543748015932317719018906548973836575677878646954892920696038361620212052280174786195839169628785165184060925248700552597242960221899750252129145160230276292632634718775858553846663555281175993651981834807565591528949208840860246930407384844407083708970138152929199197642565823744788494208313714095826493699845977844369065863972034576311246337367474402163422934856682911611390940893600935288393389368364350503692429863678000733360467605460731054487995450426201400434072451280489727862178529736358391947233097493879309977018474654973843526999348150470814804551551624555312700983545413395732324555397333812917350530767807442148588372071836423838179
749 24164936487303015548824226893920884926159460245000109848743104310121341694912046581003822469272815155993049512127063966599401094246675593442426367726718402897674108203964404879489729165140286847440906969543200281511823992138964323275963495067246774075758112303217324021750069547870639327102282959653250138430337758320823318676329239791232658420869963582840151220599229115912121091812277967735670218710381523093693414291639260129029687625550826394225401619170102427012845074632831180747831993353307564548731053187499019248878561576967620251557613546229217828043947640733890794294008515897099918809269610694604420163566835790778990422777631918138920633944443383353076570017845591021295787930132839923985235034427751876
750 -211166064505822853829426888077376252018494930887711596999575371551630094229393886124352177876884773271289259204783502031510222448045649882613281015429588886801378943342291174493711621941338482408512213008399674313189493232089795849704227223842045388815549031229545904821567371030565399513338955568145818315752643915267897403953226879940260775909305279614560828305827695203710078092080073406647640052463911640591205869309958445854589733917126842077835679640273906792410802150794245555611407591518669276808909962496003408389044610616813969133313657520263439041512205965821497439679613560212820066078625843199012591531823782395497097931922404329762760422379264890231777837319949837274005645964536156214118822243176240001
751 2781045745013035600369835579074607745407701670544723196820804838204284306680365195490732369027737711904265560788595692670654712634159797459089283836070311716857238562261875238083472223680303882263025631857113220031739375813356543029343693634198225988161967354529353046183632809684895421138015483534646094113867932954815710106700571543238193448585619122933832388844918042266046302806190288764517186060035717532619886327585593905696676757986028370072856682150994273178869091793096725876925810052592273138901715605307544022034158353914791341686643844307202995723164364851743395965837465916276770117786636883189319803944965149583785514834174130648488336661301445448843292062840599180639936536949158776182048685301116288129
752 13767750929842085647718016428314434264572559173403517982823775345100085619960774842218863486979309080266458821336588625548039790706974292650264018025947746572209391268505738852351340079109827920580767214964948230404269741042354231340427286272966838807483958763819351451130663732616526893188282628869179071247921856752898467900749755995342340408388981266415380186372660782116506711983053811929421927140875921439096588919701338876894506455317436607400806311743563242664331275512305125086929916998914136386141426667968001886650266842666591544110942704853958346727181823600372829840566237638312511435268089719675195640431033213809913567851963625514209980210083274192431602341566125505172456726194341918952184728726928747727
753 35057339673940137784229375200687283288249624366213091358445985615577629850151219144800519640871037377506842581369457524457199343357750836008000277552021655799155481209285164468964187227052442023378764752591649647908602441057234144347717725519516023504875253647758583939991723159209967610043126378729012738945901976784529163351551609188263618871156995406235003041772725855031334333614196714842209219397002115709785433832213293742098680900820128709690874572952043252232851535759449316520709980743345539773571905442603953427240721295970464294832106620828710533437658443527401011544530128738668820157070783692118738475126971271920242162493329510009483981618278116974712947229156673393254008412314480452083889739183663307204
754 -624631086534240760591960585858241813134248397762637837578057187634367452275219840102079430048738128285974158272557382501275239961590737847112809889554838313238723877933065476590053699992913093322543383836772178470187117096442567205792948980225498669873840785620574630330773383630473340198472376332295430432543494357850501446172342816031930748883839325345511912695872965957468157587388494920680434978352160256189200273733758112774634698246076533807837827394723130963985093313435503172325322673887474787233390029587049913010417268772405913956526727918229495070806962903899588454984726126637314216007276941843856950462635012919390921375043794517501185979441801087284319551212463441400427638851052199246185377656652286521581
755 25205716780436325366254970900515345371878433423677220071088432505808206886098046456901924563167235782954115635537260584294831421628145053336221572647083738316651080489728284731587710245169710391086053283610251777159973909194925318592994210607317811161450833595026853727500243448232246932273412664553608764295588167135886983394594742101804428504023634297269505134379741232543150597743477899331851702046946782302543170100207347862488255093653487732077225246176480440805743817774236491695976823558255983402377538445192628591882468492148545308924122610545159339562516160254407571620141979378054399311854093427155318423033111159371192444311227863921340754340632968777345956587814449653456210153614606309255670786994758026764241
756 865924783305227111748339749132301507739705336644642801089559355415986279619452915105633449044519854123990781004019872965495967563789391600088021606763228472587870065561406971870697939925730638160920342783712716964905325101728700221227125875987376385678501251185131157424629260352074722768644616504448956693734874090406363244342902055220793917600435411493429850806425638323950470437904198350406242868128476841710520062968200093791809090589472354787632588280058685621146125125349537464149924957695670106601043951171226921208520486035756316741007189514685567460776639327293777843814929344079488010268496858414156170676702970424231602079660652556441472840146596766966911514004313005025946691692543759697781132693854318313979
757 24167034430406329123540341877109712167750483245050861823115345408605829791193108955539940231785643252670803772040339395688523273959646606183587330375993556318561095501561121778213841839284307326240337807504776647728093376122206645503552024036533555633648119637137364373416602309894936374113323773159537293305031201378107919212319427268968865104895363802388275840382310811345099622777255498377648784005117050799759262431540991327760566796194178091391841644127826603083984192063245788002373937486765574964382726218035458935917095396459674849514762935692071137099914509810636265953351192247598371023109695212924766502707502447489123894285902881276074254697792786123104466121641527099297207438684218651567213687253256852317284
758 3971779540388590471928595800442608515843806758570549003390557542178350857553277245304320656989270960982173798399662085137904438123683579841294294530781862816161438333546877174014220426424346132117712771306640206266021497804907293204908377881365339820733208211783561000616208297988132675517955147106540771390632574864657810954662677515923261731457206243513862900979884386451651813246921902215425022434221765821967607066773829764220774127966445174514229627647889894154018862961149303843860553019552154243474519567249635348764903709454534779224584812202359624310291094270700308287957808432631813321724543474109078651066549686082186021238031880556084826176456253805695251494460342940294417521514642090338346217431992921394252007
759 149768149264679262424490942955229612610026839187536909140401992733049021504072876567010469668473574560769430504206620791847591898298193138452201079014980241856020455660161663286776191345397022074208882699602224005179132152341235941340679093052970709696305920775220925798669843952253313630751080759457505478949593764325214915924452493132137345718372780723653642854407226587725963771229151848920110550082404401895829519260766787099290891302945741355052949288175067609651661081112781656780246302973802287243639689710089772318752821576644051701576915528380110053485795781488410028269316330076369414713503526061255916168553295334723100581247648544391864421723275390277883094525346629828776931459915247811815152250737444527156906369
760 -585561145399999803981755843958677873505475993465025655912970000088923511183361708390438876979614655066304878080518038816660667009243824855117144511256125513168219012197992458548519831441807254006159862979773409250845882517508906810068094343551692790293485045629425551613829404083437332881706528806440642227899950439147196548626884697709099841686128568287832376794204079034984603770593687168829068634854168746565733353882113506391601082126458523598839183048297389582847093719275216676505928398502055811116689306182081180749725044489242674960927130751950357157412655294148619486475109782590750265807154955107980761691526102356952542641997308102611197125066814877019576624634592366908960194385332524796775689756675344706018809241
761 3787661065583798454211436598233833474687908284207739205171880425247342571840726648897652948643728017004216966551919337626436107189498020672218445947594719328115261416446900558561547760236261503198241246177483903419318515999563388039811496637472837921603864956074834218308955432637124995945201100163981503023539065724979683001770274068307240891689867577957290564883047198583508801199419018317969735479962100082877658625976515313275372224716792333395589004578228554380124506760640196766518108176193790156693816631233737222077281042716411895000140361782441625636697474819168962372118706234872201491749994616335263922735930431276414583319521370514668595366511304210877256384967610639589721032517281295029659422476735703563866587556
762 59433081663910429295012836171263015059348278902912373752048171978750672656363757418562428208517132864676469908455450726642666364820110461508371232226934522985724778874505837809376595172733724112075026502504051357312131800458303643552537906878909152819018237584384186810576150353081712116655849485574319764179452440428470798425983338683556056666084040806329072518624774079598464603793623726213640448497779631440667599701685474850121258936875097655442660138053613283551157923126081052250296457820018464431600315821858994866213323257698227857802860136925070649882427803435633722348074847131752211604009893712135526177315178453729848740388879814652762235716025490825691642141496175537436515021600981865619361171903294769811058731259
763 555174689560318987096944838601597797081218754415111853346182506377720721839357919963403782519391442993019573406189991532143328874459004082293451528862562608607948134136147765017311785339069415082588577776627401671457692914004748630463981334694155750986301041084753868199887517835373446411061527587216646308830890983740160187921288810647980549887601994977317570611944595716341178266187615733209665287406786081188569470405344214687083751482154056762707864419853811227877458295631466037946089361416376866077311405697468714155573054919054085095494311870369703742388894593298770592464749483544647797397738854184372194484562999712546244136003175015897945659540659852156081588233206609278356284241252275396686445748312382778682133567889
764 -4835363247961523963147573988791514670595420726701173239354036938314171050955072414360445046580249646352738301548216953413718653016087392505798614766781000864019132776646823799632144281129426326828539008355298160072771407669536394377813767416278079914461107302945430230205783231358497627994877489394793631912948481471311980014652576946129780211945580421187576363572444053072841846815003882512503986167397625044119693021625532612682409104952069884362644500175948366345409274884243137013987886619150707630277047572130778623568199178730020076820574675127514021573050027916693431012055732397657910400224700821508325044429913296680592283822632114478071222076976349252425537518430881109176043357791576657188781430604334099776225167333613
765 63448615702248376602255690395667456989037891524035278978212462944419716758329154604473507921932049153130796974079576623254145813536361873182331962170819742415215589615235301213488908815393543642110125436402977170394365117499771346951480580932338174774849296165929184753774862233364642336172469609081136772583376326805664158923243677680155090697970772084978708346521875683987671163558537796527434884466902439407015392634880141272568641481722685677222459344470921714540209155486383139970172906554296270215014823532329978744974954371676684576306346298528378482656478852268486612212470011668315872147969723526540877256240210565335396208335905229806520506879578322964791921269340778717181763992510907329905394212983866855606212379217284
766 316022585405466172014966584243904500102547368216363208758501336641285810141037960073436885324635539642357472956663462980900389320764014567890174101309108720837453111194803472878973224116590279817642446336944450415299728776945383373812608835744076715865743009438888163945854229311771540489873084976786758286509090833160352173666399549032136623157877349763061104286879689012389383369500601579137886997846121094559255059514569360959986149438164687399586803859918704733050606999469280220228036386638862168884719273423876813723731466200824858240759337210251658615786695257496048075434417858026628658098897407294894269237402455480444935852412848249861625394705703745546765613600552234238581355180846149929233460219375261582598518094917199
767 811753104243854422223374776721014392966770459400915905219590109765290994914432010333360480719184213489484319589736389612745979885057152340487887891193794111784736243654480683681874980057339183193847234737557976841657072016073830490812085551077951126472750326647198078889371320310645788473142036028668246546407804414972700773538542759986805106510679233529161421839977863249756178758393282574985774441054608586146403518264513382212911345717283374288282264961978765837988970817266151401520071489092570670584599625715212704643692414612087914458634636599174448800998547351640369907517492632588756596658171926955391576668316111067724264408132633188964843940483117150023114690024254147147932112259000742231560746161372248753042451743160321
768 -14414479199322502391973888359148929261195360371702630855339358797348452015275312060102905306783770858063875055215014163864048758392996744681420707306279726573438624086861496090943592092532014723053752731374778532396307195714197689063804762000434718197619154363452704195714573698575541974247079198691625690849472274708133516479158776815134459010475139921995232704485629163597934614993847357389592848441237861891181932774242007228348691680381513849036362797893733659433158369406995690204518788341026083894921304799135976254433839253672767579131072789185122662364076274432997418143327347010854233946564759375138442692156097360623594660291986541389172019579990919404663827927255615241528857385933003441852490225833752162427570318982076161
769 576335602091112648188144311417594960383084395078107668435163837639508172198195130664155857548113172770070480405755120886438371856111597948671379241852018461831318787840121120838262423721700349389015696526909049279099770442503094776719168402279890493428763584656671963070831936204421565383334769432426750813146366608948450716879950330406447652014439056660758034068421562257049009175801150824215547058054441587151354361457137108753753135901073954841868131401262312340339342414602189333516263382537833507179046520981496983210005027696329051891676254477506719265680352110894249911740076520599865058173131153521734209679734806537324072380241583211272435751841525068147807165963746234022845342177190229335990893445799743842104560558726077444
770 31089780255821794637991941211486246961709331401025092215019114709397793894845504733204770175496769683818377992723087306463664391844825143559990988027777762307509254132672843718821122080725323682295808364025126555079330068734202287730968680746581524057256652135549568925578161477496051086016252476279429746236807151022422794531933973809782630990537136815860069628684218275011709501808267218156879279552327334709289739564243478080439858871902507930619948367558492523696089409903423244943596365052233558605867347739796758305938381292612171635514615784566776526978628482786051626000577097072007530411588979508411332588192704243845596274949337675476990644014551958548589686546096616423880907004686912824762840472406724470996389350631376867
771 531261735340150910656054316856377363780846898093656488155702000991584589105005293391017713898638787956537590967703513931419918739149730654920759334776740708395503273943231657295773417852928315936232588691589135341391197811123541442621475689495262548530082270831392160479330708309687214172166228102887922770805359157110939257811199464930733060460472569194932413924014038675872635568578714307626066094588910342126448306222088046392175799319875699895158600427739006911917968204602922739334716157234970753327585998438267215506948488909483424582575803892936709869476242326677096980781900342610030110340928057175823371909475642897911843747357216240798644173534465899996216486633925655486709167470263103322011860505000725558193185134156682449
772 90034290109404956176593858107499132826293197014191297578488742321831115763573878735287265272185792225919601050328137182368328902607107170895042576384445732751434461530528040669733023895316651340340483649402253474010589321045657503938901616095851283582219800566822955164948906460639707434476713761078959414712813750310790273618098374507868921443108971053095151608342317074214339421710625497982214303808321821000488358955422261625451546719685346205657063855317246631081323007833398929670082701007846036878122048017120813492673415674625651027893834665296840414831824678068132523042286467565701529483319395252055267945360019963449947510033120397434716986438195836265905280794993985601784220886422146309578813662723866164921816017649220669739
773 3431273813685056521518748783733365547783837751424631352166821162631333539959992680879935865821288311018311172210489079693743069400477488804166185980374310192057177719235908512505805710010964391853033892225385399427976939531350056355523691275536848806851789831957050989379820031913359781294021833004150609663982781836998889044405307227279596931535232798867191517649238288392744985394174727144432175919236858025743892405317402410929630652042701245464389417973501996318318666519680077629881598471076265166077537052758812602561273359555918648959619302479933859037542567115727324305581683160844238968593990746608602349685874422012589422039716131266274127990740177461623884751149098402738088820348375069190344157560056433416963587904809477536036
774 -13348986404231570396402568409983434658954581687394055076482096790595701827225867651906497226860559970879794131358164204443484121855531544717573317024579326880208999599821560465420206870687869944369253411489097862533421525453631096784882521464372608782343751777417492175803258660707248876608952841614397413113130499263233495903166381480314846372622823928400750051651775448937645381611115363923730573309157805509098950388772651657001691735132612900558728804115869277585843201762052603641907010098253225762218914679020445301175580408156173508173111255295881321358953184473506633082363610598481864711595067001354755873133695247207563293624778182514273215635356067494859467929498061798217578880275384196241775791097144979332792449106278681406281
775 86052663857940217511641056039658149555303459080566680940148300503161875305419347047797530076519405652499970400078076019765321138714390285067222164842347920720083660915518869942191896619367137492604952362768237892687984690672098973820773711471324668590920092272245370141561369113296118527389849247630220164118727613583434904735428678951219455647739762861293780895465468635548427861044149061613494347317125332795245657193770539067032133497046208239879939482992660643162815250976631443873509908227173662109969494009382395977269597346938525714416327302081259333294957559493429903086065306033079161952922581050215507449929497150041235774576254434581821070569959351699466359064375484753496701936074708410166358607884422315153143673808664216168449
776 1358237037610003360400142684814279649734059260749422937753921493053438516250168458796128847670830772954191440687089065795230075860902375380523329941930233271928352439472153353117231833343256462433937084853680102886896066180849581247249714630593520610639243647984028448830045989175001215507305395889262969594586281876642995416653948260979839576814694334467152217838825273220975944769379429240603355655850640136744242633654281683397659395301505927026258409446180459381008547202864749754153010873032493113326602786096655356646204459349582435799262794034186102956695563220326950946344645633679784512952821229949059744488012415112109135255890311719514711334740982972508877770410761483006460243284390390714152669059051881074535662677720150671159447
777 12754567746176613587649507865982859930572237977383640705770628315657417898655657024851038723467328086209320539564617386450039119411731082033547271733551214173186017387675996747285516903906041663236368922153565486638543861294812919401290142981966457333718242919650830281040559466614400027019554942100115509778391622364690076681101520074640066935814090102697191659206176071805098966451661289920917377830543335974980647610708011347650121004663172583605797201005883114382641384853256946733063252804767358154369381102761323781238808622405452295978923020718236089198233698195563021864857030849671789654577086660263860135441655162280912149844588159225341186542427006567344329161488816665716264219958902786518901985199847762046730696022140086653659364
778 -110719907692897157247623580644983514063771641618423353555273500942703623684095677320076283454509158882369621044474088260749891752197604340664407638523549094040488209788505131341493870389532328810348142755857323945405047033902765236092844112738905322932372217194031987363741534346649917584635248206000332133374347948323802364210801817210710871164167025037966902715581191169782596587578868766424493634272809098019461211012787758254470172239814792105267908095338128739386530644857426331611787694208104580319765707561058540449332868007126381239568584982994893682241460386837057818512930613380609024518336664976674169411619638089439110977887815855573001287088612355152523185394534393060837660486034201332723998717233206427479755492360847569282669621
779 1447539958529175484854017521135957782001267761984104439701677567121373637880293625910850475295429626452688816755425467126334383578827901646273234078810236664111207928809717517466679629281012198158969278968144057930900381133705966635718380312231283120201630536121155040374685180631635897821112742005824405178926318994048456381808234067999262356049449648652173425897253092920559827651905072132899598182334503104852586214203466805257520160911067261039431639989829830276784122734815563150046824807573432487100391983135108397357567545051033901369521008628011014572683420578570556974815062111717718661843185792680655979239582005655500351651454529764706099664820031210203167921012591848205135622170865453801382938470395329987788352320883365016867533201
780 7253713319403752910567706619101104271405496866512845724466452221711118952760613630569736014790016495473514630145225525386979668097469748865389947475433907232789358273744951026055947018306614356281767628630174140988211776737249621906349862768556088421722266135905459502332332279633704992413315535646594147962574205062620452246110510772475059726487176127104182095234321293185435928154616404650377454145794078373662360888461270580380601854439779260149833157542976801951636395951188621278323099016417081410149952424334391110646851271247841299698050215858959456108373626189645316343920649550995851390193692996898647750510617705507562166357724779721922166847701814569637638015937015296876912774772108041102148151019608746682015819056161836561792632899
781 18794615612551071158067554503334468362200454019193517220786669186747868948390311766064005166248106113837536321092947974467823062358464827385275785060463980789997847014086748000072474327092607392813947730831073635571403928021773140072383684503052248249547728881340895558725524413607685310200217413788373656592441878827337818115965241343542918002737424543078269615266130095361949311895330624248093161858628366078893153051866946455961700688135965638331500582738138194096728613283658210960116392662984427186613610468096513780536569052301859793505291541006163603749883623767300987881454862465395882418964414137954164457225465956716543992863791456584122440497345928740378079496950921604545356450586847786139347736434207297557096040851699149839903598404
782 -332608830259849676241226853777024387852796801852399853095952584684744892111697851166160962414307816911906052328408433627718991756062101255247753815060344849987603163544380683072626981047044086692443909158825522178476405814202402084321929740529231085812156738832153218247012305978150819619552204724834566475466737050190118716345063850061884694359027863283109737187282713540130029299469037102444005570822034950449019684260445022827989070682782920979212895987761150425823886247963964544930233394697519734403910246644716018266367338607428642443105845441978583142636327825650279838949077080055218493103472318635243346064913739499294069162305858010986174915176079265011390530953264080471873374667857379056911474465095809644879633796820107235958129019873
783 13177948104436135004116053315869874343056885978537470655993647376456714547273836700570328286862510391337134276213033294552137270148518466354576047033355928096607799955791443496831519805832240430326065787621471674478723639537923332931893367727678545543529539130852879971642034352638086821624443752749048692220676569561001423714163884610672618446858395663121103794916928495804394387144121041780452581100822096065800501816292177468649861059307132463885108516968242601981606366543165881301354835222598503862369897373412652987978049829393848577760018989314597462961034288604047626162988221289723481963189787791313919135215992633687364225734319430460084201620243929750751141570740264394149508054760640763935615358095000232554371040138792621865521214470529
784 969276129330029884984397523523215501816868129259597753784684337326102799245500240091462519451643042336554151564806637582999193997567760960348611612488482743859082243438956046650470845758739865532133325745953699033897781700455934983440292492771242393655095751818650069261364586133281209230858660448542500635694249911904545399648260930826298510935705469403482902510894172269339153100041186045698336689462154555958124112830577055009275552706914737122027467573657164565600998366990279352736222979125410090977058154070598589935640246027495029374545968278240147297864501114677935954101871983978119022046138768093500634377243201061818724223622989848450200927935967300270474496613798386084087986227376484637881253064335221171720745508257846767965372451119
785 11669107512436163225986134378528683252823542502712723067353961747091011929216730758943935995711519364084298242027272614770437007179495881933127743252198515591756120297287988126342478817777353553771951191539390141022034561147451556760842948121969959387523482801585372771720720196226032926565277479224950020309011363076946778964454217311629249999892392845795040487037903679590263329917131460317088083250272767674303103021592540081259157102810745207339887153015683295239293293945795892140983140463342792460596745752010842636054850859235641836123740004227417876797358235567859369854316890761659116697115934848924426341315257739998691831697745791695105855874293087400848149564182241030198758335005011571869417759796450869644222791825251990577312216885316
786 2040732220452689362610967349196667545436937070081694164109980994867000228455006566447828546560333702577878703198225963944346422587878553235469615485187604080165238348472594078828536879168880232421433022432145010954034622418715393567653898323667683764539916383712234354806488509947188470976176650774152385552725901299159305269591317824355385897092968812467574481919171334385469605881210339266463163393501896744726132027959515544743082062054529192924799800309946961917252771911310990593787772747658117104141404637741674401715032632683325048780533740576198422493348729701348507374046021412581483156033145622424180500912821537499842854037239777892206564282991604831900243997078751067607684365206615297235265521018100664788984048496731077946998340121523379
787 78611634097297653994296501206257097205637145898737677989760634182758160537799158404440243560165928212968466718547804940356078677948127399361647932807544096330193164762931506226512206483415640250115996740397584610925750190604401136030171447134286084788481891726266050697158115473776916864564067064675226697654920304664550192619750012174789226759009227267953992531186812235246019036132150142334502992115871923384942996517412021158662415440973019698678534678082716785251563006715372235353324519150072948293919844957912592590403001839632648713078702520310430072238459147086918097008310640754358743099498564169976195648039068316767454535542364520390684054799105257172364897594214741096675429393995772844263183806381738478292929721908369622624512108329209809
788 -304306324870626973016583865134549278541213284027999568822638539187778593820280685776623053387930950577140422455357687085056635409648310852039411101626927130986584237476201726131040123577679606191285548025312373818650458218869138850303820914300553950967598875249668378906171135501909974776285454684229135637368771563349264291727424642323037685505822610205022125683572991484537696642146079754549448642470838120771656528386370685590405837961271329757278393060003021096633812849337227849526317180124126912811545555659141659998962500025951852009684322221998503290450203528210284014405581508323776979684483977331391810795421037117143649339068198008657840153604962186914510206745780787081819618597803650512057904969997800445299330891802417112906378466394205093
789 1954983553298272912477983909335444089708196009178765360507097342110686578568135841145019826705135200491551470423596896283703619761170567137813050947186166706717386080080433876161539446684872836735984263136954417538954619294828772581043037296698790247122869979982639077337246464437967965732617839128936812551805701827472519891043069664164895281930706325520843895511559164320834656581682768451672274423583006657088995549529034434331523269702294076842105707151370798147790152798192039198829497475317729654321972574143812284686676449580649769930438079002418390739313269919638777772427410091258753925942452739534794886702807732650655099172107390211017876962500365659630684591327238177631302262154125839275492898611880331328563901017316016016630721519934953444
790 31039479332721443152330687531564858901405395351281941637379641414093286198867682040922762700655569361649039506798661764979411891209582196619837873639215490754077169867196762263937827578114199299010667951518303160653545742265702574946980626586297203662123044392915613718415614669515352759262981378168240001444406009825208384718415361533567815213023132711333474173929973631839437625566706608236954686775976421090513700908967738607139890933205848109783033896926879062969441239493123856745000731300737622950213895298011556610196195900753674748364829172491343630426868699548153909222098953727324328047201192261658156109642449311566503838165626726513277394165616559987420989320050309159371647195158730009599877042219920403333177968016100296074075146556239053959
791 293017764723400995989883421984399412913210628811418278442766068519862882095258607936215517897936749571696455237661610538200234768453282364671651395666310462566435381598517204029938276386065026078991865247474130872426915568579064566207594382069482707535235478463476548984792489042770108683836431180970962411028826093078118644384832799631856645809880483553285079579919131307101166681740880810434834024007778453836539481317685214262133052475948678962539531083752209740848384565901799985926632478580461002204611761543256395705185461458406709161912330145863842116143189722704521976915721890383146659869232501817210248510498113954090711469172850557425028297106455603797900828849808704683291347047682962826904479574511617198470216824432428765161456733411266890881
792 -2535210185101147130278473640460691583096287364779458308012096190846604430979819998594299501017498160064141456263002832721937551193896433206265753313551192743692287618529367765389168575611517201434533040327597776831252021996792155945415802462873457262371548260852605368885290921721210158345186413029335681294106767207345901150865009705619450766497675230299537062783853753118506065663618735532996451726041388568832161849966311768483771373384152629490819412084644521778523974861494531164027939751113296275774678322830058833835451638839766412225726221085203989953679044785442797327911426968077051131181474694930829121379040174963130077058555054936134410300377860849817362974268277393224441972872984830391970133655952810165035073349234984549036222279198522262841
793 33024279137396304681237089751219629289015971569155061852846454243140857094337948229388648202094789163855923822703996979258459106780530455521081911577799029741862923582496948696568390747454520060442381328043879264849838165674627834968708300569094885847387209365381175306717496892985322750553657261168806912796811825702798324257360196025939653139757560121412450681940066146298998235170508527012180917912710021385815986294830789306297534328412056743694036175563030710163846053550688223425012328881451799200974477426833532076874658212901899407886713772562878357713656001738123076864502006488709971320127517496588348316697435810721015657468079866309327807662136107928030774040467419423973155724716587476164749604095612305186797709608766815209259400493308772080164
794 166490663122782092498215510612663931879937156358040093886918216545738196172282857924273481069553540787585304410292393737372961056082810456092043694831581305741573680806609736533122525299274249808632831457917688380314881596526380173803567268546828807079056751822561042250727626724606453664872795480121186819462840181809309355888768229998701376296015809904673487111288090956803335325545173331174822252064861432274635238431344185197185796101322714457373148766620846647521996357463815925844129405598401712086749668082934766820478697965761036160934384077724076974006455000939210611468877101934274548834808283031161889485975755611429159568344361068022010920734557433995865883314318421016131150792019357644242846239764212517826140060834673701617281416207499817349787
795 435118801886333894486537629679724747680629204011010457519396143541567749100398615427863050320479446928777393343915333989732129504668299411412425954049751272975786627037917273521844311673744063604945596990865339439407811532381063397359037668599560662814071330392381329367478755073516777111319245236360976361618174694268227029373551933769103899629315838357359450336728440668281448021708755359872806664018178810221374143810870936996369847912942972888703778858590036463376497851902217907143065590212089793766463318556627082777120689781477956606433966144510267482997637256424059910425240577409762473560003511140480247206666086519018374708893790435870018037054798565193738201163399351957830725600923403483350582224785159874387168576610335327867455944621001588510609
796 -7674122791477559182982398994386336577776083427955827748622696507533204969494698246166729209979011526806622349361127900167820040804935828323128771955201495046904658332593839625117553669106876113448422115266613489736128196771898170217447741248924252735122557626639968343349839764379682386168660084212221870670940166896762708508934832901241184460227061060087066449323196805482768660710592782519534329026912218711988930913347279525767102250019690908687213557239290903149315669123451506206055580510312313099307787064020459946995491700573403848883430338807691860118854217299834556006029184544850551658200353849108465999584577731335560861397097000495235728446466240327744700489716321491409584231615172743857739504088868640109821332637531626809896432392473468766569101
797 301311761438148789714947967273800448005437761837054662230377874480199158833749717285150445560395305026462844227140171352494869744977634219740155666808177757384251147536479393535387124567441467508353189746727676850846322629353373082411841920038701090478812098743335542250008607231167923098475971362936694167049603274929326870796240484250734048010766718606049564545558902677803082709272713735105698728201954429217276226985529442745574729665618827414314325777211362415779383453658147818689226139246336661670931587112407508194191697478049553126821190858198413285012805316907467969448030583778533282286635941393646469497646332097585874874380032990875574198175136574041449256632211193215552704492940493283282562350510391750545534483003679861151535835057722669505563396
798 28076686807150331834638288050717083291040497616449795306843271343259620459878113099184155359594901806419680770796278113597728468561311532756902023669413329877615196786534103873345947201065559569029621633527616038228778573887552531422165373407197096082202064781612379922052646659290685885393961149909286395461569934076476758318277246559733201314991185988148952664025568832897541392844664022014003242131628074796502114000653611683260920282096543113507950299137097005408269590703823616620781724374484079497772339054852147152181050930358803685090335531975342550896364464613684355032958277757405227192074517002382879021861416208405169836068809105012002702244639763403850211073339777458962817469376215099352653417881823126576609625943323357933895757563720138287136239
799 256091927508906179101322961944632685168995186392752240003631343962429109891920631667452587681086309388684113453237954197867894585084257930555596476357480387286565973089234777545349351296544702278640809976574257234534001414306939673930916485401471238214605068546614639046469441741163737967143856111367334229345950358236812949551879391218014115094408688041830013422457258916587368828820426291740348949377200011992013685615991204551597762022052818254096499349130588594201847247516869211520518354542395374734953468087992678665425330949058811516220479972538332073853273775797123506214714524824251943001970321472016401970087343864937158028117494469238801515482912466431432534871615875142770829746837620846944956980494702033965662752806869567996351327242106988701171969
800 46250723361040317351690329746764060126296970718816515743914394169809453217712510680619023664171438963640975841622103548415798931311232485845540177342342662840609644589314202614887761331654642483256772739769219164577335427232841225209038485816741246167137599130269424832098612281838655996385060484629631879734649224634494523812652960667322363851561034460961495885061761191169404139566878298896620259394353368049070067078376073662801863501193096757324647405372971452773052744876207084191296531969484410637883629425029824228018987611629717314500997465248866281808933307870616606120745571246183306259409642121652745086082647728865460015560307290917489219809547597333370849096321177796129710793098220967945141487316320971280352758047119793241381712322715288387537980767
801 1801000419877049647427435099624780833844786393765379309597268877700564985266382361029531645001576588609338794177516244158861308695367193108946236876227973533715980524388421540181087965853510139689643784378466358756479505320195682913048722475090884729093569252323189204468657080433948301690428249586279731703203398846914113973738643802385130190818453447190605470106309200006247212508552432763574545368606257034132335741874766149387884885502752019604794277699712282428588603207334318353439959850414610036428725863198158460027322437208400501201039112072004335422223704539282264654096224857179622933655211986505875558832810092828322360015452461439488574310516143956295312644766415015399426403865867586252026585339827107083218662229604301164020281989973502605880881659524
802 -6936816752853599660513849950928307561911874429808738405619700252075306539623286859414124698283332239443501998414021498772021340453670707899866900069277049632056041416156323837286635914007768938887892167543880686855109988599271051039180445944168842087797417220051494850154984807880049965566288609860481082481882147134111964487973549272107474656155568202568623677647688891023373773455218072287340433143201203533904080163401195101022946969145027545937124183097092325557349357536534021040578242561165713998715894212593239274756232066452022838895023321351624699620535310201440407547000092662309098409481008655813934851830499320157703481566252321011937175821621030698364805202915074238143192821208917608586843416222905503340400638430693634364646020064491999931882446056061
803 44412720516777394905086846594983520775961493650054352170170889967056986391032892162547218888100482457892840634708341762267015471932259973295797886217408650109568849861001566371845215421343809711776925392117053458459274216099792592325110996242018584903268274853147611693003775618099699689896344876408606138840293717618415813429203637030423735121662463377868466095415508265784111761926431674891975126073439114662194624178325146563902624567593362073686809623958857844694424839276985358337079167526928461095173902488207940113626935848332894627836339033246955470524786961798846337895396677730371701864008685949849128428538518207881075665129027727517690987247860933021728004780161030315330516995768495658338405369531135748101285560651207221704415816108563217117960479281361
804 709324249944840028290581839367013905550499241865920647424653896654874932223588098898920791688737695918302849271564517439559058917902927013747978306571339035382942168608332796887570241348148155744984570515780733342054160597418902173123843602405011628715833126233820551799228786769343872980395755199975223279415759918753428244509322118789389270568621010476650682434672362914150110364763550034890977717021023268180046993755349065447707231063846113882013119105523413829729007141201172392545326867678407025617366062380992257354377303982092759178232360547839394469649743856471183949103801835750919695416240601788670827857464648993938425146581662732033180898786228695857015418704637591248499119382984543082991065470261821595128098765334117653781613514866496982944200432372619
805 6731538127109396333602586947069359778594199246772939817148282638301507820600437332668897553856593568612965784026283042565917896371703136573247471296200614132392622127244453614296967142433770267324137524959777503891989755709964446363322829263540543356273212180260477831871728879896623126625839215140884555862924644488137512309558523548128460311090984927478725688070954008892814417210067655801150380956944369383237144854476957231611648991525182620215374544242260716214472605236678750329590918518038937010955456414038939101800734105065489251865100615995136464149557309551079510553882093922363679401375036631826651338079126643339773375447591196568484167489946291767555287701749414497883245684160329755885444897677336980110195440975552611787865305575854754687477750316482724
806 -58048885776474176757793579019543404296669081178449281844728615557745653898175477354626363441118760781083399382054024492732390587297293829476178101404888776529989868885414947649147637005024658730724286784048585881483530812023342351408018260111439924854472782049379942850820547543823197631057360689901766216631072180791091924692766572568953692283981984552538259686415678171461560785615792532816842164832526300768342191136205722497553700670761006897880443624106395671158665907818171457264383873237239176194560463178800626692063447793393820994031676628596541938358530432813142342653287460062224280866166230070350714304329932713560317528844741280717524600657133807183152764194551286245823383329964034860178415904819742945472333830995000242385673035527376547956772534552586153
807 753408459398601364169597632542773002396121438916362021732993533821022981344711258940228093396453322008098648096524431923580585949937281355152787308421087106952913962108790893753839764596335372903240555480987288869710969413487832907969251613968867402672164212408779110504030088918912335035287586178515902085986162018134904601901091719320187018933388567826782865906517708001840436170645878561538294241812750773262362919755547273801037065335710217054753183029409235084506983315518166620291797816220938214323704431151776293236578363764685459603108211729019406403713765997111463793054479237621163840709287863777892337062779495090185057301782974768292419581168488907745841491801144244446690770009180231413961046461137583622003373887380825670970607090414534481811949782864082689
808 3821260919477134381023355088766358792996860326171289781577223655478231038814658176899629748133531051118191315709152777017982040185043794966321517135699205962231037289031310876396206649248400124842902103317056147239378150875742566147705128100890947732748445037989375015865059871404521703509998110858620427691889737568558178292918257173690056069260647294933280786762803639953649000596692058012339251264173906249648671579857190266240433154921212653910656694668194649852313206688032140693110155913798891229330288888823201296539193886408987272160242270220720855884973473748411344137309925324722960884834315001935734986859344614130576351824609937799888891819005089375222425410283360555708811243902987502418544341553294658553325283325912889461847096915957889296591891007880825079
809 10072738982478578551148033002324571343248317651574531696308916327273676792691981969143176103396507706125881846374327998557764607070245898441508885776391441877987127101851173619493740434886376795787388969961133788477168200614543546142742654118419178376665583578732393507784316291184941487289553783576689606060622255636123721490884074792169607524015199934432399953983634964977613694388968877029333782996077861075881351142663901242434897396385306320677181871890221762218494182072633165986345017812792407724520003907285271212529283832639127890779692832995927329717187752739529173175115579865575590012446496790878088047096873251236404829667509914533791085012605909258699045371009849554129953759255626223992419854286232577956654993694569049559837818708481486780179654599881938276
810 -177045354664214545921526171012664108187095766009202569927010207025452496441010786903642372690315343978567748747879850747808163223758849249889736978494608807672467914441363916427788524400299632294781661494147425528535764370173265489976940898138921022011077052520466947272065128790036169055092380698913094295699437106839139912856824064733843011036848704411055473064796066950273453772691825661990229241103185253107612934614504033564653410517634081213962286803794356879965721155257669610082460171105111884469710978852076477568094026443255282193553541092003333301635808997581029333899030071941298782422893354791046271530755625129394904059642703375996099300663288139853808824020919652074639223581942142635476887115258686683541509100425085271137275363634734306158031487951082711701
811 6889382858681673273454401799924090350400318570446559393529231867876488622942642966836886049930655682171700211442581700595671058332528089539804556996495730471170796244807377443582467747474236551246388211962073496093875248686327325100950484936494090182386873800004425038245481326892193538324130763631088229341125232400552518511405874353670697241809806934714127250382995329346151192999703138686211582894538544460690984446847891443929118169932603958819137550143626485461462681121067783220632016672716863920359682288173827390276265569629634305410125637073623215928040660191857706782314974371007890415271529154038114845334346422782590515186742530805914963024057257240707767156722794816162949879382568019632514340955825902249407564274401714497425713975519054091896101163728964694929
812 777328888285845030648588230452879754463581237333742952415325822123390634724602589293315635281942994484438094822706839165011665014719651709866124932890395601982479855104701138421612736724993095943841878282318745128661550149549785041540025658336961139054701773739884822630850987060213785314389976697903141085629249411204219497259628134560621740960803941956843825509471093004033157898109954031615641656820048049766554218274563563635916006136499634930675299635951006793968339587440887984543452030911809776941777512834142018348076771985905707615467464514337126577517152383503453864367970447922275868344489071792398394706161255580944548386568890990359478672347677027821755190185140596891816071716051821411556093896602001028693144760747981826863400225071497024133200338151982565027
813 5615229999693060872913412198336822512578858975663897993470189658502422051066188385594987121594543632898207820458066999587602042431137575871000518815089414067664017215824836641208498140692464909876433194681957934438466707697683047323845600040589973641495121748472403597900393510251827182999271120807205389214607998967909526947040905199417172425281530772801627523054818941313391794941433471578162109492554632312924737158820294922123992785424553916916508138498569325630773315925297696431518758308027497404622278436289317619949859570386983830232347505419850714234398120973783585561175694397371537093266062205482550122213117837114324978578021091472029220663411305222403356935677093264896253887062702156073530863041749454391391886049347979006165109828407131473023710381066668177604
814 1048104554262178261316439326367968769663852460135651590238476398263978796479679794837973524469995294648655037690724502238277655818932740778886110075701130629249619927804502289473165049028516895478261566833882722103938563710872526263673865486572264499112690082620760456947915065880636092514560173167674953075582136443935780921653716981072893221232486974115235760253744215682155289149507014879702010368982271430373131548137674683926847289510268260144927969972845928497535718919879200666007677186107514846572274215374689034645445698784255673160046533285540649311715038585137629195513812616610209034698307896302364421886188113159142061470876718765317923625489072639518863436634223310115502799450578831905276666654308351180526642072819779117209607227947053217179397343076864216976319
815 41260677278566359091798715490496814750767280621053402536573950258449705234858732564995949541546400282346862879234437544544550969908754999509109882629460453279395437924017117418300513221763296193900311559911104592877847594035957605286099638035349843099243242046037713530669338442024646701328243599962990678116537980813512117383831193225739513162655495879392463248212924127244783563832011858507669621791948000053225386329939275622529591940874967414950188383682997783323759517182139770753528031103280711162919914545367987382965572481326441434423059630200524551468130174550483016468768518806868750257146885653695350892578690674048234157933959190237212848988724021555222455250341349101776051368062714239325164098816439388269553039815552878460675422154515466064031887272479522846592641
816 -158123319758321455398285529029724784439958015677951819685614506865492470240461367634697578455704141005516033842977556898550179283725755788585803716737058957415051559788799278432266298323816146442313735321157170713964178732318584974153928469383899418903790650400138411035676612944674932152573497919595485657697805426201534898682963099427494649542386932884003273336214295330794133764797523580837923738781807964088995568254199915394334949184760740085939644256946980116215441238335562963303710457946509551546067037706409404840616803723500855629031875894367500686985485670218260023349134896133908571038161145660175131463050588519101318156712279433524165388890677714349292597551401310733070613966313525458451612863584625001106145465406955259878653424156963861683529939507837333287684721
817 1008920678642217750646853355295408911635950153535089228714882294848933402098306986064182446255876840263673509093730343903696934620627924801991948935421203799235026712716882608721339625481587322177910967129115010825383589640801536879537797277051322190389523682161407472199655414944788060732669705608324701985916876993869787019647192078590972070131145634549700957845832974278152012310241112151399467915058138742401976095112426214153693835205540374879604449195679114643526841609168991055288523813343841426945411765427531079492082649941411261530137012345044813661029501254166626057609888603258496666263814975172837609895167568869274386727863570995207652526993811966165470568530071004320689684640260032217114527442751323957177136057591201563749975724066879878694753060998431749364326084
818 16209390704200780915652528818039575430469334298030955590545074353351935771404180540733902160485165458615515238785879848002986475595942632883255574436935489724090771382839355129877443668601058029344931216891842384514829178411478761410509325072648687781275075326345398653173514742679686691287701400107825538894985195016761436580742575403594966408682145163894416084062471319205322677550522918176611975831251279902315236877781904046328857514498197997736315650522416960095122568963664757072665356842138989617365096378062438350421284113907623450235588575691222900165718539694777978257207570257971069894915929158745756221610105713351661385569570645475277249871205140707113456234747452229360495771886527000803415268164438158066061939309644897154271166904356107647881345200216944532420340307
819 154641785206174606789636745655360469699360393882951162102142290007861212602381939082360800880497128732228511430388896902614594923260426144744447237961340972867273677316547920649905611916668322763490569032954464384487847441552781271014189600778952157724206439029026998686468247953330282224829987332976942330448575953961109948659066112925188813773720761554699226474341678234854434912305340490770885193886659928375116248085243198586336699130225389430698478644003659058352892955156637607512833796325399692769531453603032964649592140187938011226501012141205679758936230559295890910457640264512595213841112788945015429725739975978834991685151645128783414916729618163146189902351845757861795811013227777872460418011875487693813898606199409342762723067711495251069124131193331075281603106769
820 -1329123941878966944817117851469753702137958266649477627262264076044886525377343325895898903182959287820674526818962706997048299156482940672043855682280737680117099338120233783168007592313196735476339540224096791084846083385333663150510436772978944328638390540371120088558258894901222027074969684565276547278512537071138899270529495113581072700019992527276639271914218820938636799291539793839907730821215244813350124660840352345861781595515521691965652079006443739631398385103975425930373497784365243316441558236805363894002220631400623909952317794307973371416883135313135580812358631204129202070076350380500471370826000522875518813866968048876038429364684214059392855877738384025766956084462449901584397597154029246445387622740673121524459745252142151820085036466120753158032870230341
821 17187866928248511457933895607017015117267366336503660549984003131169425342611319934348480942613838708844086937806440685093316402764956990368219405811988567517854817542656352990573031400664224164222389730503467682947530718979952654765694256350187677046832351445881383942963193533685861062744139930392260033445625981426765975170183802112724427668623431650488935883319626135416027097460020537674185112444882842230650000551795374685520061469543053318714259377967888724772592860557886835326785571493662949503981370766683717014092932844774164924584830813751688727751239905842237621768748256706078431553615052621544498057627870761979322795713925973937700954646613722136687835731137506484728669988865780425974385350053286385477993748972873306235586429811182785042369976542564013368215014617956
822 87702283104067850355702964739426386112832604601442633950724322270211382108909297053046107789768885447842085433894397538821457410461529723771363105732253953217336952322745123335403200568035181649013479158690753613585733934701002666360172087053277831448259249678031372366034368428856991571406965060422932541972832547881307508091054249359850039595555354562078069771942073531734850609155829034469777526468586095310027931327564370047856478792643489963837236551863208311000065050209807714680773270276051613320935105237115470507210167113143173396042701323853998778877658416780356483258821287340315312650603744342537913570612172754525496473855382130938316650838918324491985571793626033685141375572170181979050841610061391225955160536327695572341949680753273743454665818195006587995589200875559
823 233159463152654903603248645410914297753474647465841287516284715022188653226331476516913538786587310566884375069860045355724878722965064262840656664276383301754894602031934668295983457603644396760873695757843866060791700308375680392918028108052415818556642912677077740224904819158376078619191508850820387143943714631364608977136359352662496093980682919474438221710180558787822222052553129617938562865142292089303585588264748985674311930875805792002592498577767402197279993704255430482727596174452402096450090577416099497380413878746686451248351370007251097443799839190962986147273096115968014476704388507615941856000507121967366298857960767330358267551149666115190924357768719458242183042403272954591664614657764034006986756841985451034573469862547968178738308336956294809737591225378689
824 -4084151150526004026987522628463198332746416084323401844338036448520361294900007808541739033522861387993498902889367720060298891161698765921339276305465157250482906281713934155603569469766252739295704233758550981275842001375172225358086149042263709651249370117617661464410281181166203049786540798388968724433712796266928578067349902966332687796119910794601367923674353051454892148784958451648952896946420348694873910074050846285787896855548611713733593246210751037684404692663449156814212378497083174145683461772938866185504114835899409842625077344828070531849967878060449500845902928621394340865217211827546942717319987791574443547401708422441306095960788946932153366068027863324973641963378712764646190240141377233061265245502287203239944264790673308452803285202252700377502361746564313
825 157521739244060483298702140167065578615934618761961537645831870753232532655759513568614278522465960205800885691087313017716596684177213507993166273011567901328994255576793488554234573882866384552926283204283259563723894847571283133250760368287898205098500535202580570554017772870127411900946321956436523120770800994722269507982477114319507133947277913115376674631266711104566213978941517161444348029112379617535239343666663694350354209852682910427301893406494001566734621605042069853392460188127696030994338594788792744515816285882819323621019219577265807474532117861509554540384227123832420114182932820727123506622254755208110371909815045815194494942151397955802825679765239468260185177335846375394615175923925011664575649982790343940610251321717924179353514281999955427729439058978347684
826 20871388531007421756411152100250437294682029521151547922651043069115871038847242082058385685664105223758917290066544876596056039569923306851621003888594771511556572940703632514540743658994073137995381368578408807536931855201866408291488697013945756950379100034614739710349561188534923568833858803354573359438313908322313837247678903034596308447068294730005501082743601070701898875932539645590912603016977538122497613371273725841046583551563372552368504929995141773451658334437028478854453834292968790271130193388359861085794859611981476371825128959092211661878993324329708236840701112483765000021101760190462385791931752127426975555684267515344394464121043125102474109394087638437939161524283499673791203257028288193452917564487921022896330804016074003303217206351456031276284068053847099
827 123008710850113830771312422517930698571980232617996298138216033663519210114969319131712738374735834024399071136930436772989864406703693242577138835792260807611175556893394162216227982497268707064302620655129452061333809856889572408749315339182675230743821831827725780305271171046115969414340835678788399897138510072609084856179569539588460792876136358300923961039029853252708947176744386506670521935490475268291687727127448995049695663072158115869851151676468022512800284932914238673953132530355386570523081890441396713866382813177675112142607763056910751361865179143003680890823430293599316541242709325581135533639924174248062675226189995522119840455313168075340067667703190094483746298976036920635381085935670450834178501839573806296509270759934771268780907767834551199272434551607352721
828 23748892973074028844629107758710480416125659619157713503994804850651173284167253887861825488836534203956544377507426059332596843134696800409570325272422060079731088464982391647792070716923249544371789797877405302250407320163032474963845874102256118507091768736635724870284818896105359368599750792940256090531595825692260580461721593519057703597070763692798771789146864614273070152291961613012506716824985187221183072443641638508261590070726189061160303568609446859323437071737083759945297155512589262190244184457551361324566447934986732427176663631389507856833306222602471772471226752262338580413609269812727982842714404089915585683372705902397127703837063984556897014800794016063212947339182343496470138490041445949870835311325269871114410023905260772276572642084667386610455521483346781139
829 945266889172031120193345523881756481318121372785451896005262622563747495834355659406817896392708198186931322711175717011925325629168565775724807821399113466270351286612200488747875957323307430570972688475212249242232810735348463453689297617760394074874817764928803399589924590041569827244011985436705885601708855729900197603294393937557264695376657460671313057449962359846874064542469590489357796235083882644115662270754706631772126703631254351775853903962887782776650441364090282495475585714566378498640724965236892346461802394451512650913271786903628807991520794236037125718312394310859893907506622127841455208574341720250036147446847394658874154306482284022327952837180244481856115447477626548872497965131983383106476243582680453521304630006671465428702359010720909769024543618072998490244
830 -3604275554220747905459663301701473259844755100085301477503755001771540529374295822928211589853776188150737735456210805597905862773283999676050752896286691067528061590951385713505544143817454547336669007649344114314809278645782186849521954960037891413386835510875923138301187029789360101350682563378086745028887768103572745833593373936592411104893546580872186773819323000308743400759619788114547958244842226961914435418100606137449298785007830890245494081862677366636838142805855572801777456311634200512744536129623527801970601472422273400843337561283472147811250783700888094522710945829307414905525402041267909208217167222835723896393259540918155216839309505689104296792650535341020409150281446191844384304115413707518386547594094651013926689895317534288052013835233341466330205907069920862833
831 22918803692046573811189064924768232007534496423154978797394172175563491799131687254203245094274783641718953625866649861282971328641160693401452404875044534894682041855237396846207479280717531028772025419227960110162780212787003753860178140989660080238755290152795376255759913594729143716156539733313520645172913884524971617145365447795784231647085444406767911263337951003450471734807694634944509303649417116742582820321825508282995003568363038215020008089829476944674628851911087749369192606164277414289819200565926756116719272657883521320546238795120480576544191791284000382696213777206532475503204427469533333510119678323717084559144827436669918516627756449495158003933860032778470491006602642296522597392059017145754741981815209785408172932782506661664289127241128089545534855681979881742849
832 370407744119890490947499266043515633927133791851160257415838315633522569371225837389257455086394822557848821715780555242013088077092718245216219018745495759675981320860152842570645669023614923650530362252930584501897232254694543211792412644180629752829448889906817787318034609571899311979816689300719644564239813930754699223295277219663954428014076520218886527269028579310830923241716928921748945334658237323081325432739955705814893330157108783545569384238304314684957298221987907080058413984180495125630510180699040577437227350072203965068421193861840372531759292293834844501132079369485679150113018278783806448968657209300079531204807569548423106793664211027931426017618968620398239588448715788328939529767688474420581885471132723423651652557873944079149000915226565130533011385979970214920639
833 3552479803810611894429612008262864402029958507013071181315958183532677911167032285182361842774355713112222095157089357333468209606060071178625144102820712507616757552553787065216435177306905084036949601595757736232702335934609667333240717686351149695998549090546808858627772199323389715791074728712848631786492909855298829931949156590201454756324434426386350346135628073611984182650158456164567181288423523200057281351997210999263777175553687459379559844423782017267438794632747509544805766091578547860930526068125065367548501232642742060495050048571502143214485507888212461207960955146913444897308644404261759244119265009161394496148119386905698608974237141515498202333444936113374402532414656067679120515626795037643305850840948894930160819716192827251791321325818025837346998420366407875250436
834 -30431878730261684670614041919889916495520095398609734588810257515871217714974217364599592201583018522988937688175761969806050493600020541926998986984305400818641660747350273349004392549861459567901547529740518603257532231990426381001978699557563338349868510139538465238038964895049307924091408339581440972244480187362645301186904347672954537230848612834855015558249594374355649340906806192755796864815692798072752902401875456181169576874501503926752443427691403741499470485461016020536066550829720298777937584835599958397106076849979243117056356564247833627847240283038360509001777072358823206721348505909676989234311118408786427071665729306105757214192265143251774907315789256205708075478515936631334165926781287930376821140020522614550768261046417493091844870850112555697227181396789900597365981
835 392109895039408828524657384849063101575905561186534677647675807972618253030277040847345275317860852074016823727927037517514017398592778188564980138395929422853593467560303175096874038523884794614151286264466230074422833154578269153705285277977937179762688939580453287657239866176510520699529297882028937680771108459383442533186029912851079727436482844643143562866923933727770361546016794241540771288935865787917446933946744633253433964880939155304520527281347411157934286463156792699694465023237185730971539412801934427559881116731684840534497765803013088274385414177970258165243760597400712443298536194592269447562984618930279268189569782570103450845510975011194613322781758532891406820065767598051397832841155428927072677595418684249529231084922854061191056743762898720589858602774139956138583249
836 2012809085447604450803107435792421734150009119861558801060982408445656208741623016120622298609284273554338783196425024648835501191797674714478239117719390840287569022949677108848635077815835582842496232600638151158651965047551353613718870776935135590766788313693984422160063801275967571017768319076868793961716688155264632369247720922036157433503541424732717766092344269797563116383488933486751511922398453441885347586466967216599243084516428844463376010455430337610917857242845680646002462270930935102317110090431188697411838576273239280276316605452649025484824364583750219542331879821192647277425368935712286316526063337464996548228454014884236549598839822360501050366507178287600529080051302460948615970504263957161578135866894503341833673680566006888112756139314939310368080780516740907121120747
837 5396654942406221002861305060998633460570010375916970809595548573233000400548760332468718982692512738063518222571016296652382558531762772560698942204814181536083372128365199934413067700892149024996340006031285875332711722711870465473875766975758829167021930043091212495691933568660913873828551716753137822297101648234060016121970524054129844859435498014096948515753610134486745370379928690495841044543468455372462492226378184697073726803403540770867996426870697652602166065324704496885775219774293735302244963684509412566175993382882798767876497420050731364268436107215132274899528535989869803883823624278776912622645442010801120725094298942773077037686316689627604434073387793678797922239928185147695976060733209123889327094533238359155001526856637844284794096505995842231459726741397110647487049764
838 -94206570126103336693354956589295831058793985589509116317719332071434747048331120224472931162369319409603042174556879314832485885492725732730782557583003327910877141187287714449082901841470958870002396617065627513190517922853310141848972885635356733338463798773809855208595666309872756078630444469229009699514601961382320504822887829535024266519919299201493036771806674700296799666299828858394937510614413754359928954965472345618835896465794244028230116197409529343215981302345743263579226851562121644656249579096582222778715461923179120829335468978056721288478613732212848753619795082147887443205336317340603075846489999389841748024155436195738663159115162459758258186611154720024026562472947099060314469048010507634388084336891948613840125796637091833488868198692392661384232256811105634620365427721
839 3601609445542998512783903737548630975539295284138035536861036604730479957957258003120405700759370432727642314932798518397962114080280567233588914392488788887239107668847995372873879939333422701784424955012032206546453516694007903055701182383081656701185296741319444393933394098836990043633890436661813388165193857409849789367161355155095746166245588562123037619271034171403498990476865916902036240332022969367136937771501778299429278588830341719672013471670117911366008164440836690486317090199489285132680012073079525808296677553281830248873708297512454041579240251475649329968359022670204041831188860777253072915401146603699588152314408189047896035703882259332283231075964062379579197818279911604403830631906244321848427491071983600899275898607230599061178529079735989487886249492932978844613949529601
840 548118828789354355510635775803112336825712060656643688625916900617522683502554944005645048530406515012027400933559793244533215962553413177002526555761562571861322253771174798410208923305062735990732123998794707173900074059598849650340530135290658456394816494830007066662788681069799154032466951044099258946308695375127540729507326142634313990691482395746622105351903752101521144687704120719084206826848155104339861910149190552242407006493669979597386960223712839044301208772168005764144965368491894913509879244781975481973384541855428723190065222421451051911944948869090727611250618486746607920791256744519738550860038353809052858599806892922368819312825644617458303790574992378560806826833681016522043098531058291683546163763529661194887633290821836496466963979044011746772931493451085562951679226199
841 2692049041112317489083473467067735524447738502763717040311662995366766850330913812575455354716290525675247789997769851352423675777038760657962104925846516527673521774438158094540441295696548135157281779646824485088593509469714239413669571640935462737589346230687023829998625535306286340582996001410741073663318097075285759295603646979260793807536519946219846876386458481065288704430751105346916512503233858868749982447857467608028263076238616014128819067843108435343628777546693363611321855559046204795364826127645713738483344754562292674572746734376666575850358654725156948997990644066633820000072805096620972939473831815321215283118106464425356303455308585215203824331183215524565334267599238592403238568790947421561951087025466878752213726432695796316272914883327451605024289969703875089357418015204
842 538063957594118256140549046915115546400193378596899333621172670230525063592727457967942724270865753454649559170967955370914090364184975208604295483160896698931511874279203173932542416179351801691438834100743554866653577279139135791721393702901139392800017775509785428290829019222884476143154171310173040832354233943860783885634897432754684369996234092281988986878445644901825215486188375514942890810421337997121874034646682238977790893764000218047999296178541847520372076843953892710778142429299263453217211118714507543283038002567085618175520489491498294794564222162161254441256885234907284758434688093371814952203255286340629991430912010513575521367282036784325019608931837230807760479667288488522504939038462430003422481424872744320951470891275971391036287510680362536313099838893805576553272404252427
843 21655494242358891028998442225756314042044073552494806377975367558514656099241487728459039901322618106171359869492692630736601830995848206654508504000542103366732806328416745580380264308400019466102854001606578572809010837908139336068280214567628365385148581362082655245032426138244568697615857761835753636321023979992122655691766435111777970849736410483183199434657489434651948865452779913847471492588616152283104067839124776205570873116363820223965636578025959186241244851162696389305196827861043519894621915611926098711261726008374904696471899314077767928442608564716675631903421207189285480387027730371294546879612554148144611027797521519595791302241398865197866691081819161879841776378959458731756654983707082162139311800283177038443486880383162349901102475578636636690723713371436203615695377315990929
844 -82153545444428219323025442174651089816341730105115541949765850638608225610998471850940674906954397149372747416486407287630839623101319324310540717273842530077982868951756341246520573507989879657785263244264651084299380668659341878147207698841208361481208986247008348894835593343040085766507524677085599199470449506159886242028992592004007652112376993471663979717466904673204561691279529561219573539312466093219367443050904446104019902859149000571146353088094889674943983449971462621592163912460367786697251141057332642456550924353907968106476009390065891391600647245205647412280920552188008069299775897133078987653867983445073174554186486559445687943134626424846596794074010760693670483622279900473686845869077788232235428668483938777958572512147373892344617727225840691372289780007028186555303738423945981
845 520609437796945107327516329316533209074931187402490299393808168621724380353058709309683704873871674855752747587514614685422775507174360573506843976057979645703807299435575948598505872215134554693934160981962331560659543728709242633899648414640980180213365404872741437694191957737519458016977086978094334211869599857361388813800132664059478412499534927153168765974455561735278975772413309913900910018360095231982825594269535674821157295059333632600836366218345751740666035106810766883314656491257334655293769590916314541688097235182050814952644467479754322483995600095014590830466729640583177031952420205023714198585214457094979308912899334157275983402508165245104645821026851382613069488031039676580796631974610386282918559737568612463315840876487827419705294656913311637235167834320932877485749232271323716
846 8464180009111510142623572260688986013254223838372612596777300303854325996973892038509666322474191775392465365086294708805535238093374999005686162056962366149695849459810573797820592939613795259139118243127660594827595457095832044280008259946082045220095595366943516743629867432962507473934864084888452162221609498993672788262582356376281633056861749167400811295840686206086990768121929384184517430132445651010911031144115166961253619763450148652774444168634440830960660387522652052677040538740581229341240544444484681807176422620827914602695907439395899831026558636194084531803927976593222482817677292400817054296059167649299810111133013336699501444006918014685646678280603786989946174101755785695962124591854005078653917684970064986092188986255854939985725105817398882339604059838043856849308325565595939679
847 81607228963675900410104247135844279276339550670370538667063049729088289581264327952676316832827705616623660480454781553848311622905432626760870454122982295845084094941130917997719876552368625671421926840888372685576538942486347238304258153569330015291665749304819529046211545918027597540969748440474836818387374696757822448525956555453950255233263446625742596878965766242285195445773403900180048915606888956882726612967543948302033570936298153693289346513347810642404315280597088910127373124996822453773742840849332630259959994366969909636270274599699287243527110540883140932123616375087097491095452378691677712893048070532573843953291063698009578064402526934170319285785420886669107961721711178201732376919104942363936075093188868440800383983234759276638576775380667059964800155355540372081425657058474228609
848 -696760869669386933844671623952706157650098589182738368397072098322823027324427263808389515016704199510265347503031709271462205994464993768028722014282824618013948417939870419563385086397692507399582151351018071080740700168917536402357376240030810542455744764807131667470944317288840088480434286987355399336629367643161213452384803634798824220792509924272931078266439824527805522889316696639777922807907975009980740753183830305454553902804845110557777626009637790162948941163044433430581731226472386435300454752417604076690327087954885353247013388543579061909585714308542088971398364839704961548705055029429158689227610637414647177975402408841604052230103746170685893463048568299620969375810566284602610794663665372891775334511706365647273397741155901130242828541011496045488599489728291168009667704777497611793
849 8945156323015433870764558544919830483635386400911418809266909086067227391813668267491524736225926991996813945221769709689901071222684454472735607890503509560019928588334921387502209485629137506906304946380089174416590995178781068877167774431113295783513842379488282667531447752151077939526019779116557024670395392910742909213958568414004783858002695084381527446476544569428572460471575633379999209225004875784497455827431058879766001427461516569224117813434676467053559586545302440311115520696977236721146177695685392920302075240997221141165827915673255902708442987584442474628758336946890155134387491820741949205751204921031886433686238487862942403882512493614024678846867072104550786823182791021948778248800777881453199338415314184454778054502157240777032686692891459711886049507419014900398569015295229803844
850 46193601931949874295568799494714661783953431417117090538516659061543929123220674851362948450685640890148775475111449969160365378061255721655886504829562309921882000713403906568753312337256995385127239304088057215124288430656206272223042737538254040509491534459324810095802310096503641381656762639200753666811907753004050000257378490495844541749636512656531214514889472182922859912192259019772957870855588435174600874628299614163579870541510960830582405206996551071857652607268367163250869784388014973845987181752706197859903246026161313865776106017486044247434263076977756376658589812168791676344157318854896475390786954115482433845265051188788762651465757846567612589406049525303624680586722967600773676573741017121150844907620533010751064131384097303769110547719724355611193288902924765741099560861639691087859
851 124900099729996718842745161318738874117618123384625510679882673169777890596678122818139318072027852348746761920835748094203556303430862596713219097555002427115549456642626310769490092718210199092225687748986529299410531424298817347258276893645375452534991539554111029428398753580580313272014759977249240313124019257027639925176610620675170410050122207220942650705010000436932738254811657198701422462112260802175405805135296369188047312238238527238621830818966137324588645190097635254833735018175039018788230712018342874848318562439661467208432509690563230556338548514855625322295617580206872391920195951641464157418394727779941569132452083702806078152128334069518784994386212207144324536746631693567225521200255877548246000674137171327370481920332354432750583585105934439245974429004034979826703156166181423331281
852 -2172817816163833974198154201474635520114904143271148783570242185889371769714651250452146865775507316974870274398880650967349811667258511249722984569406484929805256534053480536282614049384260785179918443382826789047406377067538159408697494169742941945333622629161831403710271608357451821201757988399271260306913250831810578576480562964478217382827273234698856514667751249979805511503262970233268897602231687495008087614092633033795332942758011510895452155972262915232109277690447078096580249943764858779507844905283204540380637895747549021749656636318540234936610537660407785250809440863339332025193102504730175247032541908782935206712082269153395160432289966973001291042221574080516023290968427876435227355977879988145085386781292354557894600602354339034766941909503330364783518927719697444889106074754233067853541
853 82347168925911356794643176455405100301592298528610351276360556793184799032471581156662076555502483910798780646131663459152798557452913604611017489211997654357201545835422207096808525830021080828313166061255602767237148479170746062738153591683900410542044067533291186667554863606560209453694038819481859868137175288187938741742095050142851887950547005488138741137827802907207092570717351533945688752291394392998690841519714784434325945192056607563369944884900846508548721002840468584160831741209643936771571298370401489218233118951649229686699081849671871253585237829123951283079904311304592139072995715163795087753678796255438256284129616380649904852677229880781527561050741202598396202020874244903397514724185513180047656156537098477922721996566518539298371042491264879846845072133602570641187693327540194926900964
854 14155178884396634979703619930473889972257541389882491378047559037058559400888234866221137618275578398064944170030351793571915257959843852675284388946588484354099647291165127299671168965358927914448275659770967812490874658325201921614450747793984764235934946269997305903140698277027574790406646630497459196856407853984772420477501916670583699473416732726531752709301855504894720795582982225326882459242310651090624453221250654406871079019816266581284854208846014041429895786517516444011759836419903138404623456691842498736747935601497776902092837321780937993328938450368477059361170608408100287184176796683629811027797912730628291721180010446752621666847497946728082293071258880238257871151901079530867101972455664937311773031170366681914879921932671089046839215198374736093354594954986438926455268100900014679174087
855 58855866353839724768234562412568284679433399547145804181761514290522049213705219198431930886208054968009759377244605158360532894778756441424045942784315869631818278834283022004372870462240910188006059025980867832109331871641369280485763597034656096850245974086099865665033428026262746146692665447378540567541165659912628408394032215076515830409148342628048209686011785853679826780430151623793380113826233770327719287641663757665606226062222181357331916632839586285703111974455665827625095126787004204090546125473219335849499667538421895699265596625454567587359648802521727080874605670382945038489133240452550312672352579596012461218583424181400160108662058743948000878203112768033690254713275591406084573368223036685787252981193791474460361596407087229824732862407457873329559716294345774793107966982344745775291009
856 12189201574729005997677361206025895711524285041079163427809415362209618508568144563748249494084869060554642021506624589135282486686745889818840980973674028908753739615414777212798240109067731536055996660708165262316365539824638383324754450069761666524887395914511169177884550073987215479505363753834989696132622292025732432650573693776036364125610896714785561697177045047402874724817792942802752398118864746595516892665759169791328001900542138602117472880842498936789104186095465878565946083763735380245275945746554100173872166636180993703993942941905925534393076723836137828363829832676786715488402133217724727385722012204853107299945690242689542884236519773087561455739611951027479979623866297685784929794592343521372386360121185602694774005949876839406267380449288639053714896821340914852654955813731121015027665799
857 496109246982532897672368408757282820583661373892217788219451360799253965663661253810522534892633608097505273644333179580077681932280572008844313964843915163533312669486883493156061236279273677814619937198831142277824512401838076806929089957044274991079244466019357926126906846068449606539756887187561700590098994042389202618202301469884374898970482337551932321694393835868160124994974257884012564228102888277035705363391497233536126748405335318187136609630130566744855027990086126194275242906021580965020273505590144739656045158031931900874734983540330469067039014559457079622064952132886506655551989636444256719982005057137241536798053975487433703621527815490197255168050553103335353113216706679836052315966087413328492141064654359507812304090379606211562718793712307734954537819748618412778384139531758339611338965796
858 -1872495558570961197762730186443619965990527345056576886391544677724745510480176815264521310049896952710681833839536328131376579063739435430953324098034975266525293769727891873281685595505608730310870649067149448115941997447668853773126561066461537350785528985996083024001650432197711378207641116602602325425937746565751027017736649366577008814584278103777466837313578050888433972963217716029571525940443053184751053366785464333097369426928166760948960969067243542897030757425279443659789284516256350006883022578352077259597139534363851995037746775186469862195620366852943700927587795932576406445522095412829105388468795887334205887774732823973817211854718320899266920462823874363255286917712102444926618806051763771774070951435201873793480532036482273568551349636512677945350874433415439594284096562814748664504100391461
859 11825436883643585168502772740515730590277740267964780117412966583515013603587906042873429974827496435107543381600393533849341298264106831037300939658218182853191746441737686217444062580463142550669133267607503811300739751103697275138993781048593308008640096056264852128269480274043013205658752900653196567914358196774028171237205719612860837598349465226683013642889598125898260646200238002390086247679098310403071852937064784258823792772682559682767359794690004352728290903660452342789571918331325197810039569864521629557231707446297635997927906193383006739866504981728028511477850337320967023997857876004468415828292420778438668074336460780580847192384437457496480427272820392456993702830154891385116113363523885731716387153229684096310963338507716089556716102121875561941722365602383417417814173306279041743917049594769
860 193411000019563326522597440348032613271306158223739834163307948756355537495390218545867846336594129189460541437467339977864392148154217789817769642144831085242359604763535860205956843588225488017323720672897547138869857320570200217882763968795678159144901027360320340528140430065435740457280911435068572115860776140618819453969136802655668701901171509805802087952603802873701098983100247042588584303246814162560467458770631879631312915862055375730055561912609921738693178019118447145058063283799559271215665816396261828660407086717138891583606769535379822449407597175440880043532730673963757700726819534231557450338722077474752822620167318617891222067313068620065479676464691646343975743673780177842851421301237144835290132000784374834567745424289269997663976763803068219189804229233836438417208933077063420038002141846067
861 1874640208397153607462894788056669263783246781413550660663728107595665573342143323921662061628025973291629020466590860998866090948424384711127588346998271060618430824057462190829824263931595419451704434972184514739761989413134112436237697547451237478236807440648995091429539356761296420138945569318074875670192565462336947808402078338517758048615342471831120355536903457148341576919542577813070922282892244103530051763290595386781728238514457489158117694155060053559583161160690745634635887387942298224405251889205819290132210725845061588912479193706172682399831586962480620125698782365858583675820166954027908392583157002482147724812349423733970864550662986979559790221765977031912635839780970622876709066687779477452277421257054346283397853060003259727196453668104070517983822402008737224022095320807634218738657860369924
862 -15952562643072169253777953537556170940746849189749814836228035887875853180066531822746181249905368954926455538049033787898239518393321361450909608345937865721712049872291537009468559971768622370959640889713474353186303723549093882205400172287114864676651694317486468996633674303904433754342679703490337671796095761312455152016123816693615875645083591792763144921465769627681345154920964633347914526578787995788676587841032822936719844905784382738001979121190863688901785191324034853326599743723577741202327698057286248084202602175741045231763931760167025311748043960692204864569875149285074821617045183994235627295709653494514187272854406460119903694848901115109469767607257540668902521109262801823892761523475001039342679759748159231887865061254873222775675202550088280002264330310501420830814546680623693337736910041150161
863 204062105972212757098980076773510958865702845921607887964170392703004611121912809647138481277521177787831629704615735280006549387486056928140327262536246232205163759836792726017254751800078225876391632425645535191683202173052478221602554412498079876114242380359843361131228256634815124567856811900109190734809378643844716942637802317214880117479084777700399708693505363945823024789928100108871715291589683786378852235125898070269567668744013746767182566157410187957194047062406744109347592835017192791514856134622660236347779537354475971582549312904917070940864376512729259656190281398667421425953615789533284399342011139807212764856073356254067309158439332851973502568940564851001393909656002227294401726373581053369795937919586731729847640226438341633927443627694172784926194332231006291048712672101960114325100096514005761
864 1060104574760181725736819410359758981676000277597515914143829787839425882782458422241503522671789785807211896183935715438374692801385095852838416196394691645094837914501005624571126905095871439278446638563286448787075209757906623172459610754650325840641451729841962719303387086710723434993811176784104398430067428893018377756862570675044075491008618125907551659476968814987123482190340115622371819266900699664587554827796676386500053315273574559583394409985232402052094696949872956866957609378633441837093860494987918362452649021707044336157490022062758680424651173192994296261583525843744709681619933899065153153501253859887218072625825565725521631464298519589732973913374759045996943227708697319461395007269933244479692688866084964566029321214449590070575228025000958294226286677330006568843616005452446128440256813355877919
865 2890465811897615077392718116832571728175901884985302221101517334905681865226412348714247970684979726141358824217672829981032047547635883568259729254993021354503468820014528944682155944418678141717922595332191115626915167078040001169767434769201049576910737739864589962746348898402935536149348949228602259889928679761083734290251636670107164883923705713198515060214838963033019327213365849337346737418925904269379235847268256155177475962324917340920191316144579567991867930586812862163197302671316463152393241494566962533465195380501173085133302011361048046520324106024583787477736059359055086566653740174984151105923149921513902255585694613137647519328661817918491683286756095945666613994567011187907253423852887836898593163244790116569587749222304102608516254790198370770853069049656838302250590253487026953956548115130907524
866 -50110504413790029483538480752618773782455962995288788324507005564202706171822414358221819129452183014580462057714903771602355668823642542034990824315926643183693576305042046868261306169223298758787005352829716291657641894448762022029472639803186945590140186139897833931380977551848631646854110275879136706135660328409664900124146957229621261579864800630183548453900532460902722838353207921470618404084074110660275912033298401141188881603090550555144598843710674036721213114404459029899990050710088948187231605314381007237633484294191475313390386942706914271620154860075611137748243918727351708887076897077332409724032026966026255906172771811079470051883943643867783046081498096386884270247596565874803262705890771874907810670740732106223998230416416935672778287719010705862181583722981136980193696024485082763385627969971969853
867 1882767377161146896399291695678042406310724314014419662413550820041198064279676130334009993525285070125821825086438626060565793674239360729988297314395898195243581217807691085233298768488268781336370232650484030966276424996754103607929163944119355421913935362569319549161809918082690951815119805258182772326968821557241801854366681730879593956186526701807103420224228718747983765229801293961838267086932038456399120927000333992829406275190474552065083000768826237598913677045827322245923782232065392853096308320892883389062973764792565115721694356888322371987078773854849269144010474304939644748074839366734318204713469446742686629376155860922322504190488957764342766087078460303870692128021034808283274759916086749870282822565983003823819860520809294385755444672277820952678804232114478951796710211525493186755167452635584123089
868 360787529411792002037346038511962293462332775994861182680355574359121884150362787973880980650405935447630209563573721662767568178364197246635811685579718021352030583495040939954987076372589105677014385899416188090015265367893900581795499250004506215711902376931966352632100046660843763446304969397845000996134006980717498955350129556560524894152717367927351636441085344161280367748746857936328780786139329657041335931687572794786726912541297695624460707268648619497503808014934548361289672270458974542162995668283894680642658475532037506225704458881449781390406262251803648338994099073384309276404840661524061979586949362319795587803183147692455203537793184976458282882246927971699158939152335504735063712362020676705276626277763434990985365152793112155181558934944275687459844333593072900925315007801323034757776731187992571979
869 1285392644145114961957771646642171229197029152935555724785363134078014381478578015954787615120020944698864700738227728855317754547722059485471809821330108629972417871301537460923013647012242067256242870060013078771053375926045950210113007224477491040058320494196811141282958208979328345309926848912639130365332093584868957216716855823933720474936368308406581065241444542482036135225466539200536458137775527429302427168388055485227314499247253511412682370787733679706957211453296269519982037314602597361537034650858816114501264078022008585118291291576996883653291235955581627655018859493561232178782911988919066737027612448781023434085031699236536263353779706844229095585013650383371515101523531041482977747742104303600432581618017012432548335381445681435768746717754939178380775574180336115782105109989924890540861796350995744676
870 276100040164754751144043450595185279941192987916840007525758549650302160107373893560106732133376506183308400964385720282718990589110745920282746292242155874810817088947104892269234316625876053727557441778601005128423559725765818141593227099248051642522972014231802600939503986905195682771849291987957645783520502395511056562233409271125708462679196221217240922485642933228435830851118355914064725354419268110114035212824085181848478122966847638631132449752363033908292323273427211634425542571221883305900629194898205165112285153026512793622201477734408396453100521748192752017273089886056045407653004785141864891179679522025408109181134816289393943293892749240853615264532657526526270491978240085013264904608494335472299758374176481840251789077454317140292590741222564990792636098101890596191954848477653464935937702357539178696599
871 11365331760424686391359679129440770891121686092003582398180707937781447349774177060184550076716620843447315578433178830271232902030031461976232236496910693198667925923300234905684151766292746129677047990336832551597210331479838024993752077997376344366976098227016052256545419340037865983128206684432008366425907846916771705379099603728123792161528497232895903780355504542300032999418846847998732493914393174680859884392619624185070721599320693434956805038189858961970494575800803008386861618755322217037223172710309369131721251604770348701778359009284239225965313377238479428846594450470261343767062170318910198257792526545368748309060650678206137662764472046860810910893039152610421056580318405740627666724180762523262236192272703913664154206876717480242049934624846468630092079738579689637870198366435775601818422508216820310121729
872 -42677732844524960992397371145574035478820541579160925318326561172314314057587118711672216005520283245234928345746922349106390640828416402496458519136443287660469967644588277878352880435458460966570277885561816358808429876040561330389771427069495105089639705572893810976786790494300365616661203534461077335929628569545101768732129953604947039381698626948688528769593829194393791797062808098373703032483073285956497346120118601656473521226343209421137424364234606543133801682306358470424550755164876294632623277034748587106090114599836565947188262703944817897855131661870225531274011407384657082679830858210971644760303184981889762792022367810261714311319802475795170622612190093295153673628601525658503429089647390638819084667638172245652616186075805911332864456390663881441148908995580178346996399643921886311692677677525139354457673
873 268600805529716482605664502348755458050990402674110044821968782298641008462018566722842806776097578402500886596992174897046255301773151720441624419469978496801833641050824483889759332866665005477277932148977736906659834054761157878763842728834145971249824395665104564509503942543598236958302414797658411911906100920336314629391023709325346839470911595940595752332772744786813015467227865673346502846606081246966590018087272037583377407176192702889415220211442369831379265734160927275572680960556503010931341451630297514447983641595838807249307438765764268595874339492999924837737105489758042287123891668789148800645067070340243573293809044697501409296364609313822240932290615971940426844496451777341481362454677673584223898551781678717421994033836087514686335972933956738730766000309530451809825361109091165092853120519802134396348004
874 4419456631779688382633947107898798558213631876835107807099176086902257379943239216256283267278878096735613119751715952194613736305793190781507845370519935303794844355527933372061074192194562512612756195782623993738443786541172421409913465353979818516494177628267639537846785754082864505366432511298327177060047754936636816130077574998466494526089793127102207507932395777469726116156982449210381979692183881679190427502198492963737269134260621218427203954352998689825229112619772401148518425444285162646348970299346169629187453842569188189334222459360489923958056699443160281580676922735746220151643940903486084583974387663347202763297840170623496627501460833696854341150780987589553575651906589548369469607952187698233827646782201250511389975029889888297138522779875677785817255273708201837046058587150711018062443675750855794322434219
875 43062529711401526521638318085499716088656999470646933082929114612345208787437192364263901998433665195459268247071219655520633557367456744491175761973943691659288615043814505695363089708779915953191317046547433895821590558837385725298067579954350507276710205348764165947328433153503662234040204066199709127038990707341778921402752095098351381507758942705246111349834481533168023502310774549005076191279082347714454851348264955486602506998765384900594256544139657370212146716282718789014570934203108495934855413195696550134100119278274457708141926506393812866821131611843069334207018802599770901060853937788070659531140984076643263457940321246691687258524241762508727740039756339691128459360175807557425131920495477555210837638057637567913508206910022719407687446083539871951832867555420558581455303648951588486292467805888989726574641041
876 -365232063046906234793437125667113342722648680717050908822939140836175362939883839706135947810497623751413150607304971487926576506170565837320881080041706144013703818190934581161043583523363164439794811377092025955670684418309050637160075608678096118915023825463319078706932587662993518972584990259956639449732679175963562450339821324174050675425785105146576858900824670166162344978390353651285903438937402896001223327426881827237518520836012900878289136081794555184982577604874752643228212610228880377282308343079555285858311019125573766463294287466049578670048759285170851400090041875568213022677645111186783387987911402182512869763025909707903400018644057676048619353055444985965318792501107464216501564503842873960846821925827334470936121557520561107127300627482703230593941278041395918074081175660232312546101118417382506666478603421
877 4655122085964713817522912165537848664024359482907614568868826796162416499380448681160151225098323210246799570191641513962281637622692905600309564036357812532001175362889248175992673355302680012782132765771381209638533695745864023928021837353282677392374306713370742572836944302003370208312486238187921403720402117441651138510938926153082947541924884374733671399228716891111120836028905754832133780352599688309410388929090430867785488451327493201941023885344823184706983905390135112400065180067075130461266831013452762095583199794005010453560171332439176416300136949173839843692892639586957142865663070536402230238191632260156883258741284996373933253778497742529963006701833551314777774207963384981675173630057020526457240443658982137114440540995765138420639134209030222687793111548877870361823511879114506754210845548343229107800822354884
878 24327826243741774801380493372474530697067068640774290365771420255915892319415448099238373863715933875023962309975517474888419445998593487531375664210107801497802783639257677995419655419422497362957749060525639766609990241576489136154928792679540444074875179098580602483399396466259379750288244871325344750969997839551405967120174943764472728026489492644482637939975953148280829318739029783818425733324442375119010210962400434441597481252173947714129328723431980653064128122413387161975889651753461582960521423955604852798214524131237326193419132414179064094738308850588369696962324823763728150896000289965498173690779107259425881655404653457893135029684947890818037093255820908375875533853002555748757138319786756110171492810632768428151444121226894364523060043653710349713968414743244291785956661256098102642223070332336481106756385188607
879 66886764034340696229873402752920791427272126411492872035379958317012527984191262640193918466258311751854548932365391498228988197894246419189136047537100564324941431651573455589420488840045373838563716014117338314408192938693998792621041724150628759414527221448803901345778105652290108769267262548808961396909438619651593400932654611850000083128494078443698282522493027612155485150706398097731969243468571244574101077760054923156253122659335719591715922201870933513771026971897949470415100406578591267747032766996769741618880015863123511915335301012733486351164411094553543260253777501118083258928704509941021084712616273182018755122707439122610918378397083953507861658987593535757228397679744431983091230351978712635737964196797030001891447475992419805232351755834867854307664810972724840253099301302463692224735837577859805009091611607169
880 -1155575065935547314521811050879350840168494027368475380615323654337573722386077550176844630517851436320476816121897633401422970658809566720918546208522105007805295660180899200333662739738898893102337605391642623629903214801641732648212347662675916198730304829527931487180127176416968965562953630117924822211923576501008337962865974081707071810398889851227774367988178498688809935132679238131403344602500286366711464549262691759967873247612315723600426971788415098778692014206771273556259586220293706956886902858573346278022941926677760142473519512405392072177603182515896019720508659523901264389028012760466247550265062950156711783173866411258843506811678729646878424039953078069959371344938607066594075429979153296027921951697031049046298948160234175796504546956527695162312539827284067982265625949883538783149598830584679615347666120491441
881 43046771972729011650502350774292976391187528916441630787319607389888658653470039181952363841785466903218923032947018168576069607581270710487470949680706955738968996095759441754538549198989368281871234193402909895339669275265963271698797594353762415046548603692477283173725104726180026838083428067532063317971531898553362004968670872596894669944747321404351090214844534337378292244987813259936413048900527030003446728312630824722489666645313304851714668105293007041570066971753699007162054238469376311663128231075172929527834647373698807842370161063949021522750823321183779075166896489325078792788031550780021431069647981811570143849648144226602125854905361723951645001345428216769878134926575025193744428722331633837893206028279722968514108077391665550469303001515360225011186530558135129911636523485380219203056027752695664516260928753468356
882 9099091641400123448326996411579826761143090643677286480010965234221593960682567346716345135766067548757398438047684323864833730989424869560752013561710045512489102929241657920766400795048233194575498801071100541237723386056347744326514949980218911439368455045290664234715127541749678430550055396451437131826686343850442792302964409890526915736440357038804470202091832202695729369124394355552197075623375386384047830068043746583988419655884824693259812126671379356935289463034372769490087583008419769901506754778985117382264028469904883646110921041758403012352020278610525297424451121775764202769431960564438624753497467993786710802274564706554293064742151416787108540981708418359948838751486863455139428260835474381241440617204939503658021552024535740653866909241049889224284045653048127003119734181737010904215864814903571299330610369299859
883 28041370900591484265824629330684333295167993943709564184719181575658934208459478538149258226272647841053613369563763102360014148972151660479304582082914597957068527450395469531015496423941523611357161417447244459792618730814013723059794309524402796372620514977389937944428435858578745070565311838722204801152842621805631634338713666312651615891047908716087655593539591777394801614299027342435978252693701607299971336950433234262632126917972063021670578200343185351814337507491062765205017500153297174050898438972101611152982485954739540930650903758163760515038188941773385751382424011988677788708426313074220631499605100521303591402652532009367767014710753746228036791745970219996543846410747074844023409982744768165064308276527495936776841477972250421446519019153395202626189738139817142634042771356249675329158349979287700094683799238209489
884 6253260627958707907121860828728766155218598079587683146135537571912468474315399974089691231005777411580068218620808461462470385767993536300076787694103864311387135798777597596957266719349873591236414204018186574615087377949344637233250030317704725109721735549920321509120405783376280332198230679321794937285734379220951057698130852106063168450506824186239974978865031628303705496513346905469516570895991572439922935717778133635886907107825219057326468791409770076974446043607607901457066358072117724938514983457367897792297973824326671282436567048795050545753859519809657091962287451357054622052075725479011010963278447688885326232271651077112345460739070038362251493142802716136450904936425118899473372370011245515577945594972299545258696252283714209265401763832584924133187103141465743489189290666652294364229001664490161546593768302626564987
885 260364934093053853807716426952573017352317346270974247830585346533297411971416478996766790065919544591496478238609602079109917281109316644045673402472696934103873509538241604130026668274765378487453972338390782100224242980304863145844601739077807231987873826061336344078376490298488930567370666782240953310780129644932347348513086655488503976404066554669560251329612616907997569748907958947763651582754365179281353738530104480353919322397106400103410241402229865803490459013268724357476760803203835086515812578803129177494784771345780375425384296962919050603754768301317956340686380224488971072971268057974554679814979797540157303168391828927210756844054255176436760048534217193229990247263040008457728882123683561247627769131628464614571477069487810419539342816206038903874314445217649206542500861795853232267300531627504365805795998100652778084
886 -972675191941197564384265104450775102041775137332968415931140428400948275226086720578900860162604671278087251070668892222397850431148672868999304964317543798069962830940283766773909296641393002310126321420482730544863460316520014586580769013205106143973069823840518988375545196174356568683780592637099939865632108468261609584226853900776969687920781513722632475910219128814227682881773799565327384363979735486294486427872042532177036459104742317182142070908917351199121556533679273353356152910647429951346973402880634432820538469142739948837872542079054261844105094940173591902895791708100763753973299013198889417646350250084492239485384476298105154065677481046428937136230185488781456451766572670452282154840983392689705148755437341691269932236255253547178678311087927246645844682183647310689105013297611505719994532066145917097598306816454863001
887 6100736645702192347712618719349840553207523535382961453688418437221331153924239112609460682718865408949443864433525360118015859544830884281626816433205829906365609931167121364102784275672411389215217823843694743255441523214538464846891396340546362258442884812302915505310587226179476248775328121622517704843470173182301330183998112050149652581508502420318532905142360024478798605788835514027155359742143587661208088825780077876732633124063154948787524835624886548829460612650230916288024231476461645444414692909805695286761415486001847418906938471683125856939836421825998449322184385014746467532481716148075086785956527116057087520390356116690282464925685871944087381713834132596733243182768940763290138860144365541737061894395071320270090171621920353005815496010774650330166431018504830406075704852054143516724782601773502609807994564118718965121
888 100982935043377761821476176352523730153709948050438599604151240537220742523025321974517061417111376409223911073946533948814817961923900647209094720729345940771203575341501612115354130363988857705176329334827156543500476919486271964753438827013484795575183887337688542881490616296724283768279375037986294636850584574297535109739684148845557126232658827517583865646558520293576629938114905689752299895492440674220660637224975874912793325494851116073473780612262431800042406761807658468130185949643360379575061310356781849776531610233432742246263074736397595598548271551794184237458217621029076132796432821059246612046297241225559241554931830822589253925679873711083892775379678460790838254670034404786588398487139793504990050669680594570483103995259818090897786060913247690772452739887655764328038395877545576511412721760937353989047638961669517118439
889 989175830222067276686020877983685513172179172186225874838175997654174108679110133332154785261368712933812480080834742365723991893970453903191509502267096630996031837489744775800941836982968884686999267032636890489033589373282634514820507541757099676124430000513345429738589044100997210125856532591917335608161289159494229009346124287426107905370112144670516424192443300623255766116430784838102045918552192946822905726965570215525531559518074116017565440416491200548015890221913382070396890288197153180093581705566877578203301979863686330757423369794507927779551897857154130824872233655331187222291409563857626634763476005731359614274826895980486690033840969509223035944775705063253421103240298331118266183496450052094261122397130279346299587027323549649720592200682342057316312438494871658149924546423984623006829672574875450956015136283173432923044
890 -8361786582006956006010358397166929157945565739322429765281868767695606774603342034561322423371411707491160562521535354655811125762123051799023389355597102493458695866060033575038084137878193736799005288044977660246220467108307891151445643248330078743369536437084882177965677947221791983034504287253986311521773084187175705539881497288453642307519941306033052709950596258712040143577458331755722815929825293910638327581578006683654289314062048603695137842156908301588754854806448423875637429401172827507171458815790307553638062198035663563629127162933373945428874118659471962194000483273396004398460377049052091889581693228127295683756439751106163157324351608672628088654626808283567249401784539808004482961210717812291391916788942408454111157905862722748037456494286272187534713063790831586462387805876025081637373252210870320323612797380989143142533
891 106192550414534302847542206144539709071178848041279435430522190371451101376770505275819489131948208734670490632593178305773547577185471448663593789556959944799369508633274139895405442422131855968314195998902390571577988224157370549046351204336014071517481492499270045235808434259989379541275462467288843369904689545070183225052395266540806948716738509719539277699926369730572386326839612578034802745127056032735233627573147301155605000643558315641581006733535541756438850289649640080942456948006204928771810499999993716318590137511432983657754168179039305503027403221019579367715316192388756258100498281866924914263987853478040928220104798672548514153595110522906850925265988798397667400642376326730819174016083346664119207173258345206945031942099051388514187979039729821376635493891173986282396691022156102729478513509623134596696138548287795249103249
892 558271804153414081566807132937463463521561628782147093728316550918853297398518799571146633854558368672791361571980952541574403713087253416318544383211938246645102938629172824866721834812085390168992875288765764314041559129063521747363751770220717752763170834991818268137529046771573603719356646314853922369802184899361525153820630903538531471685436863337957953145716602125801591938337020205870691511428589647391441386077322260510689231281340923581428650357854796991879978037521422676440914676961145365655055729854539186447333186171654658412120532442767971310540411672961263698360704746344048134897819310191888394243171011625690985986532461634491725962969683447782280444309443628152128623770447082163848029862640615408303497407411210657360583741356291026833094302513977640222005680910551941867248704305323134427677627349277087245105909190110713084731539
893 1547676552903073330122398328019021750662057734044772345948681036200246542478083567309812545509269257640442213265455479586734691217063265610681738160313206801503935670650073296250752792524382521032552976519494819322607712018761521329213954488126514451147972087785284466303886876360487678255138736005862384512882999301350607320115792714189587972755097344676717368519760899063273707217457799010450564864643184107492500793880542976516265899116616833268307592282341289113255770638598719722403811347036944439650213994490067397423799393035472387835135398660281470600523140703274281797687749446671421400761498743809457001486013421187442683773922938631609406487061945948951716332336540523521392557099618124018099831037373758974822253378309579822497240359345122974120292314472183488403056152654415747638846482762638447386590038650327500957141126042017558690984836
894 -26646001641850817553319879965057443468867140986499013994319875449301705372011217648630572123025689613378034338805425609173086145985449655929115022386870394550602525462639352144716517853945637857534686097296703160974615148145666101270472893099931145268175413345091555178446427816927568942336687733295268476096765789954722868410649608207081247686435447138459002329288761856957337040985500835407823565352990335171452375104555748183104835577514673954044783569855324994090656191093019601712316368535232302111086195268362513361891319099749591487198894420638257355380057011727548956005825722209479842836783085469184930671957478427607696972907738191628255515388502878875100055206172280561726055745376908315604399651442010283168488255429785614107221919217653165967758016108028503649997577001408937473838584434224577065818127685238934566142239178139494342212645681
895 984193394382868993623649445446292967272458953670246090204910155322005965978156246770225466055691867411669627544987373924342697040895946905285507322991363767944086800109321035689439053626505324853001875931545504821771106489095753623520857397599825456194165076205426106382484259601490442544726613587075846102147639172417497763049248189349043578102344694545231587125584138318874490642357896012819739121893439017216504340014694848019807062467599263980975002174092943665727034398920307925079581865345050844588431528046279522622771120931126281052847727616686735531498113962059105493872360764916020776451395025707805924908641628146581197403375054426679142635293709093373708005451101364055289712697763567564408961000786437988250404445468377612180071381181927116606541948926310128084025624040647103059147607728189193825948589138758900620906636305470073037670018049
896 227494932659669573624880875695688962289636737589188961219216925019452500081955932713770465241993226691008890191825109314000914552310180101184823570229550768149448337199342509178049648473970882301301915435726481837867142183481484601035467028171818033274446500002047398802850385403130651578457452589352612841855670208678572253737683440117557176491424021854672209487112604568386963276453932398824633535053612258496799831211827883522673947880264597672785026200992126073511267995402807669869348610601841364155763865605295348555179554091214143289115772056184914117032682725923296451905971601820757241105737984332020123476346843154565198986890295193825091203677327214865066064986893317705888238267125308001235425181748423648720038802723746536711610278738736804240738632977954235403066969751573580589414578449563166629453729006277477241627049812049785414122642047
897 611021600998720937157890818671434173022260163085314982732788932858255024339248036108292882258019257880422674694395066940482739566625676745910322535550738917674310336442610765100838693178203525448134121677367758068385321821972586225197669919533098113995224944141397910391757641504104713401048610989385667166250561636116836247278509178233333732875412718144537062220141998826413738668622619040132786762340613299720528849926868523506558045468310291271716131527347395492653433264096618464423508400086761127930071288478696471024042213022010121577418470098571688998763123450763515321117903716456697766855521628789849355130123673247656833071040045499134164161029185756079528709712650202001061552559974985421985803642004206292338454444943628097818051056188778842686686124338943743200968590102831656377112102918655217460528957542274025383209234996281894038163740164
898 141610156603871456218099124599171298104950348324398442478727031770028423933800032816454695773840538456485985328895931461940484679173248897777939420626742246496683712329272783081489824962537581167294995830747603090825847228195418538684394465515562811246429697956846773300570856638004704700216220140104774996759952497425865190596570297189496718302955061484647371697345126276512591687543596850882333916163142199319366257704063392835040429833555144552261211176475936879496150142432491687033582796811790294984095002777353329278312729716139804827301043573604609047561782375959647418375950709550566691650696078050847392111166376862967580787161687176974521120727077614929231816719609908380424968958417600490500094036575759615155325778677156419797587911291166848495312503269993694078786325122514295999800424019311227800932491307936138011181681975213953708795262574179
899 5964560592312250584146828916901846189636644104711788051354533685693870057074036725992892130434437993709907365429229769887586792883573810407250338700393743144374839907452751155806138417098917677556987145265055024887805794829623566379918258840717872615885118939157076947985319325563974305846506645823335772849912087768139599471190845616159176567900884678053588752215401510284242542455906842433800153979447654966432983089332791560779138776628903922416114493047441504720668122952096683233350474381116714013394786736858342323746628581090113693104203276744867147805830585404430349522210290939401670893813077558389099624887268591999928037486649439028343099897245168919524252361941989850981763718374904964620487094738743270442474893024091893712217658417081307142648271030910403146314740517040138299282836081645062855476261736305686497555328877038437464839147674146001
900 -22167677117345324680395315616918424804905057490684841376453428883476777747372517665737433605433436174966663186567370535652470763537001430719452782855780450578344352540438712532614698188168209809203911258462951498598820015182353127115315291137107468558292379388213061885428846447778627091237827486894039642382368116863316430383872204440277813507191671984147020634257334234944025252438179390697509172383305511128624977317374058097708166527741467129961279388670196123574745350112981607428915884568680064257903837127729928856504191592948867498905840942206902142465871658254891271103843883273928725239896374310626103278358602659930369065478593554604966507013480275636397543693442053681010378199199578817409119353957512311371929738271535338317812710087315212052939111648387437073982325856427161478218010956027023195191989646968862677814840642198095883586166990300501
901 138561311933188258604938300499108479414823191749847212470631102015879331558731087660387565452952943510721565161501689970475107344496769430887781129861934688217164083073839201078688098706477208865484431655339239256509530659138690253218526883717528881802935410549382313781180665227736463712445645209671465030757467011513808605907171892768897093380319710701360138632195509507666281255921675945998224092317796880953440966549982956052112292713355319175811479514809914305083033222245791650059627003054709552366811327134490921658578831759462175167338344468992230752794388975790950271991038129273770903102750103937469169776461058163500848918733854602279430122230006737528299071255346523014628167585671613707912156741375784958282077104990815177235453556587253485111105045314815515076597627685067956314297613713614227470028616262081619307421463319572310042778725334452004
902 2307376621654416779090767723574927134649559158283608659859272561544453061686725563888906047421113908732128275495949891883469211496346522866719045758211889905173533634311693299964091193893349562105148576090055894916519338552433415526527720417770082804922862142384235355647566190973730687782604192747302359034083696726433097320541244128420272803264295951284693606895289424801628572794000652103197346344016228655044884671540252561874692052912298897566960984216990012175538580031995736725994382417145133256263312907426354419654602152902941395368330630675787872838964407936542878869196594352632325821104653681259801338998993389751903586015306829404195276950877764011363351429745179228543546995746960630523560308703823238625267649353743336124108681386766675266751364966710137185950502495909549279765139017589244420896112412986084949469603718321543248720174662834684727
903 22721648173523123769776191369611734674818546710897718159529094307413193207567156979984812589935458721112990250149548899147179574737753215061990587535162923162165619872448584272820547166046100655848731107981806153076798780748344143727170660254446811200244085868491608382262469082050037491967457226504027725400051151077316999403943567335289254672610418844707186690204715317646536848087232062209380453030900164008912770712122240359115715346824807694596828730087160119731931741124117350983066186145673886797269100921437669357975863432805037289337862710744885571239254421817711235900789923262132152472162561858908819820701208411286473932673615340156168822349946887929352409871045453105469801236729245413940219923083367653987501940516116120534454013259113626390757574192885076687198728971179749943591495911563524195953098954339357804970089520890832145647031133875811329
904 -191434857194642174519178421879337576513853554913023620068542847080999008205750843922876981038233855930934451055340166130570644198900325951590650972382160389910818613591688828868272279495857411509164830342372735875504965309043859799869463555843869988307781571622032462894246002338289108070648825999594350325305502507319013109050436109416697094855902648999576664225349886105570021946677200224700454886219501925121644685865585678854641759136683873205100349626615385010854728442580105235654062714248079553818336609089211682042047913282491924063455049656845544477770219608924918685190383057324073203582319325611913131884542242851974772119629744781249325182312709457208645024570122853166248770014107815435418572989442954564377845792846983719416698291585059482666365773614610054506375324458775588387121926685536386267177768222205694593418973421483607220936659150502383081
905 2422430221788247899209122619530277431122526348006731247088386358590583119166337124531316300454200592526791554506661017388813780607660881451234306708213447378312312900931202942938727280418071871525170816113349802216931157581772812581439590522803693775535192849235119467525121799787824113541514940669157847695064868831182474231414062323731690597349520106126171255101308055937806216692067128061932108030036331120656647558575822720123876014182644584744595874489434151743943194671841678657879643527189290763381308935692380497138218465844352039626066201027395474679989332677303992228914429965714377275624328527109563384277203832298244920103291211897511911493286307573439476168024258020212079714208037963568919492357977072683386809447845514159719816720421610832906865545983029260691021141751527181570499392016083683869909245991831806277819719261828367659754444279786982116
906 12810791135743128992185522560008189240586861379802692112670568397532698660313016788064926654452214610724936238550737014415872556411918052403691382748167207259135963409667549273703350483260915603366185422259562711276441554877887891511393305492215505009837210940633771414156234562411562735773062487325724369871980231846448362401292569248272365986744741017559318222061089455289738138113432954357188624024956804862010635806399912054317842274798252421007820028038174741701081729026771335746244013241330395563133548941400594230785150614047622418252819982035605260058006582431380299776997070821693998010750988736593760669970771826226077301619514630341476264542946571073907224856679815643798108582963932356706032471052887097778784438345749594724560891992842528044133697401147857880909550495318683079980724201685279749508560618840328057169100123628961399403686273114981435979
907 35808675392448634540545692647084459448648487659169507491780231706563487334932776362408506928369916904699821935098028443336266243763021026091583798773715143499319547540757783765841989466727002660589378079501612901567501820848123785790687287867149632033731374415099838961663416640078374026816017289921458921462831862461123136151762168842733477226705535694023739777175416279715288597123184869924043273100790132875021267196184610829982909331038978681765999906925773835239945222012294500463004874920067013587207314035045586752915513622915976585775001228236816781871170778528808565635410292663073342366183151911665869433145854397506420099033494416273937226196897383273251273776490150823930330097753917532962035382558909507838440441460816762837298966548115118189323144023793898961007053673992316422553403622913374101048442860064569281464609463488215370391948612136500267409
908 -614371407764449525838756667810861789618288587666845077180193366341339511567769164079483418958171004402979757454320774122043396647154997082552680851433057941628969734036391787755954744783773201179832619773588635767172389619534868013719872211971832738148877905920375637417662224770573321371340175766217225516979711899061415902108803796364815794715154908477437966438398457733656854172412100661889854599157541379130442043770279520965100390424761961368478330193349971232140059126140544567825320465052587799615391653210168911816755630604523359284583136578634750649818550180825132273907469100864079420866047260202926999521251031277200806159558380520078712102116512628044534822870677044370765673050172747007299483389986291378819481751610380646692932739865433828669493979882130682996465868542501094269278772462246613129296513044796334119266733431474417336372775188341154258493
909 22501746644191266363534189487424250698018192806995616265372940524878768257062831969700936159155211639055077760225924824246923509432944480510555017728726835167583016023887475624324694222534599009286620280426140913867541947152586572251396073247480189437069168252278463314289593025711553620821712474688748236633761047115883146458761670527903131767776117139892780574421068969456449161155053107073625093365784538774441478808170662456192132987786012750389740542382945970831722016951189344727432683332290336059461604396932176619765262675774316832638866565434816816233478345126859239237284502354737202344318728857833931819398268540514837191160649903570528809427832203529460483283454125316685104877999942150577633243541768159071304941817778809679451177467828903075679238724695083664794347545685027533274916242212542141228434255635860107988630551858537082967934362162300991954244
910 5646624891998961454729259984172091676779736286473918317076632229623532778580594809110595388031986581868737927199447470235796067866035232232072242098501412650638525238484410227601710217756020098570019931498949873322435842898268273796849865613461651400194233282876668814699629852521441810808602682523637334748975636118419015993004807431348112789380370821499256245063366912957928785009933083098404209249259444653392756864670987072525293837063912225565529004270631319591651408271872773071389817021309093454127966764155362377064948889493959769392386038345067483632927139068183165153612707065021274497905662888835678174424416614602024523369888066261066195242738390878596781854442578039172397852498860870717445532360006292781039635748652483429324167655313512488184932413859984160836456007419280075561169292230885080351624684328872398326477169865649189622839539590415320281759
911 13297883566177999029846089150113551899138279981857660378880920613674907542214357315567204662459673057695138592180443920243998040186820968511523739496028632808695256633183239144353114710229266879581061046971564765330781838262169826940061236563648323012298172887761661645352596339802688622391261760825761577220310649837854080036439930029581575439183346055802830571753338253675472593823962984725718187690202876341180284433912718572724166275068214745417630389612086175429295811665636685276811885588284855253768424687217917748990065006110314893495302653603825760783832663067437481773456113222377368912305695831348708808286950109818462980582289311623534639021140076654985197219682205022989226293112039420529099397173421703066337105908045517729711641184528679998493368802861493148966513717616113202881881723243204501680264641054137207740972378685873069665437524843382993591681
912 3206483572110704966637610539817938816875749925856978477086060371040492749723366643395343785131889918935114451286679268360300499493542791952745591719871086908034445740194042626236969388733957038549658908335668357763342415230621101063676001203181793490566429881443590910151135898251601057139306901553700165743553446896452773398757159822972731961876597214581579086023080711898665017613745562310292321474680750069079487746934839824463330761365532043606019089775056988593689822318914688041079014286098900908973901489145235323378251154530159633934861597494042746403052145432438950736679449539276119003607909292421395030392963190477818908800858876918120765596546634284325062822105895694397423494417349705990144862797139138990402832953012444842271003228581338526625549869583101723657689986424134788468807309459090807009977218174893378000843371243518870459007205230505676328835759
913 136637531909103742255929655302590511265470997860087873943500450141965652155955886697778299905412147540625378468108196678799261073403972984061960510878606875601181267349218505979989395349666626457667566484338896863788042267444675016996884988222751923988008024961076674860412156320904046224356015209355735014038560548643865991502640238649438308224631955842675976028084841540807471802226539505192767915470949418690491844696821756888721456690610609041966242736857965107799863920221181317067500078913665437529369441723277406918935927237830697168487290222265464010392711233705659011198876338881393201503964977642545606274013698115537627121573432243122341903528467788864155336855158328709873136031097852548091724612173626374566277233436960395568896192772421657019201203896482671898195966047946773236423315078002932526593774676249859313567810168806256656954388540052128666667741764
914 -505194107444568111233569813569572160755211338950674235732904598230471940019878812478294808970133792128167499428210748032820930927326304783775482371509446456973868442158026438933892351493854975494968101387572190352316494188926218899677828143954463744459373127259718096975310112607126934063054049826877808751846832395455052080148649875711093834445107806288767166783230534253122063330057023055511308952187780726456515088841592960554484744024344006478414222904177932422519538948233301718118924675247248494862723207354827689769147798225373176601473238031712228734961248192562436554128052603787917956507513810907174558939771223218165443582755231632784487084083415188065932657774458525897033932495178083247338310106196315579535214661286725890751362335359387380322311622526468207733270725882601575692202698907354094835643683407416164993543148913042279420130502182906543660378641613
915 3146924521219834705759685260093195833698834586741326079253339673285328479374354440720707052053665417179184884233022967640741956686878816102195608458109461845956483767225290798662448273539036202466893233380225745749924178931264208577896078738742852716064704102943200104845366866047471918816860703823687910416441104549857067520911001666411625209884930656151622662385673939950020494715160675553365384995983106999882298231544161291899701397710530964986692149690075091391425268044599808089886462111029774809278411546275203762202268383474354203817010790425213465590936613992745423573111997624729152300632655524722709104097575646257994036398099602826171087156232470303318408864418479255728733255881041728368251597115913163144849614273785622333725892465309595873386039640566372045948543755633105292956812389880360465549331568628286308666434367711627244919315278826807449593012371409
916 52720600970288608953991830029412038892739060223250802628842429247252230311967298074514191535389203892579169001626866533079924338212506240429256598966304981514570794053658746413607527158619334292341030704995219696152918565255122915274184665123275959599462130127767442196893673812211777837314898693630333290326183364648810957432457156255295605427113385393290265966954225450188680065624540731786823185824035584859420683863233088152650859502234969207749385295995829231524653762207662782607843589855003391386179820603522953749610872716032106425568465811471570936153917109931883781119341811725845404867425523524870712810798367097127184902439828726926744771197236149918169430859234163130025458597423768733110052830692632183696108353543147329439558848779748395453867264194529627920139421977931081703917749283112603061211517249037284635993766382575445486257507045187007632021790260699
917 521913552162435149085510528726106808757110502247014878050475646565754813980916645083099141431528935794200162308010129914648272929299719036770240227640259132701533743604387065865699192370676386959023116034193233864551126938471926201924207428595125281682635238026405631551588985887895209292310708870153234230203888604929724066550831421027387916193141791473075452814681050450471553712971687296436793449599915841218723368818239075116644982274268870994336769191588142041279961512512929734177962063552436857749951305549367080311491241118257869201293918780122663517443465550225064204460971368870153757689377649479334314424124528624848028214071278990396532329018306042131683260550832579754736816981900236663451981383293027660975501964150408648965851129004423398663081076288128599337926330142891541864228698648344101335387133230723350954435356739410369449125432323272265507957212788196
918 -4382629202718325529479355637464194731624961197739243523167407601108699227076800630208979722513775958163651710489031795986330825564838025416320523609607049096921785082835365510541431247007240312459304769725440934736777592153703023429244730655513053474123523910703036126491466727767559749860277588355883357166755703892145803087283452978732671744564201950359777449910541380492813432072678818573666487095005166043194224346142339456089051081782584477826534536741079653178448754242960073688166899324533297767587926844659326774867808712384014126450730093748785423948391148658652885811789751378520899397998328321269151789172722600646185520409757919388605716836125190839152152737789965428573277324123006830848281060674370272302301276224597301528955903639550325133969934017005167765402366376262188990655449487803289830720223311523386098332453291837544645718119803775253281319437110439161
919 55258963308970146923500070470857737392645354026900074550395739076969559682559746582547075916045304695962889623936095631354126765662816036010866619597167189569728567601492028810198886910111242084940999531527876038365908521725496390745390926726885481476820349423619131665649869234364318278088560607946977794974976312666410182561947012474973136138696574703875952260847741287844470535379235663699226951545653358693456957653418120621969023676233261595894626176983549958346924019567742377195353998321620642403149627409290355998154240473505696918930511093891756226849568862658944612393013568929105477013490035804840412539373755157152648862837467679221196676044446513590167587109001372965257576773892843172744880088519400180120102530696676408985816262027736039188218535748804237501203033806607230261780794808946687729182589256551811086552269361860609274335539042124287274832562655037569
920 293964000630811963956845526246800043641983360745181038334606331470648204076395449343623428823322723152681221911724770890466916949454098267326443901184702184433481642307908329319369976375355633327008993924440740045110229747801779973555805087831092236289963455194361086213934748372142249088977477571050353428516243712792438559029032732703975607499082563187150072677752368373262831172048495770501960193679256770043697647710109269219459168746093700790630325437168993776020264785627695241782305508343184223183111516340547609579503136118179412203651889498257694984359257545900231840597302074530779610772577075058619414467569413170091625834916939953370062214249211482903104663849899608275601455464261650645913978236283699998905819421194616394774616324530418246986787246102445604964710743337073765576291272172778526600543838811480745859783079372204020439509987627715021998942852223671367
921 828446951533751685771341247446387504640981134194425560044505328476105968650328906828010321544507044689999223057509076908568463408311543296055920879296247524518177955718091796451948771612239380293299943211535984350163084994307408325526211855302018702343894228846019298771001123125222112856210711985567748348273890224718925164244035257435404042908071609189679861435097491232820987231065320052046019229326346956066324743825911511189618503219545888615525051013224017198939371966367487143846311684446012854266496152677585100548511465691751654045045292748747538041230815126022183880059345406393188956158240081908229599374441257017897301160092335760603147498787698178928257730030465323810680581345346636970409473252154786262091377205242839871384771180062043587275067335606954964406924972810267110893673769092405637305947272947275826313203191523090886985001194538947182854438240426380324
922 -14164313893063612938785394494630224737538200250429254841351163123840462166302846669367904648792233518779739526593278936541853328089396062273181854170334669802384487848471782965965686139187418775697814518799730073778095761058614339419872864992518322654610224080254098561323960061449808848157430468170400894192287408831327415562572043981315379378780325229013410762088783785083024423290234653831460366446842594016982550630636064134640774489354143556412134418268449486795156382113582461832153577749841929931589893357910108028699764911302677498089935721659842301191057275352012264916053544087018202222529220842711529623502901339993754172489451524083386975118567499408176006809445379631368539974211153177107868783412876843264850962184831098305614299602351380856094200845386152616042842732556547806448121647748280304324015319571252704369103540595656563611874161076956433108829543064684261
923 514455650046790662042243490841781728123301577653647064910963547975849147863238009592896974619098740486800192828416664951993120113494448099973791131842196117732975135535038631587053513919604759620040070033072114757446823293563215888792082178682442819145807368372354509036939490765037616319997470754442039400439232185674376963164629130169648360550812278020820389379368933082816826175527816434499104597630481255949859339544695949166406632970917362612477405461905623207325359811381660842444798878690712442844752410158331883322448047494171717031446038371098674984056649854185059777928302074239906437465939980605396755452335302813163232649547520084595719449418628093758399477347306999631823992680776331574086762342983210754472882045107274024485373382721237188561997684166641588718130756576588129020054653516472582027039233165441205014915571162144186325764204291064941670269245872429750161
924 139292020248530193541804098510757725345524406713538414323917675301784609334985070584200762213845707137100473919792502922757143795683486359955752273196030759080062170694693764366603761322654830993374910606504895335633763739230215148801801107647878945274642486186895303303672284902046795558203618009217161707578886689742613286346034662001261428500446786365066344426229143725144130480564078709129852670509415058222752125446838448308681469302584188348846059873927856907623874530079730946160715911237290081707729771544542905739045600978815791252970568364268239181513273442742369571584918525708212498210388053576281346709700675830116952080569879482113520179621778374266427294659834096283585686933807673969907231170022663423847159256527462186503430036699227486509442201748232667768787851918715003795378723845649011405138110215277721251852333165935280183708598691797379898825059847936063219
925 289034666666213444012085714192524701605002713456393873558551906800283081092745354486571564589444231578047400184924666466528634938233765949088967045090123956070942821782767538081938536160559566804749380893755468074781919107738999456531463294469092384886007488708823472152886169306657033413776537613231460364408326544060332214947634426082457292793245308232879106253992118711062062154727222183561362752795501684357801738128366852056750187862361309533544068683073715490115053546217441732515028125752344712176436723576589220443877491226251927796520718449670734776559727056810096317928342824318965228413193410056233416641966349815980032702504003193845790082643104446633563581830243603824125594827174959900278143501524801752381177069603147799122730494428310632699426908019187402800802293584981010102687289762234522142786653404879935217927259766265462163511214413909062785408284092779352324
926 72595428496104956234267574896698276602541568462889732522813000661456719310205156692429511117504370874697201841688797675928556691424738556020806313324945277747755547852398078442176717606101049262320624109295314295055556782377957269208722905499322388926799877207260426378510348367473363701263173072320294657489080232639917633699514119909226035543112483018257301723835055430058680191044874072255252974363359660844900704372364803334310626906475244374688489176665829974349935341655573813941295100576068550351832743675744954538398499840149761542034365288627062417613588860944166512662829198001527400043297562126893269240186237020501946121940089045122527997528141720974144395656435357704005480478463455595398271337148576108779001911441667356753634634332940196766455490291336577819614064788171119603980832449411711411519700420276441690595247687621551807036050961823493692398571894248728206447
927 3130092420533097491429633771743622314818765284909205909030529162421497595314419117038560052963175361947527811330499318993285948888739569340470482099232381583396967816140876927728730853070662796059653874086312473832131719951067020077741743111216130558977426800586530306547708425747781507631308685565599402269581040727126523425301190473894567454235574182803854863416797590803073174049161268839485685632845199355771595997908066566395564207350325115626736423928052099603932079703598614358071216996026372122570394034326267569784438414965797905641142460748293066394751624844980038893529786719411377385461007693603150191895969992644114077400025564046747183855720508232514603831719726040964257056631273375442240105282805884274307051051297053196061107558592826112718504118018416536658286898767973897314357958449920044728590354827103961026080227590104830034716326482525458616261553982747962463489
928 -11512827505281930210030842625247029819963054628029426484709921964227689841136789925197649824040679832232307678274323072361778897391491183186707412409881168361496597888378005240567088048528691538446343908446394505375204414120271202895762161270178802543259711424132242336237904722893440126041797206317236817956830789536829260291845394924137277421685853886006766337460407504769237947975532534959867897628262782680354979533421968346162610648439640538461298418626051845426010800673566891573189541777733868577451995607762509367160059164683875591547757231177515030241492560755680997607941713355394582607079800090040399224829536739114681456403871979870035893537607179175787111246102733730501405841828376665844708958930210806605595490952560113491679661083392900266890951868205294894894670555511672602082681344765413029910987402482797615960309320294447937112575556443112688606382714222622828921121
929 71468585301862753066189359138335515466306109497081379480648759131739393716103132739924156933505479095714693102417753473134862331417331763289543607939643246712040644911405736194889207434240937432583218533241189479137462225237418542240977797137507379322559101045099938292384057919456107139604244763981134352304668183978230194148295584016665347500728342509258350924496630269279242363597834643996519655227870947386239283554194284581311423694021493883093846802373582940724067119707406117216768879230642818280391392725377404614413630826879464004083135711973518035141781403188364982476451370844429938905966572452653963579726428972244001363685205535054664874081768042573134039837484219102793487069996761188193600648470486109964151485871006930264940500631388370881036326270728119342909703061625193567304246400801067316755155779090174826558918283293642231184779815172920071697731902559804585171076
930 1204574209408217192811473464388828960925330745007276731685472509437425181411715296019826851867993078197028579744730967013052458566720003079206771990117684613475479142243604972463673410871559980403080595852087040694920336412377817979502844562465050977567183873566471723621327693903449519158114713594823122173911439866026572407906915518199610484367773666274201728659137697019693739670982331316073998288928363536528433490492521903863329131538803440273018391631299058970487651121738546376416835944669559053449616727476763720878936080592623250888685085093235037893295157353674749161178667781799587788949575508031351547340250462819230224128916384835976334264708510328353556862029126742757225295487744261051919449760778969914717910138104997042124633682316942807981364500956513767580134022029513484182353234635160063796023406305054717998209740684504397412472500880170510420704846078337027259984899
931 11988083421773438481973940308274552502156566354778658861361397080487973488682722707046646557030240971306347963399601488417522913637297158773506543471791418565640691556891399935029772955787082624878451258135316158291368638774471577073825258051290896663166015242963491929833123075499921794099015136769820460577062272936638150227215540671003337245142290889213092550903886173634955041108545218264572391449826757238668694011476019382511294388175825788073483423231912791701420271030120650427924499396265017863291441772392533606880096948862531363695322001695095787244541191508374395310761144411711851105517514216431772870823687366987954773431047664888911306712363487147159064248059329855055133873854413532335173829023985225724643982326510501079554181771640461207147979109194260280748610994712840880475300871145291336589027774395983788728133190705259068583409334243598981190004671959331476112568529
932 -100332173311444966042462767336523265646320687356561335659897188370566203438411954519672939877196089037490001965572887506140027604955546796676201377735951607947640776021918233596335653300851011955103304611087913591691652955164062062808319766026254319238481878886973229680656950422999769130124516714196785074776303410288742794779612029559878453554014067929943058444156370126084315815295951410275110473844508959167342268893126663644873164740252820707016106253564136451851140200554555395345161464318043710066981499029077679290387519587032086873603187229856639419006660282518490352226379914817995960701587455781822266597569977026276187687355988126125239305147201805367280064970572468436735169412974682808973104185532616505409502864023582663531286261250132831314207681932356070261295633701596884748359099953727494424973428972848353669423032689485769106825376902681632171476430539422577599406320373
933 1260516125259563757508036857114692962899524295218953934478218355203332734702396227895758053154743561832781369144547263874026938751868581883310495247433935588234317017438333980638240888301844271966189828297023299724541690478049364332235256029362879709421005352540330452312269778526268239670670683957990054368923448112828748943087256072869528956103493594795857634277808485535459144062147474086769582798940886908305697465891152452569195548436058618843501112773170518587933164138061802142398921319977359504323249743489983314401493200315294444113136169895892961782019499898983442787155405464685355115588058969591309622775106158545428236314331494706850945761204844695178005118553460899933709742056176621972452532319237711641481412239640026165241800982713759896393272162701581932749976519731272802863602008472357641035035876600841780346165149596412087867745938263251302652622911299766385113167818404
934 6745285915543652040163486631277289971731725336065212369756604367683719086765881302686165246964726413422835775268461701323806849667259892112049770122286806011342934646939769880730844133195942714020470683833292310387609004252342197406496522665499931145000060923028470554696383762057433997801788804377096116334307340941156106469546083600834609830949090893346648991114227608262099483051893830135404626407639314875268919127275056680904179620050822451593077845527410796064896990271238484944722713157457404720096363509270294403709878234938483534465402492262354271557062873850239562178558228247040314779133603635952353421145833359279353901844153865505444209440738927319295202913930479832533179570599213593348429701207291188179323209731336183282188072552837931608708589071348299429055903201897507203540009020802929007480411061268395630949508664033888938173272949516719578165314363635727093660561852119
935 19165047515172752721819139220446641010314427805916058556559019742283267798138345205814354552604972510902845249945323008222771493699669928141688104842827952188761227285903887765594212160659550372292165275300156069291138064516783119205485823220013448993763853557590261916316733513073325701716139679438649212281353904039105812253982530361713837390081648941438953326116822831319223768349701599563105161146135191971610729778820897424100978624776389280104594931560156431693661012163991699586889473470019001258967689746165067289815246795534737992295965021598555202125025330549495284798323863096049504719451660556889033743278206821177070850401148114449792710709167744956331067825329864075381820174158155582150070931284634565509417401175249881470065947747338302199460245703946977221108238609403529544170064547364832235747575995535600525154184616688259805671234727436525779367999703409350297924666909441
936 -326532354572982775659270831671555189967321869319122082719878784782538125908397836588605967522566516184762120293071693465491078935306601715366709198528295177911597326973400871961145022139724146809555938286312876241501979582010549627263106324264735358646329287384725341050881777535083878416314211277210926109201545102504350068004693679779490501550680970740254346250567286409027328461419761996954075636621516690692329566374354235237997390666621321273856692317367676964879629723762380853069911753598096307384603457223684329117409706290501074054238252455214312419228481468531160877112222702947014459590390833464507708340635051185387602252503826268287159497277092343602375119161924090136424770788958290719198199814985016582189440329916356903770689432652216508618937403258663539657801214760858890882857262240821544169889347454327713693543747473231653863416552770946869735079036321664624044737162442121
937 11761848352756072176660282814749563240294145387093173902792245582748743560128158539648809996855109931872925835316642963368368480184428377642171121632148157253726854084914998176168872055862782294951027718164008083024311266932282949852552813449330772899076553006617233921545957465957790049432306775175395592843628501943221400583747192899885355072425250807860953596619980364311176990546242226434982634246412363787750129136446386546871435752851932357643794792125123578239974633652754276390649128857780040066714477172936093229059836260550719809210029828000813755913232235838832629780828372017629734740174105811395175776841261719364615731665850094268561616987172767870924037803590428790751518881660553183882945086997621037378618026976896562668663149485313334555933591131636582234417913442415108757066484749290573657934080960046393960053005343541966339922087747672396418969736920142401327252464746403684
938 3417902875773584210740905636236758230697142990667965719129221321877685454355136915012541072959141364508044041252090023576200783887871698296381001212807361734672215519544697118852104874501145287506858833171449082806186342073923088396389838134306314120018676242180104484065765657263421789204338500954667592674035121050709895381993422742729738125542436376829770521882376477910355247063809832036905289086219891944440738296604071461335296550173266801080893333830338603890636786499711904825881394999244028509599863770335510468401306018981766342291279106727983237521468779074127720604863979101432605834301488230334734621594904802834748978866065123588705828461767380024050941079343038978667825372486470059043889903366774935355118709120491409436084713148053940973627807978648684236003196447435853306471161101671928230724867755349902464597660786365476140703972882779045828978911763149029649024679404796907
939 6273782362307674451288000418819497196472103212547842511826116972067425411844236180589482450493107942138464544927675479825691059572708649573277870699397109728416016205254736639244219314812105276285337033793155737147770088427503612288386684547508726166599249109978279996205330028853226165256433979161967051700521866986324230636884938483730612111735318677619482499939167888119151734387149979572791299669542018963660265387136849937074179980479514769713105699817704596158562724310090525291404847274035349629076037202773241980831865311454002604715516284306750507226388081634631556957986793612617692219829761949909514400902939158338182804206432573625226983998002135235114833076153677079707194937083292345290839026636242270257434065735949197759060454398752688043611721493194393754550774144034863467369396122546771064796226510107285950437787943302712170446116417808076528352191233253290518090181342407569
940 1643364958490396696332303703706506899693815907965236989732258393964090567749148216266012756263524273470049841220038237384961654446917345903249352874474269849015846596418957341584665178581562915241495121453467214930791282094778445198600324225892206826555839723172887707961233556447225745065604119050399417672062209744127396070407755512594695414344822138009662269555145000354716435964058822984627518045285666783744026493677943704041547583838405535919963331555019892398542279788647042672413007345467481710348803172375608354952734404200639660895330424776375551104423625170210299306423152205226201417564536976731763819670050469613454707464232096102281002506216965382863745759237300264499580416763330716788251463094567553233897586472989471867971125248015317130899188337897383585238367088720360600337636976717928629612813316366758369712082052362513364455095961844441721300932439886683269599917329682407459
941 71703427740221644050018954158886566487540498581833786910288757400846514314215319674035854671951040971238673309998018700758708034682035632345314761923576565547672301093783955534013390823527834049359934635007737675828545468795545733828628019693005619459503956486190474780255400781313506193765153950033485113985185141493396031052100179534413468125478531384429913118293001147669721591166334341281368304773504096666451290497612686471329935721364044498371293745073885934898870771067039293872982477033779981273428827903719979647812671238820806319548058432987703417085978083077757068242298269215628048250337842508265147010572065418415883654755319184129649447449585299597470133902114746867210769136207182871433217192103956492360580990858499676854505869841048996373338947848160255391527497389773302625059314730165443998009109066130725691589081944311201967996521079121236868245881584767847635987748009579138756
942 -262356144707548403671187422620499378106901077724697123584116546611596717157399692874235144394159470419164553772780545302887854892338258714396961268630472498297498009100900529668149776154510199856590788536644090812186915776184662381964361064979445923618595134408185270882295587718600269138547866286121889055655427051856307449880791151453875342336027957217790815749121442123358440426738244463749753236306396061474103552040999093647886827906094011726206387570293755870313640805367078037734906905028292400762409969364010104006280191803832759462491324236593128482624205934356055673626292788847524733843274462882063711524111538974963175340118139306798525306445332726235905105270215517355978343116330014708471675267796273123013981475596007030033936089174618207839253545480932020717218566844799281193052286588887101045256601532397432048189232064270840169602776513201810993866776301476540888838851708503995841
943 1623037111460182796371316661230780469034454134257051673729809059544486590707432827147976304963705027489324829525685048947415354652010796380090911515510297861199263815966020624436111945402949406682315669776216635677750558053619716972428054346423063458657530281351324195963725193482608234825694663054098633374576988133819779403543879473287939229656929627430155263014453629122311641488622127517995412509030005470250053793320655007138152423639945536946981356201505428473778591907188457913238349203009579606119019985393132763666044582484787999069590856915254782566242410496177177314987623822775772873318310900142702647653866691872468843957282160479888260279806519698269062466886391630441736333478842692150733369967585365274997768824926179691855584578365651968022487708119328781909712833283606698491014134772186645131705962765233343100293839918546785312159167507645151779487942410566381994918301438652060289
944 27521879634646574211357119102574517434716431175645860153647668482494722489978193712717021387702299922961027842581288738738893399455161065830737341010623300272041739809626698213412879081884854892162805634493838861418368101499119328818779988240920335859282025199857733296881502443065391180852559852684125222779292191439801042064650224194132003367543703706316064948820424202683037765943593754105322826605614565207074560772964879030374883176725946990855253166930402843038955659890280146535594666940518543009713357913189108768072017577399186066389470421584796767667010661674234354599996445553249503640477144476444199461665083559210747263984421556265519037297729068153473109443095538498591090980599969314589146739734798159192439230587733101459196116267265762648701442955271341321964984290246409155370397637731187013717795655047723415354657535833092480572120765266082271649131601919046037925414749395308054287
945 275355279979762226977281156897114894479251537310026167262560102274817754096656437039228970168153911704643508794190949062586644832610595697030045337901819556021721653289117967792529813391565394875663893116437726022289053703287267632618055499188788046584252534158212744079865904333109862212993426978729702887707272582777523577712852048077703139984216771449416175871123336471160757597604753390470846092633229793482679123001693613474980843319391248191102176020932977344734048868470790936732149526827389547249092278149611077698976083543864751931149740639836961420462816833644864668082814298524139596243337080817162189155890848345495554792713685806609831676237525074744675856651842872578068509210564524795571928251688873417751484960578577696274633254065483115270752916274872095623573157555602034794983632538891309277403443066196029617484025304469673974785392148772719243951867148307264940030167739712202508484
946 -2296875761232174758371478709162783125709220980692557754597170936125543422267116897108828340234455503332171427713654998123631220371822200186129188904066471778388209574494489564005549664605447392996677459047178593948323388411323852119473705335844224330593573002327125499085958005665810746586461187788636568431621403062981718962771061987654396370594701313816219940397796151820368786187935066172715001701013461960901292467911877285010947465910105449729226853523141482818559729019967502388618097169425080838015978446328339587753310227875334430859457103235092812104886141469128134496937374063145817752763939342591633110093406392430035707135210435222860654909880615933573300583014064611421725373981354293427732762569269183282001395204423630688989978293946131285077068159569220845081216689307247652776462002799065034044869602982908066973610448657950519810765815025730929730013294566193136765438847352220259213101
947 28753338534844448404957830040220426809020061198540005739511805572501840297452869130273500827420235873725518938368977149989918484782603821123452124556970900669022731892850069794093301954741233614290131971166475513574566229920809034071280002100316805493033724350008445634251439808655822357633456827722143979477575901424413986146682313813758523859242080541680533485646832309622266060724314419666552504096018832861007930500064947447718670064401311291863154118216093568635321891387384249400761869887374183082957931873350973654281493112261368070843602441754832029560772475524382929241782144513067956012411789996570725137210132008279693027275522580030017663419797257556361808636860828406558647057594494134838776234308478918275616252788460712587003945265035674800683082008755714106751147566442570726245400584061481307333167025869790618550378719947309501381506686066794215759592207442269495618248743951957013997521
948 154772808856981341321521833105774927464371758237700943703104603760681465394252138028752560349515713691949724771017794311184278580460729474259393885623005406559812742985234709366608351376148786430034741252973997946689301594117560493063145476184578428693912291003493734705710331298256337464049688223680393404361788779158796331578404929259841796012372151800028409168867434971970432001082601040531367182988528283967972507083711512293308721500376457453465804586148283438331132352375127307318205576939319641663603511895503837184662785944482767123899421636305698974650119703248056036022279933944419398518364599108428041405652720062803500442738933711879585213132169510146764814063903605178315756677561328167429591575713290036710609907959733201918751112086604498883121784067570972968445374710551466836978273507509176973548504742736464450005217411459856127338124652845949956291988566473336912925425542641541700935739
949 443327009880069984199495236210129380091094705595889196107755032677677354236608456636110649639231376846743619535391420162837347024444807610870694714564279624621484893152749530482556608825300454728168340993766064206224497125528592878644999696625795975751314059844070213381308479300785774229237696669205758856954925706562069923122578486398418693314274404603050632526084517509604515868663421392794091930684145863835948938075817508492567448062145983855688657987250290172262213014066879332714547254863498061329703372747200905612258426521757213326211660344577436859072952596554217366194515680379957344983559843807999829758925304596250764112230576717441912584464404412335009650340569732170805441050309743443443639884034322963656601148283859114350111364338670187393952663708724373706167780544550843442400830150732101244312219619904078820842035011610138020526335208377189901875938654704041307834041827566229869375844
950 -7527028223674977243266915822626119322020077848380466352741233637139803554066258190266851070751031641662283079339307526743760235887741047820677898901378668019727617457585921538084407951441382473333871414125664945321688281374468038231352258814474494756286762018241814867530737894372040961397482627576092911556953136260961206295706181970936407630334498842855928709704704953814243465979017782758396482555975805533850606152252053927866247015218760932532550083612318113223774941346761803696734678704542712304663278150383324193711298342804414799220417504575188110078759502495266490824846759127585521907797025443086789209902457788435846790125768656437230684253570027341253237728174648440496160296232288393265365714837165233846537892625897606529674414778063689475545136278931704088815162009195662308332460731731674149769692227268663982286903588428325634112931686931688063660013105056314018969067851747747967639462233
951 268905157091476289546169060110661774080517382586157948827707782528204583195590999846107672764951385370353972897805854544882602382278904211333724603765654503093747942506549039906164891776694970440024297685289480960576815876502389825219536263321879950761768895818504641321096795502714067672375139741461805758593407598736874999722610585896004047469833862988598899608860735529607081456679060775597999876886165948542098548915056865898979208119534019330967275189977106190730733576949216522676435950077572428324947641476732278168416812326776911657829958248817251854049905005748912517725938385258572832148571986050978369880276988560414787255905192795974854235766392837479854577135847257015190229693336499917985861403177697090086707415227634718823705904312213677907593704213066051851431228626431031023406876775387048795921393302452966659258339576600593560273344502533076890077341188791347396415439291875641350498763649
952 83481721745892097106464963096424121921188260065992195864150805748580224441985418172314707876478022149811185360891150428908942673207346901203089956028747058441300742081419616406006167531529653339287289101584681488737981321667019186790132317666257163757108713389382577255322248930458150262402459190542503961297461714039473387687187826882893490391663143096979199059947682405781541673833650855799586365584733536828320879252568641312073542457969158797563168317679556891780582072694013076408516300564359827525935968409564656513277019467693125586276850312175773098819451991298412008085448186018150524859375579940274844983271340779579864953552079756193721317661059835750048763240227118737509723688434231310237844037971228210736220717257241015543538511197086546257427871456695643321043549866638523099124814350056715742923325564130998157403692473947426529022590444704179631130176353590283283780189369900048175522102439
953 135984480368878151088547665858099714758414100275389133918217847970623871860978757653803393853750722993660428622202867307761746706924895636210628954094561944984611359391672625532681064109669748754188990677044979017859997188597376742671181883007082440839025799169066343893516859194081592175634319749834864670838604556044416375049683183145055013039924171127377501819525384721574178941764342721203231346743585872346781072375498635342776823972984622746374384693239857568586970298165918598564043436630132683569537834231929476906458795469846179340752030789708523171581755212332229080010074677562588942873397571903067799106827236884467443525387450132698761497870029147763754238994983443101859667998083862073503853520022744355327800054070611071462416228545033524385387786392285917825880117706849403529375312137664028766858889034619538252973059164606903983993056957479091795843082060906339739600406984791499955700739236
954 37196500800631279515530350100172047071280244793589379144169216253981538349698848933182862525231727367073806220855088720345105277371196367175816561111748370345002989795333967216094900109803581020007586139247124208899851541134499997564542851702493614187459573446834691066592122981128070809418124477707540014375740116758403359903798837186411320865441828015818785201620207570731146295908622647731099712674386163730658978594050704189167709467986793293901838524199203834661222407562778284898632847098108200612109116556868550184001383584856569162088739101940146317799101105141875293121344151477438632607587449260812296638612409796108930506796564510480387207009158213366455373301480709082418888045068646376919339225502841780499646888798957008171837212724101230895467169893393346601843919661803516032497051965783233598172145170746578656803435342481920212177646593031995159528340234650294919024146527311567382056284754619
955 1642548810320319857112788451028605126959618564234806257141898757214164109666680429745410956261898009123136015356012589526560830546766285457847102026612779760353049732038512337675514252787896984658898154225109224549096188749414293869527208887768747221255430654816030142472071992022263155445799190710636518808088764383627812811175501561228094762874711521368343500022677504626300695755958930035053144324002043799394448629933317520191643574356697535105279404959571154811676361959665556702441924161449372483909948263266065225037278925644089613428621099163874354627242524767331799346934190352041622591350868691337868948004627597173029573403758585733476235519748853940022520186672204603417940695312758881398744941232540181426338835308504029446551092064923885058157260244120322368225882722527590811898700750509599868658058838257186043027179020953707779695646146213075691038170251739622102375729892440597428981266410472849
956 -5978412693266964858382947737500757536331831914157024152113399009597739451619898272873254727061404498917686895397649791134456943375108072626462691123819871520803810678914953316789661881205688884480171480125577229746988220457094312528953314484772380922779487991785603985094619230477434262046668708494450210588930703352539875442570269561394717036814208772168823164468867049591080054124681489833641644195061816639806824163507505667267000094392807471780480371865379332627510870483111049389516671124326562117765596906037962038247812528116593694636518323781446609700023185865622673980764871664171125954310130772066738567172655097086727347952553613810523537788511312733858554437635313652069958951699839362656694021656544128243588789890572481496069389229682864540733191069062808719698579001298328690797927493955074217322453133955263962804027186323929416434853618490375415850982761314848906802407215443403053859818088276653
957 36857511208172603545855585618153765624952081881657883558801849405216239455061901774810870433495156156164066869337920922335866703512834153739993266863300378996040246538316782741293315622022659009979377797450469270007684222710342638135390766225106922582199702032265100128239688880967601316702483936633710354118834695732089606215812872858590842048214929852567302852638321500439459804410035549793257284552733050516428036334358097372842296987285703024185079507274406078447778654109050953790402415944823606006285479118972947710590974551037563969717498838165671466295749397476570045888321091694862766836291218118026166209540934663485193772982368416958376180412537773304643750262267090721174856815137027095812900778633966475571546447687909275871817726716824221926556656588230467084647345427892292894276986235669278247836948742099086126498178037438845711523950416801888416363639742687697676004970606849777078434861163730564
958 628802011464035044422515742667881799469777773376185609643662027558897086824130999988882429122919693586611044113026632411446478007933359238423020446623520184203791743074397025346491995035609282061835263438733893608468354225352315145206218264756707012041882985416015773735903488770524129678221316741950560711664651783418937370286435185183584011176710647124861132304624407368730637054747024323947934837622377609174942769316529157235852671961888540078660171735074406204404306874514824883649503874340990164977729234551927899826947551404778729144467458024261905025123482785545066603022532285125509520790897838121554352561271623502391499745980567863074616051935564621246035243663740860912463682484481158068909542503331297801705780086613625367810706874850870047041885794412616326021294577288463120167284256169937040091470713092200236002100629921269816287391089002711890472578042872427355429434028089045652269862156613336079
959 6324548986036981790710866989576905598331432766252945589248608356736874793901719259193177035974739005861120666189853537910415647532065146404268842685994728898120757659638646471463230582888311789528114176555319025394722494055399364237762270560557671051508794475245374978644993753901283343263882561732482088822398228101083410729583957664591305374586336061015558469142376554310726379099461639958092047840087870339829795354749947784839454772923468746654221848515065818130477861282778437987920047481623566080866200219524642641769505566421980680065081262611943319066036761635821922733377275340051602929492975761231917461849334919586581371381510438670429490793852306889733442332307529336104587471658338435080758526396650641580463210188094951722852405428144881567204687377646619728662498636929012340379710091372292531487166370035091160344414228423244346508677436902260412275404435507940146165447774142914533016059232057382401
960 -52580727993224560049836778323768272526714405724138863545958645121628206134244973430055410387696400346246268719797908052438013783674186384307539268743651769845759792624500956989130859672608430409953543380951236262466390002482442226697645170319887632523758695156632955219236112589334076739732118847892694032229064815683150733283115998444492527153261730726030076534394926763467596774881030296497875658729066551965769070983440512273495702487124517029132653353512109504473929982439472837968208686407077990032088386944066404441790444508124723224582052149212166927426176364225229360053491390639697632649242316370217063734725866939363140832996458647798049012152169711855075169909580872821988696960631603019670223729397783453642857842173543252604651940992277752616364859380120895589166631456597281004098299112971565913502109099580747596349469599034092276730024403480582905598096362387670215166774360476497795025608388363947201
961 655876894724066046456600711160173649400376230695996965737680011363219227732659475261153669500773301647639495901538360282506335451014858813167311523570741405658087752792004875734412288878061794792323496607027255459529722964146477062643694216263650121058417112935012253508757779467014557213557179124216531432869280879258578547487217252602665842912639327335269387020438042405722409281996400309144194566256398097674042087582040972901617386197731452643694815703439923908818591106710177921994104251928780452588376848270671767240280168717004658346452174873914495428211125676261295090666540705549450228546126847104621541669553546099353765594220857762492277769122462115355783744056109912445221256531612342068636028697287928348549020360037360388584272896409876625767168658785551366529937202220252508629944602143171999227703168137107970926033028594264056297343449135438174035269511691991128472072334694298169927148896391412908804
962 3551216289795251840820043847626195302579091264603120292837895624943794308946642629861032299128198340930200172664926840404449670206380442145607296086276242468919852096866020837114771532772198340245516170197347418354932068289900025430158196831634839642461975225553931970527209648219366389182079292648395699876211682738728358972885634522906414267045814130214177284971018570720027419416435196699267445704803297093205484854096566991305943182378228774797278002858944808546097120032471268281734073295882150072266022985938496097736802013419456348872128621687794012534386578620922304585378908710687386400880297474136173198115473451347827931784104456828882599857467538450845737573121003643563675535471533162781737156127719739354865621809065318842073135578975993503347456772356475040992614471073596495180799665762891703331168579940863400657240328545526207741010627961372390826737529622603972441832398337340153531173215161038277027
963 10254344868402872709426706751208376121680697866352103050817935909367919499507238148784352370903835541550220934997399491622521916721921268460335969444763272994864709807086766086332771189316288837286944376161857903155935649533563845593288434637635928261403482419120099861748464947524613594752809810215999318816691043334953984321528224649742318696820893620232625179015102018589064740544373216902660429631385766089892168907493413474495282429809619830170257850133644119120123453436035059010107523947510347997102410326669680942562413946984379521653898780901041981768639736599964104054841458096066988238527713568947589024680411713662591020606819558914589609731291845059113809799081482605603158444419586443064755578852664063009670693943601689041434860816656602101337912356154401704894207080659344939180230333839257129787940885772617279173512288415755428818862244942532140218195161463574259510138360007916351405374643054413931729
964 -173495421946560430272747299171180878128774108675980479029298090598791308659428553285117168119040875104087456138485243967003843415445207685816900086369232138504268406733088263413069073472757045756140162726391661961778097164038100263439846774949903830811067584008205248503564473941406615331201144965641806636472011424157188448970778574550021012336138647717786551463603596830013100794805098942770484875979875728160589913975745579704262400609197444892263249765012991588876724909955423879223757509681955217950307449207000750726985987541434317858847934615436898619177297352972926638154363657773302246716844593518887131761322710907621311035189485508813860010459875134342329495898906425375228787420139894354077286906068224706459590481622919270603556409680160716572758846371072160024399443790010327628507810721175744727863274869016771516308217928384146902561861571124264617074569091274675694798323578165360382388272777455730860181
965 6147784071964500648318440669237510104266590454031768983201589099431035943890405242403872362988273394987897413107370453972581133702756582671635095183578065476469819452385287794570941297838183880896542351288213034464084891149845045301135920626155111811666224987078910347736033612871783681297946922914632096036835982752792275953161692277947852867217224995707242094426118400457286014369323781929939652461483999089680326885256040847207686864370651963398652757816619425090201142781467863786380187783498366044647761745775953203438145989465908691881034131236345859042343636447020890328143394622465865130243732999549090578128645057825041550102490833827525236838871456934292634102038968017568642687277244898469912970492560192271644945974833961896747336039654065303034004950019789069182122847554963284073676869253231377723712205524472225123881438769253552285205259521591572941564502173976183755613579303249944165677122046059419860516
966 2030801526851175492200797994716940826579602079632077696968088032167296603277646485108873630799858450353725263364260619288966852430938241211937942987849465383040037775492923745998068700504135370045632165388386234592892885899528571614949699730329776404222847810338618622891390693478102958931744925917579582037088817478152750328631023779514083794988656058461619346991272294687812817250313120100597080623847424082924941312731278606864017269359267962825493488934359883105058632320447895170211341519282675196607510773479636708888796171004357302441762566960170682161775071202176048785866073984082185844483678925950088884317494478219612350702155543032524823862297249837981222183993433199362127775111695494684306406931991597235826865627668656585277393279641971244160127686745702619609775248627641228880913758221326264712241077884443869668846021956887998785261059329578377878662155472197988249692876920853868510660360836964570012279
967 2943033863500966469375306084347787914305839171590162123051544018685349417501552289360678911731387652971762712191676542070253619284525187315836895592062759711764246160803979962602657165914346756267700667093506288618418771843253619123256265652441378523390959691834000186211226189780834592137034492288907852391022963981093032352490328654696209792978336947936933737345429792287357836193528138238329656498652579060051622822997603554526461147163871709351794875125190258330836577886477104615972665405531201806659257516292986593053353258722365845537448818249498561123500684660432060798336685513416838518787964721945345362989645006392505507991327649052832490608817252554006060684554192756339684329264798903489594767558257723570234644407470211784192271963144009240663665997518839259466371873732051078801305513773119677862014782454932518698167427671755776909467802705378124524769446900723838532589433002946943634221209836494727326209
968 841806440471111361158178522633444380722265023396824579153883919722244472035974351277758189932247847806273911273419635251323056193819024409701741790442510114802659501353825229337428160781155213179373311501151303880663734151922804372646178529818171678934878638368396316489743472281765771183975952935609274364477899602085011865717148755813631627869061883141001139491977443777295282996170538628829977500222240736354588993936100071837519089070491313365617132323833694881281631815432143376736217159208037606267270601319104966021990823292714393315403964235696572244803087537337668550194333156974636907414600254888705494375684112444840018499363505140579111244731842280074765383729683809780005419097230304633192343978642849102650650768288349472979434185083806659786492148775731859457057564406622140154026337441320426511523749044490232946846698622422740005060259106027856982341573108912240949116640965898264666293045010690222951854807
969 37626365228974424168457633690621815099015830949115931155987750924900253039183008851476048870216224491205106267633799448158437853636133831422458785865748873916012819660944279596533607470955043449739505942383197643604303329257889381933411763821557849435570790277300857959353953229611615006953811305497759869219786061295651566172301719716923899299912290227212775491987025273769923761081552629639607603921034120484841949703745417979803498756126285098351552105154237870617722167399307198830644018062948215957565715899367011397349682503120381120160980149793974193218019371649058427048792087460942621703483443162494590104118171985553891937852486736122614676852292568773100826796172806280741172393973271900606044899333081302588067791931096870846271410438439094497168019252482516293829244925736981304348704647068879072965946893502661151023105436389413308129415254519834276572924944700800926017014622067386478403289374612611482581404644
970 -136227829126452821133423499947820728348639462660402450326274677858497325931356893875352015621786057072486782498852180669848077723096963364407979145347886819139313975042667556180757840218056293287057896116281292451740875410567536396772027045284146728112598385685417538992292961293047636106411667587544193694959113073378571927300851865366182121447803607338152850901438444316931851211420203020789194161005510096915840533067500529427912604308557888855478164100178054645719407931707551573215244316952387122479963385977389221486230051878695889685369382980237379393404657022608776664412439952327860209808189054646909535348856961688545519333863914268360945611091381229077910544773714751448895711520703458617069816556762652838451255077553233078911002368329966745661762451473995406367990139809612786565175520434122903893459481072495410239136916748932862200768895639741430856683772075954278179477264546498868872577227199012097094821364341
971 836965848396881206554515224343924729254332329026984018640298281730591090193310949885897130365062165370327612402686274293343915095310987120354486793474444320222202797670344511562994118630883491286220921468298687023923997069556721198893154383743342420917262308111153437733580585222634710048265962405221704093464793431269782938960452704651806965672521348205709995051877833918768431299705804713879370230381705957455247663646985817908254713679612903237429733449330709009321499222543397030308908285118642889403940607301345179973068284992100464488239618029850167040466116444589606018810610745824751074756854537712262132499724560073251471967180533444427048458543091809062699927574636618838649270754622798775228816946080623387408140661095769604405431645637208185045867574709039852317406075969752706798621980543344871970024297968083288686504673842350806217018124762868734964020770332220327890035169128878848139371980737249262521673672081
972 14366170996531150244921021705383797756982580729912191683807470570042963604950078787068022796635286203126107112967512150913888775884510032051511827333698166731119591367847015872707778508951059466240584536218014993193133050172094794439784371277348397918947625563735912460385565427144289646798037240570919830358691009423991738534954159356569352620930411656082207755403148861649215925129474737091468865127846352678490259438640324725149277485657958265907997953449323106158944771688252236994659349493484585147355091937444178654919305782666100759521564505764252180938926867968408949646391213196956997882448409706123995412334252944777050461369807525953358510342656042245804403854311898235572158327325776929393818248443471581451392321632032168628788278087840289371758142927085752599828805732131618976965059183429440650102976919103429476549728655682482284139058403407600135414687661921751401336526342411576340920726502740627623056799805059
973 145264081644205881942337233839540621851753358035530463673492755911945572168519772310648212389488821582806556240447203038681178471885217809688519541637670365437344016410243066739460344350481563183771802001428961012551258309548751264551840334651783918562507575792351996596276105971957213374954426714722804423349499674690145667071178941257817285473914520778852665289248221415921686303438022075963891120648734182386354661537842216930249961600339967477477616379661972539274007883680598873827478845844491476624660157209296139396795506963610949233230252654144345034484608750190592902011929488489189841488907978059032334570752659031022134894599027148938094475463659856515853892685758609596211988234847608630370367026359360580816536851204550377540068844196328515914475768329620267341269647730919315582854745835045332135836798024368728988183319118766764225031737683998008549370667761885763140100893852672183806406053963390913986267274602564
974 -1203670178594890976302077585828382673824033272052279509245202541796671730887078922195746753814213465203825858518287616658554523337899288045639975618092446922370421349450722481313383472636187341814738485868908629230325541756392233688987248762383579413019595323823418745887858433319380747938346486081476840399742146501465983411082418177391604583836800634042381477524522100637395649270775359595956551418308415745194748140585616436295259916037613598041775466542332956968640901226551580729355047062524137520922803647469199401447063273893126978664439896108243372216955367998051522953163098599532630854285939429555729868776950404298902215010510757274474178355657229923907271878469194658137330352502228039704902397843827085618824594394449934389068002062211770429989865423233636018394622329600346877982782051212417962470046974872458316997283072939893904585057802605166091919842170050239685459582513302511067101446881747413263927169800097313
975 14960653048587594180766895762778371317196163655446710288833427658315015274310454357994397473691859457622881603648649049168947483678513789063895522380473822895342305556500453408375658539782119220649798798963779060279842620054689295940377117255135268201455569981461388325686379151317979169942622989611544987192406982761798302792174350536315394086306068478317824500384079102064968234582421037929224666056190254035473716541649804907425464745955573128462069684247971296080220067332307275619546564744648971668813518702112837215785409186989495708250086618194438141444531967206922996587499564577300782532536765084937245840034792409943976117102532147435670735710150702742530088587491024517075078573483544066707482971854228104910334300664027504566503447376333058378495037158976338386977523640049579569773566194625696325508881840247938875463401541280363517991142049693908581652667756813303767157885332805969125506522479494708816983783299751809
976 81479398166613205783176504121920773294746145550678918712338756692262188497436055718625728488151053141048186575490144810002936148755025734373467341105103578743205878055361211130918252207655450746947343794734263497287383154254152172272713059357319755554645545954547815247037636497135904826356664632509813691378981676383223781490198814360722746694248461694632330635380167011779259108758718750952529282969228778874858636348580829177403538158089721131476843542599602817912734932029907859563876879101771714902932574328931856456345672748324251801787240109484273784535184546974791232531839645746529241619003140633257026941109725456957495314487263384293244853567789275715739000568362055764461300679740871363162908557161137454445805759361927362430448408548598344210415176047501235878138065713135092077618426174532462415301226765141313485960558939291743803182076995596984931841191077466383132930097609604263424030358150641078698491127293215599
977 237170909136437291969095436925146940471382419723461136316985321227104504200500432464238059299026783114561491031688332099403801797539441785085155248002388149813574062224125832408390065318763034312962148330911963343573797622861664642401903599208795537651681136036642515012350852897988295315625073654858568766563685193634171970502506286674768338054235918621791415703291752056228957038090771327499049851167503153694339991405719743210091632631284836328288015736847912500686173999306065616615545942920801161743676612354443938688144129453581289624796200886833100034819240590732621663148066844742885186744068306336226561870537363081861928122109678230080224652012972720391605299013794945266406617879149789906819966929899239212454906659503566835260565384421104396756498414692935560553660261119508872762214898132779154641725104918641482240508805348536139782146194918249180583027323779589301341576839818951558516839897765081574357532064263030596
978 -3998712090564448348825838561180414178073454952464116271843684600342316294275539326393061907494999213390733782283076089363652450098276528351082351771040578238835723722336546625216955858351670659407812988245292954223792061057416771918370767536170019782156684789758530634297255747573385017424581741165863249078623101555832354937457281234799203342807026447464255398727114881437818975013215803329998341457985886011506618356510571621367716261958316468443530321235295480744006347128961626331027560571637804101053641120978633769732286081242534656043546897618519207426692774423103477853945498367459678241404409935140382264356448314110696883231179375628988664429430148723742283288344473989572325456475049050517920017092176559603979477044855375388170306117923932463557108661099294521521040489609847576887257183477065260868000905572432751131067363577950687282018998464665070962729419610469361107473381224447348655839298848819065353543526371006861
979 140551018020023677489064144679812881471915600711662300955208614435867029465022330401208225485033227972726273781129897687493025553004463421389551347940504624484482466135482693719638032828197532886325521262476427604512327816386828862154656367687394174598081890696675783482057550827162834567431435740437979293290664683271652589572109454660836283900418722665161143267791576626216012438385952518482255887508637925128223725832746845136568085609268850816212257791094392909562075368260804687162651362405167155151850214771050781543553211971265277549782071687920690181913745127756868051366682681883384621446148373028010075742813617306139443319128304258352401687267983080920608480560055813882504353766761771145404258219224505369973062320869370424440975627077562789399708890483831334667560427851860451697981766617395972457693374848062243535890868062982792782898951928473817605990616739993071595822130818949534176457487224167770307955901578157500369
980 49225633851260215785151386388418276411894962101756590017523368992045960232550780083483633883510825496629980091538268948663993642366649296033704133581339842735841897539910901051720902584916503922819173646561268510971120039321356297800861677837447972000846552296957256771585406088005540978262857556319146736341474048401192590511568639259981746988861704151298566915429496925637851339363553561180213227304829339482018766967504636486741960390687544049135856417357146100299472791780171977731427639672395177275690983490758620170829808959654643710831764693977483983961799253071502490034642845906134668982764244835696456835420545137063618193401253777484365522438536275695409777369269754606928922885577304361904479451923554863562072061375279381766692684729540403314803894472841391545608062339158407104285054656544042179936783407483023883748607881687669250497166607729282222748440603871586986536743242155740578689357805571466200817068679379456667
981 63593082096242944449057922289761777089360802800228483228293406091938331784005475312579313498491676889520276833037418155708975192348085182058205074001161930600717346055804875654269910110796958787936552421393400284794578263706922426043314121340029225110527852466818588397381459297902296007200193886510790030584557457739348936684510069758286194948918476493960461579993975952513433865177416156080950531903243765732345268233483483931303291256615099177650421499794833754746039972542841668435956747603147184356118596497394859656333707183747037826851620414201810186353381590425193947097553713676595284081746359543712791439424204859975847468654466053826564576967600729215183471928820044843744680464876661763221799681509483706979003784968642853310619566061350215667667314712813221637315605214873470864280400576418720363378986335806458078518014565738913429298362925164261922324176948606985157117297566797272149737205187396967381951496368019690724
982 19048607483909354112014224387195629066203273476260604717008002790007227012789399628276268628082109316548627252194674955809980653309261505290530506466921616785568266301423090854497195609247501623643061663479421870060516186856793421077504800840544095878606412270249960002972825670980170116496303600566633353698990958241241962529968200849560238071783091715723388901395894185970403999514630065715807987119340314557120183059810183480729260177668132918284167400690630318517702615913212121609083389518345936824762055805090057618272376870922691896520273549954391858268108602041542554654678559286607287270370753838444365338471257798868993994643184831989077261045464909524943293158914709672972404578638510383610019232160931397481646827930505328183848246469186022009436821332437628190040769550813082514731676400937595018284183563968209793143636221708534748684740324198192326065195393899037778191768340858860930042315400133667822465307049330775341639
983 861909904661546241472082004885317320629879130085143072864769279707117563384200363996270790273232078923770686818872958043768951980152032858489644507250318483146829169912140722017313923386326954043602910610676005030517960948626929920774160408654149938951863918724104126607881959865608472407889601338994452271058724745662331189388485567751739992407906064688249441054996114504628305444145505564721238015113576874529969213446882819239810564138323162803951971243831505942062995212043066786822804585920773995089564914543509740169511974362708822980348569905478785661267270333041807873169315120764044984977112075409762297609391368574513523932890071134998732855253463109145651836186510756683866417764096985563814312590111485918260785923387508561714256533231516463887739206943867484854477901130691417433320022881704864888089015946288040404739989428062769291022144286828235448814149611152785811059831750150909959063664006235224749702172309087202514561
984 -3104066076348883976120455006624974155204120773883673275788139231297868688953018013856071341609702486299488878201005126120441637670719765803694586764597726758882825569767126686556931400809772419289503601163084075729316881859079258147187154391010934142574090421076830722112404397306509191366842934109738391377189091134781551115721759166220535000474253031432284677135933480480788926566700264509411345103770671221681071856806084708175985988062848382575868794455112262067649422910198678100822071613569091534521068690226015719208581399739007134278727146450527483725917220797467340816700361367834813504670046270779881792713997835279147522184810611504480202305357113295479304350521326472230031731533495209925518097579566427492151191672536985938613114689011673799526204266172206085676686851425928356162038998138474333412056036275854749500245504681198871260483997446247900268971046311260997834665750177177509722958924981869891823495616807701815071481
985 19005247341815616595304697756094407457749639929015428109923982866523023702790697458511629277801017255831853278816653690683806868592075577808394114644195134300726727068201723972252481860872219049826018104056431088085411999966099219055130356986491955380915012499903106687888032861077148847315414575111940065497894716489516468696183804307823772862214587965900391301022344114402007241698970226729614284681566129150201144043482723418533505143750520261532109831104367175735222107456529023991239616879244698345867674953372649219359781157967545026769450697524910973615200606866108848461824348595632156753140647191741801165154741076036445678245476283361537931989643512252379663144898660137182994858142913981820216849248791205354147582772810935846590265584991485094157912428229383423442384425981937001761762854639561343876429149178345142432676848124173754625418413977208637193376417828142661088642532482737882799971692805299444765725718884555661817124
986 328215733445007788184661104762855704356441955709270470716778821464251412156229379061865817406169843773849832815697486028515196033563021071128239014701795379066779137982363597140955884125953915063545398195721788167013218049458150053799815542772786571756280530572107297848906332779449445805226820456704123707450527628657317946736255472494233388080272077842252408279787826396043362637922750757212640181660526194556170970038273753576629278231495243779214421674515164742082168881882422272842826336951219672532812180635802426970967819711771260071624648620526247641886853698435671058148906732224452359900924239599829260750533761532376068640128413596973773626862843269746825488760474254781212686363443034022260306064408827514976989146138354488823286399511374884326910838099018809953938791285300905620503164861665691763197652933079368974220446432825338717910082360087853587956025782072518821145007441492929857544371707076009623035480503265247983942747
987 3336410541967335329296658192854652496940734018913231676843278847360883229518043235442702270676452689162425748418709872748084219202212199179640555441532494581781194147259551842147327340971509221376097936956918875800876799863767007355311366247401188800244051752031524829314269182833150426244399281906770867714404917013992060585138981950186779197713525396866534714250635754004917249259736773280236206076896375619741776847666731717276860538253194420085289707229261478607628223035780500392306764337624933834466560426143528604344716411431209235781260777217770417428829966322965198798657332495256610131318040376631451690773746424457435158775299464201380006208930893672382025132608890278475466540479615738179276617030306626542344073756890042274003442357246697671213323402122844556555227804315261979901499375283337167452455266137901418360537741389510040158359144052944318740698913465634789123351823289362887661000521022479426139841450661164755679103889
988 -27553719556046109307634215996910477403746289136102708362203726437235389706588738154122725268999539178371129061215038327687001036142608692946682712383936440078719535582182966992079532161676354756319195009344386451523881773343470895151078149285404100566988350210842579118160839335071612283005259295984808475462039406848666663353242837094585144521608149225741631842160163088387874797932601175106797631296597450519751449173083246251845230554117957353685030404059222500918148793041020124815559033338251262631797846696254265204033799114230978162454469890734921334989737754319424751391369311970405833141394765398988267627581389386460419128404205963077276342196527097051396805515258818213755814018471420894928680447184153486410636446772684590624959168854055141313037556172100902125150321095448416275814324203016660895910357674223704858765074422979153658474836517327994150176860729334404341093929099545506117909144762427049044709225411601394596971654221
989 341250203670019221084161183908542565156767737768484689790262495490616574878983037457830225607249660311724651439462203648563384524277461464833154076479691739279582639329489184423936368592697116691773993833505649541136197873175901174256163105188372970771171689760597363954922392762355243160150962039220808752793815813967355219271180061530103969573430661768128774977299507840461118199204319603337085265840155662469674897054023829515207135611623451835117766840655556420106010136916272242069834992869924690275060348680094998682948294220962863833658631742451130473819622797219396583163752580258288477630834301451315708438078752482206642847986999752863658395673720691491421650313109040564193795719916885237649503701526393158823652561011977766968060201361035161476839399674098687566882936977098647192859248316536489692090721894971657462208515136694728382599582968084907031830937948099557461829282464844976994531569759296392953808323771065088431866217476
990 1869419628050035860635034027199833424664342542462471862508958212209413382004934814477016261272052375041956089833604390009213950100613887922543299832596240769435914270696425620001800139854364157690681113802149769758713015285651828189076820019536745985487342569699420570064808093554487579390674688197346281772874841628284669801036882060774765840960124684235260198231695881920189218230748603847520321937428515413400673844849039855553138966424381479202588618386152489261248613749958365690949835270647732072754704900501622996432414805548791574388423284448025804130082065015199575890624942477554619705333671812237807293842630841009301806399131548999537417194845841476695011573470315873588812411466277704439537477200300091690188895440998206430074456585497920015634621192359069298164154470312609534492770068983043887144572419542727169539840516709189386809118081165350738535242181326645237814181254710008780419386512544223461390811122511880319135213153199
991 5485105917488604237301752311521046654956988048142548072378912303032835075913391247895741565664145899634605160207065496892736426073053470612723286109114327287817628188756935850887645704313476429638434926138164454800962928200283452472941273502581287192747627797968156490587575789787147249333100923901860589933010526196695231368498653113430808127356901042760004750411744813707833764939975773366946027780705484819123632986066295589243071426247464490775281444671386513802174107392631879869884212934972853504213781024334817261269074240194160573771910576935573979693550116584682746304687331512748650312431071672855526656459656765614849053525250856590067017085737448033065855614221808521465402584236907670479191510646975680386517677400612934276951988255190037572867961872131013654353527707936708838798816083524401476802313436511382153464241941374572040896674987855694616459453969637101893667153265508730802063715465225229778854466234381528836050932035329
992 -92155311688086712485326876815446037755014608177551022361889249827872961907791771884445173655813670206832611345074374473390822916557972002268136499608044168981164610566975694085229009905978603466629204158805346876323911916798654372518991985390828610061141449442777241635208714781550338402240998235856228731333286329395459812690758526695542679573907136828257142425414768737434779312453499851862267743927587377496409123323360640252401731432391777766050453803345704603618323376351788351963793131782302348494961243299112723475466805621654122136846022576299948524124312086129392286152467545885141805738025028803957840996462607022791253832813210830182452829296078571843257248741053011243514716298885552356545399257268582362427393007110154539700513554631240540127815288039270098688855295958403932850326648975532095385039716552656439174459062150375423320877837459952238206834975228527177838953194365543216301628532045172756580721195961217776643010097023073
993 3213255792519554578320240059698477950604858543967073022614371692981277131181773676189158073484564671646149656580696838394772977362615212366746899039976616186635236362614323216226945799273414183573026671048748479546513258865652897427631543761034135200772122246873000536150078500351668079705293053858692836446824819560585889859937196278172206995137987516865945766554790611633145820461556087971540271712614449805390991818595981819658097967598928177816048195812037330607433376868701326071943106543038650478447040308649080031104793377868162308261867517328582021673374382581998692715309732225342894709216113634202963290253097515613936584330214170575118397222329648382697430192472902803158509580228990869708810133427686224672372758604123623171223621133356039940026421719743180336486926181721645444809313626457430509844807556495378404238294643827133167527901471990987667148601151541422964914669426240063604123516987435763061983443999800678375173323702588804
994 1189413326824374741231265762597014413009381372826171374914555644563491239203221377345291663542860217547287350982580270264607419207336193671341338741110512982980999612739202843611624728688392867519305019529676004556375046563441893639239813718880386658144197018847578918545266456295356398344969113172220440062827968168561414088247761696805992535251063923658000633512399554387116318806269388528310258381959267487153910909156102984566508030418832668795182330056926390085223058133884262088391928029496372750920722669479309147825080081555880312417074126876295183624681136010166856359870014103994843751057433445285591130582039677465493907806026688220673118861843905560519587382654997194936950348007042625227822903650044123335070036049693330408556469318709265636082282410665580743317855730205943040340626327829934982660258972068007160120129443825820237993540538627160582668182431680848559188323165216941971706170769792572330600182835537348616033340667230019
995 1371805630405138590765825777297013218510540043032041157967704097713626318130340377502557493667391230299728976384138314676187389671176117269835899324450738653550126271777319859613145341710079861592689324820860581794670124625528140421855037308285808979230568287618932770756395342389737867168515280613807461347185418978142777343922853640639733800638459714561074487567474434259763559311169542943917105708833305640817956428187705980979598521839347852595545205977253065142835312129541289436473634250905439925096283793830977053834830742274430702511097473047936824454380654965512972352174040772378574636510418131980405387849764653952682767123583808225622506960218317025651380562188121286687936882311261761581974527399610260249187002922958069293889725966942838969845414875665745637752956480426100286490692744611459253906074405618463375873637465333649052384503103788044868903215794022825667776064939699012823787709705536470124509754130193256596861530979397841
996 430976654269178208396464837446977349411281163820291236978830244014404782153351494241432201478535898465124809791576251461284505951265770030865408117726242897170195066470003913725890323604620258686735675634589184190330429287853454866768093613192690058522096285042314960260995475062629736098737698902308532457104808254553645374179893485915780610537749391876127018960335962745790604523292081802935040944142847730629469265387778124949297587486772884278960407215439914951897253184696981112329225245317215286841015207541499443140076019776514169726953931599164865457576165739610581760905317509369168199792796930971071089712813371766571305857407579776608797659182361298027751051122419216307905302827959885728032220594032726872965900256394497695325824911404016400910582872868476328973172660173020519541261700065295570352847770380049852046087007970043397661222572935181189805489637448962924159876726110655514285883866358662895658485072713096934613921509152799179
997 19743634555535182170932165788975237106088391816482480678929887730431111290572054838771211813205971927295209759378002958428700284494232254964279365882501413418318849383760060688091596506709428712751940112540097063019617289352690014094731883808291446095416228755671112246245349472396470799615246923425448992679554669805403340038920645627189869234370683241918154303782654807563332997248332447852708082645646816916490287394823701585979139017325178022224889658799461416695393643732139976825340805729164549413025284779791912475413571219511061446821429071904086821863101349229345157322123767662692388763338342266393889314807900168375572732490057501020414704050212803248375181600305257517450932057324851363821189023825532708544136759856177739897467174669594714508961680912816749032633017294170359230299222833142918228062315203596012621902025066069212878615578400507345353724504713332019309342655906648724448343658818544183302153895030553964032651293152256472484
998 -70726332360594741103102200935657704577801601104875030989723615210084164214801653616011560020370947063235974539366841866553627146304135191184020108668457538668186818163802481260915857091199103372057568875784225157682619356529346674715194085335706965408310134256836949482680832578897774799957046391259984045989516304318763662463258013436448086162293641617034686924683904037219298428088577401362759583088890522655119322221588797924338306960646802244693410720957721628326147449382173885962006325617839133497579081735512666017331449302459199509903697359913443056567653131345849681669283518904208727020436172756295142505819514601770516184296847748800720791093182613894620666281472642176935505446156349980412450277576717616654415943955634604328109432265037886371280954335174419286991659831142188140699057546425356692749733591225473376276872444567542640014115122469254294487432001806634324176590299144061362103230908973849827206620200072696723427288454004834793
999 431542182166680818226877994000297183247109154719607706777461566486102908550145661815064553076481173217640858343994404422261153977059236760143866000284854149661832852660622188689773739799653211274642269068893462585552367203049996205001429571796922633307131491916125662964218574077302203842311828765495091453958906625666030513240795385918742555929394303623239111554814667841691658290541527480857031728813500073653831942997334843122132792090089584746036186918050176318121442312252437824235397796274324878275361972156821524096920752117489928870323173798450702139770481702245957828813070830160021233004755750023731042839911896754034719470085280208592442874113807894144772713558070658553462893785728591315271575457042316890953531385071883563235215492424164825861308435149326964864571728688703044873830456104252975730199366143300783777146615770618302834987298984829085059802369365274283930785182525793855213910459714126957989084141207532150240628227537355507969
1000 7498406695986753975763715538116406478871618045486823718681542589693778199652902274219651089073484241402768405705027126679341919814149020740358993205192920997221625620805466586138148722145155575076732288025957235548904479495678097127552874262855977475649805875335566170199010244633161422249910730625911389263404733472413027419641388800627983993956697915987794919605085737858885414223612951889906095496456792346987473194142752219161051344753716233970978733519326075736219649465000494272460876705678263993682645156705071392088352832405333660867395069325242003991720133758909026590415605581043361586143140558317893386243880599698021025176888640410574914057709189152254542630680813279636417103284582286878598341208752051018015456235318352852871239866973779803832685104045392021507796511951571839831844387649697840056426882855412033662046517615406493386779506852787340681347560961122865916830983663022129637387665530994816356845987139984733618445092733190466359
