0 0
1 1
2 1
3 3
4 5
5 1
6 7
7 3
8 11
9 17
10 23
11 27
12 1
13 21
14 1
15 3
16 7
17 33
18 47
19 57
20 1
21 37
22 29
23 7
24 3
25 25
26 63
27 83
28 95
29 51
30 41
31 21
32 19
33 39
34 89
35 119
36 135
37 73
38 59
39 113
40 143
41 161
42 171
43 181
44 187
45 3
46 101
47 39
48 131
49 179
50 51
51 71
52 155
53 99
54 175
55 27
56 145
57 207
58 239
59 129
60 205
61 61
62 177
63 121
64 27
65 85
66 201
67 133
68 235
69 291
70 5
71 179
72 269
73 159
74 133
75 1
76 3
77 49
78 223
79 39
80 7
81 213
82 317
83 187
84 155
85 297
86 185
87 317
88 387
89 53
90 129
91 149
92 157
93 161
94 163
95 331
96 417
97 463
98 123
99 323
100 27
101 287
102 211
103 387
104 239
105 405
106 491
107 539
108 283
109 441
110 521
111 141
112 377
113 497
114 279
115 455
116 137
117 195
118 421
119 537
120 299
121 15
122 43
123 45
124 91
125 391
126 273
127 491
128 605
129 333
130 533
131 159
132 451
133 601
134 679
135 45
136 407
137 295
138 541
139 669
140 739
141 775
142 399
143 611
144 719
145 387
146 613
147 733
148 795
149 827
150 845
151 861
152 871
153 877
154 441
155 337
156 39
157 479
158 11
159 237
160 589
161 3
162 239
163 603
164 787
165 441
166 89
167 135
168 283
169 323
170 167
171 593
172 807
173 919
174 61
175 275
176 331
177 691
178 219
179 641
180 855
181 971
182 1031
183 531
184 407
185 755
186 233
187 675
188 899
189 507
190 829
191 991
192 1077
193 281
194 731
195 959
196 269
197 735
198 487
199 213
200 359
201 397
202 407
203 411
204 415
205 837
206 1057
207 73
208 339
209 407
210 849
211 1073
212 1187
213 1245
214 319
215 819
216 535
217 931
218 573
219 485
220 929
221 1155
222 1277
223 1343
224 1383
225 1405
226 1417
227 1425
228 179
229 813
230 283
231 217
232 419
233 945
234 1213
235 337
236 57
237 773
238 1133
239 329
240 115
241 819
242 1175
243 1359
244 727
245 285
246 461
247 507
248 1039
249 1309
250 723
251 145
252 873
253 155
254 441
255 1027
256 1323
257 23
258 825
259 1231
260 361
261 253
262 15
263 421
264 1057
265 1377
266 769
267 1239
268 185
269 477
270 1105
271 1423
272 1585
273 1669
274 857
275 1317
276 775
277 1281
278 1535
279 417
280 557
281 595
282 1213
283 765
284 1313
285 795
286 1333
287 1603
288 435
289 1157
290 1523
291 107
292 1007
293 365
294 287
295 555
296 313
297 283
298 141
299 265
300 563
301 639
302 659
303 1329
304 833
305 711
306 341
307 37
308 1033
309 3
310 257
311 145
312 1107
313 797
314 45
315 533
316 1311
317 1705
318 477
319 1295
320 107
321 1119
322 407
323 637
324 695
325 89
326 1125
327 413
328 327
329 1267
330 435
331 83
332 145
333 149
334 299
335 1275
336 1771
337 505
338 1389
339 1835
340 2061
341 2177
342 2237
343 2273
344 573
345 1453
346 237
347 1289
348 909
349 815
350 793
351 791
352 99
353 155
354 1269
355 1829
356 2111
357 2255
358 2333
359 2375
360 2399
361 1209
362 1825
363 267
364 1363
365 1915
366 1097
367 1787
368 2145
369 2333
370 19
371 1279
372 1911
373 1115
374 1833
375 2195
376 2387
377 2489
378 2541
379 2575
380 649
381 1635
382 1067
383 1857
384 2257
385 1229
386 973
387 911
388 897
389 895
390 1791
391 35
392 341
393 95
394 1401
395 257
396 1485
397 1051
398 945
399 919
400 915
401 229
402 1491
403 2129
404 2453
405 2621
406 1353
407 2075
408 1219
409 2011
410 2415
411 41
412 1439
413 2141
414 39
415 181
416 1521
417 275
418 1581
419 2239
420 2571
421 685
422 1801
423 591
424 1765
425 2359
426 1329
427 1073
428 2021
429 39
430 1519
431 565
432 447
433 1733
434 1189
435 2113
436 2577
437 2813
438 2937
439 1501
440 1145
441 1057
442 2073
443 2591
444 2855
445 747
446 971
447 2067
448 2617
449 2893
450 3037
451 389
452 895
453 2049
454 2629
455 2923
456 3
457 101
458 419
459 459
460 929
461 1047
462 2159
463 2729
464 3015
465 3161
466 3237
467 1639
468 2481
469 2905
470 1559
471 2451
472 2899
473 3129
474 3245
475 827
476 525
477 1957
478 1337
479 593
480 2003
481 1359
482 601
483 2029
484 2745
485 97
486 891
487 545
488 1009
489 1127
490 2319
491 1459
492 2493
493 3011
494 409
495 987
496 283
497 1915
498 171
499 1865
500 1359
501 1235
502 2409
503 3001
504 413
505 2013
506 2815
507 3219
508 3425
509 3531
510 3587
511 3623
512 3647
513 915
514 287
515 1989
516 2843
517 409
518 2059
519 2889
520 827
521 285
522 503
523 533
524 1075
525 1211
526 2495
527 393
528 2095
529 2949
530 3385
531 901
532 2367
533 3107
534 3479
535 1833
536 89
537 1983
538 733
539 2311
540 3109
541 1755
542 709
543 1157
544 635
545 1141
546 317
547 1065
548 1253
549 1305
550 2647
551 831
552 2417
553 803
554 301
555 135
556 1039
557 2533
558 3291
559 3671
560 483
561 1139
562 2609
563 1675
564 721
565 1205
566 1329
567 341
568 2235
569 199
570 2169
571 3161
572 3659
573 3909
574 4043
575 2061
576 49
577 2133
578 397
579 2313
580 409
581 2325
582 821
583 2537
584 1699
585 745
586 627
587 1225
588 1377
589 2833
590 3565
591 1973
592 3155
593 3747
594 253
595 2305
596 1667
597 755
598 2573
599 3485
600 3947
601 523
602 2473
603 3457
604 247
605 2349
606 3403
607 3933
608 4207
609 4345
610 4419
611 4463
612 561
613 2539
614 3529
615 2013
616 205
617 2377
618 3469
619 2009
620 103
621 2347
622 217
623 1205
624 2913
625 3775
626 4207
627 4425
628 4537
629 2297
630 3477
631 2035
632 1677
633 1589
634 785
635 343
636 633
637 1339
638 1517
639 3125
640 1969
641 841
642 703
643 2745
644 3767
645 535
646 2667
647 1867
648 835
649 1413
650 1561
651 3211
652 4041
653 4459
654 2337
655 905
656 2907
657 3913
658 2211
659 893
660 2915
661 3929
662 555
663 689
664 707
665 1419
666 799
667 2893
668 3943
669 4471
670 4737
671 4873
672 2471
673 1873
674 431
675 2735
676 3893
677 1119
678 1549
679 3315
680 4201
681 2325
682 3713
683 2205
684 3659
685 4389
686 149
687 2651
688 3909
689 1135
690 3157
691 4173
692 4685
693 4947
694 5087
695 5159
696 1299
697 817
698 3039
699 1039
700 3159
701 1055
702 397
703 1425
704 3367
705 4345
706 4839
707 5093
708 2611
709 999
710 3193
711 4293
712 2423
713 3915
714 583
715 375
716 2897
717 1041
718 3239
719 1085
720 51
721 1375
722 3423
723 2225
724 963
725 3223
726 2181
727 1921
728 1857
729 461
730 2991
731 4259
732 4895
733 2613
734 511
735 95
736 1417
737 3499
738 4545
739 1271
740 3455
741 1137
742 53
743 713
744 3183
745 1105
746 1691
747 115
748 2899
749 2147
750 245
751 2973
752 2171
753 493
754 3115
755 1107
756 3425
757 4587
758 5183
759 5483
760 5637
761 5719
762 5763
763 1447
764 1817
765 1911
766 3875
767 4859
768 2677
769 533
770 3195
771 283
772 3075
773 559
774 3219
775 2275
776 2043
777 3973
778 1237
779 1791
780 3865
781 4909
782 5445
783 1429
784 1859
785 3935
786 2491
787 533
788 411
789 3229
790 4641
791 2677
792 4375
793 5227
794 2829
795 1115
796 451
797 1641
798 3881
799 2503
800 2159
801 4151
802 5151
803 5657
804 5915
805 757
806 1739
807 3971
808 5091
809 2827
810 1131
811 115
812 3181
813 4719
814 5491
815 735
816 3503
817 2445
818 2183
819 4241
820 5271
821 5791
822 3027
823 4675
824 2751
825 71
826 3207
827 1195
828 3777
829 5069
830 2859
831 577
832 1739
833 127
834 1631
835 2013
836 1055
837 469
838 865
839 3667
840 2535
841 1127
842 3809
843 5165
844 5847
845 6197
846 3187
847 2435
848 4499
849 2767
850 4669
851 5623
852 3051
853 4825
854 1429
855 503
856 1785
857 4219
858 5439
859 3025
860 4849
861 1441
862 4065
863 2689
864 4695
865 5699
866 1551
867 4135
868 2717
869 4727
870 359
871 3561
872 2585
873 4683
874 5737
875 6265
876 3267
877 5045
878 371
879 225
880 3529
881 5185
882 6021
883 3221
884 5045
885 2979
886 4931
887 5915
888 6411
889 6661
890 6789
891 1717
892 4333
893 2823
894 1223
895 4095
896 5533
897 6255
898 6619
899 6805
900 6901
901 6951
902 3491
903 5255
904 6141
905 3295
906 5169
907 6113
908 6591
909 6835
910 6969
911 7039
912 885
913 2003
914 2283
915 4717
916 2969
917 5073
918 3065
919 5129
920 771
921 3991
922 2801
923 2505
924 4867
925 1513
926 2189
927 2359
928 2403
929 4843
930 3035
931 5171
932 195
933 1879
934 4605
935 5969
936 6659
937 7005
938 7187
939 3645
940 691
941 2027
942 2365
943 1227
944 2171
945 4815
946 3073
947 5277
948 3191
949 1335
950 4417
951 2981
952 5249
953 3193
954 5361
955 6449
956 6995
957 7271
958 3705
959 11
960 1893
961 4733
962 6155
963 6869
964 7229
965 3705
966 2827
967 5217
968 6419
969 7029
970 917
971 4283
972 747
973 2105
974 4893
975 3145
976 2709
977 1301
978 2251
979 623
980 4173
981 2975
982 2679
983 163
984 495
985 4127
986 2979
987 2693
988 5255
989 6539
990 449
991 4145
992 5999
993 6933
994 7403
995 955
996 4417
997 3075
998 343
999 4125
1000 3011
1001 5469
1002 6701
1003 7319
1004 3817
1005 1471
1006 4717
1007 6355
1008 3591
1009 5801
1010 6909
1011 3737
1012 5895
1013 6977
1014 7523
1015 3901
1016 2997
1017 5543
1018 3409
1019 5755
1020 6933
1021 7525
1022 489
1023 2159
1024 645
1025 2203
1026 5187
1027 6683
1028 7437
1029 7823
1030 8021
1031 8121
1032 511
1033 1093
1034 4665
1035 3227
1036 5745
1037 7007
1038 955
1039 4621
1040 807
1041 2275
1042 2643
1043 5477
1044 6897
1045 7613
1046 7983
1047 8173
1048 8271
1049 2081
1050 2617
1051 5503
1052 6961
1053 1923
1054 647
1055 4539
1056 6491
1057 7469
1058 7965
1059 1027
1060 1191
1061 1213
1062 4867
1063 6697
1064 7617
1065 4039
1066 6291
1067 7427
1068 125
1069 4353
1070 6475
1071 7537
1072 8073
1073 2087
1074 5357
1075 6993
1076 7817
1077 1029
1078 2423
1079 2773
1080 5725
1081 7203
1082 3973
1083 6333
1084 1879
1085 5293
1086 7003
1087 7861
1088 1037
1089 4887
1090 3407
1091 6077
1092 7415
1093 1011
1094 4895
1095 6839
1096 7821
1097 4157
1098 811
1099 301
1100 2283
1101 695
1102 4767
1103 851
1104 607
1105 4735
1106 6801
1107 1961
1108 5427
1109 7175
1110 2013
1111 5473
1112 7207
1113 8079
1114 8521
1115 8745
1116 4429
1117 3357
1118 6179
1119 7593
1120 4151
1121 3291
1122 385
1123 4713
1124 3439
1125 1561
1126 2655
1127 5861
1128 1869
1129 2743
1130 2963
1131 6045
1132 7589
1133 8363
1134 8757
1135 8957
1136 9059
1137 2279
1138 2865
1139 3013
1140 3053
1141 383
1142 1199
1143 2605
1144 1479
1145 5359
1146 1825
1147 5541
1148 7409
1149 8345
1150 4407
1151 3425
1152 199
1153 4759
1154 7041
1155 8189
1156 8765
1157 4527
1158 3469
1159 1605
1160 5491
1161 7441
1162 8419
1163 8911
1164 4581
1165 875
1166 1287
1167 5359
1168 1849
1169 5643
1170 7541
1171 8501
1172 4491
1173 6979
1174 4113
1175 1699
1176 5595
1177 3773
1178 3321
1179 6421
1180 7977
1181 4379
1182 6963
1183 8257
1184 4461
1185 7031
1186 4161
1187 3445
1188 3267
1189 403
1190 5017
1191 3665
1192 6657
1193 8159
1194 4459
1195 7069
1196 8379
1197 4519
1198 7119
1199 2105
1200 5919
1201 7829
1202 4393
1203 7071
1204 8419
1205 4547
1206 1791
1207 5789
1208 3895
1209 6849
1210 4165
1211 6991
1212 4205
1213 7019
1214 8429
1215 2285
1216 6071
1217 7965
1218 4459
1219 7171
1220 8529
1221 9215
1222 9561
1223 4871
1224 925
1225 1357
1226 5649
1227 7799
1228 8883
1229 2357
1230 3091
1231 3275
1232 13
1233 2513
1234 6287
1235 8177
1236 9123
1237 9601
1238 4923
1239 1877
1240 1497
1241 725
1242 2709
1243 6421
1244 1035
1245 1397
1246 2887
1247 6523
1248 8343
1249 1157
1250 5667
1251 1981
1252 6087
1253 8149
1254 4593
1255 3709
1256 3489
1257 6871
1258 8565
1259 1177
1260 1431
1261 1463
1262 1469
1263 5885
1264 4047
1265 1795
1266 3029
1267 835
1268 349
1269 5343
1270 7843
1271 2275
1272 3161
1273 847
1274 5623
1275 8025
1276 9227
1277 4915
1278 1921
1279 6189
1280 2081
1281 49
1282 5263
1283 7875
1284 9187
1285 2461
1286 6487
1287 2127
1288 6329
1289 2111
1290 6339
1291 529
1292 5563
1293 4041
1294 1831
1295 3111
1296 6869
1297 4375
1298 7507
1299 9079
1300 2467
1301 6565
1302 1077
1303 2941
1304 213
1305 5461
1306 4043
1307 7383
1308 283
1309 1377
1310 3029
1311 6891
1312 8831
1313 4903
1314 3923
1315 7361
1316 1137
1317 5987
1318 8417
1319 9635
1320 10247
1321 5277
1322 1009
1323 2973
1324 6931
1325 8911
1326 9907
1327 1301
1328 6119
1329 8529
1330 9739
1331 2587
1332 1695
1333 6337
1334 4331
1335 3831
1336 7417
1337 4611
1338 7829
1339 9443
1340 10251
1341 2665
1342 1717
1343 25
1344 1389
1345 6241
1346 8677
1347 9897
1348 2627
1349 6879
1350 4507
1351 7833
1352 9497
1353 5167
1354 4085
1355 7631
1356 4707
1357 995
1358 6117
1359 1085
1360 771
1361 3007
1362 3567
1363 1855
1364 6567
1365 8927
1366 10113
1367 1339
1368 791
1369 757
1370 6043
1371 8697
1372 10025
1373 10697
1374 345
1375 5869
1376 4317
1377 983
1378 6203
1379 2205
1380 853
1381 3075
1382 7271
1383 9371
1384 10427
1385 5479
1386 8485
1387 9991
1388 10747
1389 11133
1390 5665
1391 8607
1392 10079
1393 10829
1394 1401
1395 6497
1396 9047
1397 2583
1398 3551
1399 949
1400 6303
1401 4495
1402 1011
1403 3175
1404 7437
1405 9569
1406 10643
1407 11181
1408 179
1409 5961
1410 8869
1411 2581
1412 3591
1413 3845
1414 7823
1415 9815
1416 5407
1417 4307
1418 8067
1419 9949
1420 10891
1421 11365
1422 5807
1423 8837
1424 5181
1425 8539
1426 10221
1427 11065
1428 5747
1429 8837
1430 10385
1431 5581
1432 8761
1433 10357
1434 5579
1435 4387
1436 8179
1437 315
1438 6151
1439 9079
1440 10545
1441 11291
1442 5833
1443 4469
1444 8259
1445 10165
1446 11119
1447 1451
1448 847
1449 6477
1450 9293
1451 10703
1452 11411
1453 11777
1454 11963
1455 3015
1456 1897
1457 3515
1458 491
1459 6347
1460 9279
1461 10753
1462 1437
1463 6839
1464 9545
1465 10899
1466 11581
1467 11925
1468 12101
1469 12191
1470 765
1471 6533
1472 2357
1473 7343
1474 9843
1475 11095
1476 5867
1477 4561
1478 4235
1479 8313
1480 10357
1481 11383
1482 5949
1483 9185
1484 10809
1485 11623
1486 12037
1487 12247
1488 1545
1489 1753
1490 445
1491 1617
1492 7057
1493 2445
1494 3739
1495 127
1496 6327
1497 9433
1498 10987
1499 11767
1500 95
1501 1583
1502 885
1503 3367
1504 3989
1505 8295
1506 10453
1507 11533
1508 3019
1509 1957
1510 7299
1511 9973
1512 11313
1513 5993
1514 2333
1515 7511
1516 1263
1517 6983
1518 1231
1519 109
1520 803
1521 6773
1522 9765
1523 11
1524 1599
1525 7195
1526 9997
1527 11403
1528 757
1529 3395
1530 507
1531 3337
1532 8095
1533 2623
1534 3879
1535 8389
1536 1331
1537 7121
1538 10019
1539 11469
1540 3049
1541 7995
1542 5237
1543 4549
1544 4379
1545 2169
1546 3787
1547 8385
1548 10693
1549 1481
1550 1811
1551 3705
1552 8369
1553 10703
1554 11873
1555 12461
1556 6381
1557 9737
1558 5709
1559 4703
1560 4453
1561 8787
1562 10957
1563 3013
1564 4041
1565 1075
1566 7119
1567 10145
1568 11661
1569 6211
1570 9699
1571 5729
1572 4737
1573 8983
1574 1389
1575 7319
1576 10289
1577 5889
1578 4795
1579 4523
1580 2229
1581 7771
1582 10549
1583 2985
1584 8161
1585 5375
1586 9371
1587 711
1588 3527
1589 8463
1590 10937
1591 12177
1592 12799
1593 205
1594 1707
1595 3791
1596 8627
1597 1381
1598 7429
1599 5229
1600 2341
1601 7927
1602 10725
1603 12131
1604 6421
1605 4997
1606 9287
1607 11439
1608 6259
1609 621
1610 445
1611 1759
1612 481
1613 7065
1614 10367
1615 12023
1616 3213
1617 4225
1618 4479
1619 4543
1620 285
1621 6997
1622 5177
1623 9449
1624 5793
1625 9761
1626 2939
1627 2087
1628 7923
1629 10843
1630 1539
1631 479
1632 7139
1633 10473
1634 12151
1635 12991
1636 1677
1637 971
1638 3711
1639 4397
1640 4569
1641 4613
1642 9257
1643 2895
1644 8401
1645 11157
1646 12539
1647 13235
1648 849
1649 3703
1650 8835
1651 1427
1652 7713
1653 10861
1654 3109
1655 8569
1656 11301
1657 3169
1658 8613
1659 5671
1660 2469
1661 2069
1662 4039
1663 9073
1664 1451
1665 975
1666 1891
1667 8025
1668 11099
1669 6319
1670 5129
1671 2417
1672 8319
1673 11281
1674 12765
1675 3377
1676 8829
1677 11561
1678 3233
1679 8777
1680 5775
1681 10051
1682 3049
1683 4349
1684 9359
1685 11873
1686 13131
1687 6883
1688 10645
1689 783
1690 7601
1691 2753
1692 537
1693 7487
1694 10967
1695 3177
1696 8819
1697 11649
1698 13069
1699 6893
1700 5353
1701 9943
1702 765
1703 3827
1704 2297
1705 1053
1706 7805
1707 11183
1708 12873
1709 3433
1710 9013
1711 11817
1712 6611
1713 2655
1714 2161
1715 525
1716 7589
1717 11123
1718 403
1719 7543
1720 11121
1721 12917
1722 13817
1723 7135
1724 10933
1725 12835
1726 3447
1727 9097
1728 11925
1729 6671
1730 10719
1731 12745
1732 6881
1733 677
1734 7737
1735 11275
1736 1631
1737 8229
1738 5765
1739 161
1740 3753
1741 4655
1742 4881
1743 1235
1744 8061
1745 2869
1746 8883
1747 11903
1748 1677
1749 2077
1750 133
1751 3771
1752 2341
1753 8655
1754 11819
1755 1677
1756 8347
1757 11689
1758 13371
1759 1777
1760 8425
1761 11751
1762 13417
1763 7127
1764 5557
1765 2583
1766 2213
1767 271
1768 963
1769 8051
1770 725
1771 7943
1772 5779
1773 10483
1774 6419
1775 10809
1776 13013
1777 1765
1778 8499
1779 5935
1780 10597
1781 6465
1782 10867
1783 13069
1784 14173
1785 7365
1786 11327
1787 13313
1788 7155
1789 5617
1790 2617
1791 8973
1792 1519
1793 4217
1794 2447
1795 1113
1796 8243
1797 5905
1798 2661
1799 4513
1800 9957
1801 12685
1802 1757
1803 4299
1804 9871
1805 12661
1806 14061
1807 3691
1808 4791
1809 5071
1810 2571
1811 9041
1812 3071
1813 4653
1814 5051
1815 10305
1816 12937
1817 14259
1818 14921
1819 15261
1820 7717
1821 2917
1822 9273
1823 12457
1824 7025
1825 1417
1826 8533
1827 12097
1828 6941
1829 5653
1830 5333
1831 2627
1832 9177
1833 6227
1834 2745
1835 9241
1836 6245
1837 10997
1838 13379
1839 14573
1840 15173
1841 1935
1842 8863
1843 6165
1844 1373
1845 8591
1846 3051
1847 9437
1848 1581
1849 8729
1850 12305
1851 881
1852 8385
1853 12143
1854 14025
1855 14969
1856 3861
1857 2473
1858 9205
1859 6291
1860 11131
1861 847
1862 8419
1863 6105
1864 691
1865 4181
1866 10119
1867 6545
1868 1413
1869 2185
1870 9127
1871 1575
1872 8831
1873 12461
1874 14279
1875 15191
1876 15651
1877 15889
1878 8007
1879 6037
1880 5555
1881 10871
1882 6765
1883 11479
1884 1731
1885 8977
1886 12603
1887 14417
1888 15333
1889 15793
1890 8015
1891 759
1892 4265
1893 2573
1894 9453
1895 403
1896 1047
1897 17
1898 4095
1899 1279
1900 4415
1901 10413
1902 13415
1903 7459
1904 11943
1905 3547
1906 9997
1907 1653
1908 9053
1909 12765
1910 14623
1911 15555
1912 2003
1913 9261
1914 12895
1915 14721
1916 15637
1917 16099
1918 16333
1919 16453
1920 1033
1921 2205
1922 2353
1923 2373
1924 9503
1925 3269
1926 1245
1927 8951
1928 6403
1929 5769
1930 5615
1931 5577
1932 5569
1933 87
1934 1051
1935 139
1936 8443
1937 12601
1938 7341
1939 377
1940 4297
1941 165
1942 8497
1943 1583
1944 9213
1945 6521
1946 2925
1947 619
1948 4377
1949 10639
1950 13771
1951 7673
1952 3075
1953 10003
1954 6735
1955 11839
1956 14401
1957 7845
1958 12413
1959 3675
1960 5167
1961 11089
1962 14055
1963 15541
1964 16285
1965 16659
1966 8425
1967 199
1968 4313
1969 10695
1970 6947
1971 12023
1972 14565
1973 15841
1974 8241
1975 12689
1976 3731
1977 10449
1978 1727
1979 4729
1980 685
1981 559
1982 8883
1983 6523
1984 11877
1985 7279
1986 3067
1987 10179
1988 1717
1989 2377
1990 9847
1991 849
1992 71
1993 4351
1994 5423
1995 11387
1996 14373
1997 15875
1998 16629
1999 1063
2000 4613
2001 11003
2002 7101
2003 12259
2004 14839
2005 16135
2006 16789
2007 17119
2008 17293
2009 8691
2010 3271
2011 10377
2012 13933
2013 491
2014 4497
2015 11003
2016 14261
2017 3975
2018 10763
2019 7083
2020 1541
2021 1195
2022 2347
2023 2493
2024 5023
2025 2829
2026 5113
2027 5685
2028 11671
2029 14665
2030 16167
2031 4231
2032 10957
2033 3583
2034 1331
2035 4765
2036 11251
2037 14499
2038 4031
2039 681
2040 577
2041 9183
2042 13487
2043 15647
2044 16737
2045 17287
2046 17563
2047 17707
2048 17785
2049 17833
2050 8931
2051 13417
2052 15663
2053 16787
2054 8677
2055 3325
2056 10627
2057 14283
2058 2015
2059 9987
2060 13979
2061 7989
2062 12985
2063 7743
2064 6433
2065 12223
2066 3783
2067 10913
2068 905
2069 9477
2070 1721
2071 9891
2072 437
2073 9263
2074 855
2075 9487
2076 3451
2077 10789
2078 3615
2079 5437
2080 5895
2081 6011
2082 6045
2083 12113
2084 947
2085 9573
2086 3473
2087 10845
2088 7267
2089 3187
2090 5355
2091 11803
2092 3757
2093 11007
2094 7319
2095 12803
2096 7773
2097 13037
2098 1959
2099 10135
2100 889
2101 9609
2102 13975
2103 4041
2104 2801
2105 5293
2106 2959
2107 5339
2108 5935
2109 6087
2110 12257
2111 15345
2112 4223
2113 11333
2114 3723
2115 5545
2116 12003
2117 7621
2118 13057
2119 3945
2120 11231
2121 3719
2122 11121
2123 7415
2124 6489
2125 12521
2126 243
2127 9415
2128 3501
2129 11059
2130 29
2131 9345
2132 1751
2133 10215
2134 14453
2135 16577
2136 17645
2137 9091
2138 13911
2139 16327
2140 8769
2141 13763
2142 4067
2143 11427
2144 7555
2145 1647
2146 10225
2147 3633
2148 5623
2149 6123
2150 12511
2151 15711
2152 541
2153 9729
2154 3581
2155 11
2156 9485
2157 14229
2158 4151
2159 1447
2160 2557
2161 10785
2162 3727
2163 5691
2164 12371
2165 1965
2166 10519
2167 14799
2168 4235
2169 11661
2170 15391
2171 17265
2172 18203
2173 2335
2174 10749
2175 14965
2176 8537
2177 867
2178 10039
2179 7313
2180 6633
2181 3233
2182 11235
2183 7621
2184 105
2185 4843
2186 6029
2187 12659
2188 3995
2189 2913
2190 2779
2191 691
2192 627
2193 10003
2194 3673
2195 5765
2196 6289
2197 6423
2198 1615
2199 5259
2200 12341
2201 3971
2202 2925
2203 11179
2204 7655
2205 13551
2206 2063
2207 10763
2208 3779
2209 11625
2210 15551
2211 17517
2212 18503
2213 9501
2214 1813
2215 667
2216 1263
2217 10403
2218 7489
2219 3381
2220 2869
2221 11223
2222 15403
2223 4375
2224 11989
2225 15799
2226 8865
2227 14273
2228 4245
2229 11971
2230 15835
2231 4443
2232 755
2233 10241
2234 7495
2235 13623
2236 1043
2237 10401
2238 7541
2239 13659
2240 8363
2241 7041
2242 13427
2243 16623
2244 2279
2245 11061
2246 15457
2247 17659
2248 18763
2249 9663
2250 14777
2251 17345
2252 2329
2253 1391
2254 1333
2255 10641
2256 15301
2257 551
2258 5131
2259 12555
2260 16273
2261 18133
2262 19065
2263 9769
2264 14895
2265 17459
2266 2343
2267 11195
2268 15623
2269 17843
2270 18957
2271 19523
2272 4953
2273 6265
2274 13189
2275 16653
2276 4597
2277 12363
2278 16253
2279 2275
2280 2803
2281 5741
2282 12957
2283 16567
2284 18375
2285 2411
2286 11315
2287 15773
2288 18003
2289 9563
2290 233
2291 10251
2292 15269
2293 17783
2294 19053
2295 9845
2296 15089
2297 17715
2298 19031
2299 4923
2300 395
2301 10377
2302 15373
2303 17881
2304 19137
2305 2471
2306 11439
2307 15925
2308 9089
2309 14765
2310 4401
2311 12439
2312 16459
2313 18471
2314 19489
2315 19999
2316 5065
2317 12799
2318 16671
2319 9305
2320 933
2321 2687
2322 1455
2323 11027
2324 15819
2325 18223
2326 19431
2327 5009
2328 3209
2329 11945
2330 16319
2331 18513
2332 19615
2333 20167
2334 20449
2335 5149
2336 3237
2337 11993
2338 16373
2339 9283
2340 15027
2341 4475
2342 1579
2343 11193
2344 16001
2345 18425
2346 19641
2347 20257
2348 2571
2349 11729
2350 16313
2351 9303
2352 15103
2353 4503
2354 3179
2355 12059
2356 16503
2357 18731
2358 19847
2359 10207
2360 15595
2361 9149
2362 1885
2363 11449
2364 16233
2365 9313
2366 237
2367 5317
2368 3297
2369 12179
2370 16623
2371 2357
2372 11729
2373 8209
2374 14665
2375 8951
2376 15047
2377 9049
2378 15103
2379 18133
2380 19651
2381 20415
2382 20801
2383 5249
2384 13221
2385 269
2386 10745
2387 7993
2388 3655
2389 6231
2390 6877
2391 55
2392 2671
2393 5997
2394 6829
2395 3519
2396 6215
2397 13781
2398 17579
2399 19479
2400 20431
2401 20911
2402 10577
2403 15989
2404 9349
2405 1923
2406 5839
2407 13653
2408 17567
2409 19527
2410 20509
2411 21001
2412 10625
2413 251
2414 2721
2415 12121
2416 8411
2417 7485
2418 14521
2419 2255
2420 11909
2421 16739
2422 9579
2423 15583
2424 9293
2425 7723
2426 7331
2427 14471
2428 9021
2429 15319
2430 18483
2431 10033
2432 15847
2433 2345
2434 6007
2435 6927
2436 895
2437 11311
2438 4131
2439 12935
2440 17343
2441 9775
2442 15771
2443 4693
2444 1655
2445 11727
2446 16765
2447 19291
2448 5139
2449 13489
2450 17665
2451 9879
2452 15869
2453 9433
2454 3913
2455 12897
2456 17395
2457 19653
2458 20791
2459 5341
2460 6821
2461 14391
2462 2273
2463 3033
2464 12515
2465 17259
2466 4909
2467 3367
2468 12699
2469 2171
2470 12105
2471 8539
2472 15301
2473 4671
2474 3343
2475 12711
2476 17401
2477 19747
2478 327
2479 11219
2480 16671
2481 2425
2482 12279
2483 17213
2484 19683
2485 2615
2486 12387
2487 17279
2488 9867
2489 8015
2490 7561
2491 1863
2492 12061
2493 8583
2494 3857
2495 13067
2496 17673
2497 9989
2498 4035
2499 13169
2500 8869
2501 7803
2502 3769
2503 3267
2504 6409
2505 14395
2506 18393
2507 20395
2508 10701
2509 16567
2510 1219
2511 11833
2512 17143
2513 9903
2514 253
2515 1421
2516 11961
2517 4309
2518 3355
2519 3237
2520 6445
2521 14497
2522 4633
2523 6801
2524 14687
2525 9325
2526 3993
2527 13307
2528 4493
2529 6783
2530 14713
2531 9341
2532 16005
2533 9671
2534 16181
2535 19439
2536 21069
2537 21889
2538 22303
2539 1407
2540 12067
2541 17403
2542 2509
2543 6315
2544 7271
2545 939
2546 11861
2547 4331
2548 13569
2549 9095
2550 3989
2551 13421
2552 4535
2553 6849
2554 3715
2555 831
2556 5933
2557 3605
2558 13263
2559 4525
2560 6867
2561 7457
2562 7605
2563 15289
2564 19141
2565 1317
2566 3041
2567 13029
2568 18025
2569 10263
2570 8323
2571 15681
2572 19361
2573 21207
2574 5533
2575 1787
2576 12425
2577 4437
2578 13759
2579 18423
2580 20761
2581 21939
2582 22535
2583 22839
2584 22999
2585 23083
2586 2891
2587 815
2588 6003
2589 7301
2590 3813
2591 13511
2592 18369
2593 10405
2594 16837
2595 10029
2596 4165
2597 13729
2598 18513
2599 1307
2600 6157
2601 7371
2602 1919
2603 12629
2604 17993
2605 20681
2606 11013
2607 8603
2608 8005
2609 7859
2610 15653
2611 4889
2612 14181
2613 18839
2614 10587
2615 17059
2616 10149
2617 4211
2618 1735
2619 6323
2620 7471
2621 15517
2622 9771
2623 4169
2624 13881
2625 4685
2626 221
2627 11915
2628 17769
2629 10349
2630 16989
2631 20311
2632 21987
2633 5707
2634 14689
2635 19183
2636 21435
2637 11281
2638 4375
2639 7029
2640 7693
2641 1965
2642 12859
2643 9155
2644 16461
2645 20117
2646 21953
2647 22877
2648 23345
2649 11791
2650 17809
2651 5205
2652 14519
2653 4797
2654 14333
2655 19103
2656 21491
2657 22689
2658 23291
2659 23595
2660 2969
2661 105
2662 12011
2663 8985
2664 16471
2665 20221
2666 22099
2667 45
2668 12019
2669 9005
2670 8253
2671 2017
2672 3255
2673 6821
2674 1929
2675 12989
2676 18525
2677 10649
2678 17363
2679 20723
2680 22407
2681 5813
2682 7479
2683 15793
2684 19951
2685 1377
2686 12749
2687 18441
2688 21289
2689 355
2690 6131
2691 15155
2692 4917
2693 14557
2694 4845
2695 7267
2696 3937
2697 1761
2698 3251
2699 13751
2700 2377
2701 13347
2702 9419
2703 8439
2704 16399
2705 20385
2706 22379
2707 23379
2708 23885
2709 12073
2710 18243
2711 21331
2712 5719
2713 15079
2714 19761
2715 22115
2716 11647
2717 1129
2718 6407
2719 7729
2720 16123
2721 20325
2722 22429
2723 367
2724 12459
2725 18515
2726 10777
2727 8847
2728 16735
2729 20683
2730 22671
2731 23671
2732 12087
2733 18385
2734 10769
2735 17733
2736 21221
2737 22977
2738 23863
2739 24313
2740 6135
2741 7729
2742 16261
2743 10265
2744 17537
2745 21179
2746 11505
2747 71
2748 12461
2749 4665
2750 14771
2751 9915
2752 17411
2753 5291
2754 15105
2755 10007
2756 17475
2757 10607
2758 17787
2759 21379
2760 11589
2761 4571
2762 3695
2763 7177
2764 2013
2765 13523
2766 1205
2767 13131
2768 9551
2769 17319
2770 2651
2771 13881
2772 19499
2773 11155
2774 18141
2775 5411
2776 7641
2777 8201
2778 16685
2779 327
2780 12755
2781 4743
2782 14981
2783 20105
2784 22671
2785 23957
2786 12301
2787 18777
2788 22019
2789 5915
2790 15609
2791 10229
2792 17769
2793 21545
2794 11721
2795 4633
2796 14991
2797 10087
2798 17727
2799 10775
2800 18083
2801 10873
2802 9071
2803 17247
2804 21343
2805 23395
2806 3053
2807 14255
2808 19859
2809 2833
2810 1769
2811 6823
2812 4045
2813 14793
2814 20177
2815 22877
2816 6057
2817 3955
2818 3693
2819 14647
2820 20125
2821 22867
2822 6061
2823 15847
2824 20743
2825 23193
2826 24425
2827 12523
2828 9549
2829 8807
2830 8625
2831 4291
2832 3751
2833 7371
2834 4139
2835 14943
2836 20351
2837 23057
2838 12207
2839 2375
2840 14087
2841 2493
2842 3539
2843 7345
2844 4149
2845 14999
2846 20433
2847 23153
2848 24521
2849 6303
2850 4027
2851 14973
2852 5113
2853 15523
2854 20731
2855 23337
2856 6161
2857 16065
2858 21023
2859 11755
2860 18877
2861 2805
2862 14411
2863 2527
2864 7139
2865 8295
2866 8587
2867 17335
2868 21717
2869 2989
2870 7275
2871 8347
2872 17233
2873 21687
2874 1495
2875 3457
2876 7407
2877 2099
2878 14141
2879 20165
2880 1449
2881 13829
2882 5007
2883 7811
2884 8515
2885 17383
2886 10911
2887 18587
2888 22427
2889 3045
2890 14671
2891 10245
2892 18281
2893 22301
2894 95
2895 13221
2896 19789
2897 2885
2898 3659
2899 7513
2900 4239
2901 15323
2902 10435
2903 18429
2904 11215
2905 9413
2906 17931
2907 22195
2908 24337
2909 25413
2910 25955
2911 6557
2912 16535
2913 21537
2914 24047
2915 3163
2916 3717
2917 7577
2918 17087
2919 21857
2920 24245
2921 25443
2922 26045
2923 26357
2924 26519
2925 26601
2926 6661
2927 16677
2928 2711
2929 7353
2930 2129
2931 14421
2932 20569
2933 11823
2934 4819
2935 15775
2936 2657
2937 3677
2938 15227
2939 21005
2940 23903
2941 12679
2942 9875
2943 9177
2944 2251
2945 7275
2946 4267
2947 15565
2948 10611
2949 9373
2950 4533
2951 15713
2952 5327
2953 4031
2954 15479
2955 21213
2956 12041
2957 19497
2958 5807
2959 8197
2960 2199
2961 3649
2962 7665
2963 17341
2964 11093
2965 4767
2966 15913
2967 21487
2968 24277
2969 25675
2970 3297
2971 7597
2972 8675
2973 17891
2974 5625
2975 2047
2976 14595
2977 20887
2978 24039
2979 12809
2980 10005
2981 9311
2982 4569
2983 15911
2984 21585
2985 6107
2986 4173
2987 15727
2988 21505
2989 12201
2990 19765
2991 23551
2992 1591
2993 14479
2994 10469
2995 9469
2996 18439
2997 22933
2998 12591
2999 10007
3000 2341
3001 14899
3002 21189
3003 24335
3004 25911
3005 13355
3006 20441
3007 23985
3008 12881
3009 20211
3010 23881
3011 25731
3012 26657
3013 13567
3014 1287
3015 14459
3016 21053
3017 24353
3018 26013
3019 26851
3020 27271
3021 6871
3022 8643
3023 4547
3024 8071
3025 17905
3026 2853
3027 15301
3028 10763
3029 19263
3030 23515
3031 6411
3032 17095
3033 22443
3034 12559
3035 20179
3036 23991
3037 6475
3038 8573
3039 9099
3040 18463
3041 23155
3042 25503
3043 26693
3044 27293
3045 27597
3046 27757
3047 13919
3048 10465
3049 4801
3050 8187
3051 9035
3052 9249
3053 1163
3054 14573
3055 21285
3056 24643
3057 26331
3058 27179
3059 27605
3060 6957
3061 17507
3062 5697
3063 16889
3064 2811
3065 7727
3066 17913
3067 23011
3068 25561
3069 13421
3070 10393
3071 9639
3072 9455
3073 18819
3074 11755
3075 19983
3076 24101
3077 26165
3078 27221
3079 13875
3080 21079
3081 6171
3082 8617
3083 9231
3084 9385
3085 4713
3086 16531
3087 22441
3088 12707
3089 10275
3090 19339
3091 11937
3092 10087
3093 9629
3094 19031
3095 23735
3096 26091
3097 27277
3098 27877
3099 28185
3100 14171
3101 10671
3102 9797
3103 19167
3104 11927
3105 20237
3106 24393
3107 6619
3108 17595
3109 5771
3110 17175
3111 22883
3112 6435
3113 17519
3114 23063
3115 25841
3116 27231
3117 27929
3118 3535
3119 16089
3120 22369
3121 25513
3122 27087
3123 27875
3124 1767
3125 15227
3126 10981
3127 9921
3128 4829
3129 2097
3130 15413
3131 11041
3132 19897
3133 3041
3134 7953
3135 18371
3136 11791
3137 20299
3138 6139
3139 8739
3140 4697
3141 8385
3142 9311
3143 19089
3144 5995
3145 17437
3146 23169
3147 26039
3148 3435
3149 16181
3150 22557
3151 25753
3152 27357
3153 3521
3154 16265
3155 22641
3156 25831
3157 27427
3158 28227
3159 14315
3160 21687
3161 25375
3162 13613
3163 21357
3164 3155
3165 8071
3166 18601
3167 23869
3168 6627
3169 8945
3170 1191
3171 7591
3172 18385
3173 5947
3174 8787
3175 18997
3176 24103
3177 13331
3178 21281
3179 12631
3180 20941
3181 25105
3182 6799
3183 141
3184 7361
3185 573
3186 7475
3187 4601
3188 8485
3189 4729
3190 8523
3191 18953
3192 12085
3193 20737
3194 6267
3195 8917
3196 4791
3197 17107
3198 5817
3199 17627
3200 23535
3201 13247
3202 1335
3203 15409
3204 22455
3205 25991
3206 27761
3207 28649
3208 7277
3209 18423
3210 11999
3211 10395
3212 19991
3213 24795
3214 27203
3215 111
3216 1859
3217 7875
3218 18769
3219 24219
3220 26945
3221 14157
3222 21937
3223 12915
3224 1333
3225 15543
3226 22651
3227 13103
3228 10723
3229 20263
3230 25041
3231 27437
3232 28637
3233 7311
3234 18587
3235 24227
3236 13525
3237 10851
3238 10183
3239 10025
3240 19973
3241 12475
3242 21211
3243 25585
3244 3473
3245 16731
3246 23371
3247 6673
3248 18351
3249 24199
3250 27129
3251 3575
3252 263
3253 15177
3254 22637
3255 13185
3256 21647
3257 3235
3258 16677
3259 23405
3260 26771
3261 28455
3262 7327
3263 4687
3264 8717
3265 4863
3266 8765
3267 4871
3268 17541
3269 11941
3270 21091
3271 3209
3272 8367
3273 9659
3274 19965
3275 25129
3276 13859
3277 11043
3278 20681
3279 12751
3280 10773
3281 1285
3282 7913
3283 19151
3284 24771
3285 27587
3286 29007
3287 29719
3288 7521
3289 9497
3290 19983
3291 25237
3292 27865
3293 29181
3294 29845
3295 30181
3296 30355
3297 30447
3298 7625
3299 19091
3300 24825
3301 27701
3302 29147
3303 29889
3304 30263
3305 30453
3306 30551
3307 15303
3308 22987
3309 1677
3310 16183
3311 1465
3312 4021
3313 4341
3314 17527
3315 24127
3316 13721
3317 11121
3318 20947
3319 3233
3320 8509
3321 19659
3322 12619
3323 5431
3324 18135
3325 3061
3326 4239
3327 8773
3328 2477
3329 16673
3330 5943
3331 4603
3332 4437
3333 8837
3334 4971
3335 8977
3336 19959
3337 12727
3338 21849
3339 26413
3340 14349
3341 22681
3342 13425
3343 22229
3344 13317
3345 2773
3346 8459
3347 4941
3348 9005
3349 20043
3350 25567
3351 3543
3352 17333
3353 6059
3354 18603
3355 24877
3356 28015
3357 29587
3358 15191
3359 11593
3360 5347
3361 4567
3362 2235
3363 16727
3364 23975
3365 27603
3366 7355
3367 19301
3368 25275
3369 3533
3370 4349
3371 1113
3372 253
3373 15765
3374 1471
3375 16395
3376 11929
3377 5407
3378 9185
3379 20261
3380 25809
3381 14297
3382 11421
3383 10703
3384 2631
3385 8507
3386 4997
3387 18237
3388 24859
3389 14087
3390 22799
3391 6789
3392 19153
3393 12671
3394 11053
3395 10649
3396 10549
3397 10529
3398 21051
3399 26317
3400 28959
3401 30283
3402 30955
3403 31299
3404 15737
3405 23697
3406 865
3407 8133
3408 9955
3409 20827
3410 13137
3411 11215
3412 21471
3413 3325
3414 17533
3415 12321
3416 22045
3417 6727
3418 4815
3419 18307
3420 12531
3421 22189
3422 27019
3423 29439
3424 479
3425 16181
3426 6009
3427 9479
3428 10359
3429 21161
3430 26567
3431 14637
3432 11657
3433 10915
3434 10731
3435 21379
3436 1669
3437 4215
3438 2267
3439 17163
3440 24613
3441 28341
3442 30209
3443 15573
3444 23831
3445 27965
3446 30041
3447 3885
3448 18013
3449 12539
3450 22349
3451 27261
3452 14861
3453 23525
3454 13929
3455 11533
3456 21873
3457 27053
3458 29645
3459 7737
3460 19997
3461 26129
3462 29213
3463 7689
3464 4999
3465 9327
3466 2603
3467 17463
3468 24895
3469 14309
3470 23331
3471 27845
3472 3763
3473 9033
3474 10351
3475 5341
3476 18861
3477 25631
3478 29021
3479 30717
3480 15785
3481 24107
3482 14137
3483 11645
3484 2757
3485 8809
3486 10325
3487 21411
3488 26957
3489 7433
3490 9991
3491 10631
3492 1349
3493 16955
3494 24759
3495 3583
3496 9039
3497 20809
3498 13349
3499 359
3500 4121
3501 9183
3502 10451
3503 10771
3504 21709
3505 27181
3506 14967
3507 11915
3508 22311
3509 3439
3510 9039
3511 20879
3512 13407
3513 23089
3514 13967
3515 23375
3516 14041
3517 23419
3518 14055
3519 23429
3520 14065
3521 23449
3522 1759
3523 17301
3524 25085
3525 14493
3526 23701
3527 14153
3528 23535
3529 14117
3530 2941
3531 17941
3532 25449
3533 29209
3534 15545
3535 3033
3536 9005
3537 20999
3538 26999
3539 15003
3540 24013
3541 28521
3542 30779
3543 15957
3544 24505
3545 7197
3546 20135
3547 26609
3548 14925
3549 1501
3550 17307
3551 25213
3552 29181
3553 15583
3554 6093
3555 4909
3556 19045
3557 13059
3558 23129
3559 14083
3560 23647
3561 28435
3562 30841
3563 501
3564 16895
3565 12549
3566 11465
3567 22391
3568 6965
3569 5037
3570 9595
3571 21471
3572 13705
3573 23529
3574 7111
3575 5061
3576 9613
3577 5377
3578 19393
3579 26403
3580 29915
3581 15843
3582 6163
3583 2477
3584 8989
3585 10619
3586 2757
3587 9065
3588 21293
3589 27411
3590 3809
3591 9339
3592 21451
3593 13755
3594 11833
3595 22707
3596 28147
3597 7717
3598 10329
3599 21965
3600 27789
3601 30703
3602 32161
3603 8223
3604 10463
3605 11025
3606 22333
3607 13995
3608 23837
3609 14385
3610 24049
3611 28885
3612 1957
3613 17853
3614 12901
3615 23329
3616 7137
3617 20453
3618 27113
3619 7613
3620 20705
3621 27257
3622 15267
3623 24547
3624 7297
3625 10287
3626 2759
3627 18311
3628 26091
3629 14995
3630 6111
3631 20011
3632 26967
3633 30449
3634 32193
3635 33067
3636 16757
3637 12681
3638 23339
3639 28679
3640 31355
3641 16347
3642 25193
3643 29625
3644 31843
3645 32983
3646 33555
3647 16921
3648 25531
3649 29839
3650 15999
3651 25079
3652 29625
3653 997
3654 4401
3655 19307
3656 13381
3657 11903
3658 11539
3659 22899
3660 7145
3661 10353
3662 22313
3663 14149
3664 24223
3665 14631
3666 24467
3667 14695
3668 24507
3669 29417
3670 31877
3671 16557
3672 25459
3673 29913
3674 32141
3675 33261
3676 4229
3677 19325
3678 26877
3679 15329
3680 24893
3681 29681
3682 8019
3683 21251
3684 27869
3685 1949
3686 18225
3687 103
3688 4327
3689 19423
3690 6745
3691 5161
3692 19855
3693 27219
3694 3863
3695 19227
3696 26915
3697 30761
3698 32687
3699 33659
3700 17077
3701 3233
3702 9475
3703 11037
3704 11429
3705 11529
3706 23111
3707 28907
3708 15907
3709 12659
3710 23699
3711 29223
3712 15995
3713 25377
3714 15035
3715 6227
3716 20517
3717 6917
3718 20879
3719 27861
3720 15677
3721 25263
3722 30067
3723 4059
3724 19471
3725 1699
3726 9153
3727 5509
3728 79
3729 8757
3730 21859
3731 28411
3732 1981
3733 9251
3734 22139
3735 28595
3736 1989
3737 4631
3738 9925
3739 22503
3740 28793
3741 31941
3742 2095
3743 18601
3744 3357
3745 19237
3746 27183
3747 15581
3748 25365
3749 30259
3750 32709
3751 8485
3752 21843
3753 7133
3754 5295
3755 20273
3756 27765
3757 7879
3758 21579
3759 14215
3760 24753
3761 1877
3762 18597
3763 1685
3764 9253
3765 2787
3766 9535
3767 22449
3768 28915
3769 16077
3770 25739
3771 30573
3772 8249
3773 5459
3774 639
3775 18043
3776 13373
3777 24417
3778 14977
3779 12621
3780 24065
3781 29793
3782 8165
3783 2731
3784 4783
3785 315
3786 17929
3787 26749
3788 31161
3789 1043
3790 9159
3791 11189
3792 5849
3793 20733
3794 14101
3795 24889
3796 30309
3797 8255
3798 22001
3799 28877
3800 16159
3801 25965
3802 30881
3803 33341
3804 8643
3805 11113
3806 1467
3807 4663
3808 20251
3809 28051
3810 31957
3811 33913
3812 2181
3813 19039
3814 27469
3815 15845
3816 6471
3817 10601
3818 5819
3819 20891
3820 14215
3821 3137
3822 2445
3823 19219
3824 27609
3825 497
3826 9127
3827 11285
3828 23651
3829 7461
3830 21761
3831 14457
3832 25265
3833 15337
3834 25717
3835 483
3836 2287
3837 19209
3838 27673
3839 3989
3840 20075
3841 28131
3842 32161
3843 34185
3844 35201
3845 35715
3846 17989
3847 1695
3848 18979
3849 3453
3850 19865
3851 28079
3852 32189
3853 4281
3854 20297
3855 7077
3856 21709
3857 14513
3858 25433
3859 30903
3860 33643
3861 4377
3862 20405
3863 7107
3864 10891
3865 23679
3866 15037
3867 25755
3868 31117
3869 33805
3870 35151
3871 35837
3872 18091
3873 13655
3874 12549
3875 12275
3876 24417
3877 15245
3878 6477
3879 10765
3880 5919
3881 21259
3882 28933
3883 32781
3884 34709
3885 8919
3886 11393
3887 751
3888 9357
3889 5755
3890 21223
3891 905
3892 18807
3893 1735
3894 4807
3895 20773
3896 28761
3897 32761
3898 8691
3899 22735
3900 14879
3901 25833
3902 1957
3903 19375
3904 7023
3905 10961
3906 23897
3907 7593
3908 22225
3909 7387
3910 5533
3911 10605
3912 2969
3913 19935
3914 3553
3915 5059
3916 20991
3917 905
3918 9459
3919 23201
3920 15037
3921 26005
3922 7873
3923 22435
3924 29719
3925 16683
3926 26851
3927 499
3928 18769
3929 27909
3930 32483
3931 8693
3932 11445
3933 24271
3934 15347
3935 26235
3936 31687
3937 34423
3938 35797
3939 36489
3940 36839
3941 37019
3942 18555
3943 13943
3944 25583
3945 31413
3946 34333
3947 35803
3948 9135
3949 23221
3950 30265
3951 33789
3952 35555
3953 18223
3954 27781
3955 32569
3956 34965
3957 9041
3958 23205
3959 7573
3960 22485
3961 29947
3962 33685
3963 35563
3964 36505
3965 4623
3966 21053
3967 29271
3968 16691
3969 3387
3970 20447
3971 28979
3972 1039
3973 4821
3974 21179
3975 29363
3976 2091
3977 9913
3978 5935
3979 21753
3980 29663
3981 33621
3982 35605
3983 18299
3984 27953
3985 16393
3986 27013
3987 4041
3988 20845
3989 29251
3990 33457
3991 17787
3992 6935
3993 22317
3994 30017
3995 16941
3996 27361
3997 8143
3998 22971
3999 30391
4000 17051
4001 27441
4002 8161
4003 23007
4004 15217
4005 1659
4006 19769
4007 28829
4008 33363
4009 35635
4010 36793
4011 37375
4012 37669
4013 18909
4014 889
4015 1215
4016 4901
4017 21449
4018 14865
4019 6613
4020 11165
4021 24609
4022 31339
4023 34711
4024 9103
4025 23611
4026 965
4027 19559
4028 28863
4029 2095
4030 20139
4031 7291
4032 2843
4033 10261
4034 1515
4035 19873
4036 29055
4037 33647
4038 17977
4039 28125
4040 33203
4041 35745
4042 18511
4043 28407
4044 16681
4045 27501
4046 16457
4047 27393
4048 32863
4049 35607
4050 36989
4051 37683
4052 19019
4053 28725
4054 16793
4055 27621
4056 33037
4057 8937
4058 23699
4059 7775
4060 23159
4061 15429
4062 26995
4063 32781
4064 35675
4065 18567
4066 28585
4067 33597
4068 4513
4069 21571
4070 30105
4071 17189
4072 27921
4073 33295
4074 35983
4075 18665
4076 28679
4077 33689
4078 18099
4079 28405
4080 33559
4081 36141
4082 37435
4083 19043
4084 28895
4085 16911
4086 27839
4087 33311
4088 36051
4089 37427
4090 9531
4091 12091
4092 25465
4093 16079
4094 13735
4095 26301
4096 32587
4097 35739
4098 37321
4099 38119
4100 4815
4101 21869
4102 30401
4103 34677
4104 18409
4105 14345
4106 26661
4107 32827
4108 35923
4109 37473
4110 38257
4111 19325
4112 14593
4113 6709
4114 22899
4115 15499
4116 27301
4117 8301
4118 23707
4119 31413
4120 35273
4121 18603
4122 1805
4123 20483
4124 29823
4125 17251
4126 28221
4127 16855
4128 219
4129 9859
4130 24543
4131 15943
4132 6897
4133 5767
4134 2813
4135 2629
4136 20961
4137 30131
4138 17361
4139 28339
4140 33831
4141 18293
4142 14409
4143 6721
4144 5761
4145 11283
4146 1583
4147 20483
4148 7485
4149 23447
4150 31433
4151 8859
4152 24151
4153 31801
4154 35631
4155 37565
4156 19267
4157 7347
4158 23429
4159 31475
4160 8877
4161 12107
4162 25835
4163 16351
4164 13983
4165 26795
4166 33207
4167 36415
4168 38023
4169 38841
4170 19627
4171 29649
4172 4333
4173 11009
4174 25359
4175 32539
4176 36133
4177 37933
4178 38841
4179 39301
4180 39535
4181 39657
4182 9931
4183 24865
4184 32343
4185 36085
4186 37957
4187 19449
4188 29645
4189 17373
4190 28615
4191 34239
4192 18527
4193 14601
4194 13621
4195 13377
4196 26639
4197 8321
4198 24129
4199 32041
4200 18003
4201 28991
4202 34487
4203 18619
4204 14657
4205 27335
4206 33683
4207 9215
4208 24627
4209 32345
4210 4527
4211 11155
4212 25627
4213 32869
4214 2281
4215 5301
4216 22715
4217 31433
4218 35793
4219 18989
4220 29579
4221 17439
4222 14407
4223 6825
4224 23519
4225 31875
4226 4507
4227 11187
4228 3215
4229 10873
4230 12789
4231 26539
4232 33441
4233 1153
4234 20755
4235 15279
4236 27833
4237 2133
4238 665
4239 20547
4240 15245
4241 6963
4242 23717
4243 8025
4244 379
4245 5109
4246 5701
4247 361
4248 2555
4249 10771
4250 25651
4251 33097
4252 9207
4253 6223
4254 23403
4255 31997
4256 36297
4257 38453
4258 9885
4259 25261
4260 16475
4261 3573
4262 22135
4263 31417
4264 36063
4265 38401
4266 4947
4267 22853
4268 497
4269 10317
4270 1597
4271 21199
4272 15503
4273 28161
4274 8623
4275 12363
4276 13301
4277 13537
4278 27193
4279 34023
4280 37445
4281 19581
4282 3779
4283 11169
4284 6509
4285 11859
4286 6599
4287 23769
4288 32359
4289 9165
4290 25069
4291 33031
4292 37021
4293 39019
4294 40021
4295 20265
4296 479
4297 20765
4298 30911
4299 17997
4300 29539
4301 17663
4302 14695
4303 27913
4304 34527
4305 37835
4306 9873
4307 25517
4308 33347
4309 37263
4310 39223
4311 20103
4312 7663
4313 24433
4314 32823
4315 18511
4316 29869
4317 17775
4318 461
4319 5213
4320 23235
4321 32249
4322 36759
4323 9755
4324 25527
4325 16715
4326 7257
4327 1519
4328 10719
4329 13025
4330 13603
4331 3437
4332 11209
4333 13155
4334 6821
4335 6033
4336 23743
4337 32605
4338 18521
4339 15003
4340 28255
4341 8721
4342 785
4343 21153
4344 15673
4345 447
4346 10499
4347 26039
4348 4227
4349 179
4350 20891
4351 15625
4352 14309
4353 27963
4354 4349
4355 5747
4356 11847
4357 26747
4358 34199
4359 37929
4360 39799
4361 10185
4362 1621
4363 10835
4364 13141
4365 27439
4366 34599
4367 9545
4368 12829
4369 27303
4370 4319
4371 2883
4372 5587
4373 23715
4374 16391
4375 29121
4376 8873
4377 793
4378 5335
4379 11807
4380 6713
4381 6077
4382 11997
4383 13481
4384 27711
4385 34829
4386 38391
4387 20087
4388 31023
4389 2281
4390 22131
4391 32057
4392 9257
4393 25635
4394 16913
4395 14733
4396 14189
4397 7029
4398 24545
4399 8327
4400 1575
4401 21829
4402 31959
4403 18515
4404 30323
4405 36231
4406 19597
4407 30883
4408 36531
4409 9839
4410 26013
4411 34103
4412 19075
4413 15321
4414 28771
4415 35497
4416 19431
4417 30835
4418 18273
4419 30277
4420 4535
4421 11707
4422 27003
4423 34655
4424 38489
4425 20205
4426 31271
4427 18405
4428 15191
4429 14391
4430 28385
4431 8847
4432 12811
4433 27607
4434 35007
4435 9677
4436 26055
4437 17123
4438 29783
4439 36117
4440 39287
4441 20437
4442 15725
4443 3637
4444 23055
4445 32771
4446 37631
4447 40065
4448 41287
4449 20955
4450 7939
4451 12627
4452 27599
4453 2193
4454 22391
4455 32501
4456 37571
4457 40107
4458 20689
4459 15839
4460 14629
4461 1791
4462 695
4463 339
4464 1345
4465 2753
4466 22731
4467 32725
4468 18863
4469 1925
4470 11167
4471 26959
4472 34863
4473 19409
4474 15549
4475 29171
4476 2249
4477 22535
4478 16341
4479 14795
4480 14409
4481 28631
4482 35745
4483 4913
4484 11953
4485 27427
4486 35175
4487 9763
4488 13175
4489 28059
4490 17753
4491 30357
4492 18331
4493 30655
4494 18411
4495 30707
4496 9215
4497 26117
4498 34577
4499 38813
4500 10233
4501 3331
4502 23199
4503 16573
4504 14919
4505 14509
4506 28821
4507 17993
4508 1911
4509 1409
4510 22299
4511 16375
4512 29791
4513 36507
4514 623
4515 10971
4516 27121
4517 17601
4518 15223
4519 7317
4520 12659
4521 13995
4522 28663
4523 36027
4524 1241
4525 1395
4526 22399
4527 32905
4528 19083
4529 15631
4530 29541
4531 36499
4532 19995
4533 31741
4534 9405
4535 26461
4536 35001
4537 4909
4538 24241
4539 33909
4540 4843
4541 24217
4542 33907
4543 38757
4544 41183
4545 21199
4546 32413
4547 38023
4548 10209
4549 13465
4550 28563
4551 9029
4552 3295
4553 23503
4554 16805
4555 30263
4556 2313
4557 5759
4558 387
4559 5521
4560 6163
4561 24975
4562 17191
4563 7623
4564 1607
4565 11365
4566 863
4567 2797
4568 1459
4569 11343
4570 13819
4571 28881
4572 569
4573 22265
4574 16557
4575 30263
4576 18559
4577 31273
4578 147
4579 2759
4580 5847
4581 12467
4582 28247
4583 18069
4584 31055
4585 18777
4586 15709
4587 14945
4588 7379
4589 12867
4590 7121
4591 1601
4592 5715
4593 24919
4594 8631
4595 26381
4596 17635
4597 30903
4598 37541
4599 40865
4600 42533
4601 5421
4602 12407
4603 14157
4604 29203
4605 18365
4606 15657
4607 14981
4608 29625
4609 36949
4610 20307
4611 16147
4612 7555
4613 25953
4614 35155
4615 39763
4616 5259
4617 24821
4618 34605
4619 39511
4620 10495
4621 13737
4622 14555
4623 29523
4624 18505
4625 31503
4626 38005
4627 20631
4628 32581
4629 38557
4630 41547
4631 43045
4632 43797
4633 11045
4634 6953
4635 12885
4636 28751
4637 18343
4638 31483
4639 19029
4640 31835
4641 38241
4642 20723
4643 16345
4644 15257
4645 7493
4646 1631
4647 11583
4648 28147
4649 18219
4650 3935
4651 3043
4652 23907
4653 8585
4654 26681
4655 35735
4656 20133
4657 32471
4658 38645
4659 20871
4660 32857
4661 19427
4662 32147
4663 38513
4664 10425
4665 27659
4666 9071
4667 13497
4668 7303
4669 26121
4670 35537
4671 5031
4672 24997
4673 4373
4674 12339
4675 28663
4676 36835
4677 10231
4678 13821
4679 29441
4680 37259
4681 41171
4682 43145
4683 44133
4684 22315
4685 33723
4686 19715
4687 32427
4688 19397
4689 1009
4690 23095
4691 34143
4692 19835
4693 16267
4694 30757
4695 4751
4696 25007
4697 4393
4698 24841
4699 35067
4700 40187
4701 167
4702 22743
4703 8509
4704 26923
4705 9033
4706 6797
4707 26079
4708 2233
4709 23811
4710 34607
4711 20005
4712 8179
4713 13403
4714 29421
4715 37451
4716 41471
4717 10871
4718 28187
4719 36855
4720 20597
4721 33069
4722 39311
4723 21217
4724 33393
4725 19745
4726 32667
4727 39133
4728 42373
4729 22001
4730 33821
4731 9935
4732 27801
4733 36737
4734 41207
4735 43449
4736 44573
4737 11285
4738 28511
4739 37131
4740 10361
4741 14031
4742 29899
4743 37839
4744 10457
4745 28139
4746 36981
4747 10351
4748 7023
4749 413
4750 23133
4751 17249
4752 31559
4753 38723
4754 10577
4755 7065
4756 26507
4757 18115
4758 32037
4759 9751
4760 27865
4761 36927
4762 20737
4763 16691
4764 15685
4765 7717
4766 26889
4767 36481
4768 20643
4769 4171
4770 25135
4771 35619
4772 10219
4773 7045
4774 6649
4775 26401
4776 18143
4777 16081
4778 7783
4779 26985
4780 2287
4781 24253
4782 35241
4783 40739
4784 10875
4785 28573
4786 37423
4787 41851
4788 11019
4789 28663
4790 18743
4791 32535
4792 9859
4793 3513
4794 6233
4795 26307
4796 36353
4797 20691
4798 33565
4799 40003
4800 43225
4801 22419
4802 17219
4803 31845
4804 39161
4805 42825
4806 22331
4807 34419
4808 40465
4809 21747
4810 8537
4811 6887
4812 26727
4813 18325
4814 32457
4815 9881
4816 28241
4817 18715
4818 16337
4819 123
4820 23383
4821 4377
4822 1595
4823 24137
4824 35409
4825 5131
4826 25911
4827 36307
4828 41515
4829 44121
4830 22717
4831 17367
4832 16031
4833 3925
4834 6337
4835 6643
4836 26727
4837 9193
4838 14003
4839 1901
4840 12183
4841 14759
4842 15405
4843 973
4844 23925
4845 35407
4846 20577
4847 8437
4848 27685
4849 37321
4850 42157
4851 44577
4852 45797
4853 46419
4854 46735
4855 2931
4856 24995
4857 36041
4858 41567
4859 44339
4860 45729
4861 23213
4862 35171
4863 20577
4864 8465
4865 13903
4866 15263
4867 7803
4868 3437
4869 12661
4870 29941
4871 38589
4872 5365
4873 26317
4874 18399
4875 32843
4876 10017
4877 28657
4878 9495
4879 14201
4880 30759
4881 39049
4882 675
4883 12007
4884 29685
4885 38533
4886 2685
4887 25037
4888 18111
4889 8191
4890 27805
4891 18809
4892 33125
4893 10073
4894 14391
4895 967
4896 12117
4897 7453
4898 27483
4899 18751
4900 33139
4901 2521
4902 3129
4903 12673
4904 30121
4905 38851
4906 43221
4907 22705
4908 35157
4909 20695
4910 17081
4911 4045
4912 25849
4913 36753
4914 21103
4915 4299
4916 25999
4917 18425
4918 8267
4919 13995
4920 3857
4921 25797
4922 36769
4923 2641
4924 25209
4925 18247
4926 33019
4927 5051
4928 26429
4929 37119
4930 42469
4931 45153
4932 23249
4933 35553
4934 41711
4935 11199
4936 29551
4937 38731
4938 10831
4939 14691
4940 31315
4941 39631
4942 43791
4943 45877
4944 46923
4945 23725
4946 35853
4947 41935
4948 44979
4949 5813
4950 26931
4951 18751
4952 33415
4953 40753
4954 44431
4955 46275
4956 23599
4957 35865
4958 42011
4959 45087
4960 46633
4961 23705
4962 35949
4963 42073
4964 45147
4965 46693
4966 23735
4967 35997
4968 21067
4969 17337
4970 16409
4971 4045
4972 26179
4973 18629
4974 33485
4975 40919
4976 44645
4977 23257
4978 35827
4979 42117
4980 45263
4981 23419
4982 4491
4983 13235
4984 30849
4985 39661
4986 22035
4987 17629
4988 16529
4989 16255
4990 4047
4991 26285
4992 18703
4993 16809
4994 16337
4995 32439
4996 40501
4997 5567
4998 13539
4999 15533
5000 4009
5001 13157
5002 15445
5003 16023
5004 2021
5005 25341
5006 37007
5007 21421
5008 17525
5009 4141
5010 26437
5011 18797
5012 33777
5013 41269
5014 22509
5015 8911
5016 14423
5017 31605
5018 20101
5019 34455
5020 10409
5021 29615
5022 39219
5023 44033
5024 46445
5025 11913
5026 30391
5027 39631
5028 44257
5029 46573
5030 11935
5031 30441
5032 39697
5033 44335
5034 23331
5035 36161
5036 21291
5037 17575
5038 33297
5039 10291
5040 14831
5041 15967
5042 32505
5043 40781
5044 44925
5045 47003
5046 48053
5047 48581
5048 48849
5049 48985
5050 24527
5051 36833
5052 42995
5053 23041
5054 18053
5055 33615
5056 10351
5057 29775
5058 617
5059 1557
5060 3173
5061 13099
5062 3897
5063 26579
5064 4741
5065 13505
5066 31401
5067 20177
5068 17377
5069 33355
5070 41347
5071 45355
5072 47361
5073 48365
5074 24439
5075 9229
5076 29319
5077 39365
5078 44391
5079 23455
5080 9111
5081 29281
5082 19685
5083 17287
5084 16691
5085 16543
5086 33021
5087 5159
5088 1709
5089 6405
5090 27971
5091 38759
5092 22077
5093 17909
5094 33753
5095 20839
5096 17613
5097 8405
5098 29019
5099 39329
5100 2781
5101 1639
5102 12827
5103 15627
5104 16331
5105 33021
5106 20687
5107 35213
5108 42477
5109 1441
5110 25599
5111 37691
5112 43739
5113 11691
5114 15373
5115 16295
5116 33053
5117 20719
5118 35275
5119 42559
5120 23103
5121 36487
5122 21591
5123 35741
5124 21415
5125 8917
5126 14711
5127 8081
5128 14505
5129 1007
5130 12741
5131 15683
5132 16419
5133 33209
5134 41615
5135 45819
5136 23963
5137 37005
5138 5441
5139 27747
5140 9727
5141 14951
5142 32519
5143 20653
5144 35377
5145 5343
5146 27731
5147 38927
5148 2783
5149 26457
5150 19151
5151 8663
5152 29411
5153 19897
5154 8763
5155 7373
5156 225
5157 6307
5158 7071
5159 28667
5160 19735
5161 35011
5162 42651
5163 46481
5164 48401
5165 49365
5166 49849
5167 50095
5168 50227
5169 50295
5170 1573
5171 12989
5172 3961
5173 13593
5174 32005
5175 20607
5176 8881
5177 14835
5178 4081
5179 27289
5180 2431
5181 3309
5182 13459
5183 31999
5184 41271
5185 22955
5186 36753
5187 43667
5188 47127
5189 48859
5190 24863
5191 37731
5192 44179
5193 47413
5194 6129
5195 1775
5196 26229
5197 9617
5198 15085
5199 32913
5200 41833
5201 11575
5202 15587
5203 16591
5204 16845
5205 33833
5206 42333
5207 23293
5208 37071
5209 10991
5210 30929
5211 40901
5212 5737
5213 28315
5214 9903
5215 30413
5216 40671
5217 45811
5218 189
5219 25579
5220 38275
5221 5579
5222 14143
5223 8143
5224 29587
5225 40315
5226 45681
5227 24185
5228 37623
5229 44347
5230 2983
5231 27057
5232 39095
5233 11279
5234 31215
5235 20593
5236 35881
5237 43537
5238 47367
5239 49283
5240 50243
5241 25365
5242 38297
5243 1399
5244 1645
5245 26451
5246 38857
5247 22535
5248 36911
5249 44109
5250 47719
5251 24765
5252 19027
5253 35187
5254 10817
5255 31089
5256 10309
5257 15429
5258 33421
5259 10605
5260 31013
5261 10305
5262 7717
5263 29577
5264 10127
5265 7697
5266 29579
5267 20263
5268 35871
5269 10919
5270 31203
5271 41353
5272 1451
5273 6621
5274 29071
5275 40305
5276 5741
5277 7163
5278 14685
5279 33133
5280 42363
5281 46981
5282 24647
5283 19065
5284 8837
5285 30237
5286 20471
5287 36065
5288 43869
5289 23887
5290 37785
5291 22369
5292 37041
5293 11095
5294 1963
5295 3357
5296 13781
5297 32775
5298 42281
5299 47039
5300 49421
5301 50619
5302 51223
5303 25763
5304 38801
5305 45327
5306 48593
5307 50231
5308 51051
5309 3217
5310 13779
5311 32843
5312 21189
5313 36559
5314 22125
5315 37037
5316 5563
5317 899
5318 13219
5319 32605
5320 42307
5321 11791
5322 31909
5323 10495
5324 7819
5325 29943
5326 20503
5327 9073
5328 7647
5329 7471
5330 29799
5331 40973
5332 46563
5333 49363
5334 25385
5335 38783
5336 45483
5337 12209
5338 32205
5339 21107
5340 573
5341 26411
5342 9833
5343 15523
5344 33895
5345 10773
5346 7883
5347 7523
5348 14959
5349 4205
5350 28283
5351 40323
5352 23173
5353 2361
5354 13687
5355 33039
5356 2671
5357 13781
5358 33119
5359 10701
5360 31601
5361 5257
5362 28887
5363 10177
5364 31359
5365 41951
5366 11813
5367 32187
5368 42377
5369 23737
5370 19079
5371 35831
5372 11055
5373 31841
5374 10559
5375 31599
5376 42133
5377 47403
5378 50047
5379 12843
5380 4097
5381 7101
5382 29911
5383 41319
5384 23513
5385 19065
5386 35911
5387 11085
5388 15967
5389 34387
5390 2725
5391 27771
5392 2519
5393 27689
5394 40275
5395 46577
5396 24865
5397 38877
5398 45889
5399 12349
5400 16317
5401 34627
5402 43789
5403 48373
5404 12667
5405 32817
5406 42895
5407 23969
5408 9621
5409 1957
5410 27487
5411 40267
5412 46659
5413 6233
5414 29655
5415 41371
5416 23615
5417 19177
5418 36139
5419 22313
5420 37715
5421 22711
5422 37929
5423 45539
5424 24675
5425 38923
5426 1439
5427 13657
5428 33427
5429 21657
5430 9361
5431 31297
5432 10567
5433 31917
5434 42593
5435 749
5436 27015
5437 40157
5438 46733
5439 12507
5440 32917
5441 43135
5442 48247
5443 12703
5444 16521
5445 34961
5446 5523
5447 29467
5448 41443
5449 2965
5450 28203
5451 10207
5452 31843
5453 42673
5454 24045
5455 19393
5456 36471
5457 45011
5458 24645
5459 19559
5460 1143
5461 13685
5462 33647
5463 43629
5464 48623
5465 51123
5466 6547
5467 15045
5468 17171
5469 8853
5470 31255
5471 10617
5472 32155
5473 42927
5474 24161
5475 9735
5476 31733
5477 21373
5478 37573
5479 45675
5480 49729
5481 3235
5482 7131
5483 30475
5484 42153
5485 48001
5486 50929
5487 52395
5488 26569
5489 10057
5490 15987
5491 17471
5492 35685
5493 44801
5494 24681
5495 4913
5496 14713
5497 8583
5498 31271
5499 42629
5500 48311
5501 12789
5502 4175
5503 14547
5504 8573
5505 31311
5506 42685
5507 189
5508 6785
5509 30443
5510 21141
5511 37637
5512 717
5513 13717
5514 8485
5515 15663
5516 17461
5517 35827
5518 22511
5519 38381
5520 46325
5521 50301
5522 26147
5523 10055
5524 32183
5525 43251
5526 48787
5527 51559
5528 52953
5529 53657
5530 13503
5531 33937
5532 44157
5533 49279
5534 51841
5535 53125
5536 53769
5537 27047
5538 20367
5539 18701
5540 9143
5541 7949
5542 31209
5543 42851
5544 24337
5545 19709
5546 18553
5547 36535
5548 5691
5549 30115
5550 5291
5551 29919
5552 42239
5553 48401
5554 51489
5555 53035
5556 53809
5557 54205
5558 54411
5559 54517
5560 54573
5561 27301
5562 20487
5563 37577
5564 46125
5565 25201
5566 39955
5567 23667
5568 19597
5569 18581
5570 18333
5571 18275
5572 9131
5573 31955
5574 43371
5575 49085
5576 51957
5577 53395
5578 54123
5579 1703
5580 14145
5581 34513
5582 22355
5583 9659
5584 32289
5585 43615
5586 24641
5587 4975
5588 14987
5589 34983
5590 44983
5591 6249
5592 30629
5593 42825
5594 48937
5595 25997
5596 40527
5597 23897
5598 39485
5599 23641
5600 9843
5601 8119
5602 15809
5603 8867
5604 32007
5605 43585
5606 24689
5607 39945
5608 5947
5609 7645
5610 31431
5611 43325
5612 49277
5613 13065
5614 34157
5615 11177
5616 16617
5617 35965
5618 2853
5619 29093
5620 42215
5621 48777
5622 13015
5623 34183
5624 22389
5625 38885
5626 23571
5627 39491
5628 47465
5629 51453
5630 53455
5631 27231
5632 41359
5633 24215
5634 39863
5635 2981
5636 29261
5637 10601
5638 16545
5639 36067
5640 45835
5641 25361
5642 20245
5643 37933
5644 23391
5645 4939
5646 30289
5647 42975
5648 49319
5649 52493
5650 54083
5651 27441
5652 20783
5653 1195
5654 28453
5655 42085
5656 48903
5657 26159
5658 40961
5659 24187
5660 19995
5661 37897
5662 11713
5663 33763
5664 22395
5665 39107
5666 47465
5667 51647
5668 26871
5669 41357
5670 48603
5671 52237
5672 54063
5673 13745
5674 34823
5675 45363
5676 25321
5677 2539
5678 29235
5679 5323
5680 7659
5681 31813
5682 10975
5683 16743
5684 36373
5685 46191
5686 51115
5687 26789
5688 41421
5689 48751
5690 52419
5691 3391
5692 29745
5693 42923
5694 24759
5695 40441
5696 24143
5697 20073
5698 4765
5699 7617
5700 15949
5701 36073
5702 11535
5703 2117
5704 29177
5705 10677
5706 33463
5707 44863
5708 50565
5709 53417
5710 27429
5711 20935
5712 19317
5713 18919
5714 9411
5715 16447
5716 36415
5717 11601
5718 34001
5719 45209
5720 12705
5721 34571
5722 45507
5723 12745
5724 17303
5725 4611
5726 1909
5727 14597
5728 35543
5729 23011
5730 39757
5731 48133
5732 26163
5733 41345
5734 24469
5735 40501
5736 24261
5737 40415
5738 48503
5739 26275
5740 41437
5741 383
5742 14253
5743 35443
5744 46051
5745 51357
5746 27007
5747 10461
5748 16787
5749 4593
5750 7663
5751 8047
5752 32389
5753 44563
5754 50655
5755 53711
5756 27621
5757 5275
5758 31029
5759 21959
5760 4923
5761 7717
5762 32269
5763 11137
5764 16995
5765 18463
5766 9417
5767 16577
5768 36735
5769 1463
5770 14593
5771 4469
5772 30695
5773 43809
5774 50369
5775 53655
5776 55303
5777 28065
5778 21257
5779 2445
5780 29717
5781 43355
5782 50177
5783 53607
5784 13831
5785 35439
5786 46249
5787 51661
5788 54369
5789 55729
5790 56413
5791 7095
5792 32107
5793 44619
5794 50879
5795 54011
5796 13895
5797 35529
5798 46351
5799 51765
5800 27239
5801 5277
5802 3905
5803 30563
5804 43893
5805 50567
5806 53909
5807 1737
5808 29503
5809 43387
5810 50335
5811 53811
5812 13889
5813 35609
5814 23235
5815 40291
5816 12205
5817 17393
5818 37383
5819 47383
5820 26193
5821 41795
5822 12401
5823 17457
5824 37457
5825 23731
5826 40609
5827 49051
5828 53277
5829 27701
5830 42615
5831 25043
5832 41301
5833 12359
5834 34973
5835 46283
5836 25971
5837 10451
5838 17023
5839 4667
5840 3895
5841 30781
5842 22115
5843 19951
5844 4853
5845 31281
5846 44497
5847 12777
5848 8813
5849 4159
5850 7737
5851 4093
5852 30933
5853 44357
5854 399
5855 29095
5856 10861
5857 8583
5858 8299
5859 4133
5860 15493
5861 18335
5862 19047
5863 38453
5864 48167
5865 53033
5866 55467
5867 14173
5868 2253
5869 15049
5870 18249
5871 38111
5872 12011
5873 35001
5874 46507
5875 52267
5876 55149
5877 14149
5878 36099
5879 23539
5880 1275
5881 29671
5882 1371
5883 29735
5884 21961
5885 10009
5886 34069
5887 11527
5888 34839
5889 1453
5890 29811
5891 43991
5892 25545
5893 41869
5894 25017
5895 10403
5896 34307
5897 23131
5898 5085
5899 15829
5900 37033
5901 23819
5902 41045
5903 49677
5904 53995
5905 28079
5906 5401
5907 15941
5908 18577
5909 38473
5910 24213
5911 20651
5912 19761
5913 19541
5914 609
5915 29513
5916 21985
5917 10053
5918 34247
5919 46349
5920 52401
5921 55439
5922 445
5923 14739
5924 18319
5925 38431
5926 24245
5927 20703
5928 19819
5929 39199
5930 12225
5931 17707
5932 2385
5933 7627
5934 16571
5935 2351
5936 30515
5937 44601
5938 51647
5939 55173
5940 28471
5941 43599
5942 25583
5943 21081
5944 39919
5945 49341
5946 6757
5947 8193
5948 33491
5949 46161
5950 52525
5951 55711
5952 28653
5953 10945
5954 34927
5955 5865
5956 32393
5957 45665
5958 3269
5959 7779
5960 33373
5961 1443
5962 30217
5963 44607
5964 1619
5965 30315
5966 11167
5967 35095
5968 23531
5969 41291
5970 12543
5971 35803
5972 11859
5973 8867
5974 33975
5975 23267
5976 41187
5977 25075
5978 42097
5979 25305
5980 42223
5981 25343
5982 42251
5983 50709
5984 27473
5985 43335
5986 51271
5987 6905
5988 16531
5989 9469
5990 34351
5991 46795
5992 53019
5993 56141
5994 57707
5995 29247
5996 22145
5997 40743
5998 50047
5999 27351
6000 43355
6001 25681
6002 42529
6003 25479
6004 10609
6005 8751
6006 34079
6007 11687
6008 35553
6009 47497
6010 26735
6011 43091
6012 6409
6013 16469
6014 18985
6015 39229
6016 49363
6017 13609
6018 36561
6019 24025
6020 41791
6021 12669
6022 18059
6023 9705
6024 17329
6025 38473
6026 49047
6027 54337
6028 56983
6029 58317
6030 14747
6031 37205
6032 48437
6033 27027
6034 1355
6035 30527
6036 45117
6037 13105
6038 36417
6039 3005
6040 1961
6041 30857
6042 22657
6043 20609
6044 5025
6045 32411
6046 23055
6047 10361
6048 4389
6049 16067
6050 37977
6051 48949
6052 54439
6053 57195
6054 3661
6055 3977
6056 31979
6057 45989
6058 53001
6059 56509
6060 58269
6061 59153
6062 59597
6063 59837
6064 7495
6065 33
6066 15031
6067 18783
6068 39443
6069 49775
6070 54951
6071 28771
6072 44455
6073 26151
6074 10789
6075 17739
6076 19477
6077 39843
6078 25015
6079 42619
6080 51435
6081 27923
6082 44091
6083 52181
6084 56235
6085 7283
6086 4225
6087 16139
6088 19119
6089 39731
6090 25021
6091 42697
6092 12885
6093 36641
6094 48527
6095 54477
6096 14365
6097 37407
6098 12233
6099 36363
6100 24215
6101 21181
6102 40851
6103 50689
6104 27807
6105 22099
6106 20675
6107 40641
6108 25313
6109 42965
6110 25897
6111 169
6112 30403
6113 45525
6114 53087
6115 56873
6116 58767
6117 59723
6118 30103
6119 45403
6120 53061
6121 28447
6122 22295
6123 10379
6124 2223
6125 7873
6126 17159
6127 19483
6128 40131
6129 25231
6130 43021
6131 51921
6132 28195
6133 11133
6134 18005
6135 39447
6136 50173
6137 55537
6138 58225
6139 59571
6140 60245
6141 7573
6142 34255
6143 47599
6144 13569
6145 37265
6146 49133
6147 27535
6148 44281
6149 3291
6150 32167
6151 46609
6152 53833
6153 28731
6154 44915
6155 26509
6156 43819
6157 205
6158 15339
6159 19123
6160 20073
6161 20321
6162 10193
6163 279
6164 15383
6165 19161
6166 20111
6167 40701
6168 50999
6169 56165
6170 58749
6171 15011
6172 38177
6173 49767
6174 55565
6175 7309
6176 34345
6177 23937
6178 42673
6179 52045
6180 56743
6181 59103
6182 30143
6183 45807
6184 53645
6185 28783
6186 22569
6187 21019
6188 41265
6189 803
6190 31173
6191 5795
6192 16837
6193 19599
6194 10145
6195 4483
6196 33043
6197 23663
6198 21319
6199 41473
6200 1611
6201 3953
6202 16399
6203 39025
6204 50341
6205 14001
6206 37837
6207 49759
6208 55723
6209 58713
6210 60215
6211 60969
6212 61349
6213 30775
6214 23133
6215 42457
6216 52135
6217 56977
6218 59407
6219 60625
6220 61243
6221 61557
6222 30859
6223 2899
6224 32413
6225 47173
6226 54561
6227 58261
6228 30057
6229 23009
6230 42495
6231 52241
6232 14279
6233 38141
6234 12519
6235 9317
6236 17839
6237 39943
6238 25499
6239 21889
6240 10495
6241 567
6242 31333
6243 23363
6244 21373
6245 5219
6246 16839
6247 19745
6248 2559
6249 32365
6250 47277
6251 27367
6252 2799
6253 32503
6254 23679
6255 42949
6256 52591
6257 7179
6258 17369
6259 19917
6260 20555
6261 41433
6262 25939
6263 44133
6264 6655
6265 34503
6266 48443
6267 27711
6268 5633
6269 8507
6270 35483
6271 48975
6272 13931
6273 9551
6274 36017
6275 49257
6276 55879
6277 59193
6278 60863
6279 61701
6280 62125
6281 7793
6282 35187
6283 48889
6284 55743
6285 59173
6286 60895
6287 61761
6288 62197
6289 31209
6290 46931
6291 54795
6292 58739
6293 60713
6294 61707
6295 62215
6296 62473
6297 3913
6298 33333
6299 48047
6300 27705
6301 707
6302 15877
6303 9837
6304 9083
6305 35967
6306 24707
6307 10947
6308 18455
6309 10169
6310 4567
6311 2109
6312 16259
6313 19797
6314 5171
6315 17035
6316 40003
6317 12873
6318 4741
6319 4233
6320 33611
6321 755
6322 31893
6323 11869
6324 9367
6325 9055
6326 36067
6327 24791
6328 43947
6329 26765
6330 22473
6331 21401
6332 42275
6333 52727
6334 28981
6335 23045
6336 5391
6337 8579
6338 35913
6339 49595
6340 28219
6341 45759
6342 54535
6343 14731
6344 2439
6345 32885
6346 48111
6347 55729
6348 59541
6349 61451
6350 62409
6351 62893
6352 63141
6353 31633
6354 47515
6355 27731
6356 45575
6357 27249
6358 1417
6359 16215
6360 39839
6361 51653
6362 57563
6363 60525
6364 62009
6365 31377
6366 47449
6367 867
6368 4025
6369 33783
6370 48671
6371 14031
6372 38809
6373 51199
6374 57399
6375 15125
6376 19683
6377 41647
6378 6579
6379 1097
6380 8093
6381 35871
6382 49765
6383 14179
6384 38925
6385 51307
6386 57499
6387 30299
6388 47001
6389 55355
6390 59537
6391 963
6392 16175
6393 39959
6394 12965
6395 38369
6396 51075
6397 28717
6398 23129
6399 21733
6400 42771
6401 53297
6402 7321
6403 35581
6404 49717
6405 56787
6406 60325
6407 62113
6408 31505
6409 47709
6410 55819
6411 14971
6412 19737
6413 41867
6414 52937
6415 58475
6416 61247
6417 3915
6418 4247
6419 34155
6420 49111
6421 14149
6422 2445
6423 33277
6424 12175
6425 38163
6426 25579
6427 11217
6428 18847
6429 41517
6430 52853
6431 58535
6432 61379
6433 62805
6434 63521
6435 7987
6436 36133
6437 1569
6438 32935
6439 48619
6440 56469
6441 30199
6442 23633
6443 44003
6444 3387
6445 33893
6446 12287
6447 4795
6448 34617
6449 24767
6450 22305
6451 21697
6452 43093
6453 13449
6454 38981
6455 51767
6456 58167
6457 15343
6458 39961
6459 13069
6460 38835
6461 25861
6462 45237
6463 54929
6464 29889
6465 47261
6466 55961
6467 7539
6468 36103
6469 50391
6470 28771
6471 11685
6472 38201
6473 25737
6474 22625
6475 43703
6476 54243
6477 29759
6478 47285
6479 56051
6480 30225
6481 47539
6482 56205
6483 60541
6484 31355
6485 48123
6486 883
6487 32901
6488 48911
6489 56919
6490 119
6491 32535
6492 3047
6493 17011
6494 41007
6495 53009
6496 29509
6497 47269
6498 56151
6499 30301
6500 23841
6501 5557
6502 35323
6503 50211
6504 7207
6505 36159
6506 50639
6507 57881
6508 61505
6509 63323
6510 64235
6511 64701
6512 8117
6513 36645
6514 1591
6515 33387
6516 49295
6517 28627
6518 46933
6519 56095
6520 60681
6521 62975
6522 64131
6523 8089
6524 36699
6525 51011
6526 58169
6527 61761
6528 63559
6529 64465
6530 64923
6531 32579
6532 48993
6533 57203
6534 61311
6535 63367
6536 32201
6537 6103
6538 559
6539 33019
6540 24629
6541 22537
6542 44029
6543 54783
6544 60161
6545 15713
6546 5079
6547 17659
6548 41611
6549 53595
6550 14897
6551 20121
6552 10715
6553 19081
6554 42349
6555 53989
6556 59811
6557 62729
6558 32095
6559 12219
6560 9737
6561 2357
6562 8507
6563 2319
6564 34013
6565 49863
6566 28895
6567 47307
6568 28259
6569 46995
6570 28189
6571 46983
6572 28193
6573 47001
6574 28207
6575 47019
6576 14107
6577 39973
6578 13227
6579 39539
6580 52703
6581 14823
6582 40361
6583 53141
6584 29767
6585 5981
6586 17983
6587 20985
6588 21737
6589 43859
6590 54921
6591 60457
6592 63243
6593 505
6594 33273
6595 12415
6596 39241
6597 3291
6598 34687
6599 12597
6600 19675
6601 42891
6602 13625
6603 39881
6604 53021
6605 59595
6606 15721
6607 20475
6608 43333
6609 54777
6610 15127
6611 40699
6612 6687
6613 18247
6614 10573
6615 19229
6616 10697
6617 301
6618 33331
6619 12463
6620 9855
6621 38119
6622 52261
6623 59337
6624 15721
6625 41085
6626 53771
6627 60117
6628 15823
6629 41157
6630 13457
6631 39983
6632 53253
6633 59891
6634 15803
6635 10293
6636 38423
6637 3281
6638 17463
6639 42025
6640 54309
6641 60455
6642 3971
6643 8825
6644 18867
6645 5345
6646 18007
6647 2647
6648 17337
6649 42025
6650 54373
6651 60553
6652 31823
6653 24643
6654 45697
6655 28115
6656 47453
6657 57125
6658 61967
6659 32197
6660 49519
6661 58185
6662 62519
6663 64691
6664 8223
6665 37553
6666 52221
6667 29785
6668 24177
6669 22777
6670 11215
6671 39081
6672 53015
6673 59987
6674 7935
6675 2341
6676 2167
6677 17297
6678 42165
6679 13651
6680 20175
6681 1363
6682 8553
6683 37813
6684 26223
6685 46663
6686 14223
6687 10169
6688 19327
6689 21617
6690 44385
6691 55771
6692 30735
6693 24479
6694 45833
6695 56511
6696 61861
6697 64537
6698 65877
6699 16637
6700 20967
6701 44107
6702 13921
6703 10149
6704 38711
6705 6625
6706 18483
6707 42911
6708 55127
6709 30619
6710 24497
6711 5743
6712 36571
6713 25995
6714 46703
6715 28531
6716 47979
6717 7213
6718 37323
6719 52385
6720 59919
6721 31849
6722 49665
6723 58577
6724 63035
6725 65267
6726 66389
6727 16739
6728 42135
6729 13709
6730 10157
6731 19429
6732 21749
6733 44663
6734 56121
6735 61855
6736 8091
6737 37849
6738 26367
6739 46999
6740 57325
6741 31251
6742 49475
6743 1831
6744 34777
6745 51255
6746 29749
6747 24375
6748 23033
6749 11349
6750 9889
6751 38833
6752 13327
6753 20279
6754 5505
6755 2291
6756 35055
6757 25721
6758 23391
6759 22811
6760 45339
6761 56611
6762 62251
6763 16269
6764 21049
6765 22245
6766 45089
6767 28257
6768 12025
6769 39991
6770 6747
6771 37357
6772 13167
6773 40577
6774 54285
6775 30577
6776 49309
6777 58681
6778 31685
6779 24939
6780 46513
6781 28653
6782 24191
6783 5769
6784 36955
6785 52551
6786 15089
6787 20815
6788 44511
6789 7045
6790 37629
6791 13231
6792 40729
6793 13621
6794 40941
6795 27305
6796 47793
6797 14513
6798 41421
6799 27443
6800 47907
6801 14537
6802 10367
6803 19701
6804 5509
6805 18489
6806 43469
6807 55971
6808 3889
6809 18093
6810 43291
6811 55891
6812 15549
6813 10507
6814 19757
6815 2759
6816 35649
6817 407
6818 34487
6819 25767
6820 23591
6821 46101
6822 57367
6823 63003
6824 65831
6825 33625
6826 25577
6827 11783
6828 40241
6829 13619
6830 20583
6831 2791
6832 8941
6833 19421
6834 44085
6835 28213
6836 12123
6837 20225
6838 11127
6839 19985
6840 22201
6841 45511
6842 57187
6843 63033
6844 65957
6845 2107
6846 17751
6847 43325
6848 28057
6849 48483
6850 14675
6851 41801
6852 27687
6853 48325
6854 58659
6855 31915
6856 50463
6857 59741
6858 64385
6859 16677
6860 42869
6861 1749
6862 35411
6863 13065
6864 10273
6865 9925
6866 19767
6867 22229
6868 22845
6869 11501
6870 20173
6871 44683
6872 14235
6873 41719
6874 27735
6875 12121
6876 5085
6877 18583
6878 2745
6879 18001
6880 2727
6881 9005
6882 39161
6883 54249
6884 61795
6885 65583
6886 67481
6887 4277
6888 36833
6889 53117
6890 15315
6891 42371
6892 55901
6893 31335
6894 12599
6895 41031
6896 55249
6897 62361
6898 65921
6899 33853
6900 51673
6901 60585
6902 32521
6903 25515
6904 2971
6905 18141
6906 21941
6907 45797
6908 57729
6909 63703
6910 66697
6911 68197
6912 68953
6913 69345
6914 34771
6915 26133
6916 11987
6917 40877
6918 1729
6919 35769
6920 52795
6921 61311
6922 32785
6923 51309
6924 30289
6925 50073
6926 29983
6927 24965
6928 5929
6929 1185
6930 35557
6931 6593
6932 38267
6933 54113
6934 15513
6935 42755
6936 28189
6937 6137
6938 38073
6939 27023
6940 48531
6941 59291
6942 16169
6943 21559
6944 45819
6945 57959
6946 64035
6947 16769
6948 43445
6949 3549
6950 9211
6951 9919
6952 20019
6953 45091
6954 28817
6955 49499
6956 59841
6957 16255
6958 10807
6959 40507
6960 55365
6961 62797
6962 66517
6963 68379
6964 34657
6965 3279
6966 2299
6967 18149
6968 44229
6969 57271
6970 15949
6971 21569
6972 5745
6973 38059
6974 54219
6975 15575
6976 5373
6977 18949
6978 44689
6979 14391
6980 42421
6981 56439
6982 63449
6983 66965
6984 34363
6985 26213
6986 48357
6987 7429
6988 38979
6989 27379
6990 12241
6991 20703
6992 22819
6993 46701
6994 58645
6995 32313
6996 25733
6997 48177
6998 29701
6999 25085
7000 47871
7001 59267
7002 64967
7003 67827
7004 17317
7005 44017
7006 57373
7007 64063
7008 8427
7009 39605
7010 55199
7011 63011
7012 33463
7013 52153
7014 61501
7015 66177
7016 34261
7017 52569
7018 15431
7019 43161
7020 57031
7021 15993
7022 679
7023 4475
7024 18853
7025 44901
7026 28963
7027 6245
7028 38607
7029 54793
7030 62887
7031 66939
7032 8621
7033 19905
7034 22729
7035 11719
7036 41379
7037 56219
7038 15911
7039 5437
7040 38263
7041 54691
7042 31455
7043 51299
7044 61223
7045 16547
7046 21927
7047 46547
7048 58859
7049 65025
7050 68117
7051 69675
7052 8807
7053 10007
7054 5079
7055 19085
7056 22587
7057 46937
7058 59115
7059 1019
7060 36173
7061 53751
7062 31271
7063 51305
7064 61323
7065 66335
7066 17211
7067 44285
7068 1807
7069 36597
7070 53993
7071 7837
7072 4953
7073 38183
7074 54801
7075 63115
7076 16819
7077 44131
7078 903
7079 36187
7080 26915
7081 49197
7082 15085
7083 21647
7084 46587
7085 29531
7086 12635
7087 42093
7088 14207
7089 5361
7090 38477
7091 55037
7092 63335
7093 67491
7094 69577
7095 2207
7096 18475
7097 45087
7098 58397
7099 32527
7100 6515
7101 39117
7102 55429
7103 63595
7104 33843
7105 3301
7106 18777
7107 45293
7108 58557
7109 65197
7110 8565
7111 40207
7112 28017
7113 24971
7114 48425
7115 60153
7116 16505
7117 22101
7118 47005
7119 59461
7120 65697
7121 68819
7122 70383
7123 71173
7124 17893
7125 22469
7126 11807
7127 10475
7128 41237
7129 14157
7130 21547
7131 46795
7132 59421
7133 65737
7134 68905
7135 70491
7136 35645
7137 13467
7138 1337
7139 2295
7140 18601
7141 22685
7142 47423
7143 59795
7144 32991
7145 26291
7146 49251
7147 949
7148 18293
7149 11315
7150 10443
7151 41347
7152 1775
7153 18511
7154 45391
7155 29417
7156 12713
7157 21255
7158 731
7159 18267
7160 5663
7161 1219
7162 36793
7163 27293
7164 24919
7165 24335
7166 48383
7167 30211
7168 51339
7169 3869
7170 38175
7171 27667
7172 25041
7173 12193
7174 42363
7175 57455
7176 65003
7177 68781
7178 70679
7179 35823
7180 13555
7181 43089
7182 28933
7183 25395
7184 24511
7185 24293
7186 24241
7187 48457
7188 7571
7189 20065
7190 46383
7191 59545
7192 16533
7193 22315
7194 11881
7195 21155
7196 46959
7197 59863
7198 33165
7199 52991
7200 62907
7201 67883
7202 8797
7203 20417
7204 23325
7205 48107
7206 15125
7207 44013
7208 14615
7209 43763
7210 58343
7211 65637
7212 69287
7213 35559
7214 3391
7215 38175
7216 27787
7217 25191
7218 24547
7219 24389
7220 48701
7221 15215
7222 22063
7223 47551
7224 60297
7225 66679
7226 69871
7227 71475
7228 72283
7229 36351
7230 54739
7231 999
7232 18535
7233 22929
7234 48059
7235 7581
7236 10103
7237 41681
7238 57479
7239 65385
7240 2167
7241 18869
7242 23049
7243 24095
7244 48723
7245 30521
7246 25971
7247 24835
7248 49107
7249 61247
7250 16833
7251 45127
7252 3705
7253 38579
7254 56019
7255 64745
7256 69111
7257 71297
7258 72407
7259 72965
7260 73247
7261 73397
7262 73475
7263 36759
7264 55165
7265 32187
7266 6611
7267 5013
7268 19655
7269 5829
7270 39721
7271 56679
7272 65161
7273 34703
7274 13547
7275 43613
7276 58647
7277 33085
7278 3337
7279 38523
7280 28061
7281 25447
7282 49599
7283 30839
7284 52305
7285 15761
7286 22395
7287 48109
7288 30489
7289 52169
7290 31507
7291 52687
7292 31641
7293 26381
7294 50139
7295 62023
7296 67981
7297 35481
7298 13679
7299 10955
7300 1327
7301 37663
7302 1745
7303 37883
7304 55955
7305 65001
7306 34763
7307 54417
7308 64247
7309 34585
7310 27171
7311 12659
7312 43395
7313 58769
7314 66459
7315 70309
7316 72235
7317 73201
7318 73689
7319 73939
7320 18517
7321 46359
7322 60281
7323 67245
7324 17683
7325 45957
7326 60107
7327 67193
7328 17685
7329 45989
7330 60143
7331 67227
7332 17693
7333 5751
7334 10013
7335 42185
7336 29137
7337 51757
7338 63069
7339 34363
7340 54387
7341 4025
7342 19611
7343 23513
7344 48981
7345 61717
7346 34047
7347 13567
7348 44037
7349 59273
7350 66897
7351 8839
7352 41685
7353 29059
7354 25905
7355 12559
7356 21783
7357 48185
7358 61391
7359 2125
7360 1199
7361 37911
7362 28141
7363 25707
7364 50203
7365 62455
7366 8573
7367 41645
7368 29091
7369 25955
7370 50343
7371 62545
7372 17163
7373 22981
7374 12219
7375 43499
7376 14787
7377 11201
7378 21507
7379 48169
7380 30753
7381 52805
7382 63833
7383 69351
7384 4507
7385 39697
7386 28647
7387 12943
7388 43923
7389 59423
7390 8397
7391 41665
7392 58303
7393 66631
7394 70821
7395 72917
7396 73967
7397 37249
7398 56143
7399 8199
7400 41639
7401 58361
7402 66735
7403 35467
7404 13827
7405 22247
7406 48707
7407 30969
7408 53075
7409 32067
7410 26819
7411 51015
7412 15779
7413 45501
7414 15091
7415 45165
7416 60209
7417 67739
7418 17877
7419 46583
7420 60945
7421 34067
7422 27349
7423 51343
7424 63345
7425 69349
7426 36179
7427 27889
7428 51639
7429 63515
7430 34729
7431 27533
7432 25735
7433 50583
7434 31505
7435 13373
7436 22219
7437 48865
7438 62193
7439 17215
7440 23187
7441 49363
7442 15613
7443 45583
7444 30285
7445 827
7446 19101
7447 23671
7448 49641
7449 62629
7450 17281
7451 46455
7452 7631
7453 20821
7454 3015
7455 39347
7456 57515
7457 33301
7458 27251
7459 51479
7460 31797
7461 53759
7462 64745
7463 17561
7464 5833
7465 40803
7466 14573
7467 11295
7468 5443
7469 10155
7470 10747
7471 21645
7472 48749
7473 62309
7474 8637
7475 42275
7476 59103
7477 1055
7478 19249
7479 5951
7480 40965
7481 29237
7482 52613
7483 32151
7484 27037
7485 51519
7486 63761
7487 8737
7488 10597
7489 21669
7490 48875
7491 62483
7492 69291
7493 72697
7494 37205
7495 56667
7496 66407
7497 35641
7498 13975
7499 45069
7500 30319
7501 26633
7502 6429
7503 5167
7504 10177
7505 43215
7506 59737
7507 67999
7508 72141
7509 74215
7510 75259
7511 18949
7512 23823
7513 50095
7514 247
7515 38313
7516 28675
7517 52539
7518 2015
7519 39219
7520 28915
7521 52689
7522 16145
7523 46313
7524 7675
7525 10521
7526 21757
7527 24567
7528 50543
7529 15885
7530 46213
7531 30689
7532 53625
7533 32551
7534 27287
7535 51945
7536 16069
7537 23175
7538 6239
7539 41445
7540 3691
7541 20091
7542 48385
7543 62541
7544 69629
7545 73181
7546 74967
7547 37931
7548 57351
7549 8383
7550 21291
7551 24523
7552 50671
7553 31875
7554 54353
7555 65595
7556 71221
7557 37023
7558 14237
7559 5695
7560 41301
7561 59107
7562 68013
7563 36239
7564 28297
7565 52629
7566 16199
7567 46595
7568 61799
7569 2169
7570 9899
7571 5433
7572 41237
7573 29571
7574 6665
7575 41873
7576 59483
7577 17073
7578 47105
7579 62123
7580 34819
7581 55993
7582 33291
7583 55241
7584 66221
7585 71717
7586 74477
7587 37929
7588 28793
7589 53021
7590 65141
7591 35601
7592 28217
7593 52743
7594 65011
7595 71151
7596 37117
7597 14305
7598 22911
7599 50129
7600 15935
7601 46647
7602 7751
7603 10641
7604 11003
7605 22105
7606 24881
7607 12789
7608 22559
7609 50015
7610 31873
7611 13669
7612 45579
7613 61535
7614 34761
7615 56137
7616 66829
7617 36089
7618 3551
7619 20275
7620 48913
7621 63235
7622 70399
7623 289
7624 38931
7625 58259
7626 67925
7627 1137
7628 39377
7629 58499
7630 34035
7631 55841
7632 33375
7633 6941
7634 21157
7635 49423
7636 63561
7637 17659
7638 23843
7639 50781
7640 16063
7641 46897
7642 3895
7643 40821
7644 59291
7645 17133
7646 23729
7647 50763
7648 32141
7649 54977
7650 8301
7651 43075
7652 60469
7653 4323
7654 10277
7655 5511
7656 5215
7657 20787
7658 49369
7659 63669
7660 70823
7661 74403
7662 76201
7663 4819
7664 20709
7665 24685
7666 51363
7667 32353
7668 27603
7669 52841
7670 65471
7671 17949
7672 48043
7673 63091
7674 2207
7675 40185
7676 7397
7677 42785
7678 30241
7679 6777
7680 42485
7681 7543
7682 21443
7683 24919
7684 12895
7685 45577
7686 61927
7687 70105
7688 74203
7689 76255
7690 77283
7691 9725
7692 44033
7693 30595
7694 54481
7695 66441
7696 36217
7697 57327
7698 67883
7699 73175
7700 75827
7701 77157
7702 77827
7703 9771
7704 44141
7705 61329
7706 34967
7707 28377
7708 53465
7709 66017
7710 36147
7711 28681
7712 419
7713 19753
7714 12295
7715 45459
7716 62051
7717 35175
7718 28457
7719 26787
7720 26371
7721 52539
7722 32813
7723 55767
7724 16813
7725 11949
7726 45365
7727 15519
7728 47155
7729 123
7730 39463
7731 231
7732 39527
7733 59183
7734 34509
7735 56683
7736 16945
7737 11979
7738 22717
7739 50805
7740 64853
7741 35943
7742 14359
7743 23325
7744 51151
7745 65065
7746 72027
7747 75529
7748 19321
7749 24591
7750 51827
7751 65457
7752 9035
7753 44073
7754 61603
7755 70371
7756 74759
7757 76955
7758 39027
7759 59093
7760 69137
7761 37081
7762 58137
7763 68669
7764 73949
7765 38295
7766 3673
7767 20733
7768 50003
7769 64641
7770 35981
7771 57641
7772 68475
7773 73897
7774 76615
7775 9747
7776 11137
7777 45247
7778 62307
7779 70843
7780 37559
7781 29239
7782 54319
7783 66865
7784 9143
7785 44285
7786 61859
7787 70655
7788 18767
7789 24565
7790 3253
7791 41395
7792 7559
7793 43559
7794 7695
7795 43637
7796 61613
7797 70607
7798 18777
7799 49195
7800 8051
7801 43839
7802 61735
7803 17671
7804 6083
7805 10719
7806 45203
7807 62447
7808 35535
7809 3601
7810 20825
7811 50291
7812 32515
7813 28073
7814 53937
7815 33437
7816 56625
7817 68221
7818 37011
7819 14605
7820 47223
7821 63533
7822 35845
7823 57853
7824 17215
7825 1517
7826 40703
7827 30151
7828 55027
7829 67467
7830 73703
7831 76823
7832 78395
7833 4949
7834 1327
7835 40657
7836 60327
7837 70163
7838 18773
7839 24703
7840 52377
7841 4139
7842 10527
7843 45317
7844 31357
7845 55749
7846 16987
7847 6071
7848 5389
7849 21389
7850 50781
7851 65479
7852 72835
7853 76521
7854 78365
7855 79293
7856 39881
7857 60057
7858 17537
7859 24447
7860 52355
7861 33157
7862 28359
7863 54323
7864 16829
7865 48573
7866 64451
7867 18099
7868 49223
7869 64793
7870 72581
7871 19121
7872 12441
7873 46435
7874 63441
7875 71945
7876 4763
7877 21309
7878 50899
7879 65695
7880 4569
7881 10637
7882 45587
7883 1971
7884 41269
7885 30467
7886 55535
7887 68073
7888 74347
7889 77487
7890 39529
7891 30045
7892 55351
7893 34005
7894 28669
7895 54673
7896 67677
7897 18545
7898 3101
7899 41901
7900 61307
7901 35511
7902 58129
7903 69439
7904 18775
7905 3111
7906 41945
7907 15341
7908 48065
7909 32217
7910 56513
7911 34333
7912 28791
7913 13703
7914 11819
7915 46341
7916 63619
7917 9033
7918 11243
7919 45
7920 10121
7921 45525
7922 63229
7923 72091
7924 76527
7925 39379
7926 30095
7927 27777
7928 54397
7929 16927
7930 48975
7931 65003
7932 36511
7933 58777
7934 8739
7935 22447
7936 51759
7937 33209
7938 28573
7939 54835
7940 531
7941 40825
7942 30489
7943 55823
7944 68493
7945 74833
7946 78007
7947 39801
7948 15125
7949 12041
7950 5829
7951 43531
7952 62385
7953 71833
7954 38279
7955 29893
7956 13899
7957 47603
7958 64467
7959 72905
7960 77127
7961 9905
7962 713
7963 20521
7964 50947
7965 33087
7966 1789
7967 41605
7968 30761
7969 56109
7970 34393
7971 57951
7972 34867
7973 58197
7974 69865
7975 37853
7976 29851
7977 27851
7978 54705
7979 34067
7980 28909
7981 13815
7982 47717
7983 64673
7984 73155
7985 77401
7986 79525
7987 20149
7988 25455
7989 26783
7990 13559
7991 23815
7992 52759
7993 67233
7994 4655
7995 10799
7996 23137
7997 52449
7998 67109
7999 74441
8000 9765
8001 45791
8002 63815
8003 72831
8004 38671
8005 30135
8006 56009
8007 34477
8008 58189
8009 35027
8010 29239
8011 55585
8012 68761
8013 9419
8014 22843
8015 52405
8016 16797
8017 49385
8018 32847
8019 57427
8020 34859
8021 14609
8022 48315
8023 65173
8024 73605
8025 38911
8026 60481
8027 35637
8028 58855
8029 17623
8030 49881
8031 66011
8032 37041
8033 29801
8034 27993
8035 3443
8036 669
8037 41431
8038 61819
8039 36009
8040 29557
8041 27945
8042 3443
8043 5355
8044 21899
8045 3255
8046 42761
8047 7815
8048 22529
8049 26209
8050 27137
8051 54743
8052 68547
8053 37727
8054 30025
8055 28103
8056 3453
8057 42937
8058 62697
8059 18145
8060 50307
8061 66389
8062 18609
8063 12637
8064 47565
8065 8129
8066 22659
8067 26297
8068 27207
8069 27439
8070 54999
8071 17195
8072 49881
8073 33113
8074 14463
8075 12133
8076 47371
8077 2031
8078 42325
8079 62479
8080 72565
8081 77611
8082 80155
8083 40719
8084 61721
8085 2257
8086 42493
8087 62625
8088 18173
8089 12617
8090 47699
8091 65243
8092 37009
8093 117
8094 5183
8095 21999
8096 26209
8097 213
8098 10387
8099 23319
8100 53105
8101 17001
8102 49957
8103 4153
8104 21779
8105 13095
8106 24023
8107 53513
8108 68261
8109 37821
8110 30217
8111 28319
8112 55691
8113 69381
8114 76229
8115 79659
8116 2543
8117 21411
8118 6533
8119 44835
8120 32003
8121 57603
8122 70405
8123 19203
8124 12803
8125 48015
8126 65623
8127 18607
8128 50925
8129 67091
8130 75179
8131 9903
8132 11647
8133 47473
8134 4087
8135 43713
8136 63527
8137 36721
8138 15013
8139 49201
8140 16575
8141 12497
8142 2997
8143 43207
8144 63315
8145 73373
8146 78405
8147 20231
8148 405
8149 10483
8150 46977
8151 65227
8152 37181
8153 60359
8154 35979
8155 29885
8156 14181
8157 3055
8158 43323
8159 15865
8160 49737
8161 66677
8162 75149
8163 39697
8164 61669
8165 72661
8166 39081
8167 61385
8168 72543
8169 39065
8170 3837
8171 43787
8172 31887
8173 28915
8174 28173
8175 27991
8176 27951
8177 13973
8178 12227
8179 24021
8180 53945
8181 68909
8182 4775
8183 44339
8184 64125
8185 74023
8186 39489
8187 30857
8188 57413
8189 35349
8190 14917
8191 6183
8192 11275
8193 47661
8194 65857
8195 37479
8196 30385
8197 28613
8198 56351
8199 17559
8200 50843
8201 67487
8202 18953
8203 12887
8204 48525
8205 4147
8206 11041
8207 93
8208 21073
8209 26321
8210 55271
8211 69747
8212 19247
8213 51743
8214 67995
8215 76129
8216 40107
8217 62207
8218 18315
8219 12829
8220 24287
8221 54317
8222 69333
8223 76855
8224 40311
8225 62351
8226 2293
8227 21675
8228 6631
8229 45531
8230 8123
8231 46283
8232 32683
8233 29285
8234 28437
8235 14113
8236 49297
8237 33449
8238 1843
8239 5397
8240 44959
8241 64741
8242 74637
8243 39797
8244 31089
8245 57839
8246 35617
8247 15031
8248 3115
8249 10971
8250 47815
8251 16561
8252 25313
8253 55005
8254 69853
8255 77283
8256 81001
8257 41433
8258 63085
8259 36959
8260 15215
8261 50001
8262 67397
8263 76103
8264 80457
8265 41321
8266 63089
8267 36987
8268 119
8269 42495
8270 7963
8271 46441
8272 32847
8273 7363
8274 46165
8275 65571
8276 75275
8277 80133
8278 82571
8279 20949
8280 13247
8281 24571
8282 27405
8283 56233
8284 70657
8285 4867
8286 44979
8287 16259
8288 50681
8289 67895
8290 19127
8291 26065
8292 27803
8293 56481
8294 70837
8295 39009
8296 62105
8297 73659
8298 79441
8299 82335
8300 41893
8301 3973
8302 22305
8303 26891
8304 28047
8305 56675
8306 35497
8307 30207
8308 28885
8309 57123
8310 71243
8311 39153
8312 62267
8313 73839
8314 79633
8315 82531
8316 83985
8317 21179
8318 53315
8319 8673
8320 47071
8321 66279
8322 9487
8323 23751
8324 54637
8325 17521
8326 51535
8327 68553
8328 77065
8329 81331
8330 41733
8331 31835
8332 58727
8333 36087
8334 60857
8335 2289
8336 21983
8337 26911
8338 56289
8339 70979
8340 78335
8341 82019
8342 83865
8343 84791
8344 42631
8345 64191
8346 37493
8347 61643
8348 36865
8349 30671
8350 29125
8351 28739
8352 7161
8353 23251
8354 54549
8355 70201
8356 78045
8357 40987
8358 7931
8359 46931
8360 519
8361 43255
8362 64627
8363 75319
8364 20167
8365 53097
8366 69563
8367 9727
8368 23951
8369 55017
8370 17641
8371 51877
8372 68997
8373 19391
8374 13191
8375 49667
8376 33957
8377 1877
8378 11007
8379 48595
8380 16849
8381 51525
8382 68867
8383 77553
8384 40949
8385 63599
8386 4683
8387 45473
8388 65871
8389 76079
8390 81185
8391 83739
8392 42509
8393 32205
8394 463
8395 21701
8396 27013
8397 56683
8398 2235
8399 22151
8400 54261
8401 70321
8402 78355
8403 82377
8404 84395
8405 85409
8406 85925
8407 86189
8408 86325
8409 21599
8410 27019
8411 56755
8412 17907
8413 3263
8414 44897
8415 65715
8416 76127
8417 1271
8418 21961
8419 27135
8420 56861
8421 35865
8422 30623
8423 29313
8424 57995
8425 36171
8426 7679
8427 47195
8428 66957
8429 76843
8430 81793
8431 84273
8432 5345
8433 23029
8434 27453
8435 57133
8436 71985
8437 39707
8438 63279
8439 18767
8440 26407
8441 28319
8442 57621
8443 36137
8444 61533
8445 18559
8446 52755
8447 69857
8448 78413
8449 82697
8450 84845
8451 10741
8452 48877
8453 67957
8454 77499
8455 41137
8456 8013
8457 11887
8458 49495
8459 68301
8460 38855
8461 15747
8462 3215
8463 22591
8464 54871
8465 71025
8466 79103
8467 83145
8468 42589
8469 64905
8470 2377
8471 22407
8472 27415
8473 7167
8474 23611
8475 27723
8476 14377
8477 25419
8478 28183
8479 28875
8480 58099
8481 36359
8482 61859
8483 74621
8484 20253
8485 26915
8486 3573
8487 11375
8488 12351
8489 49897
8490 68685
8491 78083
8492 82787
8493 21287
8494 54399
8495 35479
8496 61501
8497 9315
8498 12107
8499 49827
8500 34345
8501 60951
8502 74255
8503 80919
8504 84253
8505 85921
8506 86767
8507 87195
8508 21853
8509 27371
8510 28753
8511 29099
8512 29187
8513 58429
8514 36527
8515 62105
8516 37449
8517 62573
8518 75137
8519 20357
8520 54039
8521 70889
8522 19829
8523 26895
8524 57331
8525 36281
8526 62039
8527 74921
8528 40683
8529 32129
8530 59991
8531 36965
8532 62421
8533 75151
8534 81519
8535 84715
8536 21579
8537 54755
8538 71349
8539 39827
8540 31947
8541 7495
8542 5967
8543 46979
8544 33745
8545 30437
8546 29611
8547 58815
8548 36713
8549 62391
8550 75235
8551 319
8552 22109
8553 55119
8554 17911
8555 13261
8556 3171
8557 45697
8558 66967
8559 19401
8560 26915
8561 14397
8562 51343
8563 34911
8564 3851
8565 46089
8566 67213
8567 4861
8568 11655
8569 25013
8570 7089
8571 11939
8572 50183
8573 69323
8574 4931
8575 46701
8576 67597
8577 2439
8578 11369
8579 24973
8580 7095
8581 23921
8582 879
8583 44743
8584 16669
8585 3291
8586 45971
8587 33657
8588 61159
8589 74911
8590 81789
8591 85235
8592 43489
8593 66109
8594 77425
8595 41543
8596 65157
8597 76973
8598 82883
8599 85841
8600 87321
8601 43
8602 44427
8603 16655
8604 103
8605 44461
8606 16663
8607 26379
8608 14405
8609 12909
8610 50891
8611 69887
8612 2481
8613 11423
8614 50171
8615 34777
8616 7733
8617 48351
8618 1073
8619 45035
8620 67019
8621 39007
8622 16003
8623 1641
8624 45341
8625 16799
8626 827
8627 11237
8628 25077
8629 7135
8630 48111
8631 34303
8632 61705
8633 75409
8634 10283
8635 49703
8636 17355
8637 26627
8638 14477
8639 405
8640 44807
8641 33505
8642 30683
8643 59957
8644 74597
8645 81929
8646 85599
8647 21859
8648 6947
8649 48125
8650 68721
8651 79025
8652 42097
8653 32867
8654 15281
8655 26167
8656 14445
8657 25961
8658 57687
8659 4597
8660 23507
8661 56475
8662 36481
8663 31485
8664 60481
8665 37493
8666 63497
8667 76505
8668 20753
8669 55137
8670 18083
8671 3363
8672 23231
8673 56397
8674 36491
8675 63041
8676 76319
8677 82959
8678 86281
8679 43973
8680 4175
8681 5863
8682 23879
8683 887
8684 45273
8685 67471
8686 78571
8687 42063
8688 16469
8689 53111
8690 71435
8691 80601
8692 42595
8693 66189
8694 77993
8695 83901
8696 21715
8697 6971
8698 24201
8699 14255
8700 13013
8701 3215
8702 46553
8703 68225
8704 39531
8705 4045
8706 46981
8707 17113
8708 26763
8709 58361
8710 37081
8711 63529
8712 19189
8713 54589
8714 72295
8715 81151
8716 85581
8717 87799
8718 88909
8719 44733
8720 33691
8721 3867
8722 46963
8723 68515
8724 79293
8725 84683
8726 43693
8727 16725
8728 53423
8729 71775
8730 40481
8731 32661
8732 61417
8733 37901
8734 32023
8735 30555
8736 60377
8737 37645
8738 63931
8739 77079
8740 83659
8741 86953
8742 2769
8743 5815
8744 3003
8745 23323
8746 28409
8747 59381
8748 37435
8749 63903
8750 38569
8751 32237
8752 61317
8753 75859
8754 83131
8755 86769
8756 88603
8757 89521
8758 89995
8759 45117
8760 67799
8761 79149
8762 42415
8763 66469
8764 39249
8765 64889
8766 77711
8767 84129
8768 21839
8769 56219
8770 36709
8771 3979
8772 47305
8773 68973
8774 39905
8775 32641
8776 61659
8777 76169
8778 83433
8779 21767
8780 28119
8781 59425
8782 75087
8783 82937
8784 86865
8785 44417
8786 67619
8787 79221
8788 85027
8789 43967
8790 67407
8791 79135
8792 85011
8793 21989
8794 441
8795 11419
8796 1599
8797 46265
8798 34303
8799 62637
8800 76807
8801 41949
8802 66473
8803 78741
8804 5305
8805 48169
8806 8703
8807 12473
8808 51785
8809 35721
8810 63421
8811 38637
8812 64883
8813 78011
8814 2643
8815 46897
8816 69025
8817 20023
8818 55593
8819 18347
8820 27385
8821 14823
8822 26513
8823 58875
8824 75059
8825 41577
8826 66415
8827 78849
8828 42535
8829 16729
8830 211
8831 715
8832 46023
8833 68695
8834 2501
8835 46937
8836 69159
8837 80273
8838 85833
8839 88615
8840 90013
8841 45359
8842 17099
8843 13569
8844 52513
8845 35993
8846 3983
8847 23869
8848 14421
8849 52967
8850 9031
8851 25143
8852 58357
8853 74965
8854 83271
8855 87427
8856 89509
8857 90565
8858 45549
8859 34297
8860 62985
8861 38669
8862 32593
8863 7769
8864 49751
8865 2211
8866 5873
8867 24411
8868 3631
8869 11929
8870 12967
8871 52389
8872 72101
8873 40981
8874 66409
8875 79125
8876 10687
8877 3205
8878 47557
8879 69739
8880 80839
8881 86391
8882 89171
8883 22641
8884 57301
8885 37317
8886 64643
8887 4895
8888 48449
8889 70229
8890 81131
8891 43293
8892 8459
8893 12567
8894 52325
8895 9027
8896 50569
8897 4459
8898 48301
8899 70227
8900 5075
8901 24313
8902 29123
8903 3791
8904 47997
8905 17527
8906 27437
8907 7479
8908 779
8909 11627
8910 51935
8911 72093
8912 82181
8913 87239
8914 89775
8915 45523
8916 1077
8917 5839
8918 6137
8919 49247
8920 70805
8921 81587
8922 43491
8923 2123
8924 47253
8925 17455
8926 54927
8927 1151
8928 23391
8929 57905
8930 2349
8931 11851
8932 13039
8933 52753
8934 9077
8935 50783
8936 71643
8937 82075
8938 87313
8939 89935
8940 91251
8941 45955
8942 17317
8943 54955
8944 73789
8945 10401
8946 805
8947 46723
8948 69685
8949 81171
8950 10865
8951 6471
8952 6197
8953 1545
8954 47119
8955 69909
8956 20327
8957 28261
8958 15123
8959 26965
8960 59859
8961 38155
8962 65461
8963 4945
8964 48867
8965 70829
8966 81815
8967 5457
8968 49139
8969 70985
8970 81917
8971 87387
8972 22531
8973 57697
8974 37641
8975 65267
8976 79083
8977 43001
8978 16991
8979 27483
8980 60217
8981 76587
8982 84773
8983 5555
8984 24637
8985 58819
8986 75933
8987 84493
8988 11097
8989 52087
8990 72585
8991 82837
8992 87967
8993 90535
8994 5739
8995 49435
8996 17821
8997 6935
8998 50043
8999 35803
9000 64491
9001 78839
9002 86019
9003 11203
9004 52221
9005 72731
9006 82991
9007 44061
9008 68659
9009 80961
9010 87121
9011 45101
9012 34597
9013 3997
9014 24329
9015 29413
9016 61371
9017 38677
9018 8253
9019 50815
9020 72099
9021 82753
9022 44043
9023 68735
9024 81099
9025 87289
9026 90385
9027 2873
9028 24091
9029 7349
9030 50423
9031 71963
9032 82743
9033 11017
9034 52285
9035 72921
9036 10405
9037 3249
9038 48415
9039 2219
9040 47913
9041 70771
9042 20551
9043 57117
9044 75409
9045 21139
9046 57429
9047 1181
9048 47471
9049 70617
9050 41101
9051 67455
9052 80633
9053 43615
9054 68733
9055 40651
9056 67269
9057 80579
9058 21809
9059 57855
9060 75883
9061 42449
9062 34093
9063 64015
9064 39489
9065 66719
9066 80343
9067 87157
9068 11321
9069 13163
9070 13395
9071 53701
9072 73855
9073 10493
9074 52271
9075 18291
9076 56177
9077 9391
9078 51745
9079 72927
9080 83519
9081 44409
9082 69265
9083 20427
9084 28645
9085 61407
9086 19451
9087 56829
9088 18881
9089 56555
9090 18851
9091 14139
9092 27103
9093 60697
9094 38751
9095 33265
9096 63793
9097 19765
9098 7131
9099 50737
9100 72543
9101 83447
9102 88913
9103 91655
9104 93027
9105 23431
9106 58929
9107 76681
9108 10695
9109 6571
9110 50509
9111 36243
9112 4085
9113 12321
9114 53417
9115 73973
9116 21063
9117 28901
9118 30861
9119 3919
9120 49239
9121 17975
9122 28137
9123 3835
9124 769
9125 23843
9126 14807
9127 27357
9128 61003
9129 77827
9130 86257
9131 90475
9132 5787
9133 50255
9134 72491
9135 83619
9136 89195
9137 45993
9138 70387
9139 20647
9140 7215
9141 51013
9142 18229
9143 28263
9144 30775
9145 7851
9146 51349
9147 73099
9148 41993
9149 68441
9150 10209
9151 26279
9152 30303
9153 31313
9154 15783
9155 13843
9156 27209
9157 3819
9158 49411
9159 36105
9160 65563
9161 80295
9162 87679
9163 91375
9164 93229
9165 47079
9166 17771
9167 3527
9168 24657
9169 29941
9170 31263
9171 63197
9172 39585
9173 67369
9174 81273
9175 88231
9176 91711
9177 93457
9178 94335
9179 94777
9180 23751
9181 14873
9182 3441
9183 49349
9184 72305
9185 41893
9186 68583
9187 81931
9188 88609
9189 11495
9190 26703
9191 61015
9192 78177
9193 86773
9194 45539
9195 35233
9196 65317
9197 80365
9198 21973
9199 58701
9200 77071
9201 86257
9202 90859
9203 93163
9204 94317
9205 47449
9206 35733
9207 16405
9208 27983
9209 61757
9210 9831
9211 26345
9212 60953
9213 78261
9214 86921
9215 91259
9216 93431
9217 23631
9218 29813
9219 62721
9220 79177
9221 43707
9222 8713
9223 26105
9224 60909
9225 78313
9226 43509
9227 17405
9228 56571
9229 76159
9230 42983
9231 69383
9232 41293
9233 34271
9234 16259
9235 56031
9236 37961
9237 33445
9238 64651
9239 20065
9240 57969
9241 76925
9242 10801
9243 13339
9244 13657
9245 27395
9246 30831
9247 63389
9248 79673
9249 10977
9250 26737
9251 30681
9252 63335
9253 19917
9254 57965
9255 76991
9256 86517
9257 91285
9258 11709
9259 26947
9260 30761
9261 63449
9262 79799
9263 43989
9264 35039
9265 65609
9266 80895
9267 88547
9268 92379
9269 23575
9270 59899
9271 39033
9272 33823
9273 65043
9274 5041
9275 50661
9276 73475
9277 21221
9278 14693
9279 55511
9280 75921
9281 86129
9282 91241
9283 93809
9284 95105
9285 47881
9286 18039
9287 57241
9288 38423
9289 4215
9290 25169
9291 60819
9292 78649
9293 5473
9294 50983
9295 18435
9296 14369
9297 6931
9298 25871
9299 30607
9300 31797
9301 1003
9302 12199
9303 425
9304 24267
9305 3779
9306 50223
9307 73447
9308 5317
9309 25505
9310 30559
9311 1989
9312 12341
9313 54545
9314 75651
9315 86207
9316 2859
9317 49819
9318 73303
9319 42525
9320 34831
9321 32913
9322 16217
9323 28261
9324 31277
9325 1001
9326 48929
9327 72911
9328 84909
9329 45455
9330 71193
9331 84073
9332 22629
9333 59801
9334 39195
9335 17023
9336 28505
9337 62753
9338 39939
9339 68473
9340 82747
9341 89893
9342 93483
9343 47641
9344 18093
9345 57605
9346 38683
9347 67917
9348 82537
9349 11231
9350 6775
9351 51973
9352 74575
9353 85881
9354 91547
9355 94389
9356 95815
9357 96537
9358 48455
9359 36439
9360 66871
9361 82099
9362 89733
9363 93551
9364 47731
9365 72555
9366 10621
9367 13501
9368 55449
9369 19109
9370 58269
9371 77855
9372 43827
9373 70643
9374 84053
9375 11347
9376 6803
9377 52157
9378 9355
9379 53451
9380 18875
9381 29107
9382 31667
9383 64619
9384 40549
9385 8633
9386 13277
9387 27721
9388 62665
9389 80139
9390 44447
9391 71049
9392 84361
9393 5689
9394 12925
9395 55327
9396 76549
9397 87163
9398 92475
9399 23783
9400 30399
9401 32057
9402 64949
9403 20349
9404 29549
9405 63699
9406 80779
9407 11165
9408 27259
9409 62569
9410 40113
9411 8627
9412 53277
9413 18901
9414 29211
9415 31793
9416 4055
9417 25507
9418 61747
9419 39939
9420 68975
9421 10437
9422 54239
9423 76143
9424 21775
9425 7491
9426 13199
9427 55661
9428 76895
9429 87519
9430 92849
9431 11941
9432 55077
9433 76649
9434 43719
9435 70985
9436 84621
9437 91445
9438 94871
9439 96585
9440 97451
9441 48943
9442 73633
9443 21495
9444 59921
9445 79145
9446 88761
9447 46787
9448 18147
9449 58277
9450 9793
9451 27053
9452 62741
9453 5037
9454 51745
9455 37551
9456 68009
9457 83241
9458 22715
9459 60603
9460 79555
9461 89037
9462 93785
9463 24041
9464 61301
9465 19983
9466 29639
9467 32059
9468 16335
9469 57481
9470 19515
9471 29539
9472 64101
9473 81385
9474 90037
9475 47187
9476 36475
9477 16899
9478 28907
9479 63819
9480 40639
9481 34853
9482 261
9483 49531
9484 74169
9485 86489
9486 92663
9487 23939
9488 61403
9489 10017
9490 54445
9491 38333
9492 68613
9493 83755
9494 91327
9495 47559
9496 73235
9497 86081
9498 92505
9499 47861
9500 18351
9501 14663
9502 56813
9503 77897
9504 88445
9505 46861
9506 72937
9507 85977
9508 23125
9509 61083
9510 20017
9511 14887
9512 56985
9513 78037
9514 44285
9515 71697
9516 2669
9517 12725
9518 55929
9519 77533
9520 5521
9521 52335
9522 37877
9523 68529
9524 20965
9525 30047
9526 505
9527 49873
9528 37281
9529 68269
9530 20941
9531 60109
9532 79699
9533 22377
9534 30431
9535 32445
9536 32953
9537 33081
9538 66229
9539 41405
9540 70401
9541 84901
9542 92155
9543 95793
9544 6101
9545 52785
9546 9517
9547 54507
9548 77015
9549 88271
9550 23475
9551 61513
9552 10067
9553 54815
9554 77193
9555 88385
9556 93983
9557 96795
9558 98203
9559 98913
9560 49639
9561 37325
9562 4281
9563 12995
9564 28171
9565 63939
9566 2557
9567 51135
9568 75427
9569 43787
9570 4485
9571 52123
9572 75945
9573 43933
9574 71863
9575 21459
9576 30319
9577 65071
9578 41225
9579 70529
9580 1331
9581 50595
9582 75233
9583 87555
9584 46859
9585 18345
9586 29563
9587 64743
9588 2573
9589 51267
9590 75619
9591 21951
9592 60971
9593 80487
9594 90253
9595 23787
9596 30959
9597 16377
9598 58223
9599 79163
9600 22409
9601 61269
9602 40355
9603 35127
9604 1057
9605 12655
9606 28211
9607 32101
9608 33077
9609 66645
9610 83441
9611 45927
9612 73099
9613 86689
9614 46745
9615 73521
9616 86917
9617 93625
9618 12123
9619 3515
9620 25969
9621 31583
9622 65981
9623 41593
9624 70993
9625 42849
9626 35815
9627 17029
9628 29369
9629 32457
9630 66463
9631 83473
9632 91983
9633 48121
9634 18579
9635 14887
9636 57703
9637 79113
9638 89825
9639 47593
9640 74071
9641 87315
9642 93953
9643 97281
9644 98947
9645 12473
9646 56561
9647 78615
9648 22411
9649 3847
9650 52273
9651 9561
9652 55147
9653 9743
9654 55245
9655 78007
9656 89397
9657 47549
9658 74175
9659 87493
9660 47079
9661 36977
9662 4307
9663 13145
9664 28513
9665 64713
9666 20705
9667 30409
9668 65673
9669 20827
9670 15223
9671 29051
9672 65019
9673 83009
9674 92009
9675 96515
9676 98771
9677 99911
9678 100487
9679 6299
9680 26847
9681 63977
9682 5159
9683 3321
9684 52219
9685 76669
9686 88905
9687 95027
9688 98093
9689 99627
9690 6275
9691 53729
9692 77463
9693 89333
9694 47635
9695 37211
9696 2163
9697 51715
9698 38247
9699 69763
9700 42761
9701 9003
9702 13787
9703 57555
9704 19861
9705 60601
9706 40487
9707 70923
9708 86143
9709 1465
9710 1607
9711 51503
9712 76457
9713 44469
9714 72949
9715 87199
9716 94333
9717 97905
9718 49847
9719 18917
9720 60209
9721 10107
9722 27905
9723 16179
9724 58855
9725 40097
9726 70817
9727 86189
9728 93881
9729 97731
9730 99665
9731 50317
9732 18991
9733 60309
9734 80975
9735 45657
9736 18415
9737 3753
9738 52723
9739 19303
9740 60511
9741 81117
9742 91427
9743 12073
9744 28455
9745 32551
9746 67161
9747 84475
9748 5821
9749 26907
9750 32185
9751 67011
9752 84425
9753 11643
9754 14189
9755 58031
9756 79955
9757 90923
9758 24105
9759 63013
9760 82471
9761 92205
9762 97081
9763 49761
9764 75869
9765 2779
9766 52389
9767 77195
9768 22401
9769 31105
9770 16641
9771 7417
9772 27365
9773 8089
9774 55075
9775 78573
9776 90325
9777 48101
9778 75101
9779 44301
9780 18301
9781 60211
9782 81175
9783 45831
9784 18499
9785 15085
9786 29319
9787 32879
9788 67539
9789 84871
9790 11693
9791 56961
9792 79597
9793 90919
9794 96585
9795 99419
9796 100839
9797 50783
9798 76541
9799 89421
9800 95869
9801 99099
9802 50359
9803 76359
9804 89363
9805 11985
9806 14299
9807 29177
9808 65805
9809 84121
9810 46643
9811 9319
9812 13975
9813 14559
9814 58529
9815 20129
9816 30663
9817 33299
9818 67919
9819 85233
9820 23473
9821 7877
9822 13805
9823 14549
9824 58571
9825 80589
9826 5725
9827 6773
9828 27355
9829 16251
9830 59459
9831 40533
9832 71605
9833 43571
9834 4571
9835 26833
9836 32399
9837 33
9838 51413
9839 77105
9840 44979
9841 4619
9842 26865
9843 32431
9844 67651
9845 5329
9846 54105
9847 19627
9848 30635
9849 33391
9850 68161
9851 85557
9852 47131
9853 75057
9854 89029
9855 48009
9856 37763
9857 35203
9858 69135
9859 43051
9860 73065
9861 22019
9862 62555
9863 10353
9864 28363
9865 65743
9866 42221
9867 9087
9868 14033
9869 3663
9870 835
9871 52033
9872 77635
9873 45231
9874 74261
9875 5549
9876 27217
9877 65275
9878 10539
9879 14237
9880 14703
9881 59047
9882 20305
9883 15463
9884 14859
9885 14785
9886 1847
9887 52649
9888 78053
9889 45381
9890 1163
9891 52337
9892 77933
9893 90741
9894 97147
9895 50177
9896 9609
9897 56591
9898 20021
9899 30901
9900 33623
9901 34309
9902 17241
9903 30221
9904 8367
9905 14003
9906 14709
9907 59195
9908 81441
9909 46285
9910 37497
9911 35305
9912 69537
9913 43331
9914 36783
9915 70297
9916 87055
9917 47723
9918 37891
9919 70867
9920 87367
9921 23907
9922 63905
9923 83909
9924 46957
9925 37727
9926 70845
9927 43703
9928 18459
9929 61219
9930 10325
9931 28579
9932 33143
9933 34285
9934 8643
9935 28163
9936 16523
9937 30139
9938 67093
9939 85573
9940 2963
9941 53525
9942 78807
9943 91457
9944 97785
9945 12619
9946 58371
9947 81259
9948 2897
9949 53529
9950 78851
9951 91515
9952 97849
9953 25257
9954 8093
9955 56163
9956 80201
9957 46111
9958 18799
9959 61543
9960 10365
9961 57337
9962 10103
9963 57213
9964 40385
9965 36183
9966 17569
9967 60975
9968 82679
9969 2923
9970 53661
9971 79039
9972 91749
9973 49055
9974 19191
9975 61835
9976 83163
9977 46919
9978 75723
9979 45065
9980 18701
9981 61625
9982 5193
9983 54877
9984 4983
9985 13697
9986 59147
9987 81885
9988 46631
9989 75641
9990 45075
9991 18719
9992 15425
9993 30027
9994 2105
9995 53403
9996 79055
9997 91883
9998 24575
9999 64649
10000 84689
