
1 0
2 1
3 1
4 2
5 1
6 3
7 2
8 3
9 2
10 4
11 3
12 4
13 2
14 4
15 4
16 3
17 2
18 4
19 4
20 3
21 2
22 4
23 3
24 4
25 1
26 4
27 5
28 6
29 4
30 6
31 5
32 5
33 6
34 6
35 5
36 8
37 4
38 6
39 6
40 5
41 4
42 7
43 5
44 7
45 5
46 6
47 4
48 5
49 3
50 4
51 7
52 6
53 7
54 8
55 5
56 4
57 7
58 5
59 5
60 9
61 3
62 6
63 5
64 6
65 4
66 6
67 5
68 7
69 7
70 4
71 5
72 5
73 5
74 4
75 6
76 5
77 6
78 10
79 5
80 4
81 5
82 7
83 4
84 9
85 2
86 9
87 8
88 5
89 6
90 6
91 8
92 7
93 9
94 4
95 7
96 6
97 4
98 4
99 9
100 7
101 4
102 10
103 4
104 7
105 4
106 9
107 7
108 11
109 3
110 8
111 9
112 5
113 7
114 8
115 7
116 6
117 8
118 6
119 7
120 4
121 3
122 5
123 9
124 6
125 5
126 10
127 9
128 7
129 7
130 7
131 10
132 15
133 5
134 11
135 10
136 10
137 5
138 10
139 7
140 6
141 6
142 7
143 7
144 9
145 5
146 6
147 10
148 5
149 6
150 11
151 13
152 8
153 12
154 10
155 8
156 12
157 6
158 10
159 11
160 7
161 4
162 10
163 7
164 9
165 6
166 6
167 7
168 9
169 4
170 8
171 13
172 9
173 8
174 10
175 7
176 9
177 12
178 10
179 10
180 9
181 6
182 7
183 9
184 9
185 4
186 10
187 9
188 9
189 7
190 6
191 9
192 8
193 5
194 4
195 10
196 8
197 8
198 11
199 10
200 5
201 9
202 11
203 7
204 11
205 4
206 12
207 13
208 11
209 6
210 11
211 10
212 8
213 10
214 9
215 7
216 10
217 5
218 4
219 10
220 4
221 4
222 11
223 8
224 7
225 8
226 11
227 9
228 13
229 6
230 8
231 16
232 11
233 9
234 12
235 11
236 8
237 9
238 5
239 9
240 8
241 3
242 8
243 8
244 7
245 4
246 11
247 8
248 8
249 11
250 9
251 12
252 15
253 12
254 9
255 11
256 13
257 8
258 11
259 10
260 10
261 7
262 9
263 6
264 14
265 6
266 8
267 10
268 8
269 9
270 13
271 13
272 5
273 15
274 9
275 9
276 12
277 9
278 13
279 12
280 8
281 5
282 12
283 7
284 11
285 9
286 10
287 8
288 13
289 7
290 5
291 14
292 6
293 12
294 13
295 9
296 11
297 15
298 13
299 7
300 13
301 5
302 11
303 11
304 11
305 5
306 12
307 11
308 9
309 12
310 3
311 10
312 10
313 9
314 6
315 10
316 10
317 9
318 11
319 10
320 9
321 12
322 12
323 7
324 13
325 5
326 11
327 12
328 11
329 8
330 10
331 14
332 9
333 16
334 10
335 5
336 8
337 6
338 7
339 12
340 8
341 8
342 16
343 6
344 8
345 8
346 12
347 9
348 15
349 6
350 9
351 14
352 12
353 12
354 10
355 7
356 7
357 13
358 6
359 11
360 9
361 6
362 5
363 9
364 7
365 8
366 16
367 9
368 12
369 11
370 12
371 10
372 15
373 9
374 12
375 13
376 13
377 11
378 13
379 10
380 7
381 10
382 3
383 7
384 13
385 9
386 6
387 10
388 10
389 7
390 10
391 12
392 8
393 16
394 11
395 8
396 13
397 10
398 12
399 11
400 8
401 7
402 14
403 10
404 9
405 12
406 10
407 8
408 11
409 7
410 6
411 14
412 10
413 9
414 15
415 8
416 8
417 14
418 14
419 6
420 13
421 7
422 11
423 8
424 13
425 6
426 14
427 8
428 9
429 14
430 6
431 14
432 11
433 13
434 5
435 10
436 4
437 7
438 13
439 11
440 8
441 10
442 11
443 6
444 15
445 4
446 10
447 10
448 12
449 10
450 10
451 15
452 13
453 20
454 5
455 8
456 14
457 8
458 7
459 16
460 5
461 6
462 10
463 7
464 8
465 9
466 13
467 7
468 15
469 9
470 11
471 10
472 10
473 11
474 12
475 7
476 13
477 14
478 10
479 6
480 9
481 5
482 7
483 11
484 7
485 9
486 11
487 11
488 6
489 14
490 12
491 10
492 14
493 11
494 14
495 13
496 14
497 6
498 15
499 8
500 6
501 7
502 9
503 8
504 11
505 8
506 5
507 12
508 6
509 12
510 9
511 14
512 7
513 17
514 9
515 8
516 13
517 8
518 11
519 9
520 9
521 7
522 13
523 6
524 8
525 9
526 10
527 8
528 16
529 7
530 7
531 15
532 10
533 12
534 13
535 8
536 10
537 16
538 12
539 9
540 12
541 6
542 8
543 9
544 12
545 4
546 12
547 9
548 12
549 11
550 9
551 9
552 12
553 12
554 7
555 9
556 9
557 9
558 12
559 12
560 2
561 13
562 10
563 7
564 12
565 5
566 7
567 14
568 11
569 8
570 10
571 12
572 10
573 19
574 5
575 10
576 14
577 10
578 5
579 11
580 7
581 6
582 15
583 9
584 10
585 9
586 14
587 8
588 13
589 6
590 11
591 12
592 9
593 14
594 15
595 7
596 8
597 12
598 6
599 7
600 9
601 7
602 9
603 7
604 9
605 6
606 18
607 7
608 10
609 11
610 11
611 12
612 13
613 12
614 12
615 10
616 12
617 8
618 14
619 12
620 9
621 11
622 4
623 3
624 9
625 5
626 8
627 15
628 11
629 10
630 12
631 16
632 6
633 18
634 9
635 11
636 15
637 12
638 14
639 16
640 10
641 6
642 12
643 9
644 13
645 14
646 7
647 9
648 14
649 6
650 5
651 16
652 11
653 12
654 17
655 10
656 14
657 18
658 15
659 10
660 17
661 9
662 14
663 12
664 15
665 9
666 11
667 11
668 12
669 13
670 7
671 11
672 11
673 11
674 9
675 9
676 10
677 10
678 19
679 8
680 9
681 11
682 17
683 9
684 18
685 9
686 12
687 12
688 9
689 12
690 12
691 16
692 10
693 21
694 10
695 8
696 9
697 7
698 8
699 17
700 9
701 10
702 16
703 9
704 10
705 12
706 18
707 11
708 20
709 7
710 12
711 21
712 11
713 13
714 13
715 10
716 10
717 14
718 10
719 11
720 10
721 6
722 5
723 11
724 10
725 11
726 19
727 9
728 11
729 17
730 12
731 14
732 23
733 11
734 16
735 17
736 14
737 14
738 17
739 14
740 11
741 10
742 8
743 12
744 15
745 6
746 9
747 12
748 13
749 10
750 14
751 16
752 11
753 21
754 13
755 12
756 24
757 10
758 17
759 20
760 10
761 8
762 19
763 12
764 15
765 9
766 10
767 12
768 17
769 8
770 8
771 22
772 10
773 14
774 17
775 12
776 7
777 18
778 14
779 18
780 16
781 8
782 20
783 14
784 12
785 6
786 16
787 10
788 14
789 13
790 10
791 16
792 14
793 14
794 7
795 17
796 8
797 14
798 17
799 14
800 7
801 13
802 16
803 13
804 20
805 7
806 20
807 16
808 12
809 9
810 15
811 16
812 15
813 18
814 10
815 13
816 13
817 10
818 10
819 18
820 10
821 9
822 18
823 11
824 12
825 14
826 18
827 11
828 24
829 9
830 13
831 20
832 13
833 9
834 19
835 12
836 18
837 13
838 6
839 9
840 12
841 5
842 5
843 13
844 9
845 8
846 18
847 15
848 10
849 17
850 9
851 20
852 21
853 16
854 19
855 20
856 15
857 8
858 18
859 19
860 18
861 14
862 7
863 10
864 14
865 3
866 8
867 17
868 10
869 12
870 15
871 16
872 11
873 25
874 12
875 14
876 19
877 13
878 18
879 24
880 12
881 10
882 19
883 12
884 16
885 14
886 14
887 10
888 13
889 6
890 11
891 21
892 11
893 16
894 20
895 9
896 8
897 15
898 17
899 16
900 18
901 7
902 16
903 16
904 16
905 11
906 18
907 14
908 12
909 15
910 11
911 14
912 14
913 11
914 12
915 17
916 14
917 12
918 25
919 13
920 7
921 9
922 11
923 9
924 24
925 6
926 17
927 21
928 17
929 14
930 14
931 18
932 16
933 22
934 15
935 17
936 19
937 11
938 8
939 21
940 10
941 9
942 17
943 8
944 11
945 11
946 14
947 10
948 18
949 5
950 11
951 23
952 11
953 21
954 15
955 13
956 14
957 17
958 8
959 19
960 13
961 7
962 8
963 16
964 12
965 8
966 20
967 14
968 15
969 15
970 11
971 16
972 19
973 12
974 14
975 16
976 15
977 15
978 16
979 16
980 14
981 12
982 12
983 11
984 19
985 8
986 10
987 17
988 14
989 11
990 24
991 19
992 8
993 24
994 15
995 13
996 20
997 9
998 19
999 20
1000 9
1001 8
1002 16
1003 9
1004 15
1005 13
1006 11
1007 13
1008 13
1009 9
1010 9
1011 20
1012 11
1013 15
1014 22
1015 10
1016 12
1017 14
1018 17
1019 11
1020 15
1021 6
1022 14
1023 16
1024 14
1025 10
1026 17
1027 13
1028 17
1029 16
1030 7
1031 19
1032 14
1033 12
1034 13
1035 20
1036 10
1037 12
1038 18
1039 17
1040 5
1041 13
1042 14
1043 13
1044 23
1045 8
1046 14
1047 16
1048 16
1049 8
1050 17
1051 20
1052 18
1053 24
1054 12
1055 11
1056 16
1057 12
1058 8
1059 24
1060 6
1061 10
1062 19
1063 11
1064 8
1065 13
1066 12
1067 14
1068 28
1069 9
1070 17
1071 17
1072 13
1073 8
1074 13
1075 13
1076 18
1077 21
1078 8
1079 16
1080 12
1081 8
1082 6
1083 16
1084 7
1085 6
1086 16
1087 12
1088 15
1089 15
1090 14
1091 9
1092 25
1093 14
1094 23
1095 13
1096 18
1097 10
1098 17
1099 13
1100 14
1101 16
1102 10
1103 13
1104 16
1105 8
1106 12
1107 22
1108 7
1109 13
1110 19
1111 21
1112 8
1113 20
1114 15
1115 15
1116 20
1117 6
1118 17
1119 22
1120 9
1121 10
1122 17
1123 11
1124 13
1125 12
1126 13
1127 10
1128 17
1129 8
1130 9
1131 27
1132 7
1133 22
1134 18
1135 12
1136 7
1137 15
1138 12
1139 15
1140 16
1141 5
1142 16
1143 14
1144 14
1145 10
1146 15
1147 9
1148 16
1149 13
1150 8
1151 14
1152 16
1153 14
1154 7
1155 19
1156 13
1157 15
1158 21
1159 23
1160 9
1161 13
1162 14
1163 10
1164 19
1165 6
1166 18
1167 14
1168 14
1169 11
1170 17
1171 15
1172 18
1173 18
1174 15
1175 12
1176 17
1177 12
1178 11
1179 21
1180 13
1181 7
1182 19
1183 10
1184 13
1185 13
1186 12
1187 14
1188 19
1189 8
1190 11
1191 22
1192 15
1193 17
1194 17
1195 11
1196 18
1197 16
1198 10
1199 15
1200 13
1201 8
1202 9
1203 12
1204 13
1205 7
1206 19
1207 11
1208 9
1209 14
1210 12
1211 19
1212 19
1213 11
1214 14
1215 18
1216 15
1217 13
1218 19
1219 14
1220 13
1221 14
1222 10
1223 11
1224 18
1225 8
1226 8
1227 16
1228 10
1229 11
1230 19
1231 22
1232 6
1233 22
1234 14
1235 14
1236 16
1237 8
1238 17
1239 25
1240 8
1241 11
1242 13
1243 15
1244 13
1245 16
1246 9
1247 11
1248 14
1249 6
1250 9
1251 22
1252 15
1253 15
1254 25
1255 11
1256 12
1257 18
1258 17
1259 15
1260 17
1261 6
1262 15
1263 18
1264 15
1265 12
1266 16
1267 10
1268 16
1269 18
1270 4
1271 13
1272 14
1273 10
1274 8
1275 16
1276 15
1277 13
1278 24
1279 14
1280 6
1281 12
1282 18
1283 9
1284 27
1285 8
1286 16
1287 16
1288 13
1289 11
1290 14
1291 14
1292 13
1293 20
1294 7
1295 14
1296 14
1297 6
1298 7
1299 19
1300 8
1301 6
1302 23
1303 10
1304 17
1305 11
1306 16
1307 11
1308 24
1309 11
1310 21
1311 23
1312 11
1313 14
1314 16
1315 17
1316 10
1317 19
1318 11
1319 17
1320 14
1321 8
1322 8
1323 19
1324 7
1325 7
1326 17
1327 13
1328 14
1329 14
1330 10
1331 22
1332 20
1333 14
1334 17
1335 17
1336 14
1337 10
1338 14
1339 16
1340 15
1341 14
1342 7
1343 8
1344 13
1345 8
1346 11
1347 17
1348 9
1349 15
1350 12
1351 15
1352 10
1353 26
1354 17
1355 12
1356 21
1357 11
1358 19
1359 24
1360 11
1361 7
1362 16
1363 12
1364 17
1365 8
1366 15
1367 14
1368 14
1369 8
1370 4
1371 17
1372 11
1373 19
1374 20
1375 11
1376 13
1377 18
1378 17
1379 15
1380 23
1381 5
1382 21
1383 16
1384 18
1385 7
1386 22
1387 17
1388 16
1389 13
1390 7
1391 17
1392 14
1393 15
1394 7
1395 21
1396 9
1397 12
1398 20
1399 12
1400 11
1401 12
1402 15
1403 12
1404 25
1405 8
1406 20
1407 16
1408 15
1409 9
1410 16
1411 21
1412 15
1413 22
1414 8
1415 11
1416 10
1417 9
1418 9
1419 25
1420 10
1421 10
1422 16
1423 13
1424 7
1425 11
1426 17
1427 16
1428 25
1429 7
1430 17
1431 25
1432 10
1433 14
1434 21
1435 11
1436 13
1437 18
1438 10
1439 18
1440 12
1441 10
1442 6
1443 12
1444 9
1445 9
1446 22
1447 15
1448 10
1449 15
1450 10
1451 17
1452 23
1453 13
1454 18
1455 19
1456 13
1457 12
1458 17
1459 16
1460 18
1461 12
1462 6
1463 10
1464 20
1465 6
1466 13
1467 18
1468 11
1469 11
1470 13
1471 18
1472 10
1473 28
1474 14
1475 13
1476 22
1477 11
1478 20
1479 26
1480 13
1481 9
1482 16
1483 9
1484 22
1485 11
1486 12
1487 9
1488 16
1489 4
1490 7
1491 20
1492 11
1493 18
1494 23
1495 15
1496 8
1497 23
1498 15
1499 20
1500 17
1501 6
1502 17
1503 16
1504 15
1505 8
1506 18
1507 12
1508 12
1509 10
1510 11
1511 12
1512 16
1513 6
1514 7
1515 14
1516 12
1517 9
1518 27
1519 15
1520 9
1521 14
1522 14
1523 14
1524 20
1525 11
1526 13
1527 24
1528 14
1529 14
1530 15
1531 20
1532 13
1533 15
1534 14
1535 14
1536 17
1537 5
1538 10
1539 22
1540 12
1541 10
1542 17
1543 11
1544 14
1545 15
1546 11
1547 16
1548 19
1549 11
1550 14
1551 30
1552 12
1553 20
1554 17
1555 12
1556 17
1557 18
1558 13
1559 15
1560 11
1561 8
1562 13
1563 14
1564 9
1565 13
1566 19
1567 9
1568 5
1569 16
1570 9
1571 16
1572 15
1573 15
1574 15
1575 21
1576 16
1577 12
1578 16
1579 20
1580 15
1581 11
1582 10
1583 11
1584 18
1585 6
1586 9
1587 15
1588 14
1589 11
1590 17
1591 12
1592 11
1593 21
1594 14
1595 13
1596 26
1597 9
1598 15
1599 23
1600 14
1601 8
1602 19
1603 10
1604 22
1605 9
1606 12
1607 15
1608 18
1609 8
1610 10
1611 20
1612 11
1613 14
1614 25
1615 11
1616 10
1617 15
1618 16
1619 18
1620 20
1621 6
1622 16
1623 14
1624 10
1625 8
1626 17
1627 13
1628 21
1629 16
1630 10
1631 19
1632 12
1633 12
1634 13
1635 19
1636 10
1637 11
1638 19
1639 18
1640 5
1641 10
1642 16
1643 14
1644 19
1645 8
1646 16
1647 15
1648 11
1649 10
1650 15
1651 22
1652 17
1653 27
1654 11
1655 17
1656 15
1657 11
1658 7
1659 26
1660 6
1661 10
1662 14
1663 13
1664 10
1665 16
1666 13
1667 9
1668 25
1669 9
1670 16
1671 20
1672 15
1673 12
1674 16
1675 11
1676 11
1677 21
1678 6
1679 15
1680 7
1681 9
1682 11
1683 17
1684 8
1685 8
1686 19
1687 13
1688 12
1689 17
1690 10
1691 18
1692 28
1693 14
1694 20
1695 17
1696 17
1697 9
1698 17
1699 18
1700 14
1701 13
1702 12
1703 10
1704 20
1705 3
1706 11
1707 17
1708 13
1709 11
1710 21
1711 14
1712 8
1713 22
1714 16
1715 12
1716 24
1717 10
1718 21
1719 22
1720 13
1721 9
1722 17
1723 13
1724 20
1725 13
1726 11
1727 13
1728 22
1729 5
1730 8
1731 27
1732 8
1733 11
1734 22
1735 11
1736 10
1737 15
1738 13
1739 12
1740 16
1741 8
1742 13
1743 18
1744 11
1745 11
1746 14
1747 12
1748 14
1749 14
1750 9
1751 20
1752 18
1753 12
1754 11
1755 20
1756 9
1757 10
1758 21
1759 18
1760 6
1761 11
1762 9
1763 13
1764 18
1765 9
1766 13
1767 14
1768 12
1769 15
1770 16
1771 19
1772 18
1773 20
1774 13
1775 13
1776 15
1777 15
1778 12
1779 27
1780 5
1781 12
1782 24
1783 15
1784 7
1785 14
1786 13
1787 11
1788 14
1789 7
1790 17
1791 22
1792 13
1793 17
1794 17
1795 11
1796 23
1797 16
1798 10
1799 15
1800 12
1801 9
1802 8
1803 19
1804 13
1805 10
1806 18
1807 14
1808 15
1809 16
1810 13
1811 10
1812 21
1813 10
1814 16
1815 18
1816 19
1817 15
1818 19
1819 12
1820 17
1821 11
1822 11
1823 13
1824 17
1825 3
1826 11
1827 17
1828 16
1829 10
1830 17
1831 18
1832 11
1833 21
1834 17
1835 16
1836 22
1837 6
1838 16
1839 19
1840 7
1841 8
1842 14
1843 8
1844 16
1845 9
1846 10
1847 12
1848 15
1849 7
1850 9
1851 22
1852 15
1853 18
1854 22
1855 14
1856 8
1857 13
1858 15
1859 25
1860 18
1861 7
1862 14
1863 17
1864 15
1865 8
1866 12
1867 13
1868 12
1869 15
1870 8
1871 18
1872 12
1873 14
1874 8
1875 17
1876 15
1877 14
1878 22
1879 19
1880 7
1881 14
1882 16
1883 9
1884 27
1885 9
1886 18
1887 25
1888 13
1889 14
1890 16
1891 17
1892 13
1893 27
1894 8
1895 17
1896 15
1897 12
1898 10
1899 20
1900 9
1901 7
1902 20
1903 10
1904 8
1905 15
1906 17
1907 12
1908 22
1909 6
1910 14
1911 20
1912 9
1913 16
1914 17
1915 10
1916 11
1917 18
1918 3
1919 15
1920 9
1921 6
1922 5
1923 15
1924 10
1925 9
1926 23
1927 12
1928 13
1929 14
1930 16
1931 16
1932 22
1933 12
1934 26
1935 14
1936 19
1937 10
1938 20
1939 18
1940 14
1941 16
1942 9
1943 10
1944 18
1945 4
1946 8
1947 23
1948 10
1949 10
1950 21
1951 19
1952 13
1953 19
1954 15
1955 13
1956 22
1957 6
1958 21
1959 25
1960 10
1961 6
1962 15
1963 9
1964 18
1965 17
1966 10
1967 15
1968 17
1969 7
1970 8
1971 25
1972 8
1973 15
1974 19
1975 11
1976 13
1977 16
1978 16
1979 19
1980 23
1981 7
1982 13
1983 12
1984 18
1985 6
1986 16
1987 13
1988 17
1989 15
1990 7
1991 16
1992 11
1993 17
1994 7
1995 20
1996 7
1997 14
1998 18
1999 14
2000 9
2001 10
2002 14
2003 12
2004 25
2005 8
2006 20
2007 16
2008 14
2009 6
2010 15
2011 21
2012 17
2013 25
2014 10
2015 13
2016 9
2017 15
2018 3
2019 25
2020 7
2021 11
2022 19
2023 9
2024 16
2025 13
2026 14
2027 12
2028 20
2029 8
2030 16
2031 22
2032 9
2033 17
2034 18
2035 11
2036 13
2037 18
2038 9
2039 16
2040 10
2041 7
2042 6
2043 19
2044 10
2045 9
2046 19
2047 15
2048 14
2049 16
2050 16
2051 19
2052 23
2053 10
2054 19
2055 20
2056 17
2057 14
2058 22
2059 18
2060 12
2061 10
2062 10
2063 8
2064 14
2065 7
2066 12
2067 16
2068 14
2069 13
2070 13
2071 20
2072 5
2073 21
2074 12
2075 14
2076 27
2077 7
2078 23
2079 25
2080 12
2081 7
2082 19
2083 9
2084 18
2085 9
2086 15
2087 11
2088 19
2089 11
2090 9
2091 18
2092 11
2093 14
2094 19
2095 16
2096 6
2097 16
2098 12
2099 13
2100 20
2101 8
2102 19
2103 11
2104 14
2105 6
2106 18
2107 11
2108 19
2109 12
2110 5
2111 15
2112 18
2113 14
2114 12
2115 19
2116 8
2117 11
2118 17
2119 15
2120 8
2121 14
2122 11
2123 17
2124 18
2125 7
2126 19
2127 18
2128 12
2129 12
2130 13
2131 19
2132 17
2133 22
2134 13
2135 12
2136 16
2137 9
2138 6
2139 26
2140 8
2141 11
2142 18
2143 16
2144 5
2145 16
2146 15
2147 15
2148 22
2149 10
2150 13
2151 29
2152 12
2153 19
2154 18
2155 11
2156 18
2157 16
2158 8
2159 17
2160 15
2161 4
2162 7
2163 13
2164 11
2165 11
2166 19
2167 15
2168 13
2169 18
2170 12
2171 14
2172 18
2173 11
2174 18
2175 20
2176 11
2177 14
2178 20
2179 18
2180 16
2181 15
2182 12
2183 10
2184 19
2185 5
2186 14
2187 14
2188 10
2189 12
2190 15
2191 10
2192 11
2193 21
2194 12
2195 14
2196 17
2197 10
2198 16
2199 26
2200 15
2201 12
2202 19
2203 10
2204 21
2205 13
2206 17
2207 13
2208 19
2209 8
2210 10
2211 17
2212 16
2213 15
2214 29
2215 9
2216 11
2217 14
2218 17
2219 14
2220 27
2221 8
2222 16
2223 21
2224 19
2225 12
2226 17
2227 12
2228 19
2229 16
2230 9
2231 22
2232 17
2233 16
2234 7
2235 13
2236 11
2237 15
2238 30
2239 13
2240 9
2241 15
2242 16
2243 12
2244 23
2245 8
2246 14
2247 19
2248 14
2249 14
2250 12
2251 27
2252 15
2253 35
2254 11
2255 19
2256 14
2257 17
2258 10
2259 29
2260 12
2261 8
2262 26
2263 13
2264 15
2265 13
2266 16
2267 10
2268 19
2269 8
2270 12
2271 18
2272 12
2273 18
2274 14
2275 12
2276 13
2277 29
2278 12
2279 17
2280 13
2281 9
2282 11
2283 16
2284 12
2285 13
2286 20
2287 11
2288 9
2289 18
2290 11
2291 18
2292 27
2293 13
2294 15
2295 14
2296 9
2297 13
2298 17
2299 17
2300 11
2301 18
2302 10
2303 14
2304 18
2305 9
2306 8
2307 19
2308 13
2309 15
2310 18
2311 15
2312 14
2313 24
2314 14
2315 12
2316 29
2317 13
2318 29
2319 22
2320 15
2321 11
2322 24
2323 11
2324 22
2325 14
2326 12
2327 9
2328 21
2329 8
2330 14
2331 27
2332 15
2333 16
2334 25
2335 13
2336 16
2337 24
2338 19
2339 15
2340 23
2341 10
2342 24
2343 17
2344 20
2345 9
2346 20
2347 9
2348 22
2349 14
2350 9
2351 13
2352 14
2353 9
2354 14
2355 20
2356 12
2357 20
2358 18
2359 16
2360 6
2361 21
2362 17
2363 15
2364 17
2365 13
2366 13
2367 16
2368 14
2369 11
2370 15
2371 17
2372 18
2373 20
2374 11
2375 13
2376 17
2377 13
2378 7
2379 25
2380 9
2381 16
2382 18
2383 12
2384 12
2385 21
2386 15
2387 14
2388 21
2389 10
2390 16
2391 23
2392 16
2393 20
2394 21
2395 12
2396 21
2397 18
2398 12
2399 14
2400 15
2401 8
2402 12
2403 17
2404 7
2405 12
2406 20
2407 14
2408 6
2409 24
2410 12
2411 20
2412 25
2413 21
2414 18
2415 22
2416 17
2417 16
2418 17
2419 20
2420 20
2421 16
2422 9
2423 11
2424 20
2425 10
2426 11
2427 17
2428 11
2429 13
2430 21
2431 18
2432 9
2433 28
2434 16
2435 14
2436 24
2437 16
2438 20
2439 23
2440 14
2441 11
2442 21
2443 9
2444 20
2445 10
2446 12
2447 11
2448 21
2449 10
2450 8
2451 19
2452 13
2453 20
2454 31
2455 9
2456 16
2457 21
2458 16
2459 15
2460 19
2461 5
2462 19
2463 12
2464 16
2465 11
2466 17
2467 13
2468 17
2469 18
2470 10
2471 17
2472 17
2473 16
2474 14
2475 19
2476 14
2477 15
2478 23
2479 23
2480 9
2481 18
2482 14
2483 11
2484 27
2485 8
2486 15
2487 18
2488 11
2489 7
2490 12
2491 18
2492 17
2493 31
2494 10
2495 7
2496 16
2497 15
2498 11
2499 20
2500 12
2501 11
2502 23
2503 14
2504 11
2505 20
2506 18
2507 16
2508 24
2509 8
2510 20
2511 29
2512 13
2513 15
2514 18
2515 10
2516 14
2517 23
2518 13
2519 20
2520 14
2521 6
2522 8
2523 12
2524 14
2525 11
2526 26
2527 13
2528 13
2529 19
2530 17
2531 17
2532 22
2533 19
2534 19
2535 22
2536 17
2537 23
2538 16
2539 15
2540 10
2541 15
2542 6
2543 11
2544 18
2545 7
2546 10
2547 18
2548 13
2549 14
2550 25
2551 17
2552 15
2553 28
2554 18
2555 16
2556 23
2557 16
2558 19
2559 25
2560 9
2561 15
2562 20
2563 11
2564 19
2565 17
2566 7
2567 10
2568 22
2569 7
2570 5
2571 19
2572 10
2573 17
2574 24
2575 9
2576 11
2577 22
2578 19
2579 15
2580 21
2581 8
2582 18
2583 14
2584 20
2585 12
2586 18
2587 13
2588 21
2589 20
2590 5
2591 18
2592 16
2593 14
2594 7
2595 17
2596 11
2597 12
2598 24
2599 16
2600 12
2601 15
2602 19
2603 9
2604 28
2605 8
2606 18
2607 23
2608 17
2609 13
2610 14
2611 18
2612 17
2613 20
2614 9
2615 21
2616 16
2617 16
2618 12
2619 21
2620 9
2621 11
2622 19
2623 11
2624 7
2625 15
2626 20
2627 17
2628 29
2629 14
2630 16
2631 21
2632 15
2633 19
2634 23
2635 15
2636 17
2637 24
2638 12
2639 16
2640 11
2641 9
2642 11
2643 18
2644 10
2645 13
2646 19
2647 9
2648 10
2649 19
2650 15
2651 16
2652 29
2653 21
2654 28
2655 12
2656 19
2657 10
2658 18
2659 13
2660 16
2661 14
2662 11
2663 8
2664 16
2665 9
2666 5
2667 23
2668 12
2669 19
2670 18
2671 19
2672 11
2673 30
2674 14
2675 15
2676 24
2677 14
2678 26
2679 26
2680 8
2681 10
2682 19
2683 12
2684 15
2685 14
2686 10
2687 12
2688 16
2689 10
2690 6
2691 18
2692 13
2693 21
2694 15
2695 14
2696 15
2697 23
2698 16
2699 16
2700 19
2701 7
2702 17
2703 15
2704 15
2705 8
2706 25
2707 16
2708 19
2709 19
2710 13
2711 9
2712 18
2713 13
2714 13
2715 21
2716 13
2717 15
2718 22
2719 13
2720 5
2721 19
2722 17
2723 13
2724 18
2725 7
2726 23
2727 18
2728 15
2729 12
2730 16
2731 21
2732 21
2733 28
2734 13
2735 14
2736 18
2737 11
2738 6
2739 27
2740 10
2741 10
2742 16
2743 12
2744 12
2745 16
2746 15
2747 14
2748 25
2749 10
2750 19
2751 27
2752 16
2753 29
2754 22
2755 14
2756 17
2757 25
2758 7
2759 21
2760 16
2761 9
2762 10
2763 13
2764 14
2765 6
2766 23
2767 9
2768 16
2769 17
2770 17
2771 15
2772 28
2773 18
2774 17
2775 15
2776 18
2777 20
2778 21
2779 11
2780 18
2781 12
2782 8
2783 9
2784 22
2785 6
2786 7
2787 17
2788 9
2789 14
2790 23
2791 17
2792 11
2793 24
2794 13
2795 13
2796 17
2797 14
2798 21
2799 23
2800 6
2801 9
2802 20
2803 12
2804 20
2805 18
2806 12
2807 13
2808 18
2809 7
2810 8
2811 20
2812 11
2813 16
2814 20
2815 13
2816 18
2817 26
2818 16
2819 13
2820 20
2821 12
2822 19
2823 18
2824 14
2825 13
2826 17
2827 16
2828 15
2829 20
2830 12
2831 21
2832 18
2833 13
2834 11
2835 18
2836 16
2837 14
2838 31
2839 18
2840 13
2841 21
2842 19
2843 13
2844 27
2845 14
2846 16
2847 16
2848 16
2849 17
2850 16
2851 20
2852 16
2853 26
2854 14
2855 10
2856 16
2857 14
2858 7
2859 26
2860 12
2861 14
2862 29
2863 10
2864 8
2865 18
2866 12
2867 12
2868 27
2869 12
2870 15
2871 26
2872 14
2873 17
2874 19
2875 15
2876 16
2877 30
2878 7
2879 23
2880 12
2881 12
2882 8
2883 16
2884 14
2885 13
2886 20
2887 10
2888 14
2889 15
2890 16
2891 13
2892 21
2893 12
2894 22
2895 16
2896 15
2897 16
2898 19
2899 16
2900 13
2901 19
2902 14
2903 11
2904 19
2905 10
2906 10
2907 17
2908 13
2909 13
2910 22
2911 17
2912 12
2913 27
2914 13
2915 9
2916 23
2917 12
2918 23
2919 19
2920 9
2921 9
2922 21
2923 10
2924 19
2925 16
2926 13
2927 14
2928 19
2929 11
2930 13
2931 24
2932 17
2933 16
2934 24
2935 14
2936 8
2937 28
2938 17
2939 17
2940 29
2941 9
2942 23
2943 17
2944 18
2945 11
2946 18
2947 8
2948 22
2949 17
2950 6
2951 21
2952 21
2953 16
2954 10
2955 18
2956 13
2957 22
2958 17
2959 21
2960 14
2961 16
2962 19
2963 12
2964 26
2965 10
2966 21
2967 16
2968 18
2969 19
2970 17
2971 12
2972 18
2973 21
2974 12
2975 12
2976 14
2977 14
2978 8
2979 31
2980 7
2981 18
2982 20
2983 13
2984 12
2985 19
2986 20
2987 10
2988 27
2989 10
2990 18
2991 20
2992 18
2993 20
2994 21
2995 8
2996 14
2997 20
2998 6
2999 14
3000 12
3001 13
3002 8
3003 19
3004 9
3005 16
3006 22
3007 16
3008 10
3009 16
3010 11
3011 22
3012 26
3013 13
3014 20
3015 16
3016 10
3017 9
3018 20
3019 18
3020 16
3021 14
3022 7
3023 12
3024 17
3025 11
3026 9
3027 14
3028 6
3029 14
3030 18
3031 19
3032 17
3033 31
3034 13
3035 18
3036 23
3037 22
3038 19
3039 23
3040 12
3041 11
3042 21
3043 12
3044 24
3045 16
3046 15
3047 12
3048 19
3049 6
3050 13
3051 22
3052 15
3053 22
3054 26
3055 9
3056 13
3057 29
3058 18
3059 21
3060 21
3061 10
3062 20
3063 19
3064 20
3065 12
3066 20
3067 12
3068 20
3069 22
3070 14
3071 11
3072 18
3073 13
3074 15
3075 15
3076 14
3077 20
3078 30
3079 15
3080 7
3081 16
3082 14
3083 14
3084 22
3085 8
3086 20
3087 15
3088 15
3089 13
3090 12
3091 23
3092 15
3093 35
3094 15
3095 9
3096 15
3097 11
3098 7
3099 19
3100 10
3101 8
3102 30
3103 12
3104 11
3105 15
3106 17
3107 9
3108 21
3109 6
3110 14
3111 23
3112 20
3113 18
3114 16
3115 10
3116 18
3117 28
3118 11
3119 13
3120 14
3121 13
3122 11
3123 14
3124 11
3125 8
3126 21
3127 16
3128 14
3129 19
3130 10
3131 20
3132 24
3133 10
3134 20
3135 28
3136 16
3137 18
3138 19
3139 19
3140 18
3141 17
3142 14
3143 14
3144 27
3145 11
3146 13
3147 21
3148 14
3149 13
3150 21
3151 22
3152 12
3153 35
3154 18
3155 18
3156 26
3157 17
3158 20
3159 32
3160 18
3161 16
3162 19
3163 13
3164 19
3165 17
3166 13
3167 16
3168 28
3169 15
3170 10
3171 27
3172 13
3173 27
3174 29
3175 13
3176 15
3177 32
3178 26
3179 17
3180 22
3181 10
3182 19
3183 14
3184 19
3185 15
3186 20
3187 12
3188 19
3189 21
3190 7
3191 13
3192 14
3193 19
3194 15
3195 19
3196 13
3197 17
3198 28
3199 16
3200 15
3201 12
3202 25
3203 9
3204 29
3205 9
3206 20
3207 21
3208 17
3209 18
3210 17
3211 20
3212 22
3213 30
3214 8
3215 16
3216 20
3217 17
3218 9
3219 21
3220 11
3221 13
3222 26
3223 11
3224 10
3225 14
3226 24
3227 16
3228 32
3229 11
3230 16
3231 28
3232 24
3233 16
3234 24
3235 18
3236 18
3237 30
3238 13
3239 21
3240 18
3241 15
3242 11
3243 19
3244 10
3245 13
3246 20
3247 14
3248 13
3249 16
3250 13
3251 18
3252 31
3253 19
3254 26
3255 19
3256 27
3257 13
3258 25
3259 23
3260 15
3261 24
3262 12
3263 15
3264 24
3265 13
3266 12
3267 22
3268 13
3269 11
3270 21
3271 20
3272 10
3273 26
3274 18
3275 12
3276 25
3277 15
3278 34
3279 23
3280 15
3281 12
3282 25
3283 14
3284 21
3285 22
3286 15
3287 20
3288 20
3289 15
3290 15
3291 30
3292 9
3293 27
3294 23
3295 19
3296 11
3297 30
3298 22
3299 17
3300 17
3301 8
3302 21
3303 18
3304 19
3305 16
3306 22
3307 14
3308 20
3309 24
3310 10
3311 21
3312 19
3313 18
3314 9
3315 22
3316 13
3317 20
3318 20
3319 20
3320 11
3321 19
3322 22
3323 8
3324 20
3325 9
3326 19
3327 17
3328 18
3329 14
3330 19
3331 21
3332 23
3333 31
3334 19
3335 15
3336 26
3337 19
3338 9
3339 23
3340 13
3341 8
3342 24
3343 12
3344 15
3345 19
3346 18
3347 15
3348 19
3349 12
3350 11
3351 23
3352 18
3353 17
3354 21
3355 19
3356 24
3357 24
3358 15
3359 19
3360 19
3361 11
3362 11
3363 20
3364 15
3365 8
3366 25
3367 19
3368 18
3369 22
3370 19
3371 18
3372 24
3373 19
3374 18
3375 22
3376 22
3377 24
3378 25
3379 17
3380 19
3381 18
3382 15
3383 15
3384 34
3385 13
3386 11
3387 18
3388 18
3389 15
3390 26
3391 22
3392 11
3393 34
3394 21
3395 16
3396 25
3397 17
3398 22
3399 28
3400 14
3401 17
3402 28
3403 13
3404 21
3405 17
3406 16
3407 12
3408 27
3409 13
3410 13
3411 23
3412 14
3413 22
3414 28
3415 13
3416 15
3417 28
3418 20
3419 19
3420 21
3421 15
3422 19
3423 14
3424 19
3425 11
3426 21
3427 18
3428 14
3429 24
3430 4
3431 18
3432 23
3433 18
3434 10
3435 21
3436 13
3437 18
3438 25
3439 19
3440 16
3441 17
3442 20
3443 10
3444 25
3445 12
3446 20
3447 21
3448 17
3449 16
3450 20
3451 23
3452 17
3453 33
3454 11
3455 19
3456 22
3457 14
3458 9
3459 31
3460 13
3461 10
3462 31
3463 11
3464 14
3465 17
3466 24
3467 13
3468 31
3469 13
3470 21
3471 24
3472 16
3473 22
3474 22
3475 16
3476 17
3477 31
3478 10
3479 22
3480 18
3481 8
3482 12
3483 17
3484 11
3485 13
3486 25
3487 16
3488 19
3489 21
3490 17
3491 20
3492 27
3493 21
3494 28
3495 18
3496 21
3497 18
3498 29
3499 24
3500 16
3501 26
3502 9
3503 9
3504 21
3505 14
3506 12
3507 19
3508 13
3509 15
3510 13
3511 25
3512 13
3513 36
3514 20
3515 13
3516 22
3517 20
3518 28
3519 29
3520 18
3521 10
3522 20
3523 14
3524 17
3525 22
3526 17
3527 13
3528 16
3529 15
3530 8
3531 27
3532 19
3533 20
3534 26
3535 10
3536 13
3537 33
3538 21
3539 14
3540 26
3541 10
3542 24
3543 18
3544 25
3545 13
3546 23
3547 13
3548 16
3549 18
3550 12
3551 25
3552 23
3553 25
3554 7
3555 18
3556 14
3557 15
3558 23
3559 23
3560 12
3561 18
3562 24
3563 12
3564 35
3565 7
3566 22
3567 23
3568 25
3569 14
3570 25
3571 19
3572 23
3573 28
3574 11
3575 12
3576 23
3577 20
3578 10
3579 29
3580 12
3581 11
3582 15
3583 16
3584 8
3585 15
3586 23
3587 13
3588 26
3589 12
3590 18
3591 25
3592 15
3593 18
3594 25
3595 13
3596 15
3597 28
3598 9
3599 15
3600 13
3601 12
3602 11
3603 22
3604 11
3605 16
3606 30
3607 15
3608 18
3609 24
3610 22
3611 20
3612 31
3613 18
3614 23
3615 19
3616 18
3617 19
3618 26
3619 18
3620 14
3621 19
3622 13
3623 13
3624 24
3625 13
3626 15
3627 24
3628 17
3629 20
3630 23
3631 27
3632 17
3633 31
3634 20
3635 15
3636 20
3637 20
3638 16
3639 23
3640 15
3641 13
3642 24
3643 9
3644 24
3645 17
3646 11
3647 10
3648 24
3649 9
3650 11
3651 24
3652 18
3653 28
3654 22
3655 17
3656 19
3657 35
3658 19
3659 25
3660 23
3661 17
3662 19
3663 22
3664 26
3665 7
3666 20
3667 17
3668 22
3669 15
3670 13
3671 17
3672 24
3673 18
3674 11
3675 17
3676 11
3677 22
3678 25
3679 19
3680 9
3681 24
3682 22
3683 20
3684 18
3685 15
3686 17
3687 16
3688 20
3689 11
3690 20
3691 19
3692 14
3693 28
3694 17
3695 13
3696 23
3697 12
3698 11
3699 21
3700 9
3701 15
3702 28
3703 14
3704 15
3705 20
3706 24
3707 20
3708 20
3709 14
3710 17
3711 27
3712 19
3713 21
3714 24
3715 11
3716 15
3717 22
3718 16
3719 12
3720 14
3721 7
3722 15
3723 14
3724 9
3725 15
3726 26
3727 19
3728 17
3729 31
3730 19
3731 21
3732 31
3733 18
3734 25
3735 25
3736 21
3737 18
3738 25
3739 21
3740 19
3741 20
3742 14
3743 12
3744 21
3745 14
3746 9
3747 16
3748 16
3749 14
3750 18
3751 26
3752 13
3753 36
3754 18
3755 14
3756 30
3757 14
3758 22
3759 33
3760 16
3761 17
3762 21
3763 19
3764 17
3765 23
3766 10
3767 13
3768 24
3769 10
3770 10
3771 25
3772 20
3773 16
3774 27
3775 9
3776 22
3777 29
3778 24
3779 21
3780 27
3781 9
3782 24
3783 19
3784 26
3785 15
3786 14
3787 13
3788 16
3789 22
3790 9
3791 17
3792 21
3793 22
3794 10
3795 21
3796 15
3797 18
3798 33
3799 13
3800 10
3801 14
3802 24
3803 12
3804 31
3805 10
3806 26
3807 20
3808 14
3809 15
3810 18
3811 21
3812 13
3813 30
3814 12
3815 16
3816 15
3817 18
3818 12
3819 27
3820 10
3821 11
3822 22
3823 16
3824 12
3825 20
3826 18
3827 11
3828 30
3829 17
3830 18
3831 30
3832 19
3833 19
3834 21
3835 14
3836 15
3837 33
3838 6
3839 17
3840 16
3841 11
3842 12
3843 19
3844 11
3845 10
3846 19
3847 13
3848 17
3849 23
3850 19
3851 20
3852 31
3853 26
3854 21
3855 20
3856 28
3857 18
3858 24
3859 26
3860 13
3861 24
3862 10
3863 15
3864 20
3865 9
3866 11
3867 18
3868 19
3869 15
3870 29
3871 18
3872 15
3873 29
3874 23
3875 16
3876 30
3877 23
3878 22
3879 29
3880 20
3881 11
3882 29
3883 18
3884 21
3885 21
3886 10
3887 15
3888 27
3889 8
3890 9
3891 29
3892 14
3893 20
3894 27
3895 20
3896 15
3897 28
3898 27
3899 20
3900 21
3901 15
3902 25
3903 20
3904 24
3905 13
3906 31
3907 15
3908 19
3909 21
3910 11
3911 20
3912 24
3913 18
3914 13
3915 20
3916 7
3917 18
3918 24
3919 21
3920 3
3921 23
3922 20
3923 8
3924 23
3925 15
3926 20
3927 20
3928 23
3929 16
3930 24
3931 26
3932 20
3933 22
3934 16
3935 18
3936 20
3937 19
3938 11
3939 24
3940 4
3941 9
3942 24
3943 10
3944 14
3945 18
3946 22
3947 8
3948 27
3949 12
3950 21
3951 19
3952 20
3953 19
3954 30
3955 13
3956 24
3957 23
3958 14
3959 16
3960 21
3961 13
3962 7
3963 19
3964 10
3965 10
3966 19
3967 18
3968 19
3969 26
3970 14
3971 22
3972 27
3973 19
3974 18
3975 26
3976 25
3977 22
3978 20
3979 26
3980 23
3981 18
3982 14
3983 16
3984 25
3985 11
3986 10
3987 21
3988 14
3989 12
3990 19
3991 27
3992 17
3993 43
3994 22
3995 14
3996 23
3997 19
3998 23
3999 34
4000 15
4001 19
4002 24
4003 15
4004 25
4005 23
4006 20
4007 18
4008 23
4009 13
4010 12
4011 26
4012 18
4013 22
4014 30
4015 19
4016 16
4017 26
4018 27
4019 20
4020 15
4021 13
4022 18
4023 14
4024 19
4025 12
4026 26
4027 15
4028 18
4029 18
4030 9
4031 17
4032 22
4033 17
4034 14
4035 17
4036 11
4037 21
4038 24
4039 18
4040 10
4041 16
4042 20
4043 9
4044 22
4045 15
4046 18
4047 23
4048 17
4049 13
4050 19
4051 26
4052 18
4053 32
4054 15
4055 16
4056 23
4057 18
4058 12
4059 31
4060 17
4061 11
4062 26
4063 11
4064 16
4065 16
4066 17
4067 13
4068 25
4069 11
4070 19
4071 26
4072 15
4073 26
4074 20
4075 19
4076 15
4077 34
4078 11
4079 21
4080 18
4081 9
4082 8
4083 20
4084 14
4085 9
4086 29
4087 15
4088 14
4089 16
4090 17
4091 16
4092 29
4093 22
4094 20
4095 20
4096 29
4097 22
4098 22
4099 22
4100 17
4101 23
4102 11
4103 17
4104 30
4105 10
4106 17
4107 17
4108 17
4109 11
4110 28
4111 22
4112 20
4113 27
4114 27
4115 13
4116 29
4117 14
4118 25
4119 25
4120 17
4121 11
4122 28
4123 15
4124 21
4125 27
4126 19
4127 13
4128 28
4129 14
4130 9
4131 30
4132 12
4133 23
4134 31
4135 14
4136 12
4137 30
4138 19
4139 21
4140 20
4141 11
4142 22
4143 15
4144 16
4145 11
4146 19
4147 20
4148 14
4149 22
4150 11
4151 19
4152 26
4153 19
4154 11
4155 24
4156 12
4157 19
4158 18
4159 22
4160 9
4161 22
4162 21
4163 12
4164 28
4165 14
4166 24
4167 23
4168 22
4169 15
4170 21
4171 19
4172 18
4173 30
4174 15
4175 19
4176 21
4177 19
4178 11
4179 31
4180 12
4181 13
4182 22
4183 16
4184 18
4185 19
4186 20
4187 14
4188 33
4189 12
4190 17
4191 22
4192 23
4193 17
4194 23
4195 11
4196 18
4197 25
4198 9
4199 15
4200 14
4201 13
4202 10
4203 18
4204 10
4205 10
4206 18
4207 17
4208 12
4209 25
4210 17
4211 17
4212 22
4213 19
4214 17
4215 23
4216 22
4217 17
4218 24
4219 19
4220 14
4221 16
4222 13
4223 13
4224 24
4225 14
4226 13
4227 27
4228 16
4229 21
4230 19
4231 30
4232 10
4233 42
4234 25
4235 19
4236 20
4237 14
4238 23
4239 35
4240 19
4241 12
4242 32
4243 13
4244 22
4245 17
4246 21
4247 14
4248 27
4249 16
4250 11
4251 28
4252 19
4253 28
4254 31
4255 12
4256 13
4257 31
4258 24
4259 20
4260 22
4261 12
4262 23
4263 17
4264 21
4265 8
4266 28
4267 13
4268 25
4269 16
4270 9
4271 14
4272 24
4273 18
4274 12
4275 17
4276 17
4277 21
4278 28
4279 28
4280 9
4281 18
4282 23
4283 13
4284 29
4285 9
4286 17
4287 20
4288 19
4289 10
4290 22
4291 18
4292 22
4293 33
4294 15
4295 12
4296 26
4297 16
4298 13
4299 27
4300 11
4301 17
4302 24
4303 12
4304 14
4305 16
4306 16
4307 19
4308 19
4309 13
4310 13
4311 26
4312 20
4313 17
4314 16
4315 13
4316 18
4317 30
4318 15
4319 10
4320 22
4321 8
4322 11
4323 16
4324 10
4325 14
4326 20
4327 15
4328 14
4329 22
4330 16
4331 31
4332 26
4333 23
4334 24
4335 21
4336 21
4337 19
4338 26
4339 21
4340 17
4341 14
4342 11
4343 13
4344 25
4345 11
4346 16
4347 19
4348 13
4349 16
4350 20
4351 28
4352 11
4353 38
4354 24
4355 21
4356 28
4357 22
4358 25
4359 33
4360 18
4361 12
4362 24
4363 17
4364 17
4365 20
4366 17
4367 14
4368 23
4369 15
4370 15
4371 24
4372 10
4373 17
4374 24
4375 15
4376 16
4377 27
4378 26
4379 19
4380 21
4381 13
4382 18
4383 22
4384 25
4385 18
4386 20
4387 21
4388 14
4389 25
4390 16
4391 16
4392 25
4393 20
4394 8
4395 20
4396 20
4397 15
4398 31
4399 18
4400 13
4401 18
4402 22
4403 14
4404 26
4405 8
4406 15
4407 19
4408 21
4409 21
4410 14
4411 27
4412 15
4413 33
4414 10
4415 13
4416 22
4417 19
4418 12
4419 21
4420 16
4421 10
4422 26
4423 13
4424 15
4425 18
4426 21
4427 11
4428 29
4429 10
4430 22
4431 32
4432 17
4433 16
4434 24
4435 13
4436 14
4437 32
4438 14
4439 18
4440 19
4441 16
4442 14
4443 16
4444 16
4445 10
4446 26
4447 18
4448 18
4449 23
4450 15
4451 19
4452 25
4453 15
4454 22
4455 24
4456 21
4457 16
4458 26
4459 19
4460 18
4461 17
4462 10
4463 18
4464 25
4465 14
4466 12
4467 20
4468 12
4469 17
4470 20
4471 20
4472 14
4473 31
4474 18
4475 11
4476 23
4477 21
4478 26
4479 26
4480 19
4481 14
4482 24
4483 11
4484 19
4485 17
4486 10
4487 17
4488 21
4489 11
4490 9
4491 29
4492 9
4493 23
4494 27
4495 20
4496 11
4497 27
4498 23
4499 16
4500 29
4501 10
4502 32
4503 21
4504 29
4505 12
4506 27
4507 17
4508 24
4509 23
4510 8
4511 21
4512 24
4513 18
4514 6
4515 21
4516 11
4517 17
4518 31
4519 22
4520 14
4521 27
4522 26
4523 13
4524 32
4525 12
4526 27
4527 18
4528 26
4529 12
4530 19
4531 27
4532 23
4533 34
4534 8
4535 13
4536 16
4537 16
4538 8
4539 29
4540 9
4541 16
4542 21
4543 17
4544 13
4545 19
4546 22
4547 11
4548 24
4549 14
4550 17
4551 26
4552 20
4553 16
4554 23
4555 18
4556 16
4557 23
4558 11
4559 23
4560 17
4561 10
4562 10
4563 20
4564 6
4565 17
4566 24
4567 9
4568 9
4569 21
4570 16
4571 16
4572 27
4573 22
4574 22
4575 21
4576 24
4577 20
4578 27
4579 26
4580 18
4581 19
4582 11
4583 11
4584 24
4585 11
4586 13
4587 26
4588 10
4589 16
4590 20
4591 20
4592 11
4593 33
4594 20
4595 16
4596 26
4597 25
4598 20
4599 26
4600 17
4601 13
4602 28
4603 17
4604 21
4605 20
4606 12
4607 14
4608 21
4609 14
4610 7
4611 24
4612 17
4613 16
4614 25
4615 13
4616 14
4617 28
4618 23
4619 15
4620 22
4621 12
4622 20
4623 20
4624 24
4625 16
4626 30
4627 16
4628 23
4629 22
4630 13
4631 25
4632 27
4633 21
4634 18
4635 16
4636 15
4637 13
4638 28
4639 26
4640 13
4641 17
4642 29
4643 13
4644 20
4645 9
4646 16
4647 23
4648 15
4649 13
4650 19
4651 26
4652 25
4653 36
4654 15
4655 15
4656 25
4657 21
4658 10
4659 33
4660 14
4661 12
4662 26
4663 13
4664 20
4665 24
4666 20
4667 11
4668 25
4669 9
4670 17
4671 21
4672 16
4673 19
4674 25
4675 16
4676 16
4677 27
4678 13
4679 21
4680 19
4681 10
4682 9
4683 15
4684 17
4685 14
4686 26
4687 12
4688 16
4689 20
4690 17
4691 12
4692 21
4693 18
4694 22
4695 22
4696 22
4697 22
4698 22
4699 23
4700 15
4701 19
4702 12
4703 11
4704 23
4705 10
4706 14
4707 21
4708 18
4709 9
4710 24
4711 22
4712 19
4713 25
4714 26
4715 15
4716 24
4717 21
4718 14
4719 32
4720 21
4721 17
4722 20
4723 20
4724 19
4725 20
4726 14
4727 16
4728 24
4729 6
4730 9
4731 30
4732 14
4733 19
4734 30
4735 13
4736 12
4737 32
4738 19
4739 19
4740 22
4741 13
4742 21
4743 17
4744 20
4745 13
4746 23
4747 18
4748 17
4749 31
4750 10
4751 22
4752 27
4753 25
4754 14
4755 22
4756 10
4757 16
4758 25
4759 25
4760 10
4761 17
4762 23
4763 13
4764 24
4765 9
4766 23
4767 17
4768 18
4769 13
4770 18
4771 20
4772 14
4773 36
4774 18
4775 17
4776 21
4777 22
4778 11
4779 32
4780 13
4781 13
4782 21
4783 12
4784 18
4785 20
4786 21
4787 12
4788 32
4789 12
4790 16
4791 22
4792 23
4793 27
4794 22
4795 11
4796 14
4797 23
4798 12
4799 23
4800 16
4801 14
4802 10
4803 23
4804 13
4805 19
4806 22
4807 14
4808 14
4809 17
4810 17
4811 18
4812 33
4813 16
4814 24
4815 18
4816 24
4817 17
4818 29
4819 19
4820 15
4821 20
4822 16
4823 14
4824 27
4825 12
4826 11
4827 25
4828 16
4829 18
4830 22
4831 30
4832 14
4833 26
4834 24
4835 16
4836 20
4837 21
4838 29
4839 25
4840 15
4841 11
4842 24
4843 14
4844 17
4845 19
4846 15
4847 10
4848 21
4849 11
4850 7
4851 33
4852 16
4853 23
4854 26
4855 14
4856 16
4857 29
4858 19
4859 23
4860 20
4861 10
4862 25
4863 15
4864 17
4865 7
4866 19
4867 10
4868 20
4869 19
4870 10
4871 20
4872 19
4873 22
4874 10
4875 17
4876 21
4877 20
4878 30
4879 21
4880 8
4881 20
4882 25
4883 14
4884 28
4885 8
4886 16
4887 22
4888 19
4889 16
4890 20
4891 18
4892 23
4893 32
4894 17
4895 18
4896 28
4897 14
4898 12
4899 24
4900 9
4901 13
4902 30
4903 18
4904 16
4905 20
4906 25
4907 17
4908 27
4909 11
4910 14
4911 29
4912 17
4913 25
4914 23
4915 20
4916 18
4917 31
4918 8
4919 14
4920 18
4921 14
4922 10
4923 19
4924 11
4925 10
4926 20
4927 18
4928 20
4929 22
4930 18
4931 23
4932 28
4933 23
4934 19
4935 21
4936 29
4937 23
4938 27
4939 18
4940 15
4941 23
4942 10
4943 10
4944 27
4945 9
4946 12
4947 16
4948 15
4949 11
4950 21
4951 27
4952 12
4953 31
4954 22
4955 17
4956 29
4957 18
4958 26
4959 34
4960 14
4961 9
4962 30
4963 11
4964 20
4965 20
4966 13
4967 11
4968 23
4969 9
4970 13
4971 20
4972 11
4973 14
4974 22
4975 16
4976 17
4977 34
4978 18
4979 19
4980 24
4981 13
4982 19
4983 22
4984 22
4985 11
4986 18
4987 20
4988 13
4989 25
4990 11
4991 19
4992 19
4993 21
4994 11
4995 26
4996 8
4997 16
4998 19
4999 21
5000 12
5001 22
5002 23
5003 14
5004 23
5005 12
5006 21
5007 22
5008 24
5009 17
5010 21
5011 23
5012 17
5013 35
5014 19
5015 13
5016 29
5017 20
5018 12
5019 32
5020 9
5021 17
5022 24
5023 13
5024 15
5025 19
5026 24
5027 16
5028 25
5029 10
5030 17
5031 24
5032 17
5033 18
5034 24
5035 15
5036 22
5037 28
5038 13
5039 12
5040 13
5041 14
5042 7
5043 13
5044 11
5045 16
5046 29
5047 15
5048 16
5049 21
5050 23
5051 15
5052 29
5053 17
5054 24
5055 22
5056 24
5057 13
5058 32
5059 22
5060 21
5061 18
5062 12
5063 14
5064 25
5065 20
5066 13
5067 19
5068 18
5069 16
5070 20
5071 24
5072 18
5073 27
5074 16
5075 18
5076 23
5077 14
5078 29
5079 29
5080 17
5081 5
5082 29
5083 17
5084 20
5085 21
5086 14
5087 16
5088 22
5089 17
5090 11
5091 27
5092 16
5093 20
5094 21
5095 21
5096 9
5097 24
5098 22
5099 14
5100 25
5101 10
5102 22
5103 17
5104 22
5105 10
5106 16
5107 16
5108 13
5109 20
5110 8
5111 21
5112 17
5113 25
5114 11
5115 23
5116 12
5117 18
5118 29
5119 22
5120 7
5121 19
5122 22
5123 12
5124 35
5125 8
5126 29
5127 20
5128 24
5129 18
5130 22
5131 21
5132 18
5133 30
5134 13
5135 12
5136 24
5137 20
5138 10
5139 30
5140 9
5141 14
5142 24
5143 19
5144 14
5145 21
5146 20
5147 14
5148 34
5149 15
5150 25
5151 28
5152 22
5153 27
5154 25
5155 12
5156 13
5157 26
5158 7
5159 19
5160 17
5161 9
5162 6
5163 15
5164 11
5165 16
5166 17
5167 20
5168 18
5169 28
5170 20
5171 19
5172 27
5173 20
5174 19
5175 21
5176 23
5177 15
5178 26
5179 23
5180 13
5181 16
5182 5
5183 11
5184 21
5185 13
5186 8
5187 23
5188 9
5189 20
5190 19
5191 24
5192 15
5193 35
5194 12
5195 19
5196 23
5197 22
5198 18
5199 23
5200 17
5201 9
5202 26
5203 12
5204 21
5205 13
5206 23
5207 17
5208 27
5209 10
5210 14
5211 25
5212 16
5213 22
5214 33
5215 15
5216 13
5217 33
5218 20
5219 18
5220 17
5221 15
5222 20
5223 26
5224 20
5225 13
5226 25
5227 11
5228 26
5229 15
5230 16
5231 19
5232 26
5233 15
5234 19
5235 14
5236 14
5237 23
5238 23
5239 19
5240 11
5241 22
5242 20
5243 12
5244 24
5245 9
5246 21
5247 24
5248 31
5249 14
5250 26
5251 30
5252 24
5253 35
5254 22
5255 11
5256 22
5257 13
5258 12
5259 34
5260 11
5261 10
5262 27
5263 12
5264 10
5265 17
5266 20
5267 21
5268 23
5269 17
5270 12
5271 25
5272 22
5273 17
5274 22
5275 19
5276 19
5277 34
5278 10
5279 22
5280 23
5281 12
5282 8
5283 13
5284 14
5285 9
5286 27
5287 14
5288 16
5289 21
5290 16
5291 20
5292 26
5293 17
5294 21
5295 15
5296 13
5297 10
5298 22
5299 19
5300 19
5301 16
5302 13
5303 8
5304 25
5305 14
5306 19
5307 16
5308 15
5309 12
5310 20
5311 16
5312 16
5313 30
5314 24
5315 12
5316 21
5317 19
5318 18
5319 27
5320 14
5321 14
5322 16
5323 21
5324 17
5325 23
5326 16
5327 15
5328 30
5329 12
5330 13
5331 35
5332 24
5333 21
5334 31
5335 16
5336 16
5337 36
5338 28
5339 17
5340 24
5341 14
5342 16
5343 23
5344 26
5345 18
5346 20
5347 20
5348 15
5349 27
5350 6
5351 19
5352 22
5353 20
5354 16
5355 22
5356 13
5357 24
5358 28
5359 23
5360 9
5361 21
5362 32
5363 12
5364 23
5365 12
5366 17
5367 22
5368 20
5369 20
5370 20
5371 27
5372 15
5373 42
5374 8
5375 16
5376 15
5377 17
5378 9
5379 35
5380 11
5381 12
5382 29
5383 9
5384 18
5385 15
5386 26
5387 14
5388 26
5389 13
5390 20
5391 28
5392 18
5393 30
5394 22
5395 11
5396 14
5397 29
5398 8
5399 23
5400 19
5401 11
5402 10
5403 19
5404 16
5405 11
5406 27
5407 12
5408 14
5409 19
5410 21
5411 15
5412 36
5413 18
5414 20
5415 19
5416 28
5417 21
5418 23
5419 18
5420 16
5421 20
5422 12
5423 20
5424 22
5425 14
5426 12
5427 19
5428 13
5429 14
5430 20
5431 17
5432 10
5433 23
5434 23
5435 14
5436 30
5437 19
5438 25
5439 24
5440 21
5441 16
5442 29
5443 19
5444 20
5445 20
5446 13
5447 17
5448 26
5449 16
5450 10
5451 32
5452 15
5453 16
5454 30
5455 17
5456 19
5457 30
5458 22
5459 15
5460 18
5461 12
5462 27
5463 17
5464 24
5465 13
5466 23
5467 13
5468 23
5469 19
5470 12
5471 19
5472 22
5473 19
5474 11
5475 24
5476 16
5477 21
5478 26
5479 27
5480 8
5481 27
5482 23
5483 14
5484 22
5485 10
5486 20
5487 18
5488 15
5489 14
5490 25
5491 16
5492 23
5493 36
5494 17
5495 14
5496 23
5497 17
5498 9
5499 25
5500 14
5501 13
5502 22
5503 14
5504 16
5505 20
5506 21
5507 10
5508 28
5509 13
5510 18
5511 22
5512 22
5513 19
5514 27
5515 15
5516 23
5517 27
5518 17
5519 22
5520 24
5521 11
5522 14
5523 17
5524 12
5525 8
5526 23
5527 25
5528 12
5529 24
5530 18
5531 25
5532 23
5533 27
5534 18
5535 27
5536 27
5537 16
5538 19
5539 25
5540 16
5541 23
5542 16
5543 11
5544 30
5545 14
5546 13
5547 20
5548 14
5549 11
5550 19
5551 27
5552 14
5553 42
5554 19
5555 18
5556 22
5557 23
5558 17
5559 33
5560 14
5561 14
5562 24
5563 13
5564 20
5565 22
5566 12
5567 10
5568 30
5569 12
5570 8
5571 23
5572 17
5573 19
5574 27
5575 10
5576 16
5577 35
5578 27
5579 18
5580 18
5581 14
5582 24
5583 15
5584 26
5585 15
5586 25
5587 11
5588 17
5589 20
5590 9
5591 19
5592 26
5593 19
5594 9
5595 15
5596 11
5597 17
5598 23
5599 27
5600 10
5601 21
5602 21
5603 11
5604 26
5605 15
5606 15
5607 26
5608 18
5609 12
5610 25
5611 23
5612 14
5613 29
5614 9
5615 10
5616 21
5617 19
5618 15
5619 25
5620 9
5621 12
5622 26
5623 12
5624 17
5625 20
5626 26
5627 16
5628 28
5629 15
5630 21
5631 30
5632 16
5633 23
5634 28
5635 21
5636 22
5637 29
5638 12
5639 18
5640 17
5641 8
5642 14
5643 23
5644 11
5645 16
5646 30
5647 16
5648 13
5649 17
5650 21
5651 27
5652 32
5653 26
5654 27
5655 22
5656 22
5657 21
5658 25
5659 27
5660 23
5661 19
5662 13
5663 13
5664 24
5665 14
5666 10
5667 18
5668 12
5669 15
5670 24
5671 24
5672 14
5673 31
5674 19
5675 11
5676 30
5677 29
5678 29
5679 31
5680 16
5681 12
5682 27
5683 14
5684 24
5685 22
5686 11
5687 11
5688 21
5689 17
5690 5
5691 18
5692 17
5693 16
5694 21
5695 12
5696 17
5697 33
5698 28
5699 12
5700 24
5701 9
5702 24
5703 19
5704 27
5705 9
5706 23
5707 16
5708 14
5709 20
5710 11
5711 15
5712 22
5713 15
5714 6
5715 21
5716 13
5717 16
5718 31
5719 18
5720 15
5721 23
5722 21
5723 18
5724 24
5725 10
5726 17
5727 22
5728 22
5729 15
5730 20
5731 29
5732 13
5733 26
5734 18
5735 19
5736 22
5737 20
5738 13
5739 29
5740 11
5741 13
5742 23
5743 18
5744 10
5745 19
5746 20
5747 16
5748 31
5749 11
5750 25
5751 30
5752 23
5753 28
5754 34
5755 15
5756 20
5757 28
5758 10
5759 19
5760 20
5761 14
5762 13
5763 15
5764 9
5765 12
5766 13
5767 16
5768 9
5769 30
5770 14
5771 14
5772 27
5773 24
5774 27
5775 21
5776 24
5777 19
5778 32
5779 17
5780 19
5781 20
5782 10
5783 8
5784 31
5785 12
5786 12
5787 21
5788 15
5789 20
5790 16
5791 27
5792 14
5793 38
5794 16
5795 20
5796 22
5797 20
5798 22
5799 25
5800 15
5801 10
5802 28
5803 16
5804 22
5805 20
5806 13
5807 11
5808 28
5809 12
5810 8
5811 29
5812 16
5813 30
5814 20
5815 17
5816 15
5817 32
5818 23
5819 23
5820 20
5821 13
5822 16
5823 19
5824 19
5825 7
5826 23
5827 17
5828 28
5829 19
5830 9
5831 21
5832 26
5833 16
5834 14
5835 23
5836 11
5837 24
5838 20
5839 23
5840 11
5841 29
5842 23
5843 12
5844 21
5845 17
5846 20
5847 19
5848 21
5849 8
5850 19
5851 21
5852 25
5853 29
5854 23
5855 13
5856 24
5857 16
5858 13
5859 29
5860 13
5861 15
5862 26
5863 16
5864 14
5865 22
5866 25
5867 17
5868 29
5869 16
5870 15
5871 29
5872 24
5873 13
5874 30
5875 17
5876 16
5877 27
5878 17
5879 16
5880 17
5881 10
5882 18
5883 15
5884 17
5885 15
5886 31
5887 7
5888 18
5889 22
5890 23
5891 21
5892 25
5893 24
5894 17
5895 20
5896 20
5897 16
5898 20
5899 18
5900 13
5901 16
5902 14
5903 10
5904 26
5905 13
5906 12
5907 18
5908 19
5909 14
5910 22
5911 21
5912 17
5913 29
5914 17
5915 17
5916 25
5917 12
5918 23
5919 28
5920 15
5921 11
5922 23
5923 15
5924 12
5925 17
5926 21
5927 10
5928 23
5929 15
5930 9
5931 22
5932 20
5933 15
5934 30
5935 17
5936 15
5937 35
5938 23
5939 21
5940 24
5941 12
5942 15
5943 28
5944 20
5945 18
5946 19
5947 21
5948 13
5949 28
5950 7
5951 26
5952 28
5953 20
5954 12
5955 21
5956 19
5957 19
5958 32
5959 22
5960 14
5961 21
5962 34
5963 14
5964 29
5965 17
5966 20
5967 19
5968 20
5969 23
5970 16
5971 21
5972 10
5973 34
5974 14
5975 13
5976 22
5977 22
5978 13
5979 32
5980 10
5981 18
5982 33
5983 13
5984 15
5985 18
5986 26
5987 14
5988 26
5989 14
5990 19
5991 23
5992 18
5993 28
5994 24
5995 16
5996 11
5997 30
5998 6
5999 22
6000 17
6001 14
6002 13
6003 17
6004 13
6005 10
6006 24
6007 17
6008 15
6009 21
6010 18
6011 14
6012 24
6013 19
6014 22
6015 24
6016 19
6017 21
6018 26
6019 19
6020 17
6021 18
6022 5
6023 14
6024 19
6025 12
6026 8
6027 22
6028 16
6029 17
6030 19
6031 22
6032 11
6033 33
6034 25
6035 16
6036 28
6037 22
6038 21
6039 25
6040 18
6041 10
6042 25
6043 15
6044 18
6045 18
6046 12
6047 12
6048 20
6049 5
6050 7
6051 29
6052 15
6053 23
6054 26
6055 11
6056 18
6057 29
6058 25
6059 21
6060 32
6061 14
6062 20
6063 21
6064 31
6065 11
6066 24
6067 19
6068 22
6069 27
6070 11
6071 24
6072 27
6073 15
6074 9
6075 22
6076 14
6077 19
6078 24
6079 21
6080 12
6081 26
6082 25
6083 13
6084 32
6085 13
6086 24
6087 18
6088 25
6089 10
6090 19
6091 20
6092 23
6093 31
6094 17
6095 14
6096 19
6097 20
6098 11
6099 32
6100 11
6101 12
6102 26
6103 13
6104 15
6105 22
6106 24
6107 14
6108 29
6109 11
6110 26
6111 21
6112 24
6113 18
6114 30
6115 15
6116 17
6117 32
6118 14
6119 25
6120 18
6121 15
6122 10
6123 18
6124 16
6125 10
6126 22
6127 17
6128 21
6129 16
6130 13
6131 16
6132 28
6133 15
6134 19
6135 21
6136 22
6137 17
6138 25
6139 18
6140 13
6141 17
6142 12
6143 13
6144 22
6145 15
6146 9
6147 21
6148 10
6149 12
6150 17
6151 29
6152 15
6153 41
6154 19
6155 11
6156 25
6157 21
6158 23
6159 28
6160 20
6161 13
6162 26
6163 16
6164 19
6165 22
6166 15
6167 13
6168 25
6169 13
6170 12
6171 29
6172 11
6173 20
6174 24
6175 14
6176 17
6177 38
6178 23
6179 18
6180 23
6181 16
6182 26
6183 15
6184 29
6185 15
6186 27
6187 12
6188 16
6189 25
6190 9
6191 18
6192 22
6193 29
6194 16
6195 18
6196 13
6197 18
6198 23
6199 23
6200 11
6201 15
6202 30
6203 14
6204 29
6205 17
6206 21
6207 26
6208 13
6209 16
6210 22
6211 25
6212 23
6213 31
6214 7
6215 15
6216 17
6217 16
6218 14
6219 27
6220 10
6221 10
6222 23
6223 10
6224 10
6225 16
6226 22
6227 12
6228 23
6229 14
6230 16
6231 29
6232 18
6233 24
6234 25
6235 14
6236 18
6237 33
6238 14
6239 14
6240 19
6241 11
6242 11
6243 20
6244 12
6245 13
6246 25
6247 17
6248 15
6249 20
6250 12
6251 22
6252 22
6253 20
6254 22
6255 26
6256 27
6257 23
6258 22
6259 32
6260 17
6261 21
6262 14
6263 13
6264 23
6265 8
6266 12
6267 21
6268 11
6269 14
6270 23
6271 26
6272 12
6273 29
6274 24
6275 11
6276 26
6277 22
6278 25
6279 36
6280 20
6281 21
6282 28
6283 14
6284 21
6285 21
6286 12
6287 23
6288 24
6289 14
6290 12
6291 22
6292 17
6293 15
6294 34
6295 14
6296 15
6297 31
6298 29
6299 11
6300 32
6301 12
6302 24
6303 15
6304 28
6305 15
6306 26
6307 15
6308 15
6309 23
6310 14
6311 20
6312 22
6313 26
6314 11
6315 16
6316 10
6317 14
6318 30
6319 20
6320 12
6321 13
6322 20
6323 10
6324 26
6325 11
6326 17
6327 19
6328 18
6329 13
6330 18
6331 27
6332 18
6333 36
6334 11
6335 16
6336 27
6337 21
6338 5
6339 27
6340 12
6341 13
6342 22
6343 13
6344 15
6345 20
6346 18
6347 14
6348 29
6349 11
6350 20
6351 25
6352 25
6353 19
6354 27
6355 19
6356 23
6357 32
6358 16
6359 19
6360 17
6361 16
6362 12
6363 17
6364 11
6365 11
6366 23
6367 18
6368 18
6369 26
6370 17
6371 13
6372 30
6373 15
6374 22
6375 17
6376 26
6377 11
6378 28
6379 25
6380 21
6381 20
6382 8
6383 13
6384 22
6385 13
6386 14
6387 20
6388 13
6389 14
6390 14
6391 23
6392 10
6393 34
6394 17
6395 13
6396 21
6397 11
6398 23
6399 22
6400 13
6401 12
6402 33
6403 15
6404 22
6405 24
6406 18
6407 15
6408 25
6409 17
6410 14
6411 36
6412 16
6413 30
6414 23
6415 18
6416 14
6417 30
6418 26
6419 21
6420 21
6421 12
6422 23
6423 21
6424 26
6425 10
6426 27
6427 18
6428 21
6429 26
6430 9
6431 16
6432 24
6433 25
6434 11
6435 27
6436 13
6437 31
6438 24
6439 22
6440 9
6441 19
6442 22
6443 16
6444 26
6445 13
6446 17
6447 20
6448 13
6449 16
6450 18
6451 18
6452 24
6453 36
6454 5
6455 18
6456 28
6457 21
6458 7
6459 24
6460 13
6461 13
6462 23
6463 15
6464 14
6465 21
6466 23
6467 13
6468 25
6469 14
6470 15
6471 21
6472 19
6473 16
6474 18
6475 16
6476 23
6477 30
6478 12
6479 20
6480 23
6481 8
6482 14
6483 22
6484 13
6485 11
6486 29
6487 15
6488 17
6489 20
6490 20
6491 21
6492 19
6493 22
6494 22
6495 20
6496 21
6497 13
6498 25
6499 18
6500 13
6501 21
6502 17
6503 9
6504 33
6505 10
6506 19
6507 23
6508 18
6509 15
6510 26
6511 24
6512 11
6513 33
6514 24
6515 22
6516 21
6517 19
6518 21
6519 27
6520 15
6521 14
6522 22
6523 14
6524 14
6525 15
6526 17
6527 13
6528 28
6529 18
6530 10
6531 26
6532 17
6533 19
6534 36
6535 15
6536 13
6537 30
6538 26
6539 21
6540 20
6541 13
6542 15
6543 18
6544 22
6545 10
6546 20
6547 13
6548 18
6549 19
6550 13
6551 16
6552 24
6553 30
6554 12
6555 19
6556 18
6557 17
6558 28
6559 20
6560 11
6561 16
6562 26
6563 13
6564 25
6565 10
6566 18
6567 27
6568 23
6569 19
6570 27
6571 27
6572 20
6573 37
6574 15
6575 16
6576 25
6577 22
6578 8
6579 35
6580 18
6581 12
6582 30
6583 15
6584 14
6585 17
6586 32
6587 17
6588 31
6589 12
6590 18
6591 27
6592 21
6593 20
6594 30
6595 13
6596 17
6597 35
6598 17
6599 17
6600 23
6601 14
6602 14
6603 19
6604 16
6605 10
6606 31
6607 18
6608 16
6609 19
6610 17
6611 25
6612 35
6613 15
6614 24
6615 21
6616 19
6617 19
6618 27
6619 22
6620 18
6621 18
6622 12
6623 17
6624 23
6625 16
6626 14
6627 21
6628 16
6629 16
6630 19
6631 36
6632 11
6633 31
6634 25
6635 17
6636 24
6637 21
6638 25
6639 29
6640 16
6641 15
6642 23
6643 13
6644 21
6645 24
6646 8
6647 20
6648 23
6649 19
6650 11
6651 43
6652 13
6653 33
6654 23
6655 16
6656 15
6657 30
6658 26
6659 24
6660 25
6661 9
6662 21
6663 22
6664 23
6665 12
6666 27
6667 17
6668 23
6669 23
6670 12
6671 21
6672 23
6673 17
6674 10
6675 22
6676 9
6677 27
6678 21
6679 21
6680 14
6681 25
6682 21
6683 15
6684 32
6685 10
6686 29
6687 22
6688 32
6689 13
6690 28
6691 24
6692 26
6693 29
6694 18
6695 15
6696 25
6697 15
6698 9
6699 31
6700 10
6701 11
6702 26
6703 19
6704 17
6705 19
6706 22
6707 24
6708 28
6709 14
6710 21
6711 32
6712 29
6713 13
6714 21
6715 18
6716 16
6717 30
6718 12
6719 21
6720 16
6721 9
6722 13
6723 23
6724 12
6725 15
6726 25
6727 19
6728 20
6729 24
6730 25
6731 30
6732 31
6733 20
6734 25
6735 30
6736 26
6737 21
6738 26
6739 23
6740 14
6741 23
6742 16
6743 18
6744 29
6745 13
6746 15
6747 19
6748 24
6749 14
6750 23
6751 27
6752 17
6753 32
6754 24
6755 14
6756 28
6757 16
6758 20
6759 35
6760 16
6761 14
6762 33
6763 15
6764 23
6765 26
6766 20
6767 16
6768 31
6769 15
6770 11
6771 28
6772 16
6773 16
6774 29
6775 14
6776 15
6777 36
6778 18
6779 20
6780 21
6781 17
6782 23
6783 27
6784 23
6785 14
6786 24
6787 24
6788 27
6789 18
6790 14
6791 20
6792 29
6793 19
6794 15
6795 22
6796 13
6797 9
6798 28
6799 22
6800 12
6801 23
6802 27
6803 10
6804 31
6805 11
6806 26
6807 26
6808 19
6809 16
6810 27
6811 19
6812 29
6813 30
6814 21
6815 14
6816 27
6817 20
6818 15
6819 28
6820 12
6821 10
6822 27
6823 18
6824 9
6825 22
6826 23
6827 17
6828 29
6829 12
6830 20
6831 40
6832 23
6833 25
6834 31
6835 14
6836 17
6837 24
6838 14
6839 24
6840 19
6841 8
6842 16
6843 26
6844 7
6845 15
6846 18
6847 21
6848 11
6849 25
6850 21
6851 23
6852 31
6853 23
6854 26
6855 32
6856 27
6857 22
6858 27
6859 27
6860 16
6861 19
6862 14
6863 14
6864 27
6865 18
6866 14
6867 22
6868 16
6869 18
6870 22
6871 22
6872 14
6873 30
6874 19
6875 16
6876 27
6877 20
6878 23
6879 37
6880 16
6881 14
6882 29
6883 18
6884 18
6885 24
6886 18
6887 17
6888 18
6889 11
6890 10
6891 30
6892 19
6893 24
6894 29
6895 18
6896 22
6897 28
6898 28
6899 24
6900 25
6901 17
6902 19
6903 18
6904 31
6905 13
6906 28
6907 18
6908 16
6909 22
6910 9
6911 25
6912 29
6913 14
6914 12
6915 17
6916 16
6917 15
6918 30
6919 25
6920 13
6921 20
6922 27
6923 12
6924 31
6925 14
6926 21
6927 25
6928 24
6929 11
6930 29
6931 38
6932 18
6933 35
6934 14
6935 24
6936 25
6937 26
6938 15
6939 37
6940 7
6941 12
6942 27
6943 19
6944 7
6945 19
6946 17
6947 11
6948 21
6949 13
6950 18
6951 29
6952 23
6953 22
6954 21
6955 21
6956 20
6957 40
6958 11
6959 23
6960 14
6961 18
6962 12
6963 28
6964 9
6965 11
6966 26
6967 17
6968 17
6969 20
6970 19
6971 19
6972 37
6973 15
6974 26
6975 22
6976 34
6977 21
6978 29
6979 27
6980 20
6981 23
6982 15
6983 15
6984 30
6985 16
6986 12
6987 22
6988 18
6989 12
6990 26
6991 24
6992 15
6993 31
6994 24
6995 14
6996 36
6997 17
6998 26
6999 26
7000 18
7001 11
7002 32
7003 18
7004 29
7005 22
7006 18
7007 21
7008 30
7009 13
7010 13
7011 37
7012 18
7013 14
7014 22
7015 22
7016 20
7017 29
7018 25
7019 15
7020 22
7021 18
7022 29
7023 19
7024 28
7025 9
7026 26
7027 18
7028 23
7029 22
7030 14
7031 20
7032 21
7033 14
7034 14
7035 28
7036 15
7037 21
7038 23
7039 25
7040 7
7041 20
7042 22
7043 17
7044 30
7045 10
7046 20
7047 20
7048 19
7049 13
7050 21
7051 27
7052 19
7053 27
7054 16
7055 17
7056 26
7057 18
7058 11
7059 36
7060 10
7061 16
7062 31
7063 16
7064 9
7065 17
7066 24
7067 14
7068 27
7069 9
7070 19
7071 28
7072 18
7073 25
7074 28
7075 16
7076 25
7077 30
7078 13
7079 16
7080 23
7081 13
7082 16
7083 20
7084 15
7085 13
7086 29
7087 20
7088 15
7089 26
7090 16
7091 25
7092 31
7093 29
7094 21
7095 30
7096 33
7097 22
7098 29
7099 24
7100 24
7101 19
7102 6
7103 15
7104 37
7105 13
7106 16
7107 27
7108 15
7109 16
7110 18
7111 28
7112 16
7113 36
7114 20
7115 21
7116 23
7117 25
7118 25
7119 28
7120 15
7121 13
7122 31
7123 14
7124 21
7125 23
7126 17
7127 17
7128 34
7129 13
7130 15
7131 40
7132 11
7133 20
7134 35
7135 17
7136 15
7137 32
7138 26
7139 27
7140 19
7141 17
7142 26
7143 18
7144 22
7145 10
7146 24
7147 19
7148 16
7149 18
7150 13
7151 25
7152 27
7153 19
7154 18
7155 23
7156 10
7157 14
7158 28
7159 26
7160 8
7161 20
7162 22
7163 20
7164 21
7165 14
7166 15
7167 29
7168 20
7169 18
7170 16
7171 30
7172 20
7173 39
7174 10
7175 18
7176 26
7177 22
7178 12
7179 30
7180 10
7181 11
7182 20
7183 14
7184 17
7185 19
7186 25
7187 14
7188 28
7189 9
7190 19
7191 38
7192 21
7193 24
7194 25
7195 18
7196 23
7197 32
7198 14
7199 19
7200 18
7201 14
7202 13
7203 21
7204 18
7205 12
7206 39
7207 13
7208 18
7209 16
7210 29
7211 22
7212 36
7213 16
7214 25
7215 18
7216 29
7217 16
7218 28
7219 22
7220 19
7221 18
7222 16
7223 15
7224 26
7225 13
7226 13
7227 26
7228 24
7229 12
7230 29
7231 29
7232 18
7233 28
7234 31
7235 18
7236 35
7237 18
7238 26
7239 35
7240 18
7241 9
7242 34
7243 17
7244 16
7245 19
7246 17
7247 21
7248 24
7249 18
7250 11
7251 35
7252 22
7253 23
7254 36
7255 20
7256 14
7257 30
7258 28
7259 26
7260 31
7261 14
7262 21
7263 25
7264 21
7265 17
7266 26
7267 20
7268 17
7269 29
7270 8
7271 29
7272 16
7273 22
7274 14
7275 26
7276 18
7277 22
7278 31
7279 22
7280 9
7281 16
7282 25
7283 15
7284 31
7285 10
7286 19
7287 20
7288 23
7289 17
7290 20
7291 25
7292 17
7293 41
7294 11
7295 19
7296 19
7297 20
7298 10
7299 34
7300 15
7301 13
7302 31
7303 15
7304 21
7305 14
7306 25
7307 18
7308 31
7309 12
7310 21
7311 30
7312 28
7313 18
7314 27
7315 17
7316 25
7317 27
7318 8
7319 15
7320 25
7321 7
7322 9
7323 20
7324 14
7325 14
7326 31
7327 19
7328 20
7329 26
7330 20
7331 30
7332 32
7333 26
7334 29
7335 24
7336 21
7337 19
7338 27
7339 24
7340 23
7341 14
7342 8
7343 18
7344 18
7345 6
7346 13
7347 30
7348 13
7349 18
7350 17
7351 39
7352 19
7353 48
7354 22
7355 23
7356 27
7357 23
7358 21
7359 44
7360 21
7361 9
7362 32
7363 15
7364 20
7365 15
7366 21
7367 16
7368 27
7369 12
7370 10
7371 30
7372 11
7373 25
7374 18
7375 19
7376 17
7377 38
7378 25
7379 27
7380 17
7381 16
7382 24
7383 24
7384 28
7385 13
7386 30
7387 20
7388 20
7389 20
7390 16
7391 15
7392 26
7393 21
7394 16
7395 22
7396 11
7397 17
7398 23
7399 17
7400 11
7401 27
7402 26
7403 14
7404 24
7405 13
7406 26
7407 32
7408 25
7409 16
7410 21
7411 24
7412 30
7413 20
7414 24
7415 19
7416 27
7417 15
7418 14
7419 23
7420 14
7421 12
7422 22
7423 15
7424 15
7425 26
7426 29
7427 22
7428 34
7429 9
7430 17
7431 45
7432 27
7433 21
7434 27
7435 14
7436 22
7437 27
7438 16
7439 16
7440 27
7441 12
7442 5
7443 20
7444 19
7445 12
7446 26
7447 20
7448 12
7449 21
7450 20
7451 25
7452 38
7453 22
7454 20
7455 27
7456 29
7457 17
7458 33
7459 27
7460 14
7461 17
7462 16
7463 20
7464 31
7465 11
7466 16
7467 30
7468 16
7469 14
7470 27
7471 28
7472 11
7473 35
7474 21
7475 14
7476 32
7477 20
7478 27
7479 40
7480 21
7481 14
7482 28
7483 13
7484 25
7485 21
7486 17
7487 23
7488 25
7489 14
7490 16
7491 31
7492 17
7493 23
7494 31
7495 20
7496 13
7497 29
7498 20
7499 20
7500 21
7501 12
7502 25
7503 28
7504 13
7505 18
7506 27
7507 20
7508 15
7509 31
7510 12
7511 24
7512 18
7513 17
7514 18
7515 21
7516 19
7517 20
7518 35
7519 17
7520 18
7521 20
7522 25
7523 15
7524 27
7525 18
7526 19
7527 25
7528 24
7529 17
7530 21
7531 26
7532 17
7533 28
7534 13
7535 16
7536 25
7537 13
7538 10
7539 22
7540 16
7541 12
7542 35
7543 15
7544 18
7545 18
7546 33
7547 19
7548 31
7549 17
7550 18
7551 34
7552 20
7553 12
7554 27
7555 18
7556 21
7557 30
7558 9
7559 20
7560 16
7561 8
7562 15
7563 23
7564 9
7565 12
7566 32
7567 18
7568 24
7569 22
7570 18
7571 26
7572 30
7573 24
7574 20
7575 27
7576 24
7577 23
7578 24
7579 32
7580 17
7581 20
7582 14
7583 21
7584 27
7585 9
7586 15
7587 32
7588 9
7589 18
7590 24
7591 29
7592 12
7593 42
7594 21
7595 23
7596 33
7597 19
7598 26
7599 28
7600 24
7601 13
7602 34
7603 21
7604 22
7605 21
7606 14
7607 14
7608 22
7609 19
7610 10
7611 36
7612 12
7613 20
7614 25
7615 19
7616 9
7617 29
7618 26
7619 17
7620 33
7621 15
7622 32
7623 23
7624 31
7625 11
7626 34
7627 23
7628 27
7629 25
7630 9
7631 23
7632 24
7633 25
7634 9
7635 25
7636 13
7637 17
7638 26
7639 26
7640 15
7641 24
7642 29
7643 11
7644 33
7645 7
7646 24
7647 20
7648 24
7649 11
7650 22
7651 27
7652 26
7653 28
7654 20
7655 16
7656 28
7657 22
7658 10
7659 43
7660 14
7661 16
7662 23
7663 18
7664 13
7665 21
7666 22
7667 20
7668 29
7669 8
7670 13
7671 32
7672 15
7673 13
7674 22
7675 15
7676 23
7677 26
7678 14
7679 21
7680 20
7681 9
7682 12
7683 23
7684 12
7685 12
7686 22
7687 23
7688 8
7689 21
7690 19
7691 32
7692 29
7693 22
7694 23
7695 25
7696 24
7697 21
7698 33
7699 22
7700 26
7701 22
7702 15
7703 14
7704 34
7705 14
7706 15
7707 26
7708 12
7709 13
7710 22
7711 37
7712 14
7713 44
7714 24
7715 17
7716 25
7717 31
7718 30
7719 35
7720 22
7721 15
7722 29
7723 19
7724 32
7725 18
7726 13
7727 11
7728 24
7729 11
7730 13
7731 29
7732 16
7733 20
7734 21
7735 10
7736 22
7737 36
7738 21
7739 16
7740 19
7741 14
7742 22
7743 18
7744 30
7745 15
7746 28
7747 15
7748 23
7749 19
7750 11
7751 26
7752 33
7753 17
7754 15
7755 24
7756 18
7757 14
7758 32
7759 28
7760 11
7761 17
7762 32
7763 17
7764 25
7765 12
7766 24
7767 26
7768 18
7769 12
7770 22
7771 30
7772 21
7773 27
7774 12
7775 22
7776 32
7777 24
7778 16
7779 35
7780 12
7781 6
7782 29
7783 16
7784 17
7785 22
7786 23
7787 14
7788 36
7789 15
7790 21
7791 38
7792 20
7793 19
7794 24
7795 18
7796 20
7797 26
7798 12
7799 27
7800 20
7801 9
7802 15
7803 20
7804 9
7805 13
7806 26
7807 11
7808 16
7809 18
7810 22
7811 29
7812 36
7813 24
7814 28
7815 24
7816 21
7817 21
7818 29
7819 27
7820 20
7821 25
7822 14
7823 16
7824 32
7825 12
7826 17
7827 28
7828 11
7829 22
7830 28
7831 22
7832 15
7833 26
7834 22
7835 19
7836 27
7837 33
7838 25
7839 32
7840 17
7841 15
7842 25
7843 25
7844 18
7845 22
7846 19
7847 20
7848 25
7849 12
7850 10
7851 34
7852 18
7853 24
7854 32
7855 14
7856 18
7857 24
7858 24
7859 21
7860 26
7861 12
7862 28
7863 18
7864 21
7865 15
7866 30
7867 19
7868 19
7869 26
7870 11
7871 29
7872 25
7873 25
7874 9
7875 26
7876 21
7877 14
7878 32
7879 29
7880 11
7881 20
7882 27
7883 14
7884 27
7885 10
7886 22
7887 25
7888 20
7889 10
7890 21
7891 30
7892 13
7893 30
7894 18
7895 16
7896 20
7897 17
7898 16
7899 30
7900 12
7901 12
7902 24
7903 14
7904 10
7905 20
7906 22
7907 18
7908 26
7909 10
7910 11
7911 29
7912 21
7913 17
7914 27
7915 17
7916 14
7917 28
7918 11
7919 23
7920 20
7921 16
7922 14
7923 27
7924 17
7925 19
7926 25
7927 24
7928 12
7929 29
7930 18
7931 28
7932 33
7933 20
7934 26
7935 24
7936 30
7937 21
7938 36
7939 22
7940 27
7941 23
7942 11
7943 15
7944 29
7945 12
7946 16
7947 28
7948 15
7949 16
7950 22
7951 31
7952 12
7953 43
7954 24
7955 15
7956 32
7957 20
7958 29
7959 37
7960 22
7961 14
7962 35
7963 16
7964 26
7965 18
7966 15
7967 16
7968 26
7969 8
7970 12
7971 33
7972 18
7973 22
7974 31
7975 18
7976 18
7977 34
7978 28
7979 25
7980 30
7981 9
7982 27
7983 24
7984 25
7985 9
7986 30
7987 13
7988 19
7989 20
7990 7
7991 20
7992 26
7993 16
7994 10
7995 32
7996 16
7997 23
7998 16
7999 23
8000 11
8001 22
8002 25
8003 19
8004 27
8005 11
8006 30
8007 26
8008 26
8009 13
8010 17
8011 24
8012 21
8013 30
8014 24
8015 16
8016 26
8017 16
8018 11
8019 29
8020 12
8021 13
8022 22
8023 15
8024 15
8025 23
8026 24
8027 21
8028 35
8029 13
8030 22
8031 42
8032 25
8033 17
8034 25
8035 19
8036 24
8037 26
8038 18
8039 19
8040 17
8041 17
8042 14
8043 17
8044 13
8045 13
8046 26
8047 18
8048 17
8049 24
8050 14
8051 25
8052 37
8053 25
8054 18
8055 29
8056 30
8057 17
8058 25
8059 26
8060 13
8061 23
8062 15
8063 13
8064 30
8065 11
8066 11
8067 20
8068 19
8069 13
8070 23
8071 16
8072 15
8073 24
8074 24
8075 19
8076 25
8077 21
8078 13
8079 42
8080 18
8081 15
8082 33
8083 19
8084 22
8085 22
8086 20
8087 20
8088 27
8089 12
8090 11
8091 30
8092 23
8093 20
8094 33
8095 19
8096 16
8097 25
8098 22
8099 21
8100 24
8101 10
8102 20
8103 29
8104 23
8105 16
8106 29
8107 22
8108 26
8109 25
8110 12
8111 28
8112 24
8113 21
8114 16
8115 26
8116 19
8117 15
8118 29
8119 26
8120 6
8121 24
8122 20
8123 15
8124 20
8125 13
8126 23
8127 31
8128 24
8129 22
8130 24
8131 26
8132 17
8133 33
8134 17
8135 23
8136 29
8137 26
8138 13
8139 24
8140 16
8141 14
8142 29
8143 16
8144 15
8145 20
8146 24
8147 16
8148 33
8149 13
8150 15
8151 36
8152 30
8153 24
8154 29
8155 16
8156 16
8157 28
8158 8
8159 22
8160 17
8161 13
8162 20
8163 17
8164 10
8165 14
8166 39
8167 13
8168 16
8169 21
8170 24
8171 21
8172 30
8173 19
8174 21
8175 22
8176 21
8177 23
8178 29
8179 23
8180 13
8181 20
8182 13
8183 22
8184 23
8185 17
8186 17
8187 29
8188 13
8189 13
8190 22
8191 33
8192 19
8193 33
8194 23
8195 21
8196 24
8197 18
8198 27
8199 31
8200 20
8201 12
8202 27
8203 22
8204 23
8205 21
8206 24
8207 19
8208 26
8209 13
8210 11
8211 43
8212 12
8213 25
8214 28
8215 18
8216 18
8217 27
8218 27
8219 20
8220 30
8221 10
8222 24
8223 20
8224 23
8225 8
8226 28
8227 15
8228 22
8229 21
8230 15
8231 25
8232 23
8233 14
8234 13
8235 21
8236 10
8237 24
8238 24
8239 18
8240 8
8241 17
8242 24
8243 15
8244 37
8245 9
8246 25
8247 22
8248 28
8249 14
8250 27
8251 38
8252 25
8253 36
8254 14
8255 17
8256 26
8257 19
8258 10
8259 39
8260 8
8261 14
8262 26
8263 13
8264 14
8265 15
8266 19
8267 13
8268 30
8269 12
8270 26
8271 28
8272 28
8273 22
8274 27
8275 21
8276 25
8277 41
8278 16
8279 18
8280 18
8281 13
8282 9
8283 28
8284 14
8285 11
8286 26
8287 15
8288 14
8289 20
8290 21
8291 23
8292 30
8293 16
8294 19
8295 24
8296 24
8297 18
8298 26
8299 20
8300 17
8301 24
8302 13
8303 20
8304 22
8305 16
8306 15
8307 24
8308 15
8309 11
8310 29
8311 37
8312 17
8313 34
8314 22
8315 19
8316 27
8317 14
8318 22
8319 32
8320 16
8321 15
8322 26
8323 15
8324 34
8325 21
8326 20
8327 20
8328 34
8329 16
8330 20
8331 40
8332 16
8333 17
8334 29
8335 24
8336 15
8337 40
8338 24
8339 23
8340 22
8341 11
8342 20
8343 21
8344 23
8345 12
8346 30
8347 15
8348 29
8349 23
8350 13
8351 24
8352 24
8353 23
8354 20
8355 26
8356 18
8357 16
8358 26
8359 26
8360 10
8361 20
8362 27
8363 13
8364 30
8365 15
8366 19
8367 27
8368 30
8369 14
8370 24
8371 25
8372 27
8373 30
8374 7
8375 15
8376 23
8377 22
8378 13
8379 32
8380 15
8381 7
8382 29
8383 21
8384 14
8385 23
8386 24
8387 21
8388 24
8389 20
8390 19
8391 33
8392 13
8393 23
8394 23
8395 13
8396 23
8397 31
8398 5
8399 18
8400 20
8401 11
8402 11
8403 19
8404 15
8405 8
8406 26
8407 23
8408 17
8409 24
8410 17
8411 23
8412 29
8413 22
8414 19
8415 29
8416 29
8417 15
8418 23
8419 28
8420 19
8421 16
8422 11
8423 14
8424 26
8425 12
8426 22
8427 23
8428 11
8429 15
8430 24
8431 24
8432 14
8433 34
8434 23
8435 17
8436 25
8437 25
8438 26
8439 38
8440 17
8441 12
8442 26
8443 19
8444 21
8445 21
8446 11
8447 21
8448 32
8449 12
8450 13
8451 35
8452 17
8453 26
8454 27
8455 17
8456 15
8457 28
8458 29
8459 23
8460 27
8461 11
8462 25
8463 23
8464 29
8465 15
8466 22
8467 18
8468 23
8469 15
8470 12
8471 24
8472 28
8473 24
8474 15
8475 23
8476 15
8477 18
8478 40
8479 27
8480 12
8481 18
8482 36
8483 13
8484 29
8485 13
8486 27
8487 31
8488 19
8489 18
8490 23
8491 30
8492 26
8493 42
8494 16
8495 16
8496 28
8497 22
8498 7
8499 36
8500 8
8501 13
8502 32
8503 18
8504 14
8505 16
8506 26
8507 21
8508 26
8509 13
8510 22
8511 30
8512 15
8513 17
8514 34
8515 17
8516 22
8517 36
8518 12
8519 16
8520 21
8521 12
8522 8
8523 24
8524 7
8525 15
8526 23
8527 17
8528 17
8529 23
8530 19
8531 27
8532 34
8533 16
8534 29
8535 15
8536 37
8537 9
8538 24
8539 23
8540 19
8541 21
8542 13
8543 13
8544 25
8545 17
8546 10
8547 30
8548 12
8549 19
8550 24
8551 26
8552 15
8553 28
8554 23
8555 24
8556 35
8557 10
8558 28
8559 28
8560 16
8561 10
8562 33
8563 20
8564 21
8565 19
8566 14
8567 18
8568 24
8569 15
8570 11
8571 36
8572 16
8573 18
8574 29
8575 16
8576 14
8577 25
8578 28
8579 20
8580 26
8581 14
8582 25
8583 19
8584 28
8585 12
8586 27
8587 19
8588 23
8589 22
8590 10
8591 25
8592 33
8593 21
8594 15
8595 26
8596 16
8597 22
8598 32
8599 29
8600 10
8601 24
8602 29
8603 20
8604 28
8605 14
8606 23
8607 27
8608 18
8609 11
8610 29
8611 27
8612 23
8613 39
8614 20
8615 13
8616 31
8617 25
8618 11
8619 33
8620 11
8621 18
8622 24
8623 19
8624 10
8625 25
8626 21
8627 21
8628 23
8629 16
8630 12
8631 32
8632 14
8633 18
8634 27
8635 17
8636 24
8637 32
8638 8
8639 16
8640 19
8641 13
8642 13
8643 19
8644 14
8645 7
8646 26
8647 24
8648 11
8649 26
8650 18
8651 23
8652 31
8653 22
8654 23
8655 28
8656 30
8657 14
8658 23
8659 22
8660 23
8661 19
8662 20
8663 14
8664 35
8665 11
8666 16
8667 28
8668 20
8669 16
8670 23
8671 26
8672 15
8673 31
8674 20
8675 20
8676 27
8677 16
8678 20
8679 40
8680 12
8681 14
8682 24
8683 16
8684 23
8685 18
8686 19
8687 19
8688 27
8689 12
8690 11
8691 37
8692 22
8693 26
8694 30
8695 14
8696 14
8697 27
8698 28
8699 23
8700 18
8701 11
8702 19
8703 27
8704 26
8705 15
8706 29
8707 17
8708 20
8709 19
8710 14
8711 31
8712 31
8713 26
8714 8
8715 22
8716 16
8717 21
8718 31
8719 25
8720 14
8721 22
8722 20
8723 18
8724 21
8725 13
8726 22
8727 26
8728 21
8729 14
8730 22
8731 26
8732 25
8733 29
8734 20
8735 18
8736 26
8737 26
8738 11
8739 29
8740 16
8741 13
8742 29
8743 15
8744 19
8745 20
8746 27
8747 16
8748 31
8749 14
8750 18
8751 38
8752 18
8753 26
8754 28
8755 19
8756 22
8757 36
8758 12
8759 32
8760 18
8761 13
8762 12
8763 17
8764 19
8765 12
8766 24
8767 20
8768 11
8769 17
8770 23
8771 21
8772 38
8773 15
8774 22
8775 27
8776 32
8777 25
8778 35
8779 22
8780 14
8781 18
8782 13
8783 17
8784 31
8785 10
8786 16
8787 25
8788 13
8789 15
8790 29
8791 23
8792 14
8793 24
8794 22
8795 15
8796 33
8797 21
8798 30
8799 21
8800 18
8801 12
8802 32
8803 19
8804 16
8805 20
8806 13
8807 18
8808 20
8809 15
8810 15
8811 42
8812 19
8813 18
8814 25
8815 16
8816 18
8817 21
8818 29
8819 16
8820 32
8821 9
8822 23
8823 19
8824 22
8825 9
8826 27
8827 16
8828 19
8829 26
8830 9
8831 27
8832 17
8833 21
8834 13
8835 29
8836 14
8837 24
8838 20
8839 24
8840 13
8841 21
8842 22
8843 15
8844 33
8845 11
8846 23
8847 25
8848 28
8849 13
8850 26
8851 30
8852 22
8853 38
8854 21
8855 27
8856 27
8857 15
8858 12
8859 37
8860 6
8861 14
8862 16
8863 17
8864 16
8865 21
8866 22
8867 20
8868 34
8869 13
8870 25
8871 34
8872 29
8873 24
8874 33
8875 22
8876 22
8877 33
8878 17
8879 25
8880 24
8881 12
8882 14
8883 23
8884 7
8885 15
8886 20
8887 11
8888 12
8889 23
8890 19
8891 21
8892 23
8893 25
8894 23
8895 19
8896 27
8897 24
8898 31
8899 22
8900 15
8901 21
8902 21
8903 13
8904 24
8905 8
8906 21
8907 23
8908 19
8909 16
8910 27
8911 31
8912 16
8913 32
8914 21
8915 19
8916 30
8917 17
8918 20
8919 37
8920 20
8921 19
8922 29
8923 13
8924 17
8925 15
8926 26
8927 17
8928 27
8929 12
8930 9
8931 34
8932 20
8933 19
8934 31
8935 17
8936 14
8937 36
8938 17
8939 25
8940 26
8941 7
8942 16
8943 23
8944 24
8945 17
8946 28
8947 18
8948 26
8949 23
8950 11
8951 32
8952 28
8953 27
8954 16
8955 25
8956 8
8957 14
8958 22
8959 29
8960 12
8961 24
8962 19
8963 18
8964 25
8965 16
8966 26
8967 24
8968 23
8969 12
8970 19
8971 33
8972 22
8973 30
8974 14
8975 18
8976 26
8977 22
8978 13
8979 35
8980 12
8981 8
8982 28
8983 19
8984 12
8985 26
8986 25
8987 20
8988 34
8989 13
8990 21
8991 35
8992 23
8993 22
8994 21
8995 13
8996 19
8997 26
8998 17
8999 21
9000 18
9001 11
9002 19
9003 23
9004 16
9005 11
9006 31
9007 16
9008 13
9009 27
9010 23
9011 20
9012 31
9013 17
9014 22
9015 24
9016 23
9017 22
9018 27
9019 14
9020 21
9021 18
9022 6
9023 13
9024 22
9025 7
9026 21
9027 23
9028 20
9029 14
9030 19
9031 38
9032 18
9033 32
9034 23
9035 14
9036 36
9037 18
9038 30
9039 41
9040 21
9041 10
9042 28
9043 15
9044 27
9045 19
9046 15
9047 9
9048 25
9049 10
9050 11
9051 31
9052 17
9053 17
9054 31
9055 16
9056 20
9057 29
9058 25
9059 19
9060 26
9061 12
9062 29
9063 29
9064 25
9065 11
9066 23
9067 25
9068 19
9069 30
9070 6
9071 26
9072 19
9073 19
9074 12
9075 28
9076 15
9077 16
9078 37
9079 20
9080 17
9081 19
9082 35
9083 14
9084 33
9085 18
9086 21
9087 31
9088 24
9089 18
9090 18
9091 31
9092 19
9093 35
9094 12
9095 21
9096 22
9097 22
9098 15
9099 28
9100 11
9101 12
9102 35
9103 14
9104 10
9105 18
9106 27
9107 17
9108 29
9109 16
9110 19
9111 36
9112 25
9113 25
9114 25
9115 21
9116 24
9117 42
9118 13
9119 20
9120 23
9121 17
9122 15
9123 30
9124 10
9125 9
9126 31
9127 20
9128 15
9129 19
9130 17
9131 22
9132 25
9133 20
9134 23
9135 26
9136 24
9137 16
9138 23
9139 25
9140 17
9141 27
9142 10
9143 13
9144 29
9145 15
9146 8
9147 25
9148 17
9149 13
9150 24
9151 25
9152 18
9153 33
9154 25
9155 12
9156 35
9157 16
9158 22
9159 28
9160 20
9161 12
9162 29
9163 21
9164 16
9165 19
9166 17
9167 22
9168 29
9169 12
9170 5
9171 26
9172 15
9173 12
9174 29
9175 19
9176 15
9177 23
9178 22
9179 23
9180 28
9181 13
9182 22
9183 19
9184 30
9185 12
9186 34
9187 20
9188 21
9189 23
9190 11
9191 19
9192 29
9193 23
9194 12
9195 32
9196 14
9197 16
9198 23
9199 27
9200 12
9201 24
9202 30
9203 19
9204 28
9205 19
9206 24
9207 28
9208 20
9209 10
9210 22
9211 30
9212 24
9213 28
9214 8
9215 16
9216 22
9217 19
9218 15
9219 36
9220 13
9221 20
9222 26
9223 19
9224 12
9225 25
9226 22
9227 24
9228 21
9229 15
9230 21
9231 37
9232 15
9233 16
9234 31
9235 21
9236 19
9237 33
9238 10
9239 15
9240 17
9241 14
9242 15
9243 24
9244 15
9245 17
9246 25
9247 19
9248 20
9249 22
9250 19
9251 28
9252 27
9253 21
9254 25
9255 19
9256 30
9257 17
9258 30
9259 22
9260 23
9261 16
9262 12
9263 11
9264 31
9265 9
9266 12
9267 29
9268 19
9269 17
9270 23
9271 21
9272 15
9273 36
9274 26
9275 22
9276 35
9277 22
9278 33
9279 29
9280 22
9281 12
9282 37
9283 16
9284 36
9285 19
9286 16
9287 20
9288 26
9289 11
9290 14
9291 32
9292 16
9293 25
9294 28
9295 18
9296 15
9297 27
9298 20
9299 24
9300 24
9301 13
9302 25
9303 20
9304 28
9305 13
9306 31
9307 20
9308 20
9309 23
9310 11
9311 28
9312 29
9313 21
9314 10
9315 22
9316 9
9317 19
9318 34
9319 23
9320 11
9321 13
9322 27
9323 17
9324 24
9325 18
9326 21
9327 25
9328 16
9329 18
9330 22
9331 32
9332 19
9333 31
9334 15
9335 13
9336 22
9337 21
9338 15
9339 36
9340 10
9341 11
9342 25
9343 16
9344 12
9345 18
9346 23
9347 19
9348 30
9349 13
9350 19
9351 36
9352 15
9353 23
9354 29
9355 14
9356 19
9357 32
9358 13
9359 24
9360 14
9361 13
9362 15
9363 17
9364 18
9365 12
9366 28
9367 18
9368 19
9369 24
9370 17
9371 22
9372 32
9373 17
9374 23
9375 26
9376 28
9377 23
9378 29
9379 25
9380 19
9381 18
9382 16
9383 17
9384 31
9385 10
9386 11
9387 25
9388 20
9389 8
9390 27
9391 29
9392 17
9393 30
9394 26
9395 17
9396 34
9397 16
9398 22
9399 34
9400 21
9401 11
9402 28
9403 15
9404 22
9405 19
9406 16
9407 17
9408 24
9409 11
9410 13
9411 33
9412 18
9413 16
9414 27
9415 14
9416 17
9417 33
9418 28
9419 21
9420 26
9421 12
9422 24
9423 22
9424 25
9425 14
9426 27
9427 21
9428 16
9429 25
9430 12
9431 35
9432 22
9433 23
9434 10
9435 28
9436 18
9437 22
9438 28
9439 32
9440 14
9441 19
9442 29
9443 15
9444 27
9445 13
9446 25
9447 22
9448 16
9449 17
9450 17
9451 27
9452 22
9453 43
9454 15
9455 15
9456 25
9457 25
9458 10
9459 38
9460 13
9461 19
9462 29
9463 16
9464 13
9465 18
9466 26
9467 16
9468 30
9469 17
9470 14
9471 38
9472 26
9473 22
9474 26
9475 18
9476 20
9477 32
9478 12
9479 29
9480 17
9481 10
9482 11
9483 23
9484 8
9485 16
9486 22
9487 14
9488 16
9489 19
9490 19
9491 21
9492 35
9493 23
9494 25
9495 23
9496 33
9497 13
9498 34
9499 19
9500 27
9501 17
9502 10
9503 18
9504 32
9505 10
9506 11
9507 22
9508 7
9509 17
9510 21
9511 32
9512 16
9513 27
9514 19
9515 21
9516 32
9517 18
9518 34
9519 22
9520 16
9521 12
9522 33
9523 17
9524 25
9525 14
9526 22
9527 15
9528 23
9529 11
9530 11
9531 38
9532 9
9533 24
9534 26
9535 22
9536 13
9537 46
9538 27
9539 26
9540 28
9541 15
9542 24
9543 26
9544 27
9545 8
9546 34
9547 15
9548 19
9549 16
9550 15
9551 24
9552 24
9553 24
9554 13
9555 25
9556 10
9557 21
9558 22
9559 30
9560 14
9561 26
9562 26
9563 21
9564 31
9565 14
9566 17
9567 21
9568 21
9569 14
9570 22
9571 23
9572 21
9573 29
9574 16
9575 17
9576 25
9577 20
9578 8
9579 32
9580 13
9581 17
9582 24
9583 17
9584 14
9585 24
9586 19
9587 17
9588 28
9589 9
9590 15
9591 35
9592 25
9593 21
9594 20
9595 21
9596 18
9597 20
9598 15
9599 21
9600 23
9601 13
9602 8
9603 25
9604 19
9605 14
9606 30
9607 17
9608 17
9609 25
9610 15
9611 29
9612 35
9613 15
9614 21
9615 29
9616 27
9617 12
9618 36
9619 22
9620 15
9621 17
9622 21
9623 16
9624 32
9625 14
9626 24
9627 19
9628 23
9629 13
9630 28
9631 29
9632 11
9633 36
9634 32
9635 19
9636 33
9637 20
9638 26
9639 33
9640 22
9641 13
9642 30
9643 9
9644 23
9645 14
9646 19
9647 17
9648 30
9649 11
9650 13
9651 28
9652 21
9653 17
9654 33
9655 17
9656 16
9657 34
9658 27
9659 20
9660 24
9661 13
9662 24
9663 25
9664 19
9665 11
9666 21
9667 11
9668 24
9669 19
9670 8
9671 14
9672 25
9673 22
9674 15
9675 25
9676 14
9677 22
9678 29
9679 28
9680 15
9681 22
9682 19
9683 17
9684 22
9685 14
9686 21
9687 38
9688 20
9689 23
9690 17
9691 36
9692 19
9693 39
9694 15
9695 22
9696 24
9697 10
9698 9
9699 35
9700 14
9701 16
9702 42
9703 22
9704 17
9705 26
9706 36
9707 19
9708 27
9709 17
9710 15
9711 46
9712 28
9713 24
9714 22
9715 17
9716 18
9717 30
9718 11
9719 17
9720 19
9721 9
9722 16
9723 18
9724 11
9725 11
9726 31
9727 19
9728 23
9729 24
9730 23
9731 29
9732 36
9733 22
9734 22
9735 27
9736 28
9737 13
9738 26
9739 25
9740 16
9741 17
9742 11
9743 15
9744 18
9745 9
9746 20
9747 26
9748 11
9749 14
9750 22
9751 26
9752 14
9753 38
9754 25
9755 15
9756 27
9757 24
9758 18
9759 38
9760 21
9761 10
9762 27
9763 11
9764 17
9765 20
9766 22
9767 22
9768 28
9769 12
9770 13
9771 34
9772 14
9773 22
9774 32
9775 15
9776 15
9777 43
9778 21
9779 19
9780 28
9781 15
9782 19
9783 29
9784 26
9785 9
9786 30
9787 21
9788 21
9789 13
9790 13
9791 19
9792 25
9793 19
9794 13
9795 27
9796 13
9797 19
9798 22
9799 23
9800 8
9801 25
9802 25
9803 15
9804 34
9805 13
9806 26
9807 29
9808 23
9809 18
9810 24
9811 35
9812 30
9813 30
9814 14
9815 23
9816 28
9817 20
9818 8
9819 34
9820 15
9821 12
9822 23
9823 24
9824 16
9825 26
9826 28
9827 17
9828 24
9829 11
9830 23
9831 41
9832 21
9833 17
9834 29
9835 16
9836 24
9837 33
9838 15
9839 19
9840 19
9841 15
9842 17
9843 32
9844 11
9845 17
9846 23
9847 21
9848 12
9849 21
9850 20
9851 29
9852 27
9853 20
9854 27
9855 27
9856 23
9857 16
9858 24
9859 29
9860 20
9861 19
9862 18
9863 15
9864 34
9865 14
9866 21
9867 26
9868 24
9869 17
9870 20
9871 20
9872 11
9873 27
9874 24
9875 15
9876 31
9877 26
9878 31
9879 28
9880 17
9881 9
9882 31
9883 19
9884 31
9885 15
9886 22
9887 18
9888 37
9889 11
9890 16
9891 36
9892 21
9893 21
9894 35
9895 17
9896 16
9897 29
9898 25
9899 22
9900 24
9901 21
9902 22
9903 20
9904 28
9905 11
9906 24
9907 26
9908 26
9909 18
9910 7
9911 19
9912 29
9913 5
9914 12
9915 24
9916 16
9917 16
9918 25
9919 16
9920 12
9921 17
9922 23
9923 16
9924 25
9925 14
9926 24
9927 27
9928 26
9929 19
9930 25
9931 34
9932 24
9933 39
9934 13
9935 17
9936 36
9937 15
9938 15
9939 27
9940 12
9941 6
9942 34
9943 18
9944 18
9945 23
9946 23
9947 22
9948 23
9949 16
9950 17
9951 35
9952 23
9953 25
9954 30
9955 24
9956 20
9957 31
9958 13
9959 26
9960 20
9961 15
9962 17
9963 23
9964 8
9965 7
9966 35
9967 22
9968 11
9969 22
9970 17
9971 27
9972 24
9973 25
9974 22
9975 25
9976 22
9977 24
9978 33
9979 35
9980 17
9981 20
9982 9
9983 11
9984 28
9985 16
9986 18
9987 22
9988 16
9989 13
9990 21
9991 23
9992 14
9993 34
9994 22
9995 13
9996 29
9997 20
9998 21
9999 31
10000 21
10001 14
10002 26
10003 13
10004 28
10005 18
10006 19
10007 23
10008 27
10009 11
10010 19
10011 43
10012 18
10013 18
10014 29
10015 18
10016 14
10017 27
10018 22
10019 24
10020 23
10021 16
10022 16
10023 19
10024 24
10025 17
10026 22
10027 22
10028 25
10029 23
10030 13
10031 29
10032 29
10033 14
10034 11
10035 25
10036 16
10037 21
10038 21
10039 21
10040 13
10041 18
10042 20
10043 13
10044 27
10045 13
10046 27
10047 26
10048 24
10049 18
10050 28
10051 42
10052 24
10053 41
10054 17
10055 22
10056 30
10057 25
10058 8
10059 44
10060 12
10061 11
10062 27
10063 23
10064 9
10065 21
10066 29
10067 18
10068 27
10069 12
10070 22
10071 40
10072 19
10073 23
10074 27
10075 15
10076 21
10077 38
10078 14
10079 31
10080 15
10081 18
10082 12
10083 24
10084 10
10085 20
10086 25
10087 21
10088 10
10089 22
10090 25
10091 23
10092 28
10093 18
10094 18
10095 26
10096 28
10097 16
10098 34
10099 18
10100 19
10101 18
10102 16
10103 15
10104 35
10105 15
10106 16
10107 21
10108 17
10109 21
10110 22
10111 25
10112 11
10113 26
10114 25
10115 14
10116 35
10117 15
10118 35
10119 23
10120 25
10121 9
10122 35
10123 14
10124 28
10125 22
10126 16
10127 19
10128 37
10129 15
10130 10
10131 41
10132 19
10133 16
10134 29
10135 22
10136 14
10137 24
10138 22
10139 17
10140 29
10141 14
10142 35
10143 21
10144 28
10145 8
10146 32
10147 17
10148 19
10149 23
10150 13
10151 27
10152 25
10153 18
10154 11
10155 28
10156 12
10157 12
10158 23
10159 33
10160 15
10161 18
10162 23
10163 20
10164 31
10165 8
10166 27
10167 22
10168 29
10169 11
10170 29
10171 23
10172 19
10173 30
10174 15
10175 20
10176 28
10177 21
10178 13
10179 35
10180 7
10181 12
10182 28
10183 17
10184 12
10185 17
10186 24
10187 23
10188 23
10189 12
10190 19
10191 29
10192 20
10193 20
10194 24
10195 17
10196 20
10197 24
10198 20
10199 16
10200 20
10201 14
10202 15
10203 23
10204 9
10205 15
10206 29
10207 24
10208 16
10209 30
10210 13
10211 32
10212 30
10213 28
10214 22
10215 26
10216 27
10217 14
10218 29
10219 30
10220 21
10221 19
10222 18
10223 8
10224 32
10225 12
10226 10
10227 28
10228 24
10229 16
10230 21
10231 37
10232 12
10233 44
10234 17
10235 19
10236 27
10237 22
10238 17
10239 36
10240 17
10241 9
10242 34
10243 18
10244 24
10245 24
10246 21
10247 12
10248 27
10249 13
10250 16
10251 28
10252 24
10253 23
10254 35
10255 19
10256 17
10257 33
10258 25
10259 24
10260 30
10261 12
10262 21
10263 34
10264 24
10265 15
10266 32
10267 16
10268 21
10269 22
10270 15
10271 21
10272 28
10273 18
10274 14
10275 20
10276 20
10277 19
10278 37
10279 22
10280 9
10281 18
10282 26
10283 22
10284 30
10285 10
10286 20
10287 32
10288 24
10289 16
10290 24
10291 30
10292 21
10293 40
10294 11
10295 14
10296 29
10297 23
10298 11
10299 34
10300 6
10301 16
10302 22
10303 14
10304 8
10305 16
10306 20
10307 21
10308 26
10309 13
10310 15
10311 49
10312 24
10313 32
10314 22
10315 16
10316 18
10317 29
10318 5
10319 25
10320 16
10321 14
10322 12
10323 27
10324 9
10325 13
10326 37
10327 21
10328 18
10329 22
10330 26
10331 25
10332 40
10333 19
10334 27
10335 27
10336 34
10337 29
10338 28
10339 21
10340 14
10341 16
10342 8
10343 19
10344 22
10345 10
10346 8
10347 23
10348 15
10349 11
10350 26
10351 31
10352 23
10353 26
10354 22
10355 18
10356 34
10357 17
10358 22
10359 34
10360 15
10361 12
10362 25
10363 21
10364 16
10365 22
10366 11
10367 17
10368 22
10369 21
10370 12
10371 31
10372 13
10373 18
10374 27
10375 18
10376 28
10377 31
10378 33
10379 19
10380 24
10381 13
10382 22
10383 22
10384 33
10385 7
10386 24
10387 21
10388 18
10389 25
10390 12
10391 27
10392 22
10393 21
10394 16
10395 22
10396 13
10397 18
10398 32
10399 15
10400 11
10401 16
10402 35
10403 13
10404 36
10405 9
10406 28
10407 28
10408 29
10409 9
10410 24
10411 27
10412 21
10413 18
10414 23
10415 27
10416 23
10417 20
10418 13
10419 31
10420 8
10421 12
10422 27
10423 19
10424 17
10425 20
10426 26
10427 16
10428 37
10429 13
10430 24
10431 46
10432 29
10433 24
10434 34
10435 23
10436 24
10437 35
10438 15
10439 23
10440 26
10441 12
10442 10
10443 28
10444 16
10445 13
10446 22
10447 21
10448 14
10449 27
10450 23
10451 23
10452 34
10453 22
10454 28
10455 29
10456 36
10457 19
10458 30
10459 27
10460 18
10461 29
10462 14
10463 14
10464 19
10465 11
10466 11
10467 23
10468 13
10469 15
10470 19
10471 25
10472 11
10473 39
10474 21
10475 14
10476 27
10477 14
10478 20
10479 38
10480 12
10481 11
10482 22
10483 15
10484 19
10485 18
10486 19
10487 19
10488 29
10489 19
10490 13
10491 24
10492 16
10493 21
10494 32
10495 22
10496 17
10497 33
10498 25
10499 15
10500 25
10501 8
10502 26
10503 23
10504 23
10505 13
10506 35
10507 20
10508 28
10509 18
10510 15
10511 24
10512 33
10513 19
10514 20
10515 23
10516 14
10517 18
10518 29
10519 16
10520 7
10521 21
10522 26
10523 18
10524 24
10525 18
10526 27
10527 37
10528 21
10529 14
10530 26
10531 33
10532 33
10533 26
10534 20
10535 21
10536 28
10537 10
10538 17
10539 35
10540 15
10541 15
10542 15
10543 18
10544 13
10545 22
10546 19
10547 21
10548 22
10549 19
10550 20
10551 41
10552 25
10553 24
10554 26
10555 19
10556 29
10557 30
10558 11
10559 23
10560 20
10561 13
10562 10
10563 22
10564 17
10565 12
10566 26
10567 23
10568 17
10569 23
10570 19
10571 30
10572 23
10573 25
10574 21
10575 21
10576 29
10577 19
10578 22
10579 36
10580 21
10581 23
10582 13
10583 11
10584 21
10585 11
10586 19
10587 26
10588 10
10589 12
10590 25
10591 22
10592 10
10593 38
10594 25
10595 19
10596 19
10597 22
10598 18
10599 30
10600 19
10601 12
10602 31
10603 18
10604 24
10605 22
10606 18
10607 17
10608 26
10609 11
10610 14
10611 39
10612 21
10613 24
10614 31
10615 16
10616 14
10617 30
10618 30
10619 25
10620 21
10621 9
10622 17
10623 20
10624 19
10625 13
10626 29
10627 25
10628 22
10629 23
10630 14
10631 26
10632 25
10633 17
10634 16
10635 32
10636 16
10637 23
10638 31
10639 14
10640 14
10641 18
10642 28
10643 10
10644 24
10645 11
10646 19
10647 17
10648 27
10649 14
10650 19
10651 35
10652 24
10653 33
10654 14
10655 18
10656 33
10657 21
10658 10
10659 41
10660 16
10661 9
10662 41
10663 18
10664 21
10665 21
10666 30
10667 12
10668 42
10669 13
10670 26
10671 34
10672 17
10673 19
10674 31
10675 15
10676 22
10677 38
10678 10
10679 26
10680 23
10681 16
10682 16
10683 25
10684 14
10685 12
10686 30
10687 22
10688 23
10689 23
10690 16
10691 29
10692 37
10693 19
10694 21
10695 27
10696 20
10697 15
10698 19
10699 30
10700 19
10701 25
10702 9
10703 21
10704 29
10705 14
10706 10
10707 36
10708 14
10709 18
10710 24
10711 33
10712 15
10713 31
10714 27
10715 19
10716 26
10717 16
10718 22
10719 38
10720 21
10721 13
10722 27
10723 11
10724 16
10725 18
10726 18
10727 19
10728 25
10729 16
10730 10
10731 34
10732 16
10733 25
10734 36
10735 18
10736 21
10737 32
10738 28
10739 20
10740 28
10741 13
10742 27
10743 20
10744 28
10745 10
10746 26
10747 14
10748 14
10749 11
10750 7
10751 21
10752 25
10753 19
10754 10
10755 20
10756 17
10757 16
10758 30
10759 30
10760 14
10761 18
10762 35
10763 13
10764 26
10765 12
10766 26
10767 21
10768 26
10769 13
10770 23
10771 21
10772 20
10773 24
10774 12
10775 18
10776 30
10777 22
10778 13
10779 41
10780 16
10781 16
10782 30
10783 20
10784 16
10785 22
10786 25
10787 23
10788 31
10789 11
10790 20
10791 42
10792 23
10793 15
10794 27
10795 15
10796 25
10797 29
10798 14
10799 21
10800 20
10801 12
10802 15
10803 18
10804 11
10805 12
10806 24
10807 19
10808 11
10809 19
10810 20
10811 36
10812 37
10813 25
10814 15
10815 22
10816 28
10817 13
10818 28
10819 25
10820 17
10821 25
10822 17
10823 11
10824 33
10825 12
10826 13
10827 26
10828 11
10829 19
10830 26
10831 35
10832 14
10833 36
10834 23
10835 23
10836 31
10837 24
10838 23
10839 30
10840 16
10841 12
10842 29
10843 20
10844 28
10845 25
10846 18
10847 13
10848 31
10849 11
10850 12
10851 40
10852 10
10853 29
10854 29
10855 21
10856 19
10857 34
10858 25
10859 21
10860 20
10861 11
10862 22
10863 22
10864 25
10865 16
10866 27
10867 18
10868 25
10869 30
10870 13
10871 19
10872 27
10873 21
10874 6
10875 23
10876 16
10877 20
10878 23
10879 29
10880 13
10881 19
10882 26
10883 15
10884 28
10885 11
10886 28
10887 24
10888 21
10889 12
10890 29
10891 35
10892 18
10893 38
10894 16
10895 12
10896 26
10897 25
10898 13
10899 30
10900 13
10901 9
10902 31
10903 19
10904 23
10905 22
10906 26
10907 19
10908 37
10909 8
10910 24
10911 43
10912 27
10913 14
10914 29
10915 20
10916 18
10917 30
10918 14
10919 16
10920 16
10921 14
10922 15
10923 26
10924 15
10925 11
10926 27
10927 16
10928 12
10929 18
10930 19
10931 24
10932 29
10933 16
10934 22
10935 33
10936 22
10937 32
10938 22
10939 25
10940 12
10941 26
10942 13
10943 24
10944 24
10945 13
10946 14
10947 33
10948 14
10949 12
10950 31
10951 28
10952 11
10953 31
10954 22
10955 17
10956 34
10957 18
10958 26
10959 37
10960 21
10961 23
10962 27
10963 21
10964 17
10965 20
10966 14
10967 19
10968 27
10969 14
10970 14
10971 38
10972 17
10973 15
10974 33
10975 19
10976 18
10977 17
10978 31
10979 20
10980 27
10981 15
10982 25
10983 23
10984 26
10985 11
10986 39
10987 18
10988 16
10989 27
10990 7
10991 28
10992 20
10993 30
10994 11
10995 24
10996 17
10997 13
10998 31
10999 25
11000 13
11001 12
11002 19
11003 16
11004 29
11005 12
11006 25
11007 15
11008 20
11009 7
11010 20
11011 27
11012 25
11013 29
11014 16
11015 19
11016 24
11017 21
11018 13
11019 28
11020 8
11021 10
11022 28
11023 20
11024 15
11025 18
11026 21
11027 12
11028 34
11029 11
11030 20
11031 29
11032 29
11033 15
11034 30
11035 20
11036 20
11037 29
11038 18
11039 31
11040 19
11041 14
11042 14
11043 26
11044 12
11045 14
11046 20
11047 22
11048 13
11049 25
11050 16
11051 20
11052 44
11053 23
11054 29
11055 29
11056 38
11057 23
11058 35
11059 25
11060 25
11061 25
11062 14
11063 19
11064 35
11065 11
11066 19
11067 35
11068 10
11069 19
11070 13
11071 31
11072 12
11073 30
11074 24
11075 19
11076 34
11077 23
11078 30
11079 29
11080 24
11081 12
11082 36
11083 18
11084 22
11085 21
11086 22
11087 11
11088 23
11089 13
11090 9
11091 33
11092 16
11093 25
11094 25
11095 19
11096 15
11097 31
11098 28
11099 18
11100 24
11101 8
11102 23
11103 27
11104 29
11105 16
11106 36
11107 17
11108 22
11109 20
11110 15
11111 31
11112 23
11113 24
11114 11
11115 23
11116 13
11117 16
11118 24
11119 26
11120 6
11121 22
11122 20
11123 17
11124 29
11125 10
11126 20
11127 26
11128 20
11129 16
11130 24
11131 24
11132 29
11133 30
11134 15
11135 22
11136 34
11137 29
11138 12
11139 28
11140 11
11141 14
11142 22
11143 21
11144 13
11145 24
11146 23
11147 20
11148 27
11149 13
11150 17
11151 37
11152 25
11153 23
11154 31
11155 23
11156 26
11157 26
11158 15
11159 29
11160 23
11161 13
11162 18
11163 24
11164 16
11165 11
11166 25
11167 18
11168 15
11169 22
11170 15
11171 17
11172 26
11173 16
11174 26
11175 29
11176 33
11177 26
11178 26
11179 20
11180 19
11181 23
11182 11
11183 15
11184 29
11185 12
11186 17
11187 25
11188 14
11189 11
11190 19
11191 33
11192 13
11193 27
11194 24
11195 19
11196 24
11197 18
11198 23
11199 33
11200 20
11201 18
11202 31
11203 16
11204 19
11205 20
11206 14
11207 20
11208 22
11209 9
11210 7
11211 35
11212 11
11213 17
11214 23
11215 17
11216 16
11217 29
11218 21
11219 23
11220 23
11221 12
11222 26
11223 26
11224 23
11225 13
11226 29
11227 19
11228 23
11229 26
11230 9
11231 30
11232 28
11233 19
11234 15
11235 24
11236 14
11237 17
11238 29
11239 21
11240 14
11241 18
11242 28
11243 18
11244 23
11245 16
11246 20
11247 25
11248 21
11249 14
11250 17
11251 42
11252 21
11253 45
11254 21
11255 20
11256 27
11257 19
11258 15
11259 42
11260 19
11261 9
11262 32
11263 8
11264 20
11265 18
11266 29
11267 18
11268 36
11269 18
11270 14
11271 33
11272 26
11273 26
11274 19
11275 21
11276 19
11277 38
11278 20
11279 23
11280 24
11281 10
11282 15
11283 24
11284 19
11285 12
11286 39
11287 17
11288 14
11289 23
11290 21
11291 21
11292 27
11293 16
11294 29
11295 26
11296 22
11297 17
11298 33
11299 24
11300 16
11301 25
11302 23
11303 16
11304 24
11305 16
11306 18
11307 33
11308 19
11309 17
11310 27
11311 36
11312 16
11313 33
11314 23
11315 15
11316 24
11317 15
11318 25
11319 35
11320 21
11321 10
11322 33
11323 13
11324 20
11325 18
11326 17
11327 22
11328 32
11329 13
11330 11
11331 41
11332 21
11333 11
11334 32
11335 14
11336 14
11337 29
11338 23
11339 19
11340 27
11341 7
11342 22
11343 19
11344 24
11345 12
11346 23
11347 12
11348 19
11349 17
11350 17
11351 27
11352 28
11353 24
11354 19
11355 28
11356 18
11357 17
11358 31
11359 23
11360 8
11361 17
11362 22
11363 24
11364 31
11365 12
11366 18
11367 25
11368 23
11369 14
11370 22
11371 31
11372 21
11373 32
11374 13
11375 15
11376 28
11377 21
11378 14
11379 37
11380 14
11381 15
11382 27
11383 20
11384 18
11385 21
11386 30
11387 12
11388 26
11389 16
11390 21
11391 31
11392 19
11393 20
11394 27
11395 9
11396 31
11397 28
11398 9
11399 16
11400 23
11401 16
11402 15
11403 22
11404 15
11405 16
11406 25
11407 22
11408 18
11409 23
11410 22
11411 28
11412 28
11413 19
11414 18
11415 23
11416 24
11417 16
11418 28
11419 24
11420 20
11421 19
11422 9
11423 14
11424 20
11425 10
11426 10
11427 26
11428 13
11429 17
11430 27
11431 26
11432 19
11433 30
11434 23
11435 20
11436 31
11437 23
11438 21
11439 34
11440 23
11441 11
11442 31
11443 19
11444 18
11445 22
11446 14
11447 20
11448 29
11449 11
11450 14
11451 41
11452 15
11453 27
11454 32
11455 24
11456 19
11457 26
11458 28
11459 24
11460 29
11461 9
11462 29
11463 25
11464 29
11465 15
11466 25
11467 23
11468 24
11469 28
11470 13
11471 24
11472 26
11473 24
11474 11
11475 25
11476 9
11477 24
11478 30
11479 31
11480 8
11481 21
11482 23
11483 17
11484 30
11485 17
11486 25
11487 33
11488 21
11489 19
11490 19
11491 31
11492 20
11493 45
11494 15
11495 18
11496 32
11497 19
11498 14
11499 31
11500 11
11501 9
11502 27
11503 15
11504 16
11505 17
11506 25
11507 16
11508 27
11509 15
11510 18
11511 32
11512 16
11513 23
11514 24
11515 16
11516 20
11517 33
11518 15
11519 16
11520 25
11521 12
11522 7
11523 28
11524 16
11525 15
11526 30
11527 21
11528 17
11529 25
11530 15
11531 30
11532 28
11533 18
11534 19
11535 29
11536 25
11537 19
11538 22
11539 28
11540 15
11541 17
11542 14
11543 15
11544 30
11545 13
11546 13
11547 31
11548 19
11549 14
11550 24
11551 30
11552 15
11553 35
11554 19
11555 21
11556 18
11557 15
11558 27
11559 38
11560 19
11561 14
11562 35
11563 16
11564 24
11565 14
11566 19
11567 20
11568 29
11569 12
11570 14
11571 36
11572 22
11573 14
11574 27
11575 19
11576 16
11577 30
11578 30
11579 21
11580 29
11581 9
11582 20
11583 20
11584 34
11585 11
11586 33
11587 20
11588 23
11589 18
11590 11
11591 22
11592 27
11593 18
11594 19
11595 27
11596 17
11597 15
11598 34
11599 27
11600 7
11601 18
11602 33
11603 15
11604 32
11605 15
11606 26
11607 28
11608 20
11609 12
11610 25
11611 27
11612 21
11613 38
11614 16
11615 10
11616 31
11617 26
11618 15
11619 31
11620 14
11621 12
11622 26
11623 22
11624 12
11625 17
11626 30
11627 19
11628 28
11629 10
11630 18
11631 34
11632 26
11633 14
11634 31
11635 17
11636 25
11637 33
11638 8
11639 18
11640 20
11641 12
11642 8
11643 21
11644 14
11645 14
11646 22
11647 24
11648 9
11649 29
11650 22
11651 21
11652 38
11653 25
11654 21
11655 23
11656 32
11657 17
11658 28
11659 20
11660 19
11661 19
11662 6
11663 20
11664 23
11665 11
11666 13
11667 29
11668 12
11669 16
11670 22
11671 32
11672 14
11673 29
11674 20
11675 15
11676 39
11677 16
11678 29
11679 29
11680 18
11681 12
11682 36
11683 16
11684 28
11685 17
11686 29
11687 19
11688 27
11689 12
11690 13
11691 39
11692 7
11693 26
11694 25
11695 14
11696 12
11697 30
11698 23
11699 20
11700 25
11701 13
11702 32
11703 19
11704 29
11705 10
11706 35
11707 20
11708 21
11709 23
11710 12
11711 24
11712 26
11713 20
11714 17
11715 33
11716 9
11717 26
11718 24
11719 31
11720 11
11721 27
11722 27
11723 19
11724 29
11725 13
11726 27
11727 33
11728 26
11729 15
11730 22
11731 33
11732 24
11733 29
11734 23
11735 13
11736 29
11737 25
11738 5
11739 26
11740 12
11741 22
11742 26
11743 16
11744 11
11745 22
11746 22
11747 27
11748 25
11749 15
11750 16
11751 36
11752 21
11753 18
11754 23
11755 20
11756 26
11757 28
11758 13
11759 22
11760 24
11761 14
11762 11
11763 17
11764 12
11765 16
11766 32
11767 20
11768 19
11769 24
11770 23
11771 28
11772 15
11773 24
11774 15
11775 27
11776 25
11777 15
11778 27
11779 26
11780 27
11781 20
11782 14
11783 16
11784 35
11785 13
11786 25
11787 22
11788 14
11789 12
11790 19
11791 28
11792 17
11793 36
11794 18
11795 24
11796 24
11797 22
11798 19
11799 36
11800 16
11801 15
11802 31
11803 19
11804 25
11805 16
11806 22
11807 17
11808 30
11809 13
11810 14
11811 41
11812 18
11813 17
11814 30
11815 18
11816 9
11817 30
11818 28
11819 24
11820 23
11821 14
11822 22
11823 24
11824 16
11825 13
11826 25
11827 21
11828 23
11829 15
11830 6
11831 24
11832 24
11833 16
11834 16
11835 19
11836 15
11837 18
11838 30
11839 29
11840 15
11841 25
11842 26
11843 14
11844 26
11845 14
11846 21
11847 27
11848 27
11849 12
11850 21
11851 30
11852 19
11853 24
11854 14
11855 19
11856 24
11857 14
11858 11
11859 28
11860 16
11861 13
11862 31
11863 18
11864 18
11865 27
11866 32
11867 14
11868 33
11869 13
11870 18
11871 38
11872 22
11873 20
11874 25
11875 20
11876 15
11877 36
11878 13
11879 25
11880 27
11881 12
11882 11
11883 25
11884 16
11885 8
11886 36
11887 17
11888 20
11889 31
11890 22
11891 29
11892 37
11893 26
11894 24
11895 27
11896 33
11897 15
11898 26
11899 27
11900 20
11901 14
11902 15
11903 17
11904 30
11905 7
11906 13
11907 25
11908 12
11909 18
11910 26
11911 24
11912 13
11913 37
11914 19
11915 21
11916 34
11917 23
11918 32
11919 35
11920 18
11921 8
11922 33
11923 16
11924 20
11925 17
11926 18
11927 20
11928 22
11929 13
11930 10
11931 35
11932 13
11933 22
11934 29
11935 19
11936 20
11937 30
11938 22
11939 17
11940 24
11941 9
11942 26
11943 23
11944 23
11945 14
11946 26
11947 18
11948 27
11949 18
11950 10
11951 34
11952 24
11953 23
11954 16
11955 26
11956 13
11957 19
11958 25
11959 23
11960 14
11961 23
11962 24
11963 12
11964 29
11965 12
11966 21
11967 23
11968 31
11969 17
11970 26
11971 29
11972 26
11973 29
11974 21
11975 22
11976 23
11977 21
11978 9
11979 43
11980 13
11981 14
11982 20
11983 20
11984 14
11985 21
11986 18
11987 15
11988 31
11989 14
11990 23
11991 33
11992 27
11993 22
11994 29
11995 19
11996 26
11997 29
11998 13
11999 21
12000 24
12001 16
12002 16
12003 16
12004 15
12005 6
12006 35
12007 15
12008 15
12009 24
12010 24
12011 19
12012 35
12013 23
12014 26
12015 26
12016 32
12017 20
12018 26
12019 19
12020 20
12021 20
12022 11
12023 16
12024 23
12025 8
12026 23
12027 29
12028 16
12029 17
12030 23
12031 36
12032 14
12033 34
12034 24
12035 21
12036 25
12037 19
12038 25
12039 41
12040 15
12041 13
12042 28
12043 13
12044 15
12045 24
12046 16
12047 16
12048 25
12049 10
12050 6
12051 44
12052 22
12053 33
12054 30
12055 16
12056 15
12057 29
12058 20
12059 24
12060 24
12061 13
12062 23
12063 18
12064 24
12065 12
12066 23
12067 17
12068 17
12069 23
12070 16
12071 20
12072 31
12073 13
12074 11
12075 23
12076 16
12077 26
12078 33
12079 25
12080 9
12081 23
12082 22
12083 16
12084 31
12085 19
12086 15
12087 33
12088 23
12089 10
12090 23
12091 34
12092 19
12093 26
12094 9
12095 15
12096 23
12097 13
12098 16
12099 34
12100 8
12101 8
12102 28
12103 19
12104 15
12105 22
12106 28
12107 21
12108 22
12109 16
12110 19
12111 43
12112 24
12113 22
12114 27
12115 14
12116 20
12117 28
12118 19
12119 22
12120 26
12121 10
12122 16
12123 25
12124 9
12125 9
12126 35
12127 16
12128 13
12129 22
12130 21
12131 32
12132 29
12133 27
12134 23
12135 26
12136 32
12137 22
12138 34
12139 31
12140 20
12141 23
12142 13
12143 15
12144 33
12145 15
12146 14
12147 24
12148 10
12149 12
12150 24
12151 35
12152 12
12153 40
12154 18
12155 15
12156 30
12157 23
12158 24
12159 39
12160 16
12161 11
12162 31
12163 17
12164 21
12165 19
12166 14
12167 14
12168 25
12169 16
12170 12
12171 27
12172 20
12173 12
12174 25
12175 15
12176 21
12177 33
12178 29
12179 21
12180 28
12181 7
12182 22
12183 22
12184 29
12185 14
12186 27
12187 25
12188 28
12189 26
12190 15
12191 25
12192 27
12193 22
12194 14
12195 30
12196 19
12197 15
12198 31
12199 24
12200 13
12201 16
12202 33
12203 19
12204 33
12205 12
12206 20
12207 28
12208 23
12209 16
12210 22
12211 40
12212 25
12213 34
12214 10
12215 24
12216 27
12217 22
12218 14
12219 34
12220 13
12221 11
12222 27
12223 20
12224 12
12225 15
12226 30
12227 14
12228 30
12229 14
12230 21
12231 37
12232 22
12233 21
12234 32
12235 16
12236 20
12237 36
12238 10
12239 16
12240 20
12241 16
12242 13
12243 26
12244 15
12245 10
12246 32
12247 19
12248 12
12249 16
12250 25
12251 22
12252 34
12253 20
12254 26
12255 24
12256 28
12257 20
12258 24
12259 26
12260 15
12261 22
12262 9
12263 15
12264 21
12265 16
12266 13
12267 24
12268 21
12269 18
12270 27
12271 20
12272 13
12273 30
12274 27
12275 14
12276 32
12277 17
12278 20
12279 29
12280 18
12281 16
12282 26
12283 19
12284 19
12285 22
12286 12
12287 24
12288 27
12289 9
12290 7
12291 27
12292 19
12293 20
12294 28
12295 19
12296 16
12297 17
12298 23
12299 17
12300 24
12301 11
12302 27
12303 20
12304 31
12305 9
12306 32
12307 17
12308 21
12309 22
12310 10
12311 23
12312 35
12313 17
12314 17
12315 27
12316 10
12317 14
12318 25
12319 21
12320 11
12321 22
12322 26
12323 17
12324 28
12325 16
12326 25
12327 30
12328 20
12329 18
12330 23
12331 36
12332 23
12333 29
12334 20
12335 24
12336 27
12337 20
12338 10
12339 35
12340 8
12341 15
12342 29
12343 23
12344 13
12345 22
12346 29
12347 24
12348 30
12349 17
12350 21
12351 42
12352 23
12353 30
12354 31
12355 19
12356 25
12357 28
12358 14
12359 19
12360 21
12361 15
12362 13
12363 26
12364 9
12365 18
12366 25
12367 15
12368 21
12369 23
12370 18
12371 24
12372 26
12373 21
12374 24
12375 26
12376 27
12377 22
12378 34
12379 23
12380 27
12381 20
12382 19
12383 16
12384 34
12385 11
12386 15
12387 21
12388 15
12389 14
12390 17
12391 26
12392 15
12393 45
12394 22
12395 18
12396 19
12397 21
12398 20
12399 43
12400 18
12401 9
12402 29
12403 21
12404 30
12405 21
12406 23
12407 20
12408 26
12409 11
12410 6
12411 35
12412 19
12413 15
12414 20
12415 20
12416 22
12417 39
12418 26
12419 25
12420 20
12421 12
12422 22
12423 24
12424 26
12425 12
12426 26
12427 16
12428 21
12429 22
12430 16
12431 24
12432 25
12433 16
12434 18
12435 26
12436 23
12437 19
12438 37
12439 19
12440 8
12441 21
12442 34
12443 25
12444 31
12445 15
12446 19
12447 24
12448 21
12449 17
12450 20
12451 27
12452 15
12453 26
12454 21
12455 16
12456 27
12457 15
12458 14
12459 27
12460 14
12461 16
12462 33
12463 22
12464 8
12465 19
12466 21
12467 22
12468 32
12469 17
12470 16
12471 38
12472 18
12473 16
12474 26
12475 25
12476 11
12477 33
12478 7
12479 18
12480 13
12481 10
12482 14
12483 26
12484 14
12485 14
12486 31
12487 14
12488 14
12489 19
12490 14
12491 19
12492 31
12493 24
12494 22
12495 28
12496 27
12497 22
12498 22
12499 29
12500 14
12501 24
12502 9
12503 19
12504 30
12505 10
12506 11
12507 28
12508 21
12509 11
12510 28
12511 29
12512 22
12513 25
12514 23
12515 23
12516 37
12517 20
12518 29
12519 33
12520 17
12521 14
12522 26
12523 22
12524 19
12525 17
12526 13
12527 17
12528 27
12529 10
12530 12
12531 34
12532 12
12533 19
12534 32
12535 12
12536 23
12537 31
12538 25
12539 24
12540 25
12541 12
12542 25
12543 24
12544 22
12545 13
12546 30
12547 21
12548 22
12549 24
12550 11
12551 33
12552 26
12553 20
12554 19
12555 26
12556 15
12557 16
12558 23
12559 29
12560 17
12561 20
12562 35
12563 14
12564 29
12565 16
12566 23
12567 28
12568 26
12569 19
12570 24
12571 26
12572 23
12573 31
12574 21
12575 13
12576 25
12577 23
12578 10
12579 28
12580 9
12581 14
12582 30
12583 16
12584 20
12585 24
12586 23
12587 18
12588 37
12589 14
12590 22
12591 34
12592 26
12593 23
12594 24
12595 23
12596 22
12597 26
12598 14
12599 20
12600 18
12601 12
12602 7
12603 25
12604 10
12605 13
12606 28
12607 9
12608 21
12609 20
12610 14
12611 20
12612 43
12613 15
12614 30
12615 25
12616 39
12617 20
12618 40
12619 20
12620 23
12621 22
12622 11
12623 12
12624 34
12625 12
12626 12
12627 26
12628 16
12629 13
12630 18
12631 39
12632 20
12633 41
12634 20
12635 20
12636 33
12637 15
12638 31
12639 40
12640 22
12641 13
12642 32
12643 18
12644 20
12645 19
12646 22
12647 16
12648 18
12649 12
12650 16
12651 40
12652 13
12653 26
12654 26
12655 19
12656 5
12657 35
12658 23
12659 26
12660 17
12661 11
12662 30
12663 19
12664 21
12665 10
12666 28
12667 16
12668 9
12669 20
12670 14
12671 29
12672 26
12673 23
12674 12
12675 30
12676 17
12677 24
12678 25
12679 33
12680 13
12681 20
12682 22
12683 13
12684 29
12685 13
12686 27
12687 23
12688 22
12689 10
12690 27
12691 19
12692 28
12693 27
12694 18
12695 12
12696 29
12697 17
12698 15
12699 28
12700 9
12701 13
12702 21
12703 22
12704 8
12705 28
12706 24
12707 16
12708 29
12709 17
12710 21
12711 45
12712 26
12713 12
12714 26
12715 17
12716 31
12717 27
12718 12
12719 19
12720 20
12721 10
12722 10
12723 21
12724 9
12725 13
12726 21
12727 23
12728 19
12729 26
12730 17
12731 33
12732 26
12733 24
12734 23
12735 21
12736 31
12737 12
12738 30
12739 25
12740 21
12741 16
12742 15
12743 9
12744 29
12745 13
12746 17
12747 26
12748 13
12749 16
12750 24
12751 35
12752 14
12753 37
12754 27
12755 20
12756 23
12757 31
12758 19
12759 41
12760 23
12761 10
12762 26
12763 18
12764 18
12765 21
12766 16
12767 17
12768 24
12769 5
12770 18
12771 38
12772 16
12773 21
12774 28
12775 13
12776 12
12777 34
12778 22
12779 29
12780 24
12781 15
12782 13
12783 28
12784 21
12785 16
12786 25
12787 22
12788 19
12789 20
12790 14
12791 23
12792 20
12793 26
12794 14
12795 20
12796 14
12797 20
12798 22
12799 24
12800 9
12801 22
12802 24
12803 16
12804 34
12805 12
12806 20
12807 35
12808 24
12809 20
12810 25
12811 40
12812 26
12813 38
12814 16
12815 23
12816 30
12817 20
12818 7
12819 32
12820 15
12821 11
12822 31
12823 15
12824 18
12825 15
12826 38
12827 17
12828 39
12829 12
12830 22
12831 39
12832 25
12833 22
12834 35
12835 23
12836 20
12837 40
12838 14
12839 27
12840 21
12841 13
12842 13
12843 20
12844 15
12845 8
12846 40
12847 18
12848 23
12849 18
12850 23
12851 18
12852 46
12853 14
12854 29
12855 22
12856 26
12857 15
12858 29
12859 30
12860 17
12861 20
12862 8
12863 14
12864 21
12865 11
12866 15
12867 28
12868 18
12869 13
12870 27
12871 29
12872 11
12873 30
12874 24
12875 14
12876 29
12877 22
12878 28
12879 32
12880 14
12881 16
12882 25
12883 10
12884 18
12885 20
12886 18
12887 18
12888 28
12889 9
12890 12
12891 31
12892 16
12893 22
12894 25
12895 19
12896 12
12897 34
12898 20
12899 14
12900 26
12901 15
12902 29
12903 25
12904 32
12905 12
12906 28
12907 24
12908 17
12909 16
12910 9
12911 21
12912 25
12913 20
12914 12
12915 33
12916 11
12917 14
12918 29
12919 23
12920 9
12921 22
12922 27
12923 17
12924 28
12925 16
12926 23
12927 20
12928 25
12929 6
12930 28
12931 29
12932 22
12933 29
12934 14
12935 17
12936 32
12937 23
12938 11
12939 36
12940 8
12941 14
12942 26
12943 18
12944 21
12945 24
12946 23
12947 18
12948 25
12949 12
12950 17
12951 30
12952 26
12953 13
12954 31
12955 18
12956 28
12957 26
12958 14
12959 22
12960 26
12961 14
12962 14
12963 27
12964 10
12965 19
12966 30
12967 23
12968 15
12969 28
12970 28
12971 26
12972 33
12973 19
12974 22
12975 28
12976 30
12977 13
12978 30
12979 23
12980 18
12981 15
12982 9
12983 13
12984 29
12985 10
12986 15
12987 29
12988 16
12989 21
12990 18
12991 28
12992 10
12993 34
12994 21
12995 20
12996 28
12997 18
12998 22
12999 27
13000 20
13001 13
13002 34
13003 16
13004 27
13005 18
13006 13
13007 21
13008 31
13009 11
13010 12
13011 38
13012 12
13013 26
13014 27
13015 19
13016 15
13017 31
13018 25
13019 19
13020 22
13021 18
13022 22
13023 25
13024 27
13025 17
13026 28
13027 22
13028 26
13029 25
13030 15
13031 27
13032 22
13033 29
13034 13
13035 27
13036 20
13037 22
13038 29
13039 23
13040 9
13041 19
13042 24
13043 19
13044 27
13045 9
13046 20
13047 30
13048 16
13049 23
13050 25
13051 24
13052 21
13053 38
13054 19
13055 23
13056 32
13057 25
13058 10
13059 30
13060 17
13061 9
13062 35
13063 19
13064 19
13065 21
13066 30
13067 23
13068 27
13069 14
13070 21
13071 36
13072 19
13073 19
13074 22
13075 16
13076 22
13077 30
13078 14
13079 30
13080 19
13081 16
13082 14
13083 20
13084 15
13085 9
13086 32
13087 29
13088 15
13089 25
13090 20
13091 31
13092 22
13093 19
13094 21
13095 24
13096 21
13097 16
13098 21
13099 26
13100 13
13101 21
13102 14
13103 15
13104 20
13105 10
13106 15
13107 22
13108 12
13109 11
13110 19
13111 32
13112 13
13113 26
13114 16
13115 12
13116 26
13117 17
13118 20
13119 36
13120 19
13121 19
13122 25
13123 18
13124 17
13125 22
13126 19
13127 24
13128 36
13129 11
13130 14
13131 46
13132 24
13133 14
13134 41
13135 17
13136 22
13137 27
13138 27
13139 19
13140 28
13141 12
13142 23
13143 23
13144 29
13145 17
13146 28
13147 15
13148 24
13149 28
13150 14
13151 25
13152 33
13153 21
13154 13
13155 16
13156 21
13157 18
13158 32
13159 18
13160 13
13161 10
13162 25
13163 10
13164 30
13165 10
13166 18
13167 24
13168 25
13169 15
13170 23
13171 35
13172 27
13173 38
13174 14
13175 21
13176 32
13177 24
13178 14
13179 36
13180 12
13181 9
13182 23
13183 21
13184 14
13185 17
13186 23
13187 24
13188 24
13189 16
13190 18
13191 40
13192 19
13193 16
13194 25
13195 18
13196 14
13197 27
13198 16
13199 18
13200 23
13201 14
13202 14
13203 31
13204 10
13205 16
13206 29
13207 13
13208 14
13209 23
13210 15
13211 32
13212 31
13213 17
13214 27
13215 20
13216 27
13217 18
13218 27
13219 20
13220 16
13221 19
13222 19
13223 18
13224 24
13225 11
13226 18
13227 24
13228 18
13229 16
13230 19
13231 21
13232 15
13233 25
13234 21
13235 16
13236 36
13237 16
13238 34
13239 25
13240 24
13241 16
13242 35
13243 15
13244 32
13245 20
13246 16
13247 19
13248 28
13249 19
13250 11
13251 36
13252 23
13253 29
13254 29
13255 20
13256 21
13257 23
13258 29
13259 26
13260 31
13261 12
13262 29
13263 24
13264 30
13265 13
13266 29
13267 23
13268 21
13269 24
13270 15
13271 21
13272 22
13273 23
13274 12
13275 28
13276 15
13277 19
13278 33
13279 27
13280 12
13281 23
13282 25
13283 11
13284 24
13285 8
13286 25
13287 26
13288 19
13289 17
13290 26
13291 27
13292 18
13293 30
13294 13
13295 22
13296 28
13297 22
13298 16
13299 35
13300 15
13301 13
13302 27
13303 16
13304 9
13305 19
13306 26
13307 15
13308 25
13309 9
13310 23
13311 35
13312 16
13313 23
13314 29
13315 16
13316 26
13317 28
13318 13
13319 19
13320 13
13321 17
13322 18
13323 27
13324 13
13325 10
13326 30
13327 24
13328 14
13329 27
13330 17
13331 28
13332 29
13333 26
13334 21
13335 30
13336 30
13337 20
13338 26
13339 26
13340 22
13341 21
13342 13
13343 15
13344 31
13345 11
13346 16
13347 27
13348 16
13349 15
13350 21
13351 33
13352 15
13353 42
13354 22
13355 20
13356 25
13357 21
13358 13
13359 45
13360 20
13361 11
13362 27
13363 13
13364 19
13365 22
13366 13
13367 15
13368 33
13369 12
13370 10
13371 31
13372 17
13373 28
13374 28
13375 17
13376 18
13377 34
13378 32
13379 32
13380 19
13381 13
13382 11
13383 22
13384 25
13385 13
13386 24
13387 19
13388 17
13389 18
13390 10
13391 23
13392 23
13393 12
13394 9
13395 26
13396 11
13397 18
13398 28
13399 25
13400 13
13401 17
13402 28
13403 14
13404 25
13405 12
13406 17
13407 32
13408 23
13409 15
13410 25
13411 34
13412 22
13413 33
13414 17
13415 13
13416 29
13417 20
13418 14
13419 25
13420 9
13421 11
13422 23
13423 20
13424 11
13425 21
13426 20
13427 17
13428 30
13429 16
13430 17
13431 46
13432 22
13433 22
13434 25
13435 21
13436 20
13437 41
13438 15
13439 18
13440 17
13441 10
13442 14
13443 25
13444 11
13445 9
13446 33
13447 19
13448 21
13449 17
13450 25
13451 28
13452 34
13453 21
13454 27
13455 30
13456 39
13457 24
13458 32
13459 34
13460 19
13461 21
13462 20
13463 14
13464 29
13465 11
13466 8
13467 20
13468 16
13469 16
13470 31
13471 26
13472 16
13473 33
13474 22
13475 15
13476 37
13477 15
13478 30
13479 37
13480 18
13481 11
13482 29
13483 19
13484 24
13485 20
13486 17
13487 20
13488 29
13489 22
13490 12
13491 38
13492 16
13493 18
13494 25
13495 24
13496 13
13497 33
13498 28
13499 10
13500 28
13501 4
13502 28
13503 22
13504 23
13505 11
13506 25
13507 20
13508 23
13509 27
13510 8
13511 28
13512 27
13513 20
13514 10
13515 31
13516 12
13517 10
13518 19
13519 25
13520 13
13521 16
13522 26
13523 15
13524 35
13525 5
13526 29
13527 20
13528 26
13529 12
13530 33
13531 31
13532 25
13533 37
13534 21
13535 18
13536 25
13537 18
13538 16
13539 41
13540 10
13541 16
13542 31
13543 14
13544 10
13545 13
13546 27
13547 17
13548 35
13549 16
13550 24
13551 29
13552 27
13553 17
13554 35
13555 20
13556 33
13557 38
13558 9
13559 18
13560 23
13561 9
13562 19
13563 29
13564 11
13565 14
13566 25
13567 21
13568 14
13569 22
13570 21
13571 18
13572 34
13573 21
13574 27
13575 26
13576 29
13577 14
13578 28
13579 22
13580 26
13581 20
13582 12
13583 13
13584 25
13585 13
13586 11
13587 28
13588 14
13589 17
13590 21
13591 21
13592 12
13593 39
13594 25
13595 15
13596 27
13597 20
13598 14
13599 21
13600 24
13601 10
13602 28
13603 16
13604 24
13605 18
13606 19
13607 19
13608 27
13609 10
13610 12
13611 36
13612 14
13613 19
13614 24
13615 12
13616 11
13617 21
13618 25
13619 17
13620 22
13621 11
13622 16
13623 24
13624 27
13625 16
13626 31
13627 22
13628 25
13629 25
13630 11
13631 32
13632 30
13633 24
13634 17
13635 26
13636 10
13637 20
13638 33
13639 27
13640 10
13641 22
13642 21
13643 21
13644 22
13645 15
13646 22
13647 31
13648 20
13649 20
13650 24
13651 42
13652 20
13653 40
13654 22
13655 20
13656 28
13657 27
13658 20
13659 42
13660 8
13661 10
13662 34
13663 19
13664 13
13665 21
13666 23
13667 15
13668 15
13669 13
13670 17
13671 35
13672 20
13673 25
13674 25
13675 16
13676 20
13677 40
13678 15
13679 22
13680 25
13681 17
13682 13
13683 19
13684 18
13685 10
13686 37
13687 20
13688 11
13689 19
13690 15
13691 26
13692 24
13693 17
13694 21
13695 20
13696 23
13697 17
13698 20
13699 23
13700 24
13701 25
13702 17
13703 21
13704 35
13705 17
13706 18
13707 29
13708 12
13709 13
13710 18
13711 33
13712 11
13713 30
13714 19
13715 16
13716 20
13717 19
13718 22
13719 31
13720 16
13721 11
13722 19
13723 20
13724 21
13725 24
13726 21
13727 23
13728 31
13729 17
13730 10
13731 40
13732 17
13733 17
13734 26
13735 21
13736 18
13737 31
13738 22
13739 25
13740 27
13741 8
13742 25
13743 23
13744 23
13745 12
13746 28
13747 13
13748 20
13749 21
13750 11
13751 36
13752 28
13753 29
13754 14
13755 29
13756 18
13757 18
13758 30
13759 37
13760 11
13761 13
13762 40
13763 13
13764 38
13765 12
13766 21
13767 19
13768 26
13769 15
13770 20
13771 25
13772 24
13773 35
13774 11
13775 17
13776 23
13777 22
13778 13
13779 35
13780 15
13781 16
13782 38
13783 14
13784 20
13785 15
13786 34
13787 15
13788 35
13789 10
13790 18
13791 35
13792 24
13793 17
13794 31
13795 19
13796 20
13797 30
13798 12
13799 23
13800 23
13801 12
13802 11
13803 23
13804 17
13805 15
13806 30
13807 26
13808 18
13809 20
13810 16
13811 26
13812 36
13813 14
13814 25
13815 25
13816 29
13817 14
13818 27
13819 24
13820 14
13821 27
13822 8
13823 20
13824 26
13825 15
13826 13
13827 36
13828 15
13829 10
13830 13
13831 29
13832 12
13833 24
13834 18
13835 19
13836 27
13837 20
13838 26
13839 27
13840 19
13841 17
13842 30
13843 19
13844 19
13845 20
13846 16
13847 22
13848 21
13849 13
13850 12
13851 36
13852 18
13853 19
13854 34
13855 16
13856 20
13857 23
13858 25
13859 24
13860 33
13861 13
13862 41
13863 17
13864 36
13865 18
13866 32
13867 10
13868 30
13869 20
13870 13
13871 16
13872 27
13873 19
13874 13
13875 20
13876 15
13877 16
13878 29
13879 21
13880 11
13881 19
13882 29
13883 11
13884 27
13885 13
13886 29
13887 24
13888 20
13889 16
13890 20
13891 22
13892 27
13893 31
13894 11
13895 19
13896 27
13897 15
13898 14
13899 34
13900 12
13901 19
13902 24
13903 17
13904 17
13905 28
13906 20
13907 20
13908 24
13909 9
13910 19
13911 42
13912 28
13913 17
13914 25
13915 22
13916 22
13917 25
13918 13
13919 20
13920 19
13921 15
13922 10
13923 24
13924 14
13925 16
13926 28
13927 21
13928 12
13929 20
13930 19
13931 22
13932 24
13933 19
13934 21
13935 23
13936 27
13937 17
13938 23
13939 21
13940 20
13941 21
13942 21
13943 18
13944 26
13945 15
13946 23
13947 22
13948 21
13949 12
13950 25
13951 33
13952 8
13953 41
13954 24
13955 22
13956 29
13957 27
13958 18
13959 45
13960 15
13961 14
13962 32
13963 20
13964 22
13965 18
13966 20
13967 21
13968 37
13969 16
13970 12
13971 30
13972 16
13973 25
13974 26
13975 24
13976 16
13977 41
13978 23
13979 32
13980 27
13981 18
13982 15
13983 31
13984 32
13985 17
13986 39
13987 16
13988 18
13989 20
13990 13
13991 21
13992 35
13993 27
13994 11
13995 21
13996 9
13997 25
13998 24
13999 19
14000 8
14001 21
14002 18
14003 19
14004 27
14005 16
14006 18
14007 26
14008 17
14009 15
14010 23
14011 27
14012 21
14013 24
14014 13
14015 19
14016 29
14017 15
14018 10
14019 29
14020 10
14021 12
14022 30
14023 22
14024 19
14025 21
14026 30
14027 14
14028 35
14029 11
14030 20
14031 41
14032 23
14033 13
14034 26
14035 20
14036 23
14037 29
14038 13
14039 19
14040 23
14041 16
14042 16
14043 23
14044 8
14045 7
14046 31
14047 19
14048 20
14049 22
14050 20
14051 27
14052 26
14053 16
14054 25
14055 31
14056 16
14057 16
14058 30
14059 31
14060 17
14061 23
14062 14
14063 17
14064 25
14065 10
14066 13
14067 26
14068 12
14069 15
14070 21
14071 29
14072 12
14073 29
14074 29
14075 25
14076 28
14077 25
14078 30
14079 38
14080 26
14081 11
14082 26
14083 25
14084 18
14085 22
14086 18
14087 12
14088 22
14089 14
14090 7
14091 36
14092 11
14093 27
14094 34
14095 18
14096 16
14097 33
14098 27
14099 25
14100 28
14101 16
14102 31
14103 25
14104 27
14105 9
14106 35
14107 22
14108 19
14109 16
14110 9
14111 20
14112 21
14113 21
14114 10
14115 21
14116 11
14117 19
14118 32
14119 19
14120 13
14121 20
14122 25
14123 13
14124 26
14125 10
14126 20
14127 25
14128 17
14129 16
14130 18
14131 27
14132 25
14133 27
14134 12
14135 18
14136 27
14137 21
14138 11
14139 34
14140 18
14141 12
14142 18
14143 14
14144 15
14145 13
14146 27
14147 16
14148 36
14149 5
14150 21
14151 36
14152 28
14153 21
14154 31
14155 18
14156 25
14157 31
14158 20
14159 23
14160 22
14161 16
14162 12
14163 26
14164 17
14165 12
14166 31
14167 22
14168 11
14169 18
14170 18
14171 30
14172 41
14173 15
14174 25
14175 28
14176 36
14177 23
14178 38
14179 24
14180 24
14181 15
14182 14
14183 17
14184 41
14185 12
14186 19
14187 26
14188 19
14189 13
14190 28
14191 39
14192 13
14193 40
14194 25
14195 14
14196 30
14197 20
14198 27
14199 33
14200 21
14201 15
14202 36
14203 8
14204 23
14205 19
14206 13
14207 11
14208 23
14209 12
14210 10
14211 38
14212 21
14213 29
14214 25
14215 21
14216 15
14217 43
14218 25
14219 19
14220 20
14221 11
14222 17
14223 21
14224 23
14225 16
14226 31
14227 12
14228 15
14229 21
14230 9
14231 26
14232 25
14233 13
14234 11
14235 27
14236 15
14237 25
14238 24
14239 22
14240 7
14241 20
14242 25
14243 14
14244 21
14245 17
14246 22
14247 22
14248 23
14249 12
14250 25
14251 39
14252 25
14253 36
14254 16
14255 17
14256 35
14257 14
14258 16
14259 42
14260 8
14261 11
14262 28
14263 13
14264 14
14265 24
14266 19
14267 25
14268 28
14269 16
14270 18
14271 39
14272 21
14273 14
14274 26
14275 20
14276 23
14277 30
14278 21
14279 20
14280 21
14281 10
14282 16
14283 19
14284 12
14285 13
14286 24
14287 14
14288 11
14289 23
14290 18
14291 25
14292 30
14293 22
14294 20
14295 29
14296 34
14297 18
14298 29
14299 25
14300 20
14301 22
14302 16
14303 18
14304 30
14305 14
14306 18
14307 28
14308 16
14309 16
14310 25
14311 33
14312 12
14313 35
14314 27
14315 14
14316 30
14317 24
14318 26
14319 28
14320 20
14321 10
14322 34
14323 20
14324 23
14325 28
14326 21
14327 14
14328 23
14329 15
14330 9
14331 41
14332 13
14333 20
14334 26
14335 15
14336 15
14337 38
14338 19
14339 16
14340 24
14341 14
14342 21
14343 19
14344 22
14345 6
14346 21
14347 19
14348 17
14349 22
14350 10
14351 28
14352 22
14353 21
14354 12
14355 23
14356 19
14357 9
14358 26
14359 28
14360 18
14361 13
14362 26
14363 14
14364 34
14365 9
14366 22
14367 26
14368 23
14369 16
14370 18
14371 36
14372 13
14373 37
14374 21
14375 25
14376 25
14377 21
14378 15
14379 46
14380 16
14381 9
14382 30
14383 20
14384 17
14385 12
14386 20
14387 21
14388 32
14389 13
14390 10
14391 40
14392 22
14393 36
14394 17
14395 20
14396 20
14397 31
14398 12
14399 28
14400 24
14401 14
14402 18
14403 26
14404 15
14405 11
14406 30
14407 20
14408 19
14409 24
14410 24
14411 21
14412 28
14413 21
14414 26
14415 22
14416 24
14417 22
14418 32
14419 26
14420 22
14421 22
14422 13
14423 17
14424 22
14425 18
14426 18
14427 32
14428 18
14429 15
14430 29
14431 30
14432 21
14433 27
14434 26
14435 14
14436 26
14437 20
14438 22
14439 22
14440 17
14441 11
14442 30
14443 19
14444 18
14445 21
14446 14
14447 16
14448 24
14449 11
14450 12
14451 35
14452 22
14453 17
14454 35
14455 18
14456 20
14457 23
14458 28
14459 23
14460 20
14461 15
14462 21
14463 26
14464 27
14465 12
14466 21
14467 16
14468 17
14469 20
14470 11
14471 23
14472 19
14473 12
14474 18
14475 25
14476 21
14477 14
14478 32
14479 30
14480 14
14481 18
14482 26
14483 21
14484 41
14485 13
14486 28
14487 30
14488 27
14489 14
14490 22
14491 30
14492 28
14493 36
14494 12
14495 17
14496 29
14497 8
14498 12
14499 38
14500 12
14501 16
14502 32
14503 16
14504 11
14505 20
14506 27
14507 22
14508 33
14509 22
14510 27
14511 28
14512 23
14513 22
14514 29
14515 14
14516 22
14517 28
14518 10
14519 18
14520 25
14521 15
14522 12
14523 25
14524 10
14525 20
14526 25
14527 20
14528 23
14529 27
14530 21
14531 20
14532 39
14533 17
14534 30
14535 26
14536 27
14537 21
14538 24
14539 16
14540 21
14541 19
14542 14
14543 18
14544 20
14545 17
14546 9
14547 26
14548 13
14549 19
14550 21
14551 26
14552 21
14553 34
14554 21
14555 20
14556 27
14557 12
14558 25
14559 29
14560 16
14561 11
14562 30
14563 17
14564 22
14565 20
14566 21
14567 20
14568 22
14569 13
14570 9
14571 35
14572 11
14573 17
14574 23
14575 23
14576 19
14577 40
14578 25
14579 23
14580 19
14581 12
14582 24
14583 26
14584 28
14585 11
14586 35
14587 24
14588 20
14589 21
14590 13
14591 21
14592 24
14593 21
14594 13
14595 20
14596 10
14597 18
14598 20
14599 22
14600 10
14601 21
14602 32
14603 16
14604 33
14605 11
14606 29
14607 29
14608 28
14609 14
14610 24
14611 21
14612 19
14613 31
14614 17
14615 12
14616 27
14617 14
14618 14
14619 27
14620 17
14621 15
14622 25
14623 15
14624 14
14625 19
14626 28
14627 22
14628 32
14629 18
14630 21
14631 35
14632 26
14633 23
14634 27
14635 19
14636 16
14637 27
14638 12
14639 23
14640 20
14641 13
14642 10
14643 24
14644 14
14645 10
14646 24
14647 24
14648 21
14649 28
14650 17
14651 28
14652 32
14653 30
14654 16
14655 35
14656 28
14657 17
14658 26
14659 27
14660 20
14661 26
14662 10
14663 16
14664 28
14665 13
14666 17
14667 23
14668 16
14669 12
14670 23
14671 33
14672 17
14673 31
14674 24
14675 19
14676 21
14677 23
14678 23
14679 42
14680 12
14681 10
14682 32
14683 21
14684 20
14685 22
14686 22
14687 21
14688 28
14689 12
14690 9
14691 38
14692 15
14693 20
14694 42
14695 20
14696 18
14697 32
14698 29
14699 21
14700 22
14701 12
14702 23
14703 25
14704 25
14705 14
14706 25
14707 27
14708 17
14709 25
14710 10
14711 32
14712 29
14713 15
14714 10
14715 28
14716 10
14717 25
14718 38
14719 26
14720 9
14721 20
14722 27
14723 16
14724 29
14725 8
14726 29
14727 26
14728 22
14729 15
14730 25
14731 28
14732 21
14733 33
14734 14
14735 13
14736 25
14737 25
14738 9
14739 26
14740 10
14741 15
14742 24
14743 18
14744 16
14745 19
14746 21
14747 14
14748 30
14749 14
14750 23
14751 40
14752 29
14753 18
14754 25
14755 17
14756 24
14757 19
14758 15
14759 19
14760 17
14761 10
14762 9
14763 26
14764 15
14765 14
14766 27
14767 20
14768 21
14769 23
14770 19
14771 32
14772 31
14773 18
14774 19
14775 20
14776 30
14777 16
14778 24
14779 20
14780 17
14781 20
14782 8
14783 12
14784 25
14785 15
14786 17
14787 30
14788 14
14789 18
14790 24
14791 29
14792 16
14793 30
14794 25
14795 24
14796 33
14797 14
14798 24
14799 31
14800 18
14801 9
14802 34
14803 16
14804 27
14805 17
14806 25
14807 18
14808 28
14809 13
14810 14
14811 39
14812 18
14813 22
14814 30
14815 16
14816 12
14817 36
14818 29
14819 21
14820 24
14821 10
14822 23
14823 19
14824 23
14825 13
14826 30
14827 19
14828 25
14829 25
14830 13
14831 29
14832 28
14833 22
14834 16
14835 27
14836 18
14837 25
14838 20
14839 33
14840 6
14841 24
14842 26
14843 16
14844 30
14845 10
14846 20
14847 32
14848 25
14849 12
14850 31
14851 29
14852 25
14853 31
14854 8
14855 16
14856 29
14857 24
14858 12
14859 26
14860 12
14861 8
14862 22
14863 18
14864 11
14865 23
14866 22
14867 17
14868 35
14869 19
14870 23
14871 29
14872 21
14873 19
14874 31
14875 7
14876 28
14877 22
14878 11
14879 23
14880 25
14881 10
14882 15
14883 20
14884 6
14885 7
14886 34
14887 21
14888 15
14889 30
14890 19
14891 26
14892 34
14893 29
14894 23
14895 28
14896 24
14897 13
14898 29
14899 29
14900 22
14901 15
14902 8
14903 14
14904 29
14905 11
14906 24
14907 23
14908 13
14909 9
14910 22
14911 32
14912 15
14913 41
14914 21
14915 15
14916 39
14917 30
14918 27
14919 45
14920 23
14921 11
14922 26
14923 21
14924 21
14925 21
14926 20
14927 17
14928 37
14929 9
14930 14
14931 30
14932 15
14933 16
14934 38
14935 18
14936 15
14937 38
14938 28
14939 18
14940 24
14941 14
14942 17
14943 29
14944 20
14945 13
14946 21
14947 23
14948 19
14949 25
14950 13
14951 21
14952 26
14953 16
14954 16
14955 19
14956 14
14957 16
14958 30
14959 17
14960 14
14961 24
14962 23
14963 9
14964 23
14965 16
14966 18
14967 32
14968 24
14969 17
14970 21
14971 34
14972 15
14973 23
14974 16
14975 19
14976 23
14977 19
14978 5
14979 34
14980 18
14981 9
14982 33
14983 13
14984 11
14985 16
14986 26
14987 16
14988 23
14989 11
14990 18
14991 45
14992 24
14993 37
14994 26
14995 22
14996 17
14997 31
14998 14
14999 26
15000 23
15001 13
15002 11
15003 20
15004 14
15005 9
15006 33
15007 16
15008 17
15009 20
15010 24
15011 28
15012 35
15013 29
15014 14
15015 32
15016 37
15017 27
15018 28
15019 31
15020 21
15021 20
15022 8
15023 19
15024 24
15025 11
15026 16
15027 28
15028 19
15029 16
15030 32
15031 28
15032 15
15033 26
15034 31
15035 17
15036 32
15037 21
15038 25
15039 30
15040 17
15041 12
15042 31
15043 23
15044 22
15045 26
15046 16
15047 19
15048 29
15049 13
15050 10
15051 47
15052 16
15053 23
15054 29
15055 17
15056 16
15057 21
15058 20
15059 26
15060 21
15061 13
15062 26
15063 21
15064 19
15065 11
15066 26
15067 21
15068 20
15069 22
15070 11
15071 23
15072 22
15073 18
15074 11
15075 25
15076 14
15077 19
15078 26
15079 23
15080 11
15081 28
15082 27
15083 14
15084 32
15085 18
15086 25
15087 18
15088 26
15089 12
15090 31
15091 24
15092 15
15093 26
15094 14
15095 18
15096 25
15097 14
15098 6
15099 33
15100 9
15101 13
15102 24
15103 17
15104 15
15105 18
15106 27
15107 21
15108 33
15109 12
15110 23
15111 32
15112 24
15113 15
15114 31
15115 21
15116 20
15117 25
15118 6
15119 21
15120 20
15121 6
15122 12
15123 22
15124 10
15125 10
15126 25
15127 17
15128 21
15129 25
15130 24
15131 23
15132 31
15133 26
15134 30
15135 26
15136 31
15137 21
15138 24
15139 26
15140 19
15141 20
15142 15
15143 20
15144 28
15145 11
15146 15
15147 32
15148 17
15149 18
15150 25
15151 38
15152 14
15153 42
15154 27
15155 26
15156 33
15157 16
15158 28
15159 38
15160 13
15161 16
15162 36
15163 16
15164 21
15165 18
15166 18
15167 16
15168 24
15169 16
15170 14
15171 37
15172 21
15173 24
15174 24
15175 20
15176 17
15177 38
15178 23
15179 22
15180 28
15181 14
15182 26
15183 21
15184 28
15185 11
15186 27
15187 20
15188 19
15189 18
15190 15
15191 20
15192 25
15193 22
15194 13
15195 22
15196 15
15197 21
15198 31
15199 15
15200 9
15201 18
15202 22
15203 16
15204 26
15205 14
15206 23
15207 24
15208 24
15209 15
15210 22
15211 29
15212 30
15213 30
15214 18
15215 17
15216 30
15217 19
15218 10
15219 34
15220 13
15221 12
15222 31
15223 13
15224 18
15225 15
15226 22
15227 22
15228 23
15229 11
15230 18
15231 36
15232 14
15233 27
15234 28
15235 18
15236 25
15237 28
15238 22
15239 21
15240 23
15241 8
15242 16
15243 18
15244 18
15245 10
15246 21
15247 22
15248 12
15249 19
15250 20
15251 35
15252 30
15253 28
15254 22
15255 29
15256 31
15257 22
15258 29
15259 25
15260 18
15261 20
15262 18
15263 16
15264 31
15265 17
15266 14
15267 22
15268 20
15269 12
15270 26
15271 34
15272 19
15273 31
15274 20
15275 18
15276 32
15277 28
15278 20
15279 35
15280 18
15281 13
15282 27
15283 14
15284 23
15285 21
15286 14
15287 15
15288 18
15289 12
15290 14
15291 28
15292 16
15293 19
15294 24
15295 16
15296 21
15297 29
15298 24
15299 18
15300 17
15301 13
15302 24
15303 24
15304 30
15305 12
15306 26
15307 19
15308 18
15309 22
15310 13
15311 31
15312 36
15313 17
15314 11
15315 28
15316 20
15317 20
15318 34
15319 26
15320 11
15321 23
15322 24
15323 19
15324 26
15325 10
15326 19
15327 30
15328 28
15329 15
15330 22
15331 37
15332 27
15333 31
15334 19
15335 19
15336 36
15337 17
15338 10
15339 33
15340 6
15341 10
15342 26
15343 18
15344 16
15345 21
15346 24
15347 13
15348 25
15349 11
15350 20
15351 29
15352 22
15353 20
15354 26
15355 22
15356 20
15357 37
15358 9
15359 21
15360 18
15361 14
15362 14
15363 25
15364 9
15365 11
15366 18
15367 22
15368 10
15369 24
15370 22
15371 15
15372 29
15373 17
15374 28
15375 25
15376 33
15377 18
15378 29
15379 26
15380 22
15381 23
15382 17
15383 12
15384 33
15385 15
15386 22
15387 32
15388 16
15389 23
15390 23
15391 23
15392 15
15393 30
15394 24
15395 19
15396 30
15397 13
15398 28
15399 36
15400 17
15401 14
15402 30
15403 17
15404 21
15405 22
15406 23
15407 21
15408 17
15409 15
15410 5
15411 47
15412 18
15413 27
15414 27
15415 17
15416 14
15417 22
15418 24
15419 25
15420 26
15421 11
15422 25
15423 25
15424 24
15425 11
15426 30
15427 16
15428 23
15429 21
15430 14
15431 27
15432 28
15433 18
15434 13
15435 30
15436 13
15437 19
15438 25
15439 23
15440 10
15441 16
15442 23
15443 17
15444 27
15445 14
15446 20
15447 23
15448 21
15449 13
15450 23
15451 34
15452 30
15453 38
15454 18
15455 19
15456 32
15457 14
15458 14
15459 35
15460 9
15461 12
15462 24
15463 20
15464 12
15465 21
15466 29
15467 27
15468 31
15469 11
15470 16
15471 37
15472 19
15473 20
15474 26
15475 13
15476 20
15477 37
15478 15
15479 26
15480 19
15481 17
15482 14
15483 24
15484 15
15485 19
15486 24
15487 19
15488 11
15489 23
15490 17
15491 24
15492 28
15493 22
15494 24
15495 20
15496 24
15497 17
15498 35
15499 23
15500 20
15501 19
15502 12
15503 14
15504 38
15505 14
15506 21
15507 24
15508 16
15509 14
15510 25
15511 34
15512 12
15513 37
15514 22
15515 18
15516 28
15517 23
15518 28
15519 34
15520 18
15521 12
15522 30
15523 21
15524 25
15525 17
15526 18
15527 15
15528 28
15529 13
15530 13
15531 38
15532 17
15533 15
15534 29
15535 22
15536 20
15537 43
15538 26
15539 18
15540 28
15541 17
15542 19
15543 32
15544 29
15545 9
15546 30
15547 16
15548 25
15549 18
15550 8
15551 17
15552 28
15553 14
15554 19
15555 27
15556 11
15557 18
15558 30
15559 25
15560 10
15561 26
15562 30
15563 18
15564 23
15565 14
15566 22
15567 26
15568 23
15569 10
15570 19
15571 21
15572 20
15573 30
15574 20
15575 15
15576 34
15577 13
15578 16
15579 27
15580 7
15581 15
15582 28
15583 16
15584 10
15585 26
15586 23
15587 15
15588 22
15589 9
15590 21
15591 45
15592 20
15593 14
15594 24
15595 17
15596 24
15597 25
15598 18
15599 20
15600 18
15601 14
15602 19
15603 21
15604 13
15605 15
15606 31
15607 13
15608 13
15609 24
15610 20
15611 20
15612 26
15613 13
15614 23
15615 32
15616 29
15617 22
15618 32
15619 28
15620 20
15621 21
15622 14
15623 16
15624 24
15625 11
15626 13
15627 29
15628 26
15629 23
15630 29
15631 32
15632 15
15633 32
15634 28
15635 18
15636 41
15637 19
15638 20
15639 38
15640 28
15641 18
15642 28
15643 20
15644 21
15645 18
15646 18
15647 18
15648 24
15649 12
15650 7
15651 34
15652 20
15653 26
15654 42
15655 14
15656 17
15657 33
15658 25
15659 22
15660 33
15661 11
15662 27
15663 27
15664 26
15665 12
15666 29
15667 25
15668 27
15669 30
15670 9
15671 25
15672 28
15673 26
15674 11
15675 37
15676 19
15677 17
15678 31
15679 31
15680 15
15681 19
15682 26
15683 19
15684 35
15685 11
15686 29
15687 28
15688 23
15689 14
15690 23
15691 29
15692 19
15693 48
15694 14
15695 24
15696 24
15697 27
15698 18
15699 31
15700 14
15701 15
15702 36
15703 20
15704 13
15705 24
15706 34
15707 15
15708 50
15709 16
15710 25
15711 39
15712 27
15713 19
15714 33
15715 20
15716 22
15717 31
15718 11
15719 29
15720 20
15721 11
15722 18
15723 20
15724 16
15725 17
15726 29
15727 18
15728 21
15729 23
15730 14
15731 30
15732 43
15733 22
15734 25
15735 29
15736 30
15737 18
15738 34
15739 33
15740 20
15741 21
15742 10
15743 16
15744 34
15745 8
15746 8
15747 32
15748 12
15749 11
15750 18
15751 42
15752 20
15753 47
15754 20
15755 23
15756 33
15757 29
15758 29
15759 42
15760 27
15761 15
15762 28
15763 24
15764 30
15765 20
15766 15
15767 17
15768 24
15769 10
15770 20
15771 40
15772 14
15773 16
15774 30
15775 24
15776 10
15777 40
15778 27
15779 34
15780 20
15781 16
15782 32
15783 25
15784 20
15785 10
15786 38
15787 20
15788 25
15789 16
15790 16
15791 25
15792 22
15793 22
15794 13
15795 24
15796 17
15797 25
15798 28
15799 24
15800 11
15801 20
15802 24
15803 21
15804 30
15805 12
15806 25
15807 34
15808 30
15809 16
15810 29
15811 39
15812 29
15813 29
15814 23
15815 17
15816 33
15817 26
15818 13
15819 33
15820 8
15821 18
15822 33
15823 17
15824 8
15825 27
15826 20
15827 20
15828 30
15829 18
15830 15
15831 46
15832 25
15833 28
15834 30
15835 15
15836 36
15837 32
15838 13
15839 25
15840 25
15841 12
15842 17
15843 18
15844 17
15845 18
15846 30
15847 15
15848 12
15849 25
15850 15
15851 35
15852 30
15853 21
15854 22
15855 27
15856 24
15857 23
15858 26
15859 33
15860 28
15861 16
15862 20
15863 18
15864 30
15865 14
15866 16
15867 21
15868 23
15869 12
15870 33
15871 32
15872 17
15873 31
15874 28
15875 20
15876 37
15877 25
15878 32
15879 36
15880 18
15881 15
15882 29
15883 18
15884 34
15885 23
15886 24
15887 22
15888 35
15889 14
15890 13
15891 37
15892 19
15893 20
15894 36
15895 26
15896 11
15897 28
15898 20
15899 26
15900 26
15901 11
15902 34
15903 29
15904 20
15905 12
15906 28
15907 21
15908 19
15909 28
15910 16
15911 32
15912 37
15913 28
15914 17
15915 20
15916 18
15917 24
15918 34
15919 19
15920 18
15921 22
15922 27
15923 18
15924 27
15925 13
15926 30
15927 29
15928 31
15929 20
15930 17
15931 43
15932 26
15933 41
15934 17
15935 18
15936 31
15937 29
15938 13
15939 41
15940 24
15941 16
15942 37
15943 18
15944 25
15945 22
15946 35
15947 17
15948 37
15949 15
15950 22
15951 38
15952 28
15953 27
15954 27
15955 17
15956 22
15957 38
15958 17
15959 27
15960 19
15961 11
15962 15
15963 26
15964 17
15965 14
15966 43
15967 15
15968 23
15969 21
15970 27
15971 18
15972 35
15973 20
15974 23
15975 24
15976 26
15977 25
15978 34
15979 28
15980 21
15981 26
15982 13
15983 23
15984 38
15985 16
15986 13
15987 30
15988 14
15989 12
15990 25
15991 29
15992 14
15993 28
15994 27
15995 19
15996 32
15997 16
15998 34
15999 28
16000 19
16001 19
16002 34
16003 23
16004 34
16005 29
16006 20
16007 23
16008 25
16009 14
16010 13
16011 51
16012 19
16013 23
16014 27
16015 15
16016 8
16017 17
16018 24
16019 20
16020 30
16021 15
16022 26
16023 28
16024 28
16025 22
16026 34
16027 25
16028 23
16029 27
16030 17
16031 42
16032 28
16033 29
16034 18
16035 30
16036 11
16037 22
16038 40
16039 30
16040 12
16041 18
16042 30
16043 17
16044 34
16045 10
16046 30
16047 26
16048 22
16049 24
16050 26
16051 25
16052 31
16053 36
16054 16
16055 24
16056 31
16057 22
16058 10
16059 41
16060 11
16061 14
16062 28
16063 20
16064 16
16065 23
16066 22
16067 15
16068 33
16069 10
16070 23
16071 31
16072 22
16073 28
16074 27
16075 19
16076 31
16077 26
16078 16
16079 22
16080 17
16081 11
16082 11
16083 33
16084 12
16085 20
16086 30
16087 25
16088 14
16089 27
16090 21
16091 31
16092 35
16093 23
16094 32
16095 29
16096 26
16097 15
16098 37
16099 16
16100 18
16101 20
16102 19
16103 19
16104 35
16105 16
16106 14
16107 32
16108 14
16109 24
16110 26
16111 39
16112 12
16113 33
16114 18
16115 30
16116 30
16117 13
16118 30
16119 30
16120 21
16121 11
16122 29
16123 15
16124 25
16125 20
16126 18
16127 22
16128 35
16129 18
16130 10
16131 42
16132 16
16133 26
16134 30
16135 23
16136 14
16137 46
16138 23
16139 25
16140 29
16141 19
16142 20
16143 26
16144 23
16145 15
16146 31
16147 19
16148 30
16149 26
16150 9
16151 21
16152 34
16153 21
16154 18
16155 33
16156 23
16157 32
16158 33
16159 33
16160 18
16161 36
16162 24
16163 22
16164 32
16165 12
16166 31
16167 36
16168 22
16169 18
16170 30
16171 30
16172 28
16173 44
16174 14
16175 18
16176 31
16177 20
16178 13
16179 42
16180 14
16181 18
16182 32
16183 17
16184 17
16185 23
16186 33
16187 23
16188 32
16189 14
16190 22
16191 41
16192 22
16193 28
16194 31
16195 18
16196 24
16197 34
16198 10
16199 21
16200 21
16201 13
16202 16
16203 21
16204 14
16205 13
16206 44
16207 20
16208 21
16209 15
16210 20
16211 34
16212 40
16213 14
16214 31
16215 29
16216 26
16217 17
16218 32
16219 22
16220 20
16221 20
16222 19
16223 12
16224 28
16225 15
16226 23
16227 26
16228 19
16229 16
16230 26
16231 24
16232 13
16233 20
16234 18
16235 26
16236 37
16237 22
16238 32
16239 43
16240 20
16241 16
16242 27
16243 22
16244 26
16245 27
16246 20
16247 30
16248 23
16249 13
16250 14
16251 50
16252 20
16253 26
16254 31
16255 17
16256 25
16257 29
16258 30
16259 22
16260 41
16261 18
16262 28
16263 29
16264 33
16265 17
16266 30
16267 26
16268 22
16269 32
16270 9
16271 20
16272 24
16273 26
16274 10
16275 24
16276 23
16277 26
16278 41
16279 23
16280 16
16281 26
16282 32
16283 19
16284 38
16285 15
16286 26
16287 27
16288 20
16289 16
16290 23
16291 34
16292 24
16293 42
16294 17
16295 12
16296 19
16297 20
16298 11
16299 33
16300 25
16301 10
16302 38
16303 17
16304 21
16305 22
16306 28
16307 17
16308 32
16309 9
16310 19
16311 46
16312 16
16313 23
16314 27
16315 19
16316 18
16317 35
16318 18
16319 23
16320 18
16321 12
16322 16
16323 23
16324 21
16325 16
16326 35
16327 18
16328 20
16329 23
16330 18
16331 26
16332 42
16333 11
16334 20
16335 30
16336 36
16337 22
16338 25
16339 24
16340 17
16341 20
16342 15
16343 19
16344 27
16345 14
16346 21
16347 23
16348 11
16349 18
16350 21
16351 29
16352 15
16353 38
16354 23
16355 18
16356 42
16357 18
16358 29
16359 47
16360 23
16361 14
16362 41
16363 21
16364 29
16365 19
16366 14
16367 23
16368 35
16369 15
16370 13
16371 37
16372 19
16373 19
16374 30
16375 19
16376 23
16377 43
16378 31
16379 22
16380 36
16381 12
16382 31
16383 27
16384 30
16385 9
16386 31
16387 21
16388 34
16389 26
16390 11
16391 27
16392 21
16393 21
16394 14
16395 41
16396 11
16397 25
16398 34
16399 33
16400 12
16401 32
16402 36
16403 24
16404 29
16405 12
16406 28
16407 29
16408 21
16409 18
16410 28
16411 37
16412 28
16413 46
16414 19
16415 18
16416 24
16417 19
16418 19
16419 42
16420 12
16421 19
16422 33
16423 21
16424 21
16425 19
16426 33
16427 23
16428 42
16429 15
16430 18
16431 42
16432 20
16433 26
16434 36
16435 24
16436 30
16437 43
16438 11
16439 23
16440 24
16441 11
16442 14
16443 26
16444 16
16445 23
16446 37
16447 16
16448 20
16449 22
16450 19
16451 29
16452 31
16453 31
16454 28
16455 27
16456 32
16457 20
16458 18
16459 38
16460 25
16461 18
16462 15
16463 13
16464 20
16465 10
16466 15
16467 34
16468 12
16469 22
16470 28
16471 25
16472 14
16473 35
16474 18
16475 18
16476 30
16477 24
16478 26
16479 47
16480 23
16481 15
16482 27
16483 19
16484 28
16485 25
16486 24
16487 19
16488 27
16489 13
16490 17
16491 45
16492 20
16493 27
16494 44
16495 16
16496 18
16497 34
16498 32
16499 27
16500 32
16501 13
16502 28
16503 25
16504 26
16505 13
16506 30
16507 26
16508 17
16509 31
16510 14
16511 39
16512 28
16513 18
16514 13
16515 26
16516 22
16517 15
16518 39
16519 33
16520 11
16521 21
16522 24
16523 17
16524 34
16525 9
16526 27
16527 33
16528 23
16529 19
16530 18
16531 40
16532 19
16533 42
16534 24
16535 26
16536 28
16537 26
16538 17
16539 34
16540 16
16541 7
16542 34
16543 15
16544 17
16545 15
16546 22
16547 22
16548 33
16549 10
16550 17
16551 43
16552 20
16553 37
16554 21
16555 17
16556 27
16557 40
16558 13
16559 31
16560 27
16561 11
16562 19
16563 24
16564 19
16565 12
16566 36
16567 17
16568 19
16569 23
16570 25
16571 24
16572 29
16573 18
16574 20
16575 27
16576 28
16577 31
16578 27
16579 28
16580 27
16581 21
16582 17
16583 19
16584 29
16585 13
16586 17
16587 27
16588 20
16589 9
16590 35
16591 34
16592 21
16593 41
16594 28
16595 12
16596 40
16597 18
16598 38
16599 28
16600 24
16601 13
16602 32
16603 15
16604 37
16605 25
16606 22
16607 28
16608 28
16609 22
16610 14
16611 53
16612 17
16613 18
16614 40
16615 32
16616 16
16617 28
16618 31
16619 21
16620 27
16621 13
16622 26
16623 23
16624 23
16625 8
16626 25
16627 20
16628 24
16629 29
16630 12
16631 37
16632 21
16633 28
16634 16
16635 27
16636 11
16637 21
16638 27
16639 27
16640 12
16641 25
16642 25
16643 22
16644 37
16645 13
16646 26
16647 32
16648 32
16649 18
16650 27
16651 28
16652 30
16653 39
16654 26
16655 25
16656 36
16657 18
16658 15
16659 46
16660 13
16661 21
16662 40
16663 18
16664 11
16665 21
16666 34
16667 15
16668 47
16669 14
16670 31
16671 31
16672 29
16673 25
16674 35
16675 17
16676 32
16677 37
16678 20
16679 24
16680 26
16681 15
16682 12
16683 29
16684 9
16685 17
16686 31
16687 31
16688 21
16689 18
16690 18
16691 22
16692 45
16693 23
16694 34
16695 19
16696 27
16697 14
16698 30
16699 19
16700 26
16701 18
16702 10
16703 16
16704 28
16705 16
16706 14
16707 31
16708 9
16709 23
16710 24
16711 33
16712 20
16713 31
16714 23
16715 18
16716 33
16717 10
16718 37
16719 22
16720 22
16721 12
16722 28
16723 16
16724 33
16725 23
16726 22
16727 21
16728 29
16729 14
16730 17
16731 49
16732 21
16733 30
16734 34
16735 22
16736 17
16737 30
16738 22
16739 32
16740 27
16741 11
16742 27
16743 27
16744 15
16745 18
16746 29
16747 19
16748 20
16749 26
16750 14
16751 33
16752 29
16753 28
16754 13
16755 29
16756 20
16757 25
16758 29
16759 40
16760 13
16761 32
16762 24
16763 21
16764 28
16765 14
16766 30
16767 33
16768 26
16769 21
16770 21
16771 33
16772 28
16773 41
16774 13
16775 18
16776 31
16777 25
16778 20
16779 48
16780 17
16781 17
16782 26
16783 22
16784 15
16785 24
16786 32
16787 25
16788 31
16789 14
16790 28
16791 41
16792 24
16793 24
16794 34
16795 17
16796 29
16797 32
16798 12
16799 24
16800 24
16801 12
16802 12
16803 21
16804 19
16805 15
16806 39
16807 21
16808 15
16809 25
16810 21
16811 37
16812 38
16813 20
16814 24
16815 37
16816 26
16817 25
16818 29
16819 19
16820 20
16821 17
16822 10
16823 17
16824 33
16825 10
16826 14
16827 29
16828 17
16829 16
16830 26
16831 37
16832 15
16833 44
16834 19
16835 28
16836 33
16837 21
16838 30
16839 40
16840 18
16841 13
16842 32
16843 20
16844 29
16845 23
16846 15
16847 15
16848 35
16849 15
16850 13
16851 43
16852 24
16853 24
16854 32
16855 16
16856 18
16857 37
16858 21
16859 29
16860 25
16861 14
16862 26
16863 35
16864 25
16865 17
16866 33
16867 26
16868 23
16869 27
16870 11
16871 37
16872 26
16873 22
16874 16
16875 29
16876 22
16877 23
16878 36
16879 25
16880 9
16881 19
16882 24
16883 21
16884 35
16885 10
16886 25
16887 32
16888 23
16889 22
16890 23
16891 22
16892 22
16893 42
16894 15
16895 26
16896 31
16897 26
16898 12
16899 33
16900 8
16901 17
16902 38
16903 17
16904 21
16905 20
16906 29
16907 22
16908 36
16909 12
16910 31
16911 43
16912 20
16913 19
16914 37
16915 20
16916 18
16917 23
16918 14
16919 26
16920 18
16921 17
16922 9
16923 29
16924 18
16925 15
16926 32
16927 25
16928 24
16929 25
16930 27
16931 30
16932 37
16933 18
16934 36
16935 27
16936 33
16937 21
16938 30
16939 26
16940 24
16941 23
16942 17
16943 18
16944 25
16945 17
16946 13
16947 26
16948 23
16949 17
16950 22
16951 36
16952 20
16953 39
16954 22
16955 18
16956 41
16957 24
16958 21
16959 35
16960 15
16961 10
16962 37
16963 22
16964 27
16965 19
16966 23
16967 22
16968 25
16969 16
16970 15
16971 33
16972 22
16973 32
16974 32
16975 23
16976 20
16977 35
16978 23
16979 23
16980 36
16981 10
16982 37
16983 25
16984 34
16985 14
16986 47
16987 20
16988 32
16989 24
16990 14
16991 28
16992 36
16993 27
16994 16
16995 33
16996 19
16997 20
16998 32
16999 23
17000 9
17001 20
17002 35
17003 17
17004 41
17005 8
17006 41
17007 33
17008 17
17009 12
17010 31
17011 28
17012 30
17013 37
17014 13
17015 16
17016 24
17017 23
17018 13
17019 40
17020 15
17021 17
17022 34
17023 18
17024 11
17025 25
17026 30
17027 19
17028 47
17029 18
17030 23
17031 44
17032 20
17033 25
17034 36
17035 21
17036 19
17037 30
17038 7
17039 25
17040 21
17041 12
17042 11
17043 29
17044 9
17045 14
17046 32
17047 25
17048 16
17049 23
17050 18
17051 30
17052 39
17053 20
17054 27
17055 24
17056 25
17057 20
17058 32
17059 24
17060 23
17061 22
17062 16
17063 14
17064 32
17065 10
17066 26
17067 26
17068 21
17069 20
17070 23
17071 27
17072 18
17073 40
17074 23
17075 25
17076 32
17077 33
17078 22
17079 40
17080 18
17081 13
17082 27
17083 27
17084 32
17085 23
17086 28
17087 16
17088 39
17089 6
17090 18
17091 40
17092 26
17093 27
17094 34
17095 16
17096 17
17097 37
17098 22
17099 29
17100 24
17101 20
17102 22
17103 27
17104 32
17105 20
17106 35
17107 18
17108 27
17109 23
17110 17
17111 22
17112 30
17113 14
17114 19
17115 32
17116 20
17117 22
17118 41
17119 27
17120 12
17121 26
17122 23
17123 19
17124 25
17125 14
17126 24
17127 34
17128 19
17129 18
17130 27
17131 32
17132 14
17133 24
17134 19
17135 23
17136 23
17137 17
17138 15
17139 47
17140 10
17141 16
17142 34
17143 19
17144 17
17145 23
17146 25
17147 31
17148 29
17149 14
17150 14
17151 44
17152 21
17153 33
17154 28
17155 27
17156 20
17157 29
17158 15
17159 33
17160 25
17161 17
17162 13
17163 24
17164 17
17165 17
17166 29
17167 15
17168 21
17169 27
17170 14
17171 35
17172 34
17173 21
17174 27
17175 29
17176 27
17177 29
17178 33
17179 30
17180 24
17181 24
17182 24
17183 20
17184 27
17185 15
17186 20
17187 30
17188 17
17189 12
17190 33
17191 30
17192 9
17193 41
17194 24
17195 21
17196 47
17197 23
17198 29
17199 41
17200 22
17201 17
17202 27
17203 16
17204 33
17205 27
17206 12
17207 20
17208 29
17209 17
17210 9
17211 38
17212 18
17213 20
17214 36
17215 16
17216 23
17217 29
17218 33
17219 23
17220 43
17221 12
17222 39
17223 27
17224 25
17225 16
17226 32
17227 24
17228 28
17229 31
17230 12
17231 33
17232 21
17233 19
17234 13
17235 36
17236 10
17237 25
17238 34
17239 32
17240 11
17241 18
17242 25
17243 16
17244 33
17245 13
17246 29
17247 25
17248 23
17249 17
17250 18
17251 36
17252 25
17253 47
17254 15
17255 24
17256 26
17257 16
17258 9
17259 53
17260 8
17261 16
17262 28
17263 19
17264 14
17265 21
17266 19
17267 17
17268 50
17269 13
17270 27
17271 39
17272 25
17273 18
17274 28
17275 20
17276 29
17277 39
17278 11
17279 29
17280 18
17281 11
17282 11
17283 22
17284 12
17285 13
17286 29
17287 17
17288 17
17289 23
17290 22
17291 29
17292 48
17293 27
17294 31
17295 29
17296 37
17297 17
17298 30
17299 27
17300 23
17301 22
17302 18
17303 22
17304 31
17305 12
17306 17
17307 30
17308 21
17309 15
17310 30
17311 36
17312 21
17313 34
17314 31
17315 17
17316 35
17317 29
17318 35
17319 34
17320 21
17321 18
17322 35
17323 16
17324 31
17325 24
17326 27
17327 15
17328 32
17329 12
17330 17
17331 48
17332 18
17333 30
17334 37
17335 19
17336 18
17337 37
17338 25
17339 20
17340 29
17341 12
17342 28
17343 27
17344 30
17345 18
17346 31
17347 22
17348 27
17349 23
17350 18
17351 28
17352 30
17353 22
17354 11
17355 22
17356 20
17357 19
17358 35
17359 31
17360 10
17361 24
17362 24
17363 16
17364 23
17365 12
17366 24
17367 28
17368 25
17369 19
17370 26
17371 34
17372 24
17373 31
17374 21
17375 17
17376 36
17377 21
17378 11
17379 40
17380 18
17381 14
17382 31
17383 22
17384 16
17385 24
17386 17
17387 21
17388 27
17389 15
17390 25
17391 39
17392 29
17393 20
17394 30
17395 21
17396 31
17397 29
17398 22
17399 18
17400 22
17401 10
17402 22
17403 30
17404 14
17405 13
17406 28
17407 21
17408 13
17409 23
17410 19
17411 29
17412 34
17413 18
17414 29
17415 26
17416 32
17417 18
17418 29
17419 20
17420 25
17421 25
17422 15
17423 25
17424 29
17425 18
17426 18
17427 37
17428 19
17429 19
17430 26
17431 45
17432 14
17433 41
17434 30
17435 25
17436 39
17437 29
17438 34
17439 37
17440 17
17441 18
17442 33
17443 17
17444 29
17445 16
17446 22
17447 13
17448 28
17449 13
17450 16
17451 41
17452 23
17453 30
17454 38
17455 15
17456 19
17457 37
17458 29
17459 34
17460 23
17461 17
17462 27
17463 28
17464 25
17465 14
17466 25
17467 15
17468 28
17469 19
17470 10
17471 22
17472 25
17473 17
17474 12
17475 24
17476 22
17477 25
17478 29
17479 25
17480 17
17481 19
17482 29
17483 20
17484 31
17485 14
17486 20
17487 32
17488 23
17489 17
17490 24
17491 35
17492 29
17493 43
17494 12
17495 24
17496 27
17497 13
17498 14
17499 45
17500 12
17501 15
17502 34
17503 22
17504 17
17505 23
17506 22
17507 25
17508 31
17509 18
17510 27
17511 45
17512 27
17513 27
17514 23
17515 26
17516 24
17517 39
17518 14
17519 32
17520 21
17521 12
17522 15
17523 23
17524 14
17525 16
17526 39
17527 20
17528 16
17529 26
17530 24
17531 31
17532 31
17533 22
17534 33
17535 27
17536 27
17537 25
17538 30
17539 22
17540 14
17541 23
17542 15
17543 20
17544 28
17545 20
17546 18
17547 26
17548 13
17549 18
17550 35
17551 36
17552 25
17553 37
17554 29
17555 22
17556 42
17557 13
17558 35
17559 46
17560 17
17561 20
17562 33
17563 22
17564 31
17565 26
17566 21
17567 20
17568 31
17569 10
17570 13
17571 42
17572 18
17573 27
17574 38
17575 16
17576 20
17577 35
17578 37
17579 25
17580 28
17581 10
17582 25
17583 25
17584 27
17585 21
17586 25
17587 22
17588 26
17589 30
17590 18
17591 34
17592 26
17593 23
17594 13
17595 31
17596 17
17597 17
17598 21
17599 32
17600 12
17601 25
17602 26
17603 15
17604 40
17605 11
17606 29
17607 29
17608 21
17609 12
17610 27
17611 29
17612 35
17613 35
17614 15
17615 22
17616 36
17617 18
17618 6
17619 33
17620 13
17621 9
17622 28
17623 21
17624 11
17625 23
17626 28
17627 24
17628 32
17629 14
17630 31
17631 39
17632 20
17633 20
17634 42
17635 20
17636 22
17637 42
17638 13
17639 24
17640 13
17641 12
17642 16
17643 30
17644 11
17645 16
17646 29
17647 16
17648 16
17649 26
17650 20
17651 26
17652 42
17653 23
17654 28
17655 37
17656 30
17657 22
17658 28
17659 27
17660 17
17661 21
17662 9
17663 18
17664 27
17665 13
17666 19
17667 28
17668 25
17669 25
17670 24
17671 33
17672 17
17673 36
17674 24
17675 22
17676 37
17677 22
17678 28
17679 43
17680 15
17681 15
17682 39
17683 20
17684 31
17685 20
17686 18
17687 20
17688 34
17689 12
17690 17
17691 38
17692 19
17693 27
17694 34
17695 31
17696 16
17697 38
17698 21
17699 23
17700 29
17701 15
17702 27
17703 24
17704 27
17705 9
17706 35
17707 15
17708 45
17709 19
17710 13
17711 26
17712 34
17713 17
17714 23
17715 26
17716 19
17717 15
17718 41
17719 22
17720 12
17721 31
17722 26
17723 15
17724 34
17725 14
17726 27
17727 24
17728 24
17729 13
17730 28
17731 27
17732 37
17733 32
17734 18
17735 22
17736 33
17737 16
17738 16
17739 33
17740 15
17741 18
17742 28
17743 16
17744 11
17745 21
17746 21
17747 23
17748 27
17749 10
17750 20
17751 46
17752 19
17753 32
17754 36
17755 24
17756 26
17757 30
17758 18
17759 33
17760 16
17761 12
17762 18
17763 35
17764 11
17765 18
17766 34
17767 22
17768 21
17769 29
17770 14
17771 26
17772 33
17773 19
17774 25
17775 32
17776 33
17777 31
17778 23
17779 29
17780 23
17781 26
17782 15
17783 16
17784 28
17785 16
17786 21
17787 34
17788 13
17789 23
17790 26
17791 30
17792 18
17793 39
17794 26
17795 23
17796 34
17797 16
17798 27
17799 40
17800 21
17801 22
17802 31
17803 29
17804 28
17805 29
17806 22
17807 24
17808 29
17809 14
17810 12
17811 45
17812 27
17813 21
17814 43
17815 12
17816 26
17817 35
17818 39
17819 23
17820 38
17821 14
17822 22
17823 30
17824 31
17825 22
17826 26
17827 14
17828 24
17829 23
17830 17
17831 42
17832 28
17833 18
17834 16
17835 23
17836 26
17837 19
17838 45
17839 21
17840 14
17841 25
17842 33
17843 20
17844 44
17845 9
17846 24
17847 32
17848 18
17849 15
17850 25
17851 29
17852 20
17853 39
17854 14
17855 19
17856 30
17857 27
17858 13
17859 37
17860 11
17861 16
17862 40
17863 23
17864 11
17865 20
17866 21
17867 26
17868 30
17869 17
17870 19
17871 37
17872 18
17873 21
17874 21
17875 23
17876 29
17877 39
17878 11
17879 32
17880 25
17881 13
17882 17
17883 29
17884 20
17885 12
17886 41
17887 25
17888 19
17889 27
17890 18
17891 20
17892 39
17893 26
17894 29
17895 27
17896 25
17897 22
17898 31
17899 19
17900 26
17901 21
17902 18
17903 18
17904 28
17905 12
17906 13
17907 27
17908 12
17909 19
17910 29
17911 37
17912 18
17913 44
17914 18
17915 21
17916 38
17917 26
17918 33
17919 41
17920 22
17921 13
17922 31
17923 24
17924 31
17925 26
17926 17
17927 20
17928 36
17929 15
17930 14
17931 47
17932 8
17933 20
17934 33
17935 16
17936 19
17937 46
17938 25
17939 20
17940 31
17941 16
17942 36
17943 20
17944 26
17945 11
17946 29
17947 22
17948 32
17949 24
17950 18
17951 25
17952 29
17953 20
17954 18
17955 35
17956 17
17957 26
17958 33
17959 30
17960 9
17961 24
17962 24
17963 24
17964 31
17965 14
17966 26
17967 37
17968 24
17969 14
17970 20
17971 31
17972 26
17973 28
17974 19
17975 21
17976 22
17977 24
17978 12
17979 46
17980 10
17981 23
17982 31
17983 17
17984 11
17985 25
17986 22
17987 22
17988 29
17989 15
17990 21
17991 36
17992 28
17993 33
17994 26
17995 15
17996 31
17997 32
17998 18
17999 19
18000 29
18001 15
18002 11
18003 24
18004 20
18005 19
18006 38
18007 22
18008 14
18009 26
18010 23
18011 36
18012 41
18013 25
18014 27
18015 29
18016 30
18017 22
18018 42
18019 36
18020 29
18021 18
18022 21
18023 16
18024 32
18025 11
18026 20
18027 32
18028 22
18029 16
18030 31
18031 35
18032 15
18033 35
18034 29
18035 20
18036 36
18037 33
18038 32
18039 36
18040 22
18041 18
18042 27
18043 21
18044 25
18045 26
18046 18
18047 25
18048 39
18049 14
18050 11
18051 45
18052 26
18053 20
18054 45
18055 20
18056 14
18057 30
18058 34
18059 30
18060 30
18061 11
18062 26
18063 26
18064 23
18065 19
18066 28
18067 18
18068 24
18069 18
18070 12
18071 31
18072 33
18073 27
18074 19
18075 24
18076 20
18077 23
18078 46
18079 31
18080 10
18081 22
18082 28
18083 15
18084 37
18085 15
18086 26
18087 27
18088 20
18089 17
18090 21
18091 42
18092 25
18093 40
18094 12
18095 16
18096 29
18097 21
18098 10
18099 41
18100 18
18101 16
18102 38
18103 15
18104 20
18105 22
18106 34
18107 17
18108 25
18109 16
18110 23
18111 47
18112 27
18113 24
18114 21
18115 17
18116 29
18117 46
18118 16
18119 22
18120 26
18121 12
18122 7
18123 21
18124 16
18125 17
18126 45
18127 21
18128 32
18129 31
18130 25
18131 36
18132 37
18133 26
18134 24
18135 28
18136 35
18137 26
18138 28
18139 30
18140 17
18141 19
18142 7
18143 17
18144 28
18145 10
18146 19
18147 22
18148 13
18149 16
18150 39
18151 38
18152 23
18153 38
18154 36
18155 21
18156 42
18157 23
18158 30
18159 45
18160 11
18161 19
18162 40
18163 19
18164 24
18165 19
18166 21
18167 21
18168 29
18169 15
18170 12
18171 34
18172 16
18173 20
18174 30
18175 20
18176 12
18177 28
18178 22
18179 33
18180 31
18181 15
18182 42
18183 29
18184 29
18185 18
18186 32
18187 21
18188 28
18189 27
18190 16
18191 20
18192 24
18193 19
18194 15
18195 25
18196 9
18197 20
18198 23
18199 17
18200 9
18201 22
18202 21
18203 12
18204 43
18205 13
18206 33
18207 30
18208 34
18209 23
18210 26
18211 35
18212 29
18213 34
18214 19
18215 21
18216 28
18217 21
18218 8
18219 30
18220 14
18221 16
18222 25
18223 10
18224 12
18225 19
18226 29
18227 23
18228 37
18229 11
18230 25
18231 39
18232 24
18233 22
18234 25
18235 21
18236 36
18237 28
18238 16
18239 25
18240 28
18241 9
18242 7
18243 24
18244 15
18245 16
18246 26
18247 23
18248 14
18249 27
18250 20
18251 37
18252 35
18253 33
18254 42
18255 35
18256 29
18257 23
18258 33
18259 32
18260 26
18261 25
18262 20
18263 24
18264 37
18265 11
18266 18
18267 37
18268 18
18269 28
18270 23
18271 35
18272 16
18273 48
18274 22
18275 30
18276 33
18277 26
18278 41
18279 49
18280 17
18281 15
18282 42
18283 19
18284 27
18285 23
18286 22
18287 23
18288 22
18289 18
18290 16
18291 41
18292 12
18293 43
18294 31
18295 18
18296 13
18297 38
18298 23
18299 33
18300 24
18301 15
18302 26
18303 24
18304 24
18305 15
18306 36
18307 21
18308 31
18309 22
18310 10
18311 21
18312 25
18313 21
18314 21
18315 28
18316 22
18317 27
18318 36
18319 22
18320 15
18321 27
18322 21
18323 16
18324 35
18325 13
18326 25
18327 40
18328 23
18329 14
18330 27
18331 37
18332 36
18333 38
18334 15
18335 21
18336 36
18337 15
18338 14
18339 36
18340 14
18341 20
18342 31
18343 17
18344 22
18345 30
18346 26
18347 20
18348 36
18349 6
18350 24
18351 46
18352 22
18353 32
18354 34
18355 20
18356 32
18357 36
18358 9
18359 28
18360 24
18361 7
18362 17
18363 28
18364 16
18365 10
18366 33
18367 21
18368 17
18369 26
18370 25
18371 36
18372 33
18373 29
18374 28
18375 31
18376 27
18377 26
18378 31
18379 33
18380 17
18381 20
18382 15
18383 20
18384 35
18385 10
18386 15
18387 22
18388 23
18389 15
18390 40
18391 20
18392 24
18393 39
18394 18
18395 21
18396 40
18397 27
18398 29
18399 36
18400 22
18401 14
18402 34
18403 20
18404 22
18405 18
18406 19
18407 17
18408 19
18409 15
18410 18
18411 44
18412 11
18413 26
18414 28
18415 23
18416 16
18417 31
18418 16
18419 22
18420 36
18421 16
18422 27
18423 37
18424 20
18425 19
18426 33
18427 17
18428 26
18429 30
18430 11
18431 30
18432 21
18433 17
18434 19
18435 28
18436 21
18437 26
18438 36
18439 20
18440 16
18441 24
18442 25
18443 20
18444 43
18445 17
18446 24
18447 35
18448 29
18449 19
18450 22
18451 38
18452 33
18453 30
18454 20
18455 14
18456 32
18457 12
18458 15
18459 31
18460 24
18461 17
18462 38
18463 14
18464 18
18465 22
18466 19
18467 23
18468 33
18469 17
18470 21
18471 32
18472 21
18473 14
18474 27
18475 18
18476 29
18477 34
18478 21
18479 30
18480 18
18481 13
18482 20
18483 28
18484 18
18485 17
18486 26
18487 30
18488 13
18489 31
18490 21
18491 30
18492 28
18493 24
18494 27
18495 28
18496 22
18497 20
18498 33
18499 28
18500 22
18501 29
18502 22
18503 24
18504 33
18505 17
18506 28
18507 36
18508 20
18509 21
18510 29
18511 35
18512 17
18513 45
18514 26
18515 20
18516 33
18517 17
18518 36
18519 38
18520 24
18521 14
18522 34
18523 20
18524 31
18525 29
18526 25
18527 23
18528 29
18529 17
18530 19
18531 43
18532 23
18533 26
18534 36
18535 21
18536 15
18537 39
18538 25
18539 18
18540 41
18541 11
18542 30
18543 22
18544 31
18545 14
18546 32
18547 20
18548 28
18549 26
18550 13
18551 27
18552 30
18553 22
18554 15
18555 23
18556 13
18557 19
18558 37
18559 25
18560 19
18561 18
18562 28
18563 14
18564 44
18565 9
18566 33
18567 23
18568 29
18569 14
18570 14
18571 23
18572 26
18573 36
18574 14
18575 13
18576 31
18577 19
18578 16
18579 47
18580 8
18581 23
18582 35
18583 22
18584 17
18585 26
18586 32
18587 28
18588 40
18589 9
18590 20
18591 52
18592 23
18593 25
18594 24
18595 17
18596 21
18597 35
18598 18
18599 27
18600 20
18601 13
18602 18
18603 34
18604 15
18605 24
18606 36
18607 25
18608 14
18609 36
18610 18
18611 35
18612 46
18613 27
18614 25
18615 32
18616 26
18617 26
18618 27
18619 24
18620 21
18621 21
18622 15
18623 19
18624 29
18625 15
18626 16
18627 30
18628 12
18629 21
18630 29
18631 41
18632 18
18633 40
18634 23
18635 25
18636 33
18637 25
18638 30
18639 43
18640 21
18641 13
18642 24
18643 17
18644 28
18645 20
18646 21
18647 16
18648 28
18649 15
18650 9
18651 32
18652 17
18653 32
18654 37
18655 19
18656 21
18657 46
18658 23
18659 28
18660 27
18661 10
18662 25
18663 32
18664 26
18665 19
18666 39
18667 20
18668 31
18669 22
18670 13
18671 28
18672 30
18673 16
18674 14
18675 28
18676 24
18677 24
18678 47
18679 24
18680 14
18681 20
18682 32
18683 18
18684 30
18685 10
18686 27
18687 30
18688 22
18689 20
18690 26
18691 29
18692 26
18693 35
18694 26
18695 22
18696 31
18697 21
18698 20
18699 34
18700 18
18701 12
18702 41
18703 23
18704 10
18705 19
18706 27
18707 19
18708 24
18709 9
18710 15
18711 57
18712 23
18713 28
18714 24
18715 21
18716 24
18717 36
18718 16
18719 21
18720 20
18721 14
18722 21
18723 21
18724 17
18725 10
18726 40
18727 14
18728 12
18729 22
18730 23
18731 23
18732 31
18733 21
18734 23
18735 28
18736 29
18737 29
18738 28
18739 27
18740 26
18741 30
18742 7
18743 19
18744 33
18745 11
18746 15
18747 33
18748 26
18749 18
18750 28
18751 36
18752 16
18753 42
18754 29
18755 22
18756 42
18757 16
18758 28
18759 39
18760 25
18761 19
18762 30
18763 21
18764 27
18765 25
18766 23
18767 27
18768 31
18769 15
18770 6
18771 36
18772 15
18773 19
18774 37
18775 22
18776 22
18777 41
18778 27
18779 23
18780 34
18781 13
18782 31
18783 27
18784 31
18785 11
18786 31
18787 26
18788 20
18789 35
18790 8
18791 32
18792 28
18793 35
18794 13
18795 36
18796 11
18797 23
18798 31
18799 34
18800 22
18801 21
18802 34
18803 20
18804 35
18805 12
18806 31
18807 20
18808 22
18809 12
18810 23
18811 42
18812 19
18813 43
18814 16
18815 19
18816 21
18817 23
18818 11
18819 44
18820 12
18821 19
18822 33
18823 11
18824 15
18825 23
18826 32
18827 14
18828 39
18829 13
18830 27
18831 36
18832 30
18833 23
18834 28
18835 17
18836 24
18837 42
18838 18
18839 25
18840 22
18841 14
18842 13
18843 24
18844 14
18845 13
18846 37
18847 16
18848 18
18849 20
18850 15
18851 24
18852 53
18853 19
18854 43
18855 30
18856 37
18857 20
18858 34
18859 37
18860 30
18861 26
18862 14
18863 18
18864 36
18865 20
18866 10
18867 35
18868 18
18869 16
18870 25
18871 27
18872 18
18873 33
18874 22
18875 21
18876 43
18877 23
18878 49
18879 38
18880 18
18881 16
18882 34
18883 26
18884 42
18885 25
18886 17
18887 30
18888 29
18889 15
18890 8
18891 44
18892 17
18893 26
18894 28
18895 24
18896 18
18897 30
18898 25
18899 26
18900 25
18901 13
18902 45
18903 31
18904 20
18905 20
18906 35
18907 19
18908 26
18909 23
18910 24
18911 35
18912 24
18913 23
18914 17
18915 29
18916 12
18917 30
18918 35
18919 25
18920 15
18921 24
18922 21
18923 16
18924 24
18925 11
18926 25
18927 28
18928 19
18929 27
18930 17
18931 31
18932 27
18933 34
18934 18
18935 23
18936 32
18937 21
18938 13
18939 35
18940 14
18941 13
18942 31
18943 16
18944 13
18945 31
18946 28
18947 20
18948 26
18949 17
18950 26
18951 39
18952 22
18953 29
18954 30
18955 21
18956 34
18957 34
18958 12
18959 24
18960 21
18961 10
18962 11
18963 20
18964 24
18965 16
18966 29
18967 15
18968 18
18969 22
18970 19
18971 29
18972 34
18973 24
18974 17
18975 33
18976 36
18977 23
18978 33
18979 31
18980 20
18981 14
18982 23
18983 23
18984 39
18985 12
18986 16
18987 24
18988 23
18989 14
18990 30
18991 30
18992 11
18993 40
18994 25
18995 25
18996 32
18997 22
18998 27
18999 41
19000 18
19001 17
19002 37
19003 21
19004 26
19005 18
19006 14
19007 21
19008 40
19009 12
19010 12
19011 38
19012 26
19013 26
19014 29
19015 17
19016 17
19017 40
19018 25
19019 36
19020 36
19021 14
19022 30
19023 31
19024 21
19025 11
19026 35
19027 25
19028 22
19029 29
19030 13
19031 25
19032 31
19033 22
19034 22
19035 27
19036 16
19037 26
19038 29
19039 20
19040 17
19041 24
19042 25
19043 14
19044 32
19045 16
19046 31
19047 31
19048 18
19049 25
19050 26
19051 35
19052 25
19053 51
19054 8
19055 25
19056 27
19057 22
19058 12
19059 38
19060 16
19061 11
19062 43
19063 18
19064 22
19065 15
19066 35
19067 17
19068 42
19069 10
19070 22
19071 41
19072 24
19073 30
19074 28
19075 17
19076 30
19077 33
19078 12
19079 32
19080 22
19081 15
19082 17
19083 23
19084 18
19085 14
19086 38
19087 13
19088 25
19089 20
19090 20
19091 23
19092 41
19093 17
19094 32
19095 31
19096 21
19097 28
19098 34
19099 30
19100 22
19101 32
19102 18
19103 21
19104 27
19105 19
19106 21
19107 35
19108 25
19109 17
19110 27
19111 40
19112 27
19113 34
19114 21
19115 18
19116 30
19117 18
19118 37
19119 36
19120 21
19121 15
19122 29
19123 26
19124 25
19125 31
19126 19
19127 26
19128 22
19129 22
19130 15
19131 53
19132 21
19133 27
19134 34
19135 23
19136 14
19137 41
19138 24
19139 30
19140 32
19141 14
19142 25
19143 26
19144 24
19145 17
19146 31
19147 15
19148 23
19149 28
19150 13
19151 38
19152 28
19153 32
19154 15
19155 27
19156 18
19157 25
19158 37
19159 24
19160 17
19161 19
19162 29
19163 18
19164 37
19165 9
19166 32
19167 24
19168 16
19169 20
19170 27
19171 27
19172 25
19173 35
19174 16
19175 18
19176 27
19177 20
19178 11
19179 39
19180 17
19181 15
19182 35
19183 17
19184 14
19185 17
19186 30
19187 22
19188 42
19189 15
19190 23
19191 38
19192 29
19193 20
19194 31
19195 21
19196 24
19197 32
19198 15
19199 17
19200 21
19201 13
19202 8
19203 30
19204 12
19205 13
19206 36
19207 31
19208 11
19209 21
19210 17
19211 31
19212 42
19213 18
19214 30
19215 30
19216 25
19217 17
19218 36
19219 20
19220 20
19221 26
19222 13
19223 18
19224 34
19225 19
19226 17
19227 36
19228 16
19229 16
19230 35
19231 38
19232 21
19233 33
19234 27
19235 22
19236 40
19237 22
19238 29
19239 38
19240 22
19241 16
19242 32
19243 16
19244 35
19245 20
19246 22
19247 18
19248 34
19249 11
19250 21
19251 48
19252 15
19253 37
19254 33
19255 19
19256 14
19257 36
19258 24
19259 35
19260 31
19261 27
19262 27
19263 25
19264 21
19265 14
19266 38
19267 22
19268 34
19269 20
19270 16
19271 16
19272 32
19273 15
19274 17
19275 28
19276 11
19277 38
19278 24
19279 34
19280 16
19281 29
19282 21
19283 22
19284 31
19285 17
19286 26
19287 29
19288 23
19289 18
19290 26
19291 30
19292 32
19293 37
19294 23
19295 15
19296 23
19297 17
19298 7
19299 34
19300 14
19301 17
19302 36
19303 14
19304 15
19305 25
19306 33
19307 23
19308 28
19309 9
19310 19
19311 43
19312 23
19313 26
19314 35
19315 21
19316 31
19317 29
19318 16
19319 21
19320 16
19321 14
19322 16
19323 16
19324 17
19325 15
19326 32
19327 20
19328 28
19329 23
19330 12
19331 33
19332 33
19333 13
19334 28
19335 36
19336 26
19337 25
19338 31
19339 27
19340 24
19341 23
19342 20
19343 22
19344 29
19345 16
19346 19
19347 29
19348 21
19349 20
19350 27
19351 37
19352 18
19353 40
19354 27
19355 27
19356 36
19357 14
19358 27
19359 48
19360 21
19361 18
19362 36
19363 21
19364 25
19365 36
19366 26
19367 20
19368 30
19369 19
19370 16
19371 45
19372 19
19373 26
19374 42
19375 16
19376 18
19377 35
19378 29
19379 22
19380 38
19381 14
19382 33
19383 29
19384 33
19385 23
19386 33
19387 21
19388 19
19389 28
19390 4
19391 31
19392 24
19393 19
19394 16
19395 26
19396 24
19397 17
19398 45
19399 24
19400 16
19401 18
19402 32
19403 18
19404 53
19405 17
19406 36
19407 22
19408 23
19409 23
19410 21
19411 30
19412 25
19413 48
19414 17
19415 22
19416 26
19417 21
19418 11
19419 40
19420 12
19421 15
19422 33
19423 13
19424 21
19425 17
19426 25
19427 19
19428 37
19429 15
19430 25
19431 38
19432 20
19433 17
19434 27
19435 22
19436 24
19437 49
19438 5
19439 27
19440 18
19441 11
19442 13
19443 29
19444 7
19445 11
19446 28
19447 12
19448 21
19449 22
19450 20
19451 25
19452 39
19453 23
19454 35
19455 25
19456 33
19457 19
19458 23
19459 37
19460 20
19461 26
19462 13
19463 21
19464 24
19465 12
19466 7
19467 31
19468 11
19469 18
19470 27
19471 34
19472 15
19473 39
19474 23
19475 22
19476 48
19477 31
19478 36
19479 45
19480 21
19481 16
19482 37
19483 23
19484 34
19485 23
19486 23
19487 18
19488 34
19489 15
19490 12
19491 50
19492 10
19493 34
19494 40
19495 22
19496 24
19497 37
19498 29
19499 26
19500 31
19501 18
19502 33
19503 31
19504 36
19505 16
19506 29
19507 18
19508 32
19509 21
19510 10
19511 26
19512 29
19513 18
19514 8
19515 31
19516 15
19517 26
19518 32
19519 34
19520 10
19521 31
19522 33
19523 25
19524 34
19525 14
19526 29
19527 32
19528 30
19529 17
19530 22
19531 29
19532 24
19533 31
19534 22
19535 19
19536 29
19537 27
19538 4
19539 36
19540 9
19541 8
19542 31
19543 19
19544 10
19545 26
19546 20
19547 16
19548 37
19549 14
19550 24
19551 42
19552 23
19553 23
19554 35
19555 16
19556 30
19557 24
19558 19
19559 32
19560 24
19561 14
19562 16
19563 24
19564 7
19565 9
19566 33
19567 21
19568 21
19569 28
19570 20
19571 27
19572 34
19573 15
19574 33
19575 25
19576 27
19577 26
19578 30
19579 27
19580 28
19581 21
19582 13
19583 22
19584 25
19585 15
19586 14
19587 31
19588 13
19589 21
19590 23
19591 43
19592 9
19593 40
19594 21
19595 17
19596 33
19597 15
19598 25
19599 42
19600 15
19601 18
19602 27
19603 21
19604 33
19605 28
19606 23
19607 22
19608 31
19609 15
19610 18
19611 37
19612 28
19613 28
19614 38
19615 19
19616 23
19617 41
19618 35
19619 23
19620 26
19621 16
19622 35
19623 28
19624 32
19625 18
19626 31
19627 25
19628 32
19629 27
19630 18
19631 33
19632 32
19633 19
19634 14
19635 30
19636 26
19637 30
19638 39
19639 34
19640 12
19641 20
19642 26
19643 19
19644 36
19645 16
19646 34
19647 30
19648 26
19649 11
19650 21
19651 33
19652 27
19653 42
19654 12
19655 21
19656 20
19657 18
19658 11
19659 39
19660 13
19661 15
19662 34
19663 12
19664 14
19665 20
19666 20
19667 19
19668 33
19669 17
19670 23
19671 47
19672 23
19673 30
19674 21
19675 19
19676 20
19677 43
19678 16
19679 33
19680 27
19681 9
19682 16
19683 30
19684 25
19685 17
19686 48
19687 17
19688 20
19689 20
19690 31
19691 26
19692 39
19693 23
19694 20
19695 24
19696 34
19697 35
19698 27
19699 18
19700 18
19701 29
19702 17
19703 20
19704 32
19705 16
19706 24
19707 27
19708 19
19709 18
19710 40
19711 25
19712 19
19713 33
19714 29
19715 12
19716 38
19717 16
19718 31
19719 25
19720 21
19721 24
19722 33
19723 27
19724 30
19725 31
19726 23
19727 25
19728 39
19729 20
19730 19
19731 48
19732 22
19733 29
19734 53
19735 25
19736 26
19737 39
19738 33
19739 27
19740 32
19741 13
19742 26
19743 27
19744 23
19745 18
19746 34
19747 23
19748 35
19749 35
19750 15
19751 29
19752 36
19753 30
19754 20
19755 32
19756 24
19757 25
19758 34
19759 27
19760 14
19761 32
19762 25
19763 16
19764 32
19765 13
19766 27
19767 23
19768 30
19769 16
19770 22
19771 21
19772 31
19773 34
19774 18
19775 31
19776 29
19777 26
19778 19
19779 40
19780 14
19781 15
19782 27
19783 21
19784 15
19785 28
19786 30
19787 19
19788 42
19789 13
19790 28
19791 23
19792 28
19793 25
19794 34
19795 18
19796 26
19797 36
19798 15
19799 26
19800 29
19801 23
19802 18
19803 35
19804 14
19805 21
19806 35
19807 30
19808 17
19809 25
19810 24
19811 30
19812 44
19813 17
19814 32
19815 28
19816 30
19817 18
19818 29
19819 17
19820 18
19821 30
19822 11
19823 10
19824 23
19825 12
19826 19
19827 37
19828 17
19829 22
19830 23
19831 36
19832 14
19833 54
19834 27
19835 21
19836 29
19837 19
19838 32
19839 42
19840 18
19841 17
19842 28
19843 12
19844 27
19845 26
19846 21
19847 21
19848 37
19849 13
19850 16
19851 49
19852 24
19853 43
19854 37
19855 31
19856 21
19857 43
19858 35
19859 37
19860 32
19861 15
19862 32
19863 19
19864 28
19865 10
19866 37
19867 21
19868 38
19869 36
19870 14
19871 24
19872 33
19873 32
19874 18
19875 30
19876 15
19877 29
19878 48
19879 30
19880 13
19881 32
19882 24
19883 15
19884 42
19885 16
19886 26
19887 35
19888 27
19889 18
19890 26
19891 34
19892 36
19893 45
19894 15
19895 22
19896 33
19897 24
19898 16
19899 43
19900 16
19901 17
19902 35
19903 20
19904 15
19905 25
19906 23
19907 27
19908 32
19909 16
19910 25
19911 52
19912 21
19913 36
19914 34
19915 16
19916 28
19917 36
19918 26
19919 17
19920 27
19921 19
19922 13
19923 23
19924 12
19925 21
19926 38
19927 23
19928 15
19929 27
19930 24
19931 39
19932 32
19933 22
19934 29
19935 25
19936 28
19937 33
19938 30
19939 23
19940 27
19941 23
19942 21
19943 13
19944 30
19945 16
19946 14
19947 28
19948 25
19949 20
19950 27
19951 40
19952 19
19953 44
19954 18
19955 21
19956 35
19957 24
19958 33
19959 43
19960 15
19961 11
19962 31
19963 22
19964 31
19965 34
19966 14
19967 17
19968 36
19969 19
19970 17
19971 38
19972 32
19973 30
19974 34
19975 17
19976 29
19977 47
19978 27
19979 32
19980 30
19981 15
19982 29
19983 26
19984 26
19985 18
19986 23
19987 25
19988 28
19989 36
19990 16
19991 36
19992 28
19993 26
19994 18
19995 28
19996 25
19997 20
19998 42
19999 27
20000 13
20001 23
20002 36
20003 20
20004 38
20005 10
20006 26
20007 37
20008 27
20009 32
20010 33
20011 32
20012 32
20013 36
20014 17
20015 20
20016 31
20017 27
20018 20
20019 34
20020 19
20021 20
20022 45
20023 22
20024 15
20025 26
20026 35
20027 20
20028 42
20029 15
20030 25
20031 55
20032 17
20033 33
20034 42
20035 19
20036 34
20037 42
20038 6
20039 21
20040 21
20041 16
20042 23
20043 29
20044 17
20045 19
20046 32
20047 20
20048 13
20049 33
20050 20
20051 25
20052 33
20053 29
20054 37
20055 25
20056 29
20057 22
20058 30
20059 15
20060 28
20061 23
20062 16
20063 22
20064 37
20065 16
20066 14
20067 29
20068 17
20069 25
20070 25
20071 30
20072 24
20073 45
20074 20
20075 24
20076 40
20077 23
20078 38
20079 33
20080 25
20081 14
20082 35
20083 16
20084 34
20085 20
20086 17
20087 25
20088 30
20089 18
20090 16
20091 49
20092 11
20093 39
20094 32
20095 10
20096 28
20097 34
20098 31
20099 27
20100 42
20101 14
20102 38
20103 25
20104 34
20105 18
20106 40
20107 23
20108 27
20109 33
20110 11
20111 32
20112 34
20113 24
20114 11
20115 32
20116 16
20117 27
20118 31
20119 22
20120 15
20121 21
20122 29
20123 20
20124 47
20125 11
20126 43
20127 25
20128 28
20129 21
20130 35
20131 31
20132 31
20133 47
20134 36
20135 15
20136 31
20137 22
20138 18
20139 36
20140 10
20141 24
20142 36
20143 23
20144 11
20145 30
20146 28
20147 18
20148 30
20149 15
20150 25
20151 33
20152 29
20153 26
20154 33
20155 17
20156 23
20157 29
20158 16
20159 24
20160 21
20161 16
20162 10
20163 24
20164 11
20165 24
20166 31
20167 16
20168 18
20169 35
20170 19
20171 29
20172 36
20173 25
20174 27
20175 26
20176 26
20177 21
20178 33
20179 28
20180 26
20181 18
20182 19
20183 25
20184 37
20185 15
20186 15
20187 33
20188 24
20189 19
20190 36
20191 34
20192 13
20193 51
20194 15
20195 19
20196 45
20197 29
20198 29
20199 42
20200 22
20201 16
20202 29
20203 22
20204 33
20205 28
20206 26
20207 22
20208 45
20209 15
20210 17
20211 41
20212 22
20213 21
20214 39
20215 24
20216 13
20217 39
20218 27
20219 27
20220 27
20221 18
20222 22
20223 35
20224 26
20225 21
20226 27
20227 22
20228 28
20229 35
20230 14
20231 27
20232 34
20233 31
20234 22
20235 27
20236 22
20237 25
20238 39
20239 31
20240 9
20241 32
20242 24
20243 17
20244 37
20245 16
20246 24
20247 35
20248 21
20249 30
20250 26
20251 38
20252 36
20253 50
20254 24
20255 22
20256 35
20257 25
20258 22
20259 44
20260 18
20261 16
20262 49
20263 21
20264 16
20265 30
20266 26
20267 17
20268 41
20269 21
20270 26
20271 40
20272 20
20273 32
20274 31
20275 23
20276 27
20277 46
20278 18
20279 26
20280 26
20281 10
20282 13
20283 23
20284 16
20285 22
20286 38
20287 24
20288 26
20289 31
20290 22
20291 27
20292 40
20293 29
20294 34
20295 30
20296 37
20297 23
20298 37
20299 24
20300 23
20301 21
20302 16
20303 21
20304 32
20305 12
20306 17
20307 29
20308 20
20309 19
20310 35
20311 33
20312 24
20313 37
20314 32
20315 20
20316 36
20317 35
20318 29
20319 35
20320 22
20321 20
20322 26
20323 19
20324 21
20325 20
20326 16
20327 20
20328 31
20329 9
20330 11
20331 45
20332 24
20333 28
20334 47
20335 15
20336 19
20337 35
20338 26
20339 32
20340 31
20341 22
20342 31
20343 27
20344 28
20345 23
20346 34
20347 30
20348 26
20349 33
20350 18
20351 32
20352 28
20353 26
20354 20
20355 43
20356 16
20357 27
20358 35
20359 33
20360 12
20361 31
20362 26
20363 17
20364 33
20365 17
20366 33
20367 30
20368 36
20369 21
20370 30
20371 33
20372 32
20373 55
20374 18
20375 20
20376 36
20377 26
20378 10
20379 44
20380 13
20381 20
20382 27
20383 15
20384 13
20385 26
20386 23
20387 20
20388 35
20389 14
20390 24
20391 22
20392 30
20393 29
20394 32
20395 26
20396 26
20397 35
20398 14
20399 29
20400 23
20401 9
20402 9
20403 27
20404 19
20405 18
20406 34
20407 16
20408 18
20409 26
20410 22
20411 22
20412 45
20413 26
20414 35
20415 25
20416 33
20417 25
20418 33
20419 24
20420 30
20421 29
20422 18
20423 28
20424 34
20425 18
20426 21
20427 32
20428 21
20429 17
20430 29
20431 32
20432 11
20433 42
20434 32
20435 13
20436 44
20437 25
20438 46
20439 28
20440 15
20441 25
20442 37
20443 11
20444 29
20445 30
20446 18
20447 22
20448 33
20449 22
20450 20
20451 49
20452 17
20453 34
20454 37
20455 21
20456 20
20457 41
20458 26
20459 32
20460 29
20461 18
20462 43
20463 25
20464 28
20465 17
20466 32
20467 23
20468 33
20469 31
20470 13
20471 20
20472 33
20473 27
20474 17
20475 28
20476 25
20477 36
20478 33
20479 28
20480 16
20481 31
20482 29
20483 20
20484 43
20485 20
20486 29
20487 28
20488 25
20489 19
20490 30
20491 28
20492 35
20493 48
20494 20
20495 21
20496 33
20497 20
20498 15
20499 31
20500 11
20501 17
20502 49
20503 24
20504 27
20505 27
20506 33
20507 15
20508 45
20509 18
20510 26
20511 43
20512 24
20513 33
20514 31
20515 21
20516 36
20517 38
20518 22
20519 30
20520 29
20521 10
20522 18
20523 31
20524 14
20525 12
20526 47
20527 23
20528 23
20529 32
20530 23
20531 37
20532 37
20533 27
20534 31
20535 35
20536 33
20537 35
20538 37
20539 28
20540 26
20541 32
20542 14
20543 14
20544 31
20545 16
20546 12
20547 24
20548 17
20549 16
20550 30
20551 36
20552 15
20553 47
20554 21
20555 22
20556 35
20557 30
20558 33
20559 48
20560 19
20561 20
20562 33
20563 21
20564 27
20565 28
20566 24
20567 23
20568 34
20569 16
20570 16
20571 36
20572 14
20573 22
20574 36
20575 23
20576 20
20577 39
20578 27
20579 22
20580 28
20581 19
20582 35
20583 24
20584 30
20585 21
20586 35
20587 15
20588 29
20589 37
20590 17
20591 24
20592 32
20593 33
20594 14
20595 25
20596 22
20597 25
20598 33
20599 25
20600 14
20601 26
20602 21
20603 12
20604 28
20605 9
20606 24
20607 33
20608 19
20609 33
20610 25
20611 34
20612 35
20613 49
20614 14
20615 28
20616 37
20617 17
20618 15
20619 48
20620 17
20621 17
20622 30
20623 23
20624 22
20625 24
20626 35
20627 21
20628 39
20629 18
20630 27
20631 47
20632 29
20633 35
20634 31
20635 20
20636 39
20637 42
20638 22
20639 28
20640 23
20641 16
20642 14
20643 30
20644 20
20645 24
20646 47
20647 27
20648 10
20649 29
20650 33
20651 37
20652 49
20653 25
20654 32
20655 31
20656 28
20657 23
20658 38
20659 30
20660 22
20661 26
20662 14
20663 11
20664 27
20665 22
20666 17
20667 21
20668 19
20669 26
20670 38
20671 23
20672 12
20673 39
20674 27
20675 17
20676 36
20677 20
20678 38
20679 38
20680 18
20681 16
20682 23
20683 16
20684 31
20685 31
20686 10
20687 21
20688 32
20689 15
20690 9
20691 50
20692 30
20693 35
20694 34
20695 20
20696 21
20697 37
20698 30
20699 27
20700 36
20701 13
20702 33
20703 18
20704 30
20705 14
20706 36
20707 14
20708 24
20709 35
20710 14
20711 38
20712 27
20713 33
20714 11
20715 30
20716 18
20717 27
20718 40
20719 29
20720 13
20721 24
20722 20
20723 21
20724 48
20725 16
20726 23
20727 29
20728 23
20729 19
20730 31
20731 36
20732 24
20733 52
20734 8
20735 25
20736 37
20737 25
20738 17
20739 36
20740 11
20741 15
20742 41
20743 17
20744 28
20745 20
20746 32
20747 24
20748 47
20749 14
20750 37
20751 45
20752 26
20753 32
20754 40
20755 20
20756 28
20757 44
20758 19
20759 26
20760 16
20761 14
20762 19
20763 30
20764 14
20765 24
20766 33
20767 18
20768 26
20769 35
20770 22
20771 36
20772 40
20773 27
20774 35
20775 31
20776 27
20777 28
20778 29
20779 28
20780 17
20781 26
20782 16
20783 16
20784 25
20785 16
20786 15
20787 25
20788 16
20789 30
20790 23
20791 34
20792 24
20793 56
20794 19
20795 20
20796 33
20797 21
20798 30
20799 35
20800 20
20801 23
20802 33
20803 12
20804 36
20805 19
20806 21
20807 19
20808 42
20809 19
20810 14
20811 43
20812 23
20813 34
20814 36
20815 18
20816 23
20817 52
20818 33
20819 33
20820 27
20821 16
20822 29
20823 28
20824 30
20825 14
20826 39
20827 23
20828 42
20829 16
20830 16
20831 32
20832 34
20833 27
20834 20
20835 26
20836 21
20837 22
20838 35
20839 29
20840 20
20841 39
20842 34
20843 20
20844 36
20845 17
20846 24
20847 33
20848 31
20849 22
20850 23
20851 31
20852 32
20853 46
20854 38
20855 16
20856 38
20857 27
20858 21
20859 35
20860 18
20861 17
20862 37
20863 18
20864 13
20865 25
20866 30
20867 24
20868 49
20869 10
20870 28
20871 46
20872 24
20873 32
20874 33
20875 22
20876 33
20877 43
20878 22
20879 24
20880 29
20881 14
20882 22
20883 23
20884 18
20885 15
20886 44
20887 17
20888 14
20889 32
20890 25
20891 24
20892 42
20893 30
20894 30
20895 35
20896 27
20897 30
20898 26
20899 28
20900 32
20901 30
20902 12
20903 16
20904 32
20905 12
20906 21
20907 29
20908 26
20909 24
20910 30
20911 40
20912 20
20913 41
20914 21
20915 15
20916 35
20917 19
20918 31
20919 36
20920 17
20921 18
20922 31
20923 21
20924 19
20925 33
20926 22
20927 19
20928 33
20929 14
20930 8
20931 48
20932 14
20933 38
20934 48
20935 14
20936 23
20937 44
20938 31
20939 22
20940 25
20941 16
20942 32
20943 30
20944 27
20945 21
20946 21
20947 22
20948 18
20949 31
20950 10
20951 31
20952 27
20953 18
20954 18
20955 32
20956 17
20957 22
20958 41
20959 23
20960 19
20961 25
20962 35
20963 15
20964 36
20965 17
20966 39
20967 31
20968 22
20969 20
20970 23
20971 29
20972 20
20973 43
20974 16
20975 24
20976 24
20977 24
20978 21
20979 42
20980 23
20981 20
20982 41
20983 18
20984 27
20985 23
20986 29
20987 28
20988 33
20989 23
20990 26
20991 35
20992 22
20993 33
20994 28
20995 20
20996 23
20997 45
20998 16
20999 24
21000 26
21001 16
21002 15
21003 27
21004 21
21005 17
21006 42
21007 17
21008 29
21009 26
21010 27
21011 22
21012 37
21013 28
21014 25
21015 29
21016 35
21017 24
21018 30
21019 31
21020 25
21021 24
21022 19
21023 21
21024 31
21025 14
21026 12
21027 27
21028 22
21029 24
21030 39
21031 27
21032 22
21033 53
21034 26
21035 25
21036 48
21037 24
21038 32
21039 35
21040 24
21041 20
21042 43
21043 28
21044 34
21045 31
21046 11
21047 22
21048 35
21049 20
21050 7
21051 38
21052 20
21053 30
21054 37
21055 22
21056 16
21057 44
21058 29
21059 21
21060 32
21061 21
21062 47
21063 26
21064 19
21065 21
21066 37
21067 25
21068 32
21069 31
21070 17
21071 28
21072 23
21073 30
21074 18
21075 32
21076 22
21077 24
21078 41
21079 35
21080 10
21081 35
21082 27
21083 21
21084 38
21085 12
21086 38
21087 34
21088 26
21089 21
21090 25
21091 20
21092 26
21093 42
21094 16
21095 20
21096 28
21097 23
21098 16
21099 45
21100 14
21101 26
21102 36
21103 21
21104 21
21105 32
21106 25
21107 27
21108 39
21109 15
21110 30
21111 46
21112 22
21113 34
21114 27
21115 16
21116 28
21117 35
21118 18
21119 22
21120 30
21121 13
21122 13
21123 28
21124 20
21125 22
21126 39
21127 22
21128 23
21129 36
21130 24
21131 31
21132 34
21133 32
21134 32
21135 32
21136 32
21137 25
21138 32
21139 29
21140 34
21141 19
21142 17
21143 18
21144 32
21145 8
21146 20
21147 31
21148 17
21149 26
21150 28
21151 44
21152 19
21153 62
21154 26
21155 26
21156 34
21157 29
21158 33
21159 45
21160 21
21161 12
21162 33
21163 14
21164 35
21165 27
21166 18
21167 18
21168 35
21169 15
21170 9
21171 35
21172 20
21173 28
21174 32
21175 18
21176 22
21177 47
21178 37
21179 33
21180 31
21181 23
21182 21
21183 26
21184 29
21185 19
21186 34
21187 24
21188 25
21189 19
21190 16
21191 26
21192 36
21193 15
21194 15
21195 21
21196 21
21197 28
21198 44
21199 21
21200 7
21201 26
21202 33
21203 18
21204 44
21205 20
21206 36
21207 33
21208 29
21209 24
21210 25
21211 39
21212 30
21213 35
21214 17
21215 17
21216 27
21217 21
21218 15
21219 35
21220 11
21221 19
21222 34
21223 19
21224 15
21225 27
21226 31
21227 14
21228 36
21229 16
21230 29
21231 52
21232 22
21233 34
21234 28
21235 17
21236 29
21237 37
21238 14
21239 25
21240 23
21241 17
21242 9
21243 29
21244 22
21245 19
21246 37
21247 20
21248 21
21249 29
21250 22
21251 38
21252 55
21253 28
21254 34
21255 27
21256 39
21257 30
21258 31
21259 33
21260 29
21261 28
21262 15
21263 22
21264 38
21265 13
21266 11
21267 35
21268 10
21269 25
21270 35
21271 28
21272 21
21273 41
21274 24
21275 20
21276 45
21277 25
21278 43
21279 40
21280 14
21281 22
21282 37
21283 19
21284 34
21285 37
21286 28
21287 22
21288 31
21289 21
21290 12
21291 31
21292 17
21293 26
21294 37
21295 20
21296 19
21297 38
21298 27
21299 20
21300 33
21301 15
21302 29
21303 27
21304 33
21305 20
21306 24
21307 16
21308 27
21309 35
21310 11
21311 25
21312 31
21313 27
21314 12
21315 24
21316 21
21317 31
21318 44
21319 20
21320 14
21321 29
21322 32
21323 17
21324 39
21325 13
21326 27
21327 25
21328 28
21329 20
21330 23
21331 38
21332 21
21333 43
21334 11
21335 20
21336 31
21337 21
21338 14
21339 41
21340 20
21341 23
21342 39
21343 16
21344 19
21345 28
21346 29
21347 23
21348 45
21349 11
21350 25
21351 42
21352 33
21353 34
21354 44
21355 13
21356 32
21357 37
21358 14
21359 34
21360 30
21361 9
21362 13
21363 29
21364 17
21365 21
21366 39
21367 26
21368 21
21369 35
21370 17
21371 31
21372 42
21373 32
21374 43
21375 32
21376 34
21377 23
21378 47
21379 28
21380 26
21381 27
21382 9
21383 17
21384 39
21385 17
21386 21
21387 27
21388 16
21389 21
21390 28
21391 32
21392 20
21393 59
21394 24
21395 26
21396 33
21397 23
21398 38
21399 40
21400 19
21401 18
21402 40
21403 22
21404 28
21405 31
21406 24
21407 20
21408 32
21409 20
21410 13
21411 39
21412 19
21413 28
21414 40
21415 19
21416 15
21417 38
21418 37
21419 22
21420 33
21421 21
21422 30
21423 23
21424 20
21425 19
21426 30
21427 15
21428 38
21429 25
21430 11
21431 28
21432 32
21433 26
21434 19
21435 25
21436 12
21437 34
21438 37
21439 29
21440 16
21441 28
21442 23
21443 23
21444 37
21445 22
21446 32
21447 36
21448 23
21449 14
21450 24
21451 49
21452 37
21453 45
21454 15
21455 19
21456 25
21457 24
21458 8
21459 45
21460 16
21461 21
21462 31
21463 19
21464 25
21465 39
21466 31
21467 15
21468 45
21469 19
21470 26
21471 42
21472 31
21473 22
21474 32
21475 27
21476 30
21477 48
21478 23
21479 24
21480 20
21481 15
21482 13
21483 30
21484 23
21485 13
21486 43
21487 19
21488 29
21489 28
21490 25
21491 27
21492 39
21493 32
21494 38
21495 33
21496 17
21497 24
21498 40
21499 26
21500 18
21501 25
21502 19
21503 17
21504 21
21505 13
21506 22
21507 21
21508 23
21509 18
21510 28
21511 24
21512 29
21513 38
21514 26
21515 21
21516 35
21517 19
21518 28
21519 42
21520 23
21521 24
21522 27
21523 23
21524 16
21525 25
21526 19
21527 22
21528 29
21529 17
21530 18
21531 44
21532 21
21533 35
21534 38
21535 22
21536 11
21537 38
21538 38
21539 24
21540 30
21541 18
21542 31
21543 35
21544 26
21545 24
21546 32
21547 27
21548 23
21549 36
21550 9
21551 31
21552 31
21553 19
21554 21
21555 28
21556 22
21557 27
21558 47
21559 26
21560 19
21561 29
21562 32
21563 17
21564 41
21565 18
21566 28
21567 33
21568 26
21569 31
21570 25
21571 33
21572 20
21573 40
21574 12
21575 21
21576 31
21577 16
21578 10
21579 32
21580 18
21581 16
21582 47
21583 16
21584 24
21585 25
21586 30
21587 16
21588 42
21589 19
21590 31
21591 28
21592 25
21593 31
21594 34
21595 19
21596 22
21597 36
21598 11
21599 24
21600 20
21601 17
21602 20
21603 30
21604 16
21605 16
21606 35
21607 25
21608 28
21609 31
21610 19
21611 34
21612 38
21613 27
21614 30
21615 32
21616 22
21617 22
21618 33
21619 30
21620 26
21621 29
21622 18
21623 24
21624 27
21625 15
21626 20
21627 33
21628 15
21629 25
21630 28
21631 28
21632 11
21633 52
21634 23
21635 28
21636 41
21637 31
21638 36
21639 43
21640 26
21641 15
21642 36
21643 17
21644 28
21645 29
21646 22
21647 19
21648 33
21649 23
21650 13
21651 43
21652 14
21653 43
21654 38
21655 18
21656 22
21657 43
21658 34
21659 31
21660 47
21661 12
21662 40
21663 21
21664 36
21665 14
21666 39
21667 19
21668 31
21669 28
21670 14
21671 27
21672 21
21673 27
21674 12
21675 21
21676 18
21677 39
21678 42
21679 20
21680 22
21681 35
21682 33
21683 16
21684 47
21685 21
21686 35
21687 31
21688 33
21689 19
21690 23
21691 29
21692 32
21693 45
21694 20
21695 22
21696 28
21697 25
21698 8
21699 31
21700 22
21701 16
21702 38
21703 25
21704 20
21705 32
21706 26
21707 29
21708 43
21709 18
21710 24
21711 49
21712 25
21713 27
21714 31
21715 23
21716 27
21717 31
21718 24
21719 25
21720 27
21721 15
21722 16
21723 27
21724 18
21725 20
21726 32
21727 24
21728 16
21729 32
21730 20
21731 39
21732 39
21733 26
21734 36
21735 28
21736 38
21737 33
21738 32
21739 23
21740 21
21741 26
21742 14
21743 18
21744 32
21745 18
21746 13
21747 28
21748 17
21749 20
21750 32
21751 34
21752 11
21753 42
21754 19
21755 23
21756 42
21757 20
21758 43
21759 47
21760 21
21761 19
21762 35
21763 18
21764 39
21765 21
21766 22
21767 16
21768 35
21769 16
21770 15
21771 37
21772 16
21773 31
21774 31
21775 15
21776 18
21777 50
21778 23
21779 26
21780 29
21781 14
21782 34
21783 25
21784 24
21785 19
21786 34
21787 16
21788 36
21789 29
21790 17
21791 28
21792 34
21793 18
21794 16
21795 28
21796 22
21797 30
21798 39
21799 22
21800 21
21801 26
21802 41
21803 20
21804 44
21805 19
21806 31
21807 22
21808 29
21809 14
21810 26
21811 39
21812 31
21813 47
21814 15
21815 21
21816 39
21817 25
21818 11
21819 33
21820 10
21821 14
21822 41
21823 20
21824 19
21825 25
21826 26
21827 25
21828 41
21829 23
21830 23
21831 52
21832 21
21833 31
21834 25
21835 24
21836 31
21837 40
21838 14
21839 28
21840 24
21841 14
21842 17
21843 19
21844 13
21845 17
21846 37
21847 17
21848 13
21849 34
21850 18
21851 29
21852 29
21853 32
21854 29
21855 35
21856 29
21857 37
21858 25
21859 30
21860 22
21861 30
21862 22
21863 14
21864 34
21865 16
21866 21
21867 27
21868 18
21869 23
21870 27
21871 29
21872 14
21873 42
21874 23
21875 17
21876 40
21877 15
21878 27
21879 54
21880 27
21881 29
21882 29
21883 20
21884 30
21885 22
21886 23
21887 21
21888 30
21889 17
21890 8
21891 44
21892 21
21893 31
21894 42
21895 19
21896 16
21897 26
21898 27
21899 21
21900 35
21901 12
21902 31
21903 24
21904 28
21905 26
21906 36
21907 28
21908 29
21909 37
21910 15
21911 36
21912 40
21913 35
21914 16
21915 29
21916 20
21917 22
21918 48
21919 29
21920 22
21921 28
21922 27
21923 18
21924 42
21925 16
21926 32
21927 29
21928 27
21929 18
21930 29
21931 31
21932 35
21933 53
21934 27
21935 23
21936 35
21937 32
21938 15
21939 42
21940 13
21941 22
21942 32
21943 19
21944 16
21945 29
21946 34
21947 24
21948 38
21949 10
21950 26
21951 39
21952 27
21953 30
21954 36
21955 12
21956 32
21957 45
21958 13
21959 33
21960 24
21961 22
21962 14
21963 23
21964 17
21965 22
21966 27
21967 21
21968 18
21969 25
21970 17
21971 25
21972 42
21973 26
21974 45
21975 23
21976 28
21977 25
21978 43
21979 38
21980 30
21981 31
21982 7
21983 17
21984 37
21985 16
21986 24
21987 36
21988 23
21989 24
21990 25
21991 29
21992 20
21993 47
21994 22
21995 18
21996 34
21997 18
21998 47
21999 25
22000 26
22001 13
22002 38
22003 15
22004 35
22005 26
22006 16
22007 22
22008 28
22009 8
22010 12
22011 52
22012 18
22013 35
22014 25
22015 24
22016 15
22017 42
22018 29
22019 26
22020 31
22021 11
22022 37
22023 35
22024 25
22025 14
22026 36
22027 24
22028 28
22029 29
22030 11
22031 27
22032 29
22033 27
22034 15
22035 31
22036 16
22037 34
22038 42
22039 27
22040 13
22041 27
22042 29
22043 24
22044 35
22045 16
22046 29
22047 26
22048 21
22049 14
22050 32
22051 32
22052 32
22053 56
22054 26
22055 18
22056 42
22057 27
22058 20
22059 46
22060 17
22061 16
22062 35
22063 22
22064 14
22065 33
22066 28
22067 19
22068 28
22069 20
22070 23
22071 46
22072 22
22073 37
22074 31
22075 21
22076 35
22077 51
22078 19
22079 33
22080 25
22081 19
22082 20
22083 21
22084 17
22085 15
22086 40
22087 15
22088 25
22089 39
22090 18
22091 17
22092 29
22093 26
22094 29
22095 34
22096 23
22097 30
22098 33
22099 25
22100 24
22101 26
22102 22
22103 15
22104 43
22105 14
22106 24
22107 30
22108 27
22109 18
22110 40
22111 28
22112 20
22113 41
22114 26
22115 22
22116 24
22117 18
22118 35
22119 39
22120 17
22121 22
22122 29
22123 18
22124 21
22125 24
22126 25
22127 15
22128 40
22129 11
22130 8
22131 44
22132 32
22133 24
22134 44
22135 22
22136 23
22137 47
22138 23
22139 20
22140 27
22141 16
22142 24
22143 39
22144 24
22145 13
22146 29
22147 15
22148 25
22149 30
22150 21
22151 30
22152 37
22153 32
22154 19
22155 25
22156 20
22157 24
22158 43
22159 26
22160 10
22161 26
22162 27
22163 19
22164 33
22165 12
22166 27
22167 26
22168 21
22169 21
22170 28
22171 26
22172 25
22173 42
22174 21
22175 17
22176 29
22177 26
22178 15
22179 39
22180 18
22181 20
22182 45
22183 14
22184 22
22185 25
22186 42
22187 25
22188 50
22189 22
22190 30
22191 44
22192 27
22193 38
22194 31
22195 29
22196 27
22197 31
22198 8
22199 25
22200 27
22201 15
22202 16
22203 29
22204 25
22205 16
22206 48
22207 19
22208 26
22209 36
22210 22
22211 28
22212 49
22213 36
22214 36
22215 31
22216 23
22217 31
22218 30
22219 27
22220 29
22221 33
22222 15
22223 22
22224 27
22225 16
22226 15
22227 30
22228 20
22229 24
22230 33
22231 43
22232 20
22233 41
22234 32
22235 20
22236 43
22237 24
22238 32
22239 38
22240 21
22241 20
22242 30
22243 26
22244 26
22245 28
22246 12
22247 20
22248 24
22249 17
22250 16
22251 43
22252 18
22253 30
22254 32
22255 14
22256 25
22257 33
22258 31
22259 30
22260 41
22261 15
22262 37
22263 25
22264 27
22265 25
22266 40
22267 31
22268 25
22269 39
22270 12
22271 37
22272 20
22273 21
22274 19
22275 31
22276 22
22277 34
22278 36
22279 19
22280 18
22281 20
22282 28
22283 18
22284 44
22285 14
22286 39
22287 37
22288 30
22289 28
22290 26
22291 36
22292 26
22293 50
22294 21
22295 22
22296 25
22297 22
22298 15
22299 33
22300 14
22301 19
22302 37
22303 20
22304 13
22305 32
22306 31
22307 16
22308 46
22309 20
22310 30
22311 48
22312 36
22313 32
22314 34
22315 24
22316 36
22317 35
22318 16
22319 30
22320 24
22321 18
22322 12
22323 31
22324 17
22325 20
22326 29
22327 24
22328 21
22329 29
22330 22
22331 37
22332 37
22333 22
22334 25
22335 31
22336 28
22337 25
22338 34
22339 27
22340 24
22341 26
22342 21
22343 18
22344 35
22345 13
22346 16
22347 33
22348 29
22349 31
22350 35
22351 35
22352 19
22353 51
22354 23
22355 30
22356 41
22357 18
22358 29
22359 37
22360 17
22361 16
22362 35
22363 18
22364 34
22365 28
22366 33
22367 18
22368 45
22369 13
22370 15
22371 35
22372 19
22373 27
22374 40
22375 20
22376 13
22377 41
22378 24
22379 38
22380 28
22381 16
22382 26
22383 28
22384 26
22385 18
22386 36
22387 22
22388 38
22389 27
22390 13
22391 36
22392 40
22393 23
22394 21
22395 21
22396 18
22397 21
22398 30
22399 30
22400 9
22401 33
22402 21
22403 21
22404 35
22405 20
22406 26
22407 37
22408 29
22409 22
22410 24
22411 34
22412 36
22413 41
22414 18
22415 17
22416 36
22417 22
22418 15
22419 31
22420 24
22421 17
22422 44
22423 15
22424 18
22425 28
22426 33
22427 24
22428 45
22429 25
22430 24
22431 35
22432 21
22433 36
22434 30
22435 14
22436 32
22437 43
22438 19
22439 24
22440 29
22441 15
22442 15
22443 32
22444 11
22445 24
22446 38
22447 21
22448 18
22449 28
22450 19
22451 31
22452 38
22453 24
22454 25
22455 28
22456 24
22457 20
22458 27
22459 29
22460 26
22461 27
22462 15
22463 22
22464 33
22465 20
22466 17
22467 27
22468 13
22469 21
22470 26
22471 41
22472 19
22473 57
22474 29
22475 22
22476 40
22477 27
22478 39
22479 56
22480 22
22481 21
22482 32
22483 19
22484 33
22485 30
22486 26
22487 18
22488 29
22489 12
22490 15
22491 44
22492 19
22493 30
22494 46
22495 12
22496 23
22497 34
22498 34
22499 28
22500 37
22501 19
22502 34
22503 20
22504 34
22505 20
22506 36
22507 18
22508 23
22509 30
22510 20
22511 30
22512 30
22513 24
22514 21
22515 25
22516 15
22517 23
22518 50
22519 28
22520 20
22521 24
22522 28
22523 17
22524 40
22525 17
22526 32
22527 25
22528 37
22529 26
22530 29
22531 32
22532 37
22533 56
22534 18
22535 24
22536 32
22537 33
22538 10
22539 47
22540 14
22541 18
22542 35
22543 26
22544 17
22545 23
22546 24
22547 15
22548 36
22549 12
22550 26
22551 44
22552 22
22553 40
22554 35
22555 26
22556 35
22557 52
22558 13
22559 37
22560 18
22561 23
22562 17
22563 31
22564 10
22565 18
22566 33
22567 17
22568 18
22569 29
22570 18
22571 23
22572 44
22573 20
22574 35
22575 27
22576 38
22577 26
22578 38
22579 24
22580 20
22581 33
22582 16
22583 26
22584 38
22585 16
22586 20
22587 32
22588 19
22589 20
22590 27
22591 40
22592 10
22593 40
22594 29
22595 21
22596 51
22597 17
22598 51
22599 31
22600 22
22601 15
22602 38
22603 12
22604 42
22605 29
22606 26
22607 30
22608 39
22609 22
22610 18
22611 49
22612 17
22613 29
22614 38
22615 24
22616 16
22617 36
22618 29
22619 18
22620 28
22621 15
22622 42
22623 23
22624 21
22625 19
22626 33
22627 25
22628 40
22629 29
22630 10
22631 30
22632 33
22633 26
22634 21
22635 38
22636 18
22637 31
22638 33
22639 29
22640 12
22641 30
22642 25
22643 25
22644 34
22645 17
22646 33
22647 29
22648 28
22649 16
22650 26
22651 29
22652 33
22653 47
22654 18
22655 16
22656 32
22657 20
22658 9
22659 50
22660 11
22661 25
22662 31
22663 20
22664 11
22665 21
22666 21
22667 26
22668 36
22669 14
22670 25
22671 34
22672 26
22673 23
22674 35
22675 18
22676 39
22677 43
22678 17
22679 20
22680 22
22681 16
22682 21
22683 26
22684 10
22685 21
22686 43
22687 22
22688 16
22689 25
22690 24
22691 31
22692 30
22693 27
22694 29
22695 36
22696 33
22697 25
22698 39
22699 27
22700 34
22701 26
22702 19
22703 14
22704 39
22705 14
22706 27
22707 38
22708 21
22709 24
22710 28
22711 30
22712 17
22713 58
22714 23
22715 29
22716 35
22717 26
22718 37
22719 40
22720 22
22721 19
22722 37
22723 13
22724 40
22725 26
22726 30
22727 25
22728 38
22729 17
22730 18
22731 45
22732 13
22733 30
22734 41
22735 19
22736 24
22737 41
22738 33
22739 20
22740 26
22741 12
22742 35
22743 20
22744 27
22745 20
22746 32
22747 15
22748 32
22749 28
22750 16
22751 33
22752 37
22753 37
22754 14
22755 32
22756 22
22757 19
22758 45
22759 32
22760 14
22761 24
22762 37
22763 27
22764 32
22765 13
22766 27
22767 34
22768 24
22769 27
22770 28
22771 35
22772 31
22773 50
22774 16
22775 21
22776 28
22777 28
22778 16
22779 42
22780 14
22781 13
22782 32
22783 15
22784 16
22785 26
22786 25
22787 19
22788 33
22789 13
22790 23
22791 45
22792 20
22793 42
22794 22
22795 22
22796 24
22797 46
22798 17
22799 30
22800 23
22801 15
22802 11
22803 33
22804 19
22805 18
22806 39
22807 26
22808 21
22809 33
22810 28
22811 31
22812 53
22813 25
22814 37
22815 26
22816 34
22817 31
22818 33
22819 24
22820 24
22821 28
22822 12
22823 21
22824 32
22825 21
22826 19
22827 27
22828 25
22829 29
22830 42
22831 30
22832 15
22833 47
22834 36
22835 19
22836 49
22837 34
22838 35
22839 36
22840 23
22841 18
22842 28
22843 24
22844 23
22845 23
22846 13
22847 26
22848 31
22849 21
22850 13
22851 48
22852 28
22853 33
22854 46
22855 22
22856 26
22857 32
22858 39
22859 22
22860 37
22861 13
22862 30
22863 34
22864 24
22865 18
22866 28
22867 16
22868 22
22869 42
22870 13
22871 32
22872 29
22873 26
22874 12
22875 29
22876 25
22877 31
22878 51
22879 28
22880 19
22881 30
22882 26
22883 18
22884 47
22885 12
22886 27
22887 34
22888 25
22889 24
22890 24
22891 35
22892 23
22893 54
22894 11
22895 18
22896 24
22897 22
22898 14
22899 32
22900 14
22901 18
22902 42
22903 19
22904 15
22905 24
22906 26
22907 18
22908 44
22909 14
22910 31
22911 34
22912 28
22913 25
22914 39
22915 27
22916 35
22917 46
22918 15
22919 23
22920 34
22921 12
22922 14
22923 27
22924 26
22925 21
22926 41
22927 21
22928 25
22929 30
22930 23
22931 30
22932 49
22933 32
22934 44
22935 30
22936 41
22937 23
22938 39
22939 22
22940 35
22941 26
22942 15
22943 16
22944 24
22945 13
22946 17
22947 41
22948 16
22949 31
22950 34
22951 38
22952 24
22953 51
22954 26
22955 29
22956 39
22957 25
22958 36
22959 45
22960 18
22961 15
22962 33
22963 18
22964 27
22965 22
22966 17
22967 22
22968 33
22969 22
22970 14
22971 56
22972 19
22973 47
22974 24
22975 18
22976 19
22977 48
22978 29
22979 41
22980 33
22981 13
22982 31
22983 19
22984 33
22985 13
22986 34
22987 23
22988 33
22989 25
22990 18
22991 31
22992 30
22993 37
22994 9
22995 29
22996 20
22997 29
22998 33
22999 34
23000 13
23001 41
23002 33
23003 21
23004 37
23005 23
23006 28
23007 32
23008 27
23009 17
23010 27
23011 37
23012 37
23013 39
23014 28
23015 17
23016 30
23017 28
23018 21
23019 29
23020 16
23021 16
23022 29
23023 22
23024 15
23025 39
23026 23
23027 30
23028 39
23029 17
23030 19
23031 51
23032 26
23033 27
23034 37
23035 14
23036 26
23037 37
23038 12
23039 21
23040 31
23041 14
23042 17
23043 23
23044 19
23045 21
23046 39
23047 18
23048 19
23049 36
23050 32
23051 38
23052 48
23053 26
23054 28
23055 30
23056 34
23057 28
23058 41
23059 18
23060 22
23061 21
23062 12
23063 16
23064 35
23065 18
23066 20
23067 30
23068 34
23069 18
23070 46
23071 35
23072 16
23073 36
23074 24
23075 21
23076 41
23077 25
23078 40
23079 41
23080 15
23081 21
23082 33
23083 18
23084 35
23085 26
23086 17
23087 22
23088 32
23089 19
23090 13
23091 36
23092 16
23093 31
23094 43
23095 12
23096 27
23097 36
23098 26
23099 20
23100 37
23101 16
23102 33
23103 24
23104 26
23105 18
23106 28
23107 24
23108 30
23109 38
23110 11
23111 31
23112 39
23113 22
23114 22
23115 30
23116 14
23117 22
23118 42
23119 21
23120 16
23121 24
23122 35
23123 24
23124 37
23125 18
23126 30
23127 36
23128 28
23129 29
23130 28
23131 31
23132 27
23133 53
23134 29
23135 27
23136 38
23137 16
23138 18
23139 34
23140 18
23141 23
23142 45
23143 23
23144 20
23145 28
23146 30
23147 19
23148 43
23149 22
23150 28
23151 47
23152 27
23153 39
23154 34
23155 25
23156 28
23157 38
23158 16
23159 29
23160 19
23161 16
23162 17
23163 31
23164 13
23165 19
23166 43
23167 32
23168 33
23169 38
23170 27
23171 24
23172 34
23173 29
23174 28
23175 30
23176 30
23177 30
23178 33
23179 22
23180 21
23181 31
23182 10
23183 14
23184 28
23185 16
23186 15
23187 30
23188 19
23189 23
23190 32
23191 33
23192 24
23193 59
23194 25
23195 19
23196 41
23197 20
23198 26
23199 49
23200 21
23201 17
23202 35
23203 20
23204 34
23205 27
23206 32
23207 28
23208 38
23209 13
23210 16
23211 46
23212 20
23213 37
23214 43
23215 18
23216 17
23217 47
23218 25
23219 24
23220 35
23221 12
23222 36
23223 23
23224 32
23225 14
23226 44
23227 18
23228 32
23229 35
23230 16
23231 34
23232 33
23233 42
23234 23
23235 32
23236 21
23237 23
23238 33
23239 33
23240 9
23241 33
23242 25
23243 15
23244 36
23245 11
23246 40
23247 26
23248 26
23249 17
23250 28
23251 29
23252 31
23253 48
23254 19
23255 25
23256 31
23257 29
23258 24
23259 55
23260 14
23261 24
23262 39
23263 24
23264 13
23265 36
23266 27
23267 20
23268 38
23269 11
23270 28
23271 36
23272 19
23273 23
23274 28
23275 17
23276 35
23277 40
23278 14
23279 30
23280 21
23281 19
23282 16
23283 26
23284 20
23285 29
23286 38
23287 19
23288 19
23289 28
23290 27
23291 36
23292 35
23293 27
23294 29
23295 27
23296 29
23297 24
23298 35
23299 28
23300 31
23301 27
23302 16
23303 18
23304 40
23305 17
23306 14
23307 34
23308 21
23309 21
23310 31
23311 44
23312 19
23313 44
23314 26
23315 20
23316 28
23317 34
23318 41
23319 39
23320 20
23321 13
23322 25
23323 18
23324 50
23325 26
23326 20
23327 13
23328 39
23329 15
23330 16
23331 45
23332 19
23333 26
23334 41
23335 25
23336 20
23337 51
23338 32
23339 29
23340 26
23341 24
23342 32
23343 31
23344 21
23345 14
23346 27
23347 23
23348 28
23349 32
23350 14
23351 28
23352 30
23353 27
23354 20
23355 31
23356 26
23357 25
23358 44
23359 25
23360 7
23361 24
23362 33
23363 19
23364 35
23365 25
23366 20
23367 29
23368 31
23369 31
23370 28
23371 30
23372 33
23373 38
23374 19
23375 23
23376 40
23377 21
23378 16
23379 46
23380 12
23381 24
23382 45
23383 15
23384 20
23385 30
23386 38
23387 24
23388 41
23389 14
23390 23
23391 42
23392 20
23393 39
23394 28
23395 19
23396 24
23397 41
23398 16
23399 24
23400 25
23401 17
23402 18
23403 27
23404 21
23405 20
23406 44
23407 13
23408 27
23409 35
23410 30
23411 28
23412 44
23413 20
23414 28
23415 29
23416 25
23417 30
23418 33
23419 35
23420 22
23421 29
23422 13
23423 30
23424 29
23425 19
23426 16
23427 32
23428 31
23429 20
23430 34
23431 30
23432 23
23433 40
23434 34
23435 22
23436 49
23437 29
23438 40
23439 31
23440 16
23441 28
23442 39
23443 14
23444 31
23445 31
23446 16
23447 25
23448 35
23449 18
23450 13
23451 33
23452 24
23453 34
23454 46
23455 26
23456 18
23457 29
23458 33
23459 28
23460 37
23461 10
23462 37
23463 30
23464 26
23465 23
23466 40
23467 17
23468 28
23469 33
23470 14
23471 35
23472 27
23473 32
23474 18
23475 32
23476 21
23477 24
23478 39
23479 39
23480 20
23481 28
23482 31
23483 20
23484 34
23485 17
23486 36
23487 31
23488 21
23489 22
23490 25
23491 39
23492 25
23493 54
23494 11
23495 23
23496 36
23497 24
23498 14
23499 41
23500 19
23501 23
23502 30
23503 20
23504 17
23505 31
23506 27
23507 23
23508 41
23509 18
23510 21
23511 33
23512 28
23513 19
23514 31
23515 13
23516 22
23517 37
23518 20
23519 22
23520 18
23521 13
23522 15
23523 22
23524 12
23525 16
23526 34
23527 21
23528 20
23529 27
23530 27
23531 29
23532 47
23533 31
23534 38
23535 28
23536 40
23537 26
23538 41
23539 26
23540 36
23541 30
23542 12
23543 22
23544 43
23545 17
23546 16
23547 33
23548 23
23549 21
23550 21
23551 37
23552 29
23553 49
23554 30
23555 21
23556 59
23557 23
23558 51
23559 35
23560 28
23561 19
23562 47
23563 22
23564 34
23565 30
23566 22
23567 21
23568 34
23569 17
23570 8
23571 46
23572 19
23573 36
23574 36
23575 21
23576 11
23577 50
23578 27
23579 36
23580 35
23581 23
23582 38
23583 34
23584 30
23585 22
23586 35
23587 20
23588 21
23589 30
23590 17
23591 28
23592 29
23593 33
23594 12
23595 34
23596 19
23597 31
23598 37
23599 27
23600 12
23601 29
23602 22
23603 20
23604 44
23605 13
23606 36
23607 26
23608 23
23609 23
23610 33
23611 34
23612 27
23613 49
23614 16
23615 20
23616 32
23617 24
23618 17
23619 48
23620 10
23621 22
23622 34
23623 17
23624 21
23625 25
23626 33
23627 22
23628 46
23629 16
23630 28
23631 41
23632 29
23633 26
23634 29
23635 22
23636 35
23637 51
23638 21
23639 22
23640 26
23641 18
23642 10
23643 22
23644 24
23645 11
23646 33
23647 15
23648 26
23649 29
23650 20
23651 38
23652 48
23653 30
23654 34
23655 32
23656 32
23657 24
23658 36
23659 30
23660 22
23661 35
23662 28
23663 16
23664 29
23665 19
23666 15
23667 28
23668 22
23669 19
23670 35
23671 29
23672 21
23673 41
23674 20
23675 29
23676 38
23677 27
23678 28
23679 40
23680 21
23681 23
23682 26
23683 21
23684 24
23685 27
23686 19
23687 20
23688 26
23689 17
23690 16
23691 41
23692 18
23693 27
23694 42
23695 17
23696 14
23697 35
23698 30
23699 31
23700 23
23701 17
23702 29
23703 29
23704 26
23705 24
23706 37
23707 14
23708 36
23709 30
23710 10
23711 25
23712 26
23713 23
23714 16
23715 26
23716 23
23717 25
23718 33
23719 27
23720 13
23721 28
23722 22
23723 15
23724 40
23725 17
23726 30
23727 40
23728 24
23729 33
23730 33
23731 39
23732 34
23733 54
23734 21
23735 28
23736 33
23737 20
23738 19
23739 46
23740 11
23741 20
23742 33
23743 27
23744 21
23745 29
23746 24
23747 16
23748 41
23749 17
23750 28
23751 58
23752 33
23753 40
23754 31
23755 21
23756 30
23757 41
23758 13
23759 36
23760 28
23761 21
23762 15
23763 26
23764 12
23765 14
23766 34
23767 16
23768 31
23769 26
23770 28
23771 30
23772 49
23773 25
23774 29
23775 26
23776 30
23777 34
23778 37
23779 23
23780 25
23781 31
23782 20
23783 21
23784 34
23785 18
23786 27
23787 28
23788 20
23789 21
23790 36
23791 29
23792 17
23793 51
23794 33
23795 15
23796 37
23797 24
23798 36
23799 35
23800 17
23801 20
23802 27
23803 20
23804 30
23805 31
23806 23
23807 29
23808 36
23809 17
23810 12
23811 58
23812 16
23813 37
23814 39
23815 25
23816 18
23817 45
23818 25
23819 18
23820 32
23821 14
23822 31
23823 25
23824 35
23825 21
23826 44
23827 19
23828 32
23829 36
23830 15
23831 35
23832 31
23833 33
23834 14
23835 34
23836 20
23837 39
23838 38
23839 21
23840 13
23841 26
23842 30
23843 21
23844 44
23845 14
23846 37
23847 24
23848 35
23849 20
23850 36
23851 44
23852 32
23853 51
23854 26
23855 22
23856 33
23857 23
23858 18
23859 41
23860 18
23861 18
23862 41
23863 21
23864 23
23865 26
23866 35
23867 16
23868 51
23869 12
23870 39
23871 42
23872 26
23873 21
23874 37
23875 15
23876 26
23877 34
23878 25
23879 35
23880 19
23881 18
23882 20
23883 33
23884 19
23885 18
23886 40
23887 18
23888 15
23889 33
23890 17
23891 27
23892 40
23893 23
23894 33
23895 34
23896 32
23897 27
23898 34
23899 25
23900 25
23901 34
23902 20
23903 20
23904 32
23905 13
23906 22
23907 31
23908 21
23909 22
23910 28
23911 31
23912 12
23913 48
23914 23
23915 16
23916 40
23917 27
23918 35
23919 40
23920 17
23921 20
23922 34
23923 19
23924 32
23925 28
23926 17
23927 14
23928 35
23929 10
23930 15
23931 37
23932 25
23933 28
23934 40
23935 16
23936 20
23937 43
23938 25
23939 21
23940 27
23941 14
23942 37
23943 28
23944 27
23945 21
23946 36
23947 16
23948 36
23949 27
23950 16
23951 31
23952 33
23953 24
23954 17
23955 33
23956 18
23957 25
23958 39
23959 36
23960 18
23961 28
23962 28
23963 19
23964 36
23965 15
23966 32
23967 31
23968 31
23969 27
23970 33
23971 26
23972 29
23973 48
23974 15
23975 19
23976 36
23977 29
23978 25
23979 41
23980 17
23981 20
23982 35
23983 20
23984 20
23985 28
23986 34
23987 31
23988 40
23989 20
23990 23
23991 50
23992 22
23993 34
23994 27
23995 24
23996 28
23997 36
23998 14
23999 23
24000 24
24001 14
24002 18
24003 24
24004 16
24005 20
24006 39
24007 20
24008 22
24009 35
24010 20
24011 34
24012 33
24013 44
24014 26
24015 20
24016 32
24017 26
24018 25
24019 35
24020 17
24021 25
24022 17
24023 15
24024 30
24025 15
24026 22
24027 28
24028 20
24029 20
24030 36
24031 33
24032 22
24033 54
24034 28
24035 22
24036 40
24037 30
24038 28
24039 40
24040 24
24041 18
24042 34
24043 23
24044 32
24045 32
24046 17
24047 24
24048 35
24049 21
24050 11
24051 41
24052 30
24053 29
24054 51
24055 16
24056 20
24057 40
24058 42
24059 25
24060 38
24061 11
24062 36
24063 26
24064 25
24065 25
24066 29
24067 26
24068 32
24069 36
24070 10
24071 32
24072 29
24073 28
24074 8
24075 26
24076 20
24077 22
24078 52
24079 26
24080 13
24081 19
24082 30
24083 17
24084 45
24085 15
24086 29
24087 29
24088 17
24089 18
24090 32
24091 36
24092 26
24093 55
24094 18
24095 31
24096 30
24097 34
24098 13
24099 41
24100 13
24101 17
24102 51
24103 24
24104 30
24105 23
24106 28
24107 26
24108 45
24109 9
24110 30
24111 50
24112 22
24113 38
24114 31
24115 19
24116 31
24117 48
24118 13
24119 31
24120 22
24121 23
24122 15
24123 37
24124 14
24125 22
24126 37
24127 25
24128 23
24129 33
24130 32
24131 33
24132 48
24133 31
24134 42
24135 25
24136 30
24137 29
24138 30
24139 26
24140 23
24141 29
24142 15
24143 17
24144 23
24145 14
24146 15
24147 31
24148 20
24149 18
24150 24
24151 33
24152 26
24153 46
24154 29
24155 17
24156 56
24157 25
24158 38
24159 36
24160 30
24161 20
24162 42
24163 19
24164 31
24165 33
24166 10
24167 30
24168 33
24169 17
24170 6
24171 45
24172 17
24173 24
24174 29
24175 27
24176 23
24177 38
24178 38
24179 27
24180 38
24181 15
24182 38
24183 23
24184 26
24185 20
24186 40
24187 17
24188 26
24189 36
24190 6
24191 29
24192 22
24193 32
24194 11
24195 36
24196 14
24197 28
24198 38
24199 19
24200 12
24201 29
24202 35
24203 21
24204 36
24205 16
24206 30
24207 30
24208 25
24209 21
24210 27
24211 39
24212 29
24213 46
24214 22
24215 24
24216 30
24217 18
24218 15
24219 42
24220 23
24221 29
24222 30
24223 22
24224 17
24225 36
24226 25
24227 28
24228 36
24229 20
24230 26
24231 47
24232 21
24233 30
24234 40
24235 18
24236 36
24237 46
24238 19
24239 15
24240 32
24241 19
24242 23
24243 27
24244 18
24245 23
24246 28
24247 29
24248 12
24249 41
24250 19
24251 32
24252 38
24253 39
24254 30
24255 32
24256 35
24257 22
24258 39
24259 29
24260 35
24261 29
24262 17
24263 15
24264 38
24265 12
24266 18
24267 26
24268 22
24269 14
24270 29
24271 22
24272 19
24273 41
24274 21
24275 22
24276 43
24277 31
24278 40
24279 37
24280 30
24281 19
24282 34
24283 17
24284 37
24285 27
24286 26
24287 18
24288 40
24289 14
24290 11
24291 35
24292 28
24293 21
24294 39
24295 21
24296 21
24297 35
24298 34
24299 31
24300 30
24301 11
24302 30
24303 34
24304 27
24305 14
24306 31
24307 17
24308 28
24309 30
24310 17
24311 36
24312 34
24313 28
24314 15
24315 33
24316 14
24317 18
24318 33
24319 30
24320 11
24321 33
24322 25
24323 23
24324 32
24325 14
24326 34
24327 32
24328 24
24329 25
24330 25
24331 33
24332 31
24333 42
24334 17
24335 16
24336 34
24337 27
24338 19
24339 39
24340 14
24341 25
24342 32
24343 21
24344 25
24345 35
24346 30
24347 23
24348 39
24349 18
24350 31
24351 44
24352 22
24353 33
24354 37
24355 19
24356 35
24357 32
24358 22
24359 30
24360 29
24361 15
24362 18
24363 32
24364 29
24365 23
24366 40
24367 19
24368 26
24369 30
24370 21
24371 19
24372 44
24373 36
24374 28
24375 28
24376 43
24377 34
24378 34
24379 23
24380 24
24381 29
24382 16
24383 21
24384 35
24385 10
24386 17
24387 26
24388 22
24389 22
24390 34
24391 28
24392 16
24393 46
24394 27
24395 22
24396 48
24397 23
24398 40
24399 38
24400 23
24401 20
24402 40
24403 17
24404 29
24405 33
24406 22
24407 17
24408 32
24409 23
24410 19
24411 33
24412 20
24413 23
24414 47
24415 20
24416 17
24417 37
24418 34
24419 22
24420 33
24421 19
24422 36
24423 30
24424 27
24425 19
24426 26
24427 29
24428 27
24429 36
24430 10
24431 37
24432 28
24433 28
24434 18
24435 33
24436 17
24437 30
24438 39
24439 27
24440 13
24441 26
24442 32
24443 22
24444 40
24445 18
24446 34
24447 32
24448 22
24449 23
24450 23
24451 32
24452 32
24453 54
24454 20
24455 25
24456 34
24457 28
24458 15
24459 48
24460 8
24461 28
24462 37
24463 23
24464 18
24465 33
24466 25
24467 26
24468 46
24469 17
24470 34
24471 46
24472 26
24473 32
24474 39
24475 22
24476 35
24477 36
24478 20
24479 32
24480 29
24481 12
24482 10
24483 30
24484 18
24485 25
24486 41
24487 21
24488 22
24489 36
24490 25
24491 23
24492 39
24493 33
24494 40
24495 27
24496 29
24497 26
24498 43
24499 23
24500 29
24501 24
24502 20
24503 13
24504 27
24505 14
24506 22
24507 31
24508 26
24509 28
24510 27
24511 33
24512 20
24513 50
24514 34
24515 25
24516 35
24517 18
24518 34
24519 44
24520 22
24521 13
24522 37
24523 17
24524 24
24525 24
24526 31
24527 25
24528 36
24529 14
24530 13
24531 47
24532 19
24533 42
24534 41
24535 19
24536 16
24537 39
24538 34
24539 35
24540 32
24541 14
24542 27
24543 29
24544 21
24545 17
24546 31
24547 16
24548 25
24549 18
24550 13
24551 34
24552 39
24553 30
24554 18
24555 22
24556 13
24557 32
24558 35
24559 30
24560 8
24561 30
24562 28
24563 24
24564 37
24565 19
24566 28
24567 33
24568 20
24569 26
24570 33
24571 41
24572 28
24573 39
24574 8
24575 18
24576 30
24577 28
24578 15
24579 41
24580 21
24581 15
24582 31
24583 17
24584 22
24585 40
24586 31
24587 20
24588 43
24589 28
24590 29
24591 48
24592 22
24593 40
24594 30
24595 16
24596 24
24597 39
24598 12
24599 30
24600 29
24601 17
24602 8
24603 18
24604 17
24605 18
24606 44
24607 24
24608 25
24609 30
24610 18
24611 37
24612 38
24613 25
24614 26
24615 23
24616 21
24617 23
24618 46
24619 25
24620 24
24621 23
24622 10
24623 16
24624 25
24625 15
24626 25
24627 29
24628 10
24629 28
24630 29
24631 35
24632 17
24633 50
24634 25
24635 20
24636 35
24637 22
24638 34
24639 36
24640 16
24641 9
24642 27
24643 22
24644 39
24645 21
24646 21
24647 23
24648 37
24649 17
24650 17
24651 51
24652 29
24653 32
24654 39
24655 17
24656 19
24657 53
24658 31
24659 27
24660 37
24661 19
24662 45
24663 29
24664 33
24665 15
24666 34
24667 23
24668 34
24669 36
24670 17
24671 28
24672 29
24673 25
24674 18
24675 29
24676 25
24677 35
24678 57
24679 25
24680 24
24681 24
24682 35
24683 21
24684 54
24685 17
24686 37
24687 31
24688 40
24689 21
24690 24
24691 38
24692 23
24693 51
24694 16
24695 22
24696 21
24697 21
24698 10
24699 26
24700 17
24701 19
24702 55
24703 12
24704 20
24705 26
24706 38
24707 23
24708 46
24709 20
24710 23
24711 52
24712 21
24713 36
24714 28
24715 28
24716 31
24717 50
24718 16
24719 26
24720 25
24721 18
24722 6
24723 24
24724 17
24725 14
24726 42
24727 23
24728 23
24729 33
24730 17
24731 33
24732 41
24733 23
24734 34
24735 32
24736 25
24737 28
24738 31
24739 36
24740 31
24741 34
24742 28
24743 17
24744 35
24745 20
24746 19
24747 37
24748 17
24749 20
24750 34
24751 36
24752 13
24753 54
24754 27
24755 17
24756 40
24757 21
24758 29
24759 41
24760 26
24761 19
24762 35
24763 15
24764 23
24765 28
24766 25
24767 23
24768 39
24769 26
24770 14
24771 35
24772 20
24773 33
24774 38
24775 15
24776 19
24777 42
24778 31
24779 24
24780 49
24781 14
24782 28
24783 26
24784 39
24785 17
24786 37
24787 23
24788 31
24789 26
24790 8
24791 23
24792 31
24793 31
24794 18
24795 35
24796 20
24797 24
24798 35
24799 20
24800 12
24801 25
24802 27
24803 20
24804 37
24805 22
24806 34
24807 29
24808 28
24809 27
24810 26
24811 36
24812 41
24813 53
24814 15
24815 28
24816 35
24817 15
24818 10
24819 44
24820 13
24821 21
24822 32
24823 29
24824 25
24825 34
24826 28
24827 28
24828 36
24829 21
24830 33
24831 54
24832 24
24833 29
24834 32
24835 19
24836 35
24837 35
24838 13
24839 22
24840 28
24841 14
24842 17
24843 28
24844 17
24845 21
24846 34
24847 20
24848 25
24849 32
24850 25
24851 35
24852 30
24853 26
24854 26
24855 28
24856 37
24857 15
24858 35
24859 23
24860 31
24861 22
24862 15
24863 18
24864 32
24865 11
24866 23
24867 25
24868 22
24869 32
24870 27
24871 29
24872 19
24873 53
24874 26
24875 21
24876 40
24877 25
24878 34
24879 45
24880 23
24881 17
24882 40
24883 17
24884 41
24885 16
24886 22
24887 20
24888 41
24889 14
24890 19
24891 39
24892 20
24893 38
24894 36
24895 15
24896 15
24897 45
24898 28
24899 23
24900 34
24901 15
24902 38
24903 25
24904 34
24905 18
24906 38
24907 19
24908 33
24909 26
24910 17
24911 32
24912 33
24913 25
24914 14
24915 29
24916 18
24917 23
24918 44
24919 21
24920 13
24921 21
24922 32
24923 19
24924 39
24925 13
24926 31
24927 34
24928 30
24929 26
24930 29
24931 42
24932 26
24933 60
24934 15
24935 23
24936 33
24937 33
24938 15
24939 39
24940 24
24941 12
24942 35
24943 23
24944 19
24945 28
24946 25
24947 22
24948 43
24949 24
24950 21
24951 48
24952 21
24953 37
24954 31
24955 20
24956 32
24957 48
24958 16
24959 25
24960 28
24961 19
24962 17
24963 24
24964 16
24965 14
24966 31
24967 20
24968 16
24969 28
24970 21
24971 34
24972 31
24973 27
24974 28
24975 39
24976 12
24977 34
24978 23
24979 39
24980 20
24981 39
24982 14
24983 26
24984 31
24985 13
24986 23
24987 34
24988 23
24989 20
24990 26
24991 24
24992 20
24993 55
24994 27
24995 17
24996 35
24997 28
24998 29
24999 34
25000 25
25001 26
25002 30
25003 19
25004 30
25005 29
25006 22
25007 17
25008 33
25009 12
25010 20
25011 41
25012 34
25013 26
25014 46
25015 22
25016 19
25017 36
25018 44
25019 20
25020 33
25021 21
25022 33
25023 25
25024 24
25025 23
25026 42
25027 16
25028 30
25029 29
25030 14
25031 26
25032 27
25033 23
25034 16
25035 26
25036 22
25037 31
25038 47
25039 31
25040 20
25041 35
25042 31
25043 22
25044 34
25045 16
25046 33
25047 38
25048 27
25049 21
25050 20
25051 41
25052 29
25053 55
25054 17
25055 24
25056 28
25057 26
25058 15
25059 54
25060 10
25061 23
25062 51
25063 17
25064 28
25065 31
25066 35
25067 26
25068 34
25069 19
25070 26
25071 44
25072 28
25073 32
25074 35
25075 23
25076 27
25077 47
25078 16
25079 36
25080 22
25081 18
25082 17
25083 26
25084 12
25085 22
25086 37
25087 23
25088 17
25089 29
25090 19
25091 29
25092 48
25093 26
25094 36
25095 33
25096 33
25097 24
25098 46
25099 28
25100 28
25101 25
25102 13
25103 18
25104 34
25105 20
25106 20
25107 30
25108 16
25109 18
25110 31
25111 32
25112 19
25113 47
25114 26
25115 21
25116 59
25117 25
25118 56
25119 29
25120 29
25121 15
25122 38
25123 13
25124 41
25125 26
25126 26
25127 14
25128 36
25129 15
25130 9
25131 47
25132 16
25133 39
25134 39
25135 25
25136 19
25137 44
25138 32
25139 32
25140 31
25141 12
25142 33
25143 34
25144 20
25145 12
25146 40
25147 22
25148 30
25149 26
25150 13
25151 26
25152 25
25153 25
25154 11
25155 26
25156 13
25157 38
25158 29
25159 29
25160 15
25161 36
25162 29
25163 23
25164 36
25165 15
25166 34
25167 32
25168 23
25169 10
25170 30
25171 25
25172 31
25173 42
25174 30
25175 20
25176 31
25177 31
25178 18
25179 41
25180 14
25181 18
25182 34
25183 28
25184 14
25185 34
25186 33
25187 28
25188 38
25189 19
25190 24
25191 49
25192 23
25193 29
25194 31
25195 20
25196 31
25197 31
25198 15
25199 26
25200 25
25201 21
25202 18
25203 23
25204 15
25205 21
25206 41
25207 13
25208 16
25209 45
25210 24
25211 36
25212 36
25213 36
25214 26
25215 34
25216 35
25217 29
25218 38
25219 20
25220 26
25221 27
25222 11
25223 13
25224 34
25225 11
25226 26
25227 24
25228 37
25229 25
25230 31
25231 29
25232 14
25233 45
25234 39
25235 27
25236 33
25237 21
25238 31
25239 37
25240 21
25241 17
25242 40
25243 14
25244 28
25245 20
25246 29
25247 15
25248 37
25249 11
25250 13
25251 30
25252 26
25253 27
25254 54
25255 22
25256 23
25257 41
25258 26
25259 30
25260 37
25261 17
25262 27
25263 27
25264 26
25265 12
25266 26
25267 21
25268 31
25269 21
25270 10
25271 26
25272 38
25273 22
25274 15
25275 20
25276 22
25277 21
25278 45
25279 22
25280 12
25281 27
25282 26
25283 19
25284 38
25285 18
25286 37
25287 29
25288 26
25289 20
25290 24
25291 32
25292 29
25293 47
25294 21
25295 24
25296 36
25297 11
25298 17
25299 36
25300 15
25301 22
25302 47
25303 15
25304 11
25305 26
25306 34
25307 27
25308 41
25309 32
25310 22
25311 60
25312 33
25313 46
25314 30
25315 25
25316 28
25317 35
25318 16
25319 35
25320 30
25321 18
25322 18
25323 27
25324 11
25325 27
25326 43
25327 27
25328 19
25329 43
25330 17
25331 31
25332 43
25333 42
25334 34
25335 33
25336 35
25337 40
25338 35
25339 28
25340 29
25341 36
25342 13
25343 14
25344 26
25345 23
25346 14
25347 33
25348 18
25349 24
25350 26
25351 32
25352 24
25353 52
25354 28
25355 28
25356 44
25357 19
25358 37
25359 43
25360 18
25361 16
25362 32
25363 25
25364 35
25365 31
25366 24
25367 19
25368 27
25369 15
25370 13
25371 46
25372 19
25373 32
25374 40
25375 14
25376 22
25377 50
25378 31
25379 30
25380 38
25381 16
25382 30
25383 23
25384 33
25385 16
25386 34
25387 25
25388 32
25389 28
25390 19
25391 33
25392 33
25393 21
25394 19
25395 28
25396 17
25397 26
25398 28
25399 25
25400 11
25401 26
25402 28
25403 19
25404 55
25405 13
25406 24
25407 33
25408 33
25409 20
25410 28
25411 39
25412 37
25413 45
25414 16
25415 25
25416 45
25417 30
25418 18
25419 45
25420 16
25421 17
25422 31
25423 22
25424 9
25425 32
25426 26
25427 20
25428 34
25429 22
25430 34
25431 48
25432 23
25433 43
25434 32
25435 28
25436 42
25437 47
25438 13
25439 33
25440 21
25441 17
25442 18
25443 33
25444 24
25445 18
25446 33
25447 21
25448 20
25449 31
25450 19
25451 27
25452 31
25453 27
25454 40
25455 25
25456 31
25457 20
25458 38
25459 23
25460 33
25461 26
25462 19
25463 21
25464 36
25465 21
25466 17
25467 30
25468 24
25469 23
25470 28
25471 34
25472 16
25473 45
25474 18
25475 15
25476 33
25477 26
25478 32
25479 49
25480 16
25481 14
25482 31
25483 16
25484 35
25485 26
25486 15
25487 25
25488 46
25489 10
25490 14
25491 37
25492 20
25493 27
25494 35
25495 13
25496 18
25497 43
25498 30
25499 26
25500 29
25501 24
25502 34
25503 30
25504 28
25505 16
25506 23
25507 32
25508 36
25509 27
25510 23
25511 34
25512 40
25513 14
25514 18
25515 24
25516 25
25517 15
25518 39
25519 25
25520 15
25521 36
25522 23
25523 15
25524 26
25525 28
25526 21
25527 29
25528 33
25529 24
25530 17
25531 38
25532 27
25533 45
25534 20
25535 20
25536 33
25537 25
25538 18
25539 34
25540 21
25541 16
25542 41
25543 21
25544 17
25545 29
25546 29
25547 14
25548 40
25549 18
25550 25
25551 49
25552 18
25553 48
25554 34
25555 20
25556 28
25557 43
25558 19
25559 32
25560 28
25561 18
25562 17
25563 22
25564 22
25565 22
25566 47
25567 16
25568 20
25569 32
25570 23
25571 28
25572 39
25573 22
25574 32
25575 35
25576 26
25577 32
25578 39
25579 31
25580 23
25581 30
25582 14
25583 19
25584 32
25585 25
25586 15
25587 27
25588 23
25589 19
25590 25
25591 30
25592 16
25593 40
25594 18
25595 15
25596 28
25597 24
25598 35
25599 42
25600 18
25601 24
25602 37
25603 18
25604 30
25605 31
25606 23
25607 29
25608 39
25609 17
25610 16
25611 43
25612 23
25613 27
25614 41
25615 16
25616 18
25617 29
25618 38
25619 23
25620 38
25621 19
25622 26
25623 20
25624 29
25625 26
25626 37
25627 18
25628 37
25629 34
25630 17
25631 43
25632 37
25633 34
25634 27
25635 37
25636 21
25637 26
25638 55
25639 26
25640 20
25641 23
25642 38
25643 16
25644 45
25645 15
25646 40
25647 19
25648 21
25649 25
25650 31
25651 32
25652 36
25653 60
25654 11
25655 20
25656 35
25657 25
25658 16
25659 56
25660 21
25661 20
25662 36
25663 26
25664 27
25665 24
25666 29
25667 16
25668 46
25669 18
25670 36
25671 33
25672 29
25673 28
25674 38
25675 22
25676 22
25677 53
25678 17
25679 27
25680 19
25681 21
25682 12
25683 39
25684 13
25685 23
25686 37
25687 23
25688 23
25689 28
25690 27
25691 32
25692 39
25693 21
25694 28
25695 24
25696 35
25697 13
25698 42
25699 28
25700 17
25701 24
25702 12
25703 21
25704 22
25705 15
25706 24
25707 40
25708 16
25709 28
25710 32
25711 34
25712 17
25713 40
25714 28
25715 27
25716 55
25717 20
25718 42
25719 31
25720 20
25721 20
25722 38
25723 15
25724 23
25725 28
25726 22
25727 24
25728 38
25729 13
25730 14
25731 49
25732 19
25733 36
25734 42
25735 18
25736 14
25737 43
25738 30
25739 24
25740 43
25741 22
25742 43
25743 22
25744 30
25745 19
25746 37
25747 21
25748 27
25749 33
25750 19
25751 22
25752 37
25753 35
25754 21
25755 33
25756 14
25757 27
25758 35
25759 35
25760 13
25761 28
25762 28
25763 19
25764 32
25765 13
25766 37
25767 29
25768 27
25769 20
25770 37
25771 18
25772 31
25773 49
25774 17
25775 20
25776 33
25777 33
25778 9
25779 39
25780 13
25781 18
25782 33
25783 19
25784 22
25785 22
25786 27
25787 26
25788 37
25789 8
25790 29
25791 35
25792 22
25793 34
25794 35
25795 26
25796 35
25797 44
25798 21
25799 25
25800 21
25801 20
25802 17
25803 30
25804 14
25805 18
25806 44
25807 29
25808 21
25809 36
25810 19
25811 43
25812 32
25813 22
25814 32
25815 37
25816 25
25817 25
25818 38
25819 30
25820 28
25821 30
25822 24
25823 17
25824 32
25825 14
25826 23
25827 30
25828 15
25829 22
25830 26
25831 40
25832 20
25833 59
25834 22
25835 22
25836 38
25837 24
25838 35
25839 41
25840 27
25841 17
25842 38
25843 12
25844 33
25845 27
25846 18
25847 14
25848 31
25849 19
25850 19
25851 42
25852 14
25853 33
25854 37
25855 21
25856 10
25857 36
25858 33
25859 34
25860 26
25861 19
25862 32
25863 28
25864 23
25865 17
25866 34
25867 15
25868 31
25869 30
25870 12
25871 21
25872 36
25873 27
25874 19
25875 24
25876 26
25877 33
25878 42
25879 21
25880 19
25881 22
25882 24
25883 24
25884 45
25885 15
25886 29
25887 37
25888 19
25889 22
25890 27
25891 27
25892 34
25893 48
25894 21
25895 18
25896 30
25897 17
25898 10
25899 26
25900 15
25901 16
25902 38
25903 20
25904 18
25905 26
25906 23
25907 25
25908 44
25909 16
25910 24
25911 50
25912 26
25913 30
25914 30
25915 23
25916 38
25917 52
25918 9
25919 25
25920 24
25921 18
25922 15
25923 36
25924 12
25925 21
25926 27
25927 23
25928 18
25929 33
25930 22
25931 41
25932 43
25933 35
25934 28
25935 30
25936 32
25937 39
25938 36
25939 36
25940 21
25941 36
25942 16
25943 28
25944 36
25945 15
25946 18
25947 25
25948 23
25949 27
25950 39
25951 28
25952 19
25953 55
25954 34
25955 23
25956 53
25957 30
25958 41
25959 42
25960 23
25961 25
25962 30
25963 26
25964 28
25965 31
25966 14
25967 16
25968 34
25969 25
25970 13
25971 51
25972 14
25973 28
25974 40
25975 20
25976 22
25977 35
25978 31
25979 25
25980 28
25981 12
25982 28
25983 28
25984 24
25985 23
25986 23
25987 20
25988 25
25989 42
25990 15
25991 33
25992 31
25993 38
25994 13
25995 31
25996 23
25997 25
25998 38
25999 16
26000 16
26001 27
26002 34
26003 18
26004 52
26005 12
26006 26
26007 31
26008 32
26009 23
26010 26
26011 40
26012 37
26013 36
26014 27
26015 22
26016 40
26017 25
26018 9
26019 28
26020 20
26021 14
26022 44
26023 19
26024 18
26025 25
26026 34
26027 18
26028 58
26029 16
26030 23
26031 50
26032 32
26033 20
26034 38
26035 19
26036 33
26037 39
26038 23
26039 34
26040 27
26041 15
26042 19
26043 29
26044 19
26045 17
26046 31
26047 24
26048 27
26049 38
26050 19
26051 40
26052 49
26053 24
26054 37
26055 35
26056 37
26057 28
26058 40
26059 30
26060 25
26061 23
26062 17
26063 21
26064 29
26065 13
26066 17
26067 33
26068 23
26069 23
26070 35
26071 39
26072 13
26073 52
26074 37
26075 23
26076 38
26077 27
26078 36
26079 48
26080 16
26081 18
26082 38
26083 22
26084 30
26085 32
26086 15
26087 20
26088 28
26089 16
26090 14
26091 30
26092 25
26093 42
26094 35
26095 14
26096 17
26097 40
26098 24
26099 20
26100 26
26101 18
26102 32
26103 28
26104 29
26105 24
26106 40
26107 14
26108 31
26109 24
26110 17
26111 33
26112 31
26113 21
26114 15
26115 20
26116 19
26117 23
26118 41
26119 30
26120 14
26121 32
26122 31
26123 18
26124 38
26125 24
26126 38
26127 29
26128 34
26129 18
26130 28
26131 33
26132 38
26133 32
26134 15
26135 20
26136 37
26137 28
26138 17
26139 32
26140 15
26141 14
26142 30
26143 19
26144 16
26145 34
26146 27
26147 20
26148 35
26149 20
26150 27
26151 51
26152 31
26153 24
26154 24
26155 24
26156 35
26157 38
26158 19
26159 30
26160 20
26161 11
26162 16
26163 34
26164 21
26165 20
26166 26
26167 21
26168 21
26169 39
26170 26
26171 26
26172 36
26173 31
26174 35
26175 27
26176 35
26177 27
26178 32
26179 23
26180 29
26181 33
26182 17
26183 16
26184 41
26185 17
26186 19
26187 28
26188 20
26189 24
26190 27
26191 34
26192 18
26193 49
26194 25
26195 16
26196 30
26197 21
26198 29
26199 44
26200 16
26201 14
26202 35
26203 21
26204 29
26205 32
26206 21
26207 16
26208 26
26209 19
26210 11
26211 35
26212 17
26213 36
26214 34
26215 12
26216 17
26217 39
26218 33
26219 20
26220 24
26221 12
26222 25
26223 26
26224 27
26225 20
26226 33
26227 26
26228 29
26229 30
26230 15
26231 32
26232 34
26233 31
26234 14
26235 38
26236 31
26237 26
26238 50
26239 26
26240 12
26241 25
26242 37
26243 18
26244 49
26245 16
26246 32
26247 32
26248 34
26249 22
26250 30
26251 37
26252 31
26253 58
26254 20
26255 33
26256 33
26257 27
26258 17
26259 52
26260 15
26261 14
26262 55
26263 23
26264 15
26265 24
26266 31
26267 17
26268 60
26269 15
26270 35
26271 33
26272 21
26273 36
26274 35
26275 14
26276 27
26277 49
26278 13
26279 34
26280 26
26281 27
26282 25
26283 31
26284 21
26285 17
26286 49
26287 23
26288 36
26289 28
26290 26
26291 28
26292 45
26293 32
26294 42
26295 26
26296 25
26297 27
26298 29
26299 24
26300 23
26301 30
26302 15
26303 15
26304 30
26305 21
26306 22
26307 35
26308 26
26309 32
26310 30
26311 31
26312 26
26313 47
26314 20
26315 22
26316 37
26317 21
26318 27
26319 37
26320 16
26321 21
26322 18
26323 16
26324 17
26325 27
26326 25
26327 29
26328 26
26329 18
26330 13
26331 53
26332 17
26333 42
26334 42
26335 36
26336 21
26337 42
26338 28
26339 30
26340 32
26341 15
26342 30
26343 21
26344 30
26345 21
26346 38
26347 21
26348 24
26349 25
26350 13
26351 27
26352 30
26353 32
26354 22
26355 36
26356 15
26357 32
26358 43
26359 35
26360 18
26361 33
26362 36
26363 27
26364 40
26365 21
26366 40
26367 28
26368 35
26369 14
26370 35
26371 23
26372 29
26373 33
26374 18
26375 12
26376 24
26377 19
26378 17
26379 43
26380 10
26381 25
26382 36
26383 16
26384 8
26385 31
26386 33
26387 27
26388 31
26389 20
26390 34
26391 41
26392 21
26393 26
26394 34
26395 16
26396 28
26397 42
26398 22
26399 22
26400 24
26401 17
26402 14
26403 34
26404 12
26405 28
26406 38
26407 27
26408 20
26409 36
26410 26
26411 47
26412 43
26413 22
26414 27
26415 31
26416 29
26417 27
26418 41
26419 24
26420 22
26421 31
26422 16
26423 16
26424 32
26425 16
26426 14
26427 28
26428 21
26429 20
26430 29
26431 33
26432 15
26433 55
26434 24
26435 23
26436 41
26437 23
26438 27
26439 38
26440 17
26441 20
26442 30
26443 20
26444 37
26445 29
26446 18
26447 23
26448 33
26449 14
26450 17
26451 43
26452 27
26453 25
26454 45
26455 26
26456 27
26457 37
26458 31
26459 32
26460 33
26461 14
26462 33
26463 22
26464 27
26465 14
26466 32
26467 19
26468 40
26469 34
26470 22
26471 24
26472 34
26473 22
26474 17
26475 31
26476 20
26477 24
26478 41
26479 27
26480 14
26481 29
26482 27
26483 24
26484 34
26485 15
26486 35
26487 29
26488 25
26489 23
26490 30
26491 30
26492 28
26493 50
26494 12
26495 21
26496 27
26497 25
26498 14
26499 30
26500 13
26501 21
26502 27
26503 24
26504 25
26505 32
26506 30
26507 15
26508 46
26509 17
26510 35
26511 47
26512 23
26513 28
26514 35
26515 13
26516 31
26517 32
26518 8
26519 17
26520 20
26521 19
26522 18
26523 32
26524 24
26525 19
26526 42
26527 19
26528 37
26529 36
26530 22
26531 32
26532 45
26533 29
26534 40
26535 38
26536 31
26537 31
26538 26
26539 27
26540 25
26541 30
26542 13
26543 29
26544 31
26545 17
26546 12
26547 31
26548 22
26549 22
26550 31
26551 31
26552 32
26553 43
26554 33
26555 17
26556 34
26557 18
26558 28
26559 46
26560 24
26561 32
26562 28
26563 15
26564 26
26565 32
26566 16
26567 27
26568 37
26569 19
26570 18
26571 39
26572 20
26573 34
26574 52
26575 19
26576 24
26577 42
26578 38
26579 30
26580 38
26581 15
26582 29
26583 32
26584 25
26585 19
26586 42
26587 24
26588 24
26589 29
26590 15
26591 32
26592 36
26593 31
26594 20
26595 29
26596 23
26597 21
26598 48
26599 21
26600 9
26601 27
26602 26
26603 21
26604 41
26605 20
26606 36
26607 28
26608 21
26609 25
26610 26
26611 39
26612 24
26613 60
26614 13
26615 21
26616 27
26617 26
26618 14
26619 37
26620 12
26621 18
26622 36
26623 17
26624 17
26625 24
26626 28
26627 13
26628 46
26629 13
26630 29
26631 35
26632 33
26633 27
26634 31
26635 12
26636 34
26637 50
26638 19
26639 28
26640 23
26641 16
26642 12
26643 28
26644 16
26645 21
26646 36
26647 14
26648 26
26649 27
26650 26
26651 36
26652 55
26653 26
26654 37
26655 27
26656 38
26657 25
26658 47
26659 35
26660 30
26661 30
26662 19
26663 21
26664 46
26665 11
26666 9
26667 39
26668 24
26669 19
26670 21
26671 33
26672 21
26673 44
26674 23
26675 22
26676 56
26677 24
26678 48
26679 42
26680 24
26681 13
26682 32
26683 14
26684 46
26685 25
26686 22
26687 21
26688 22
26689 15
26690 14
26691 52
26692 21
26693 39
26694 33
26695 25
26696 20
26697 51
26698 40
26699 33
26700 32
26701 18
26702 35
26703 29
26704 23
26705 16
26706 33
26707 14
26708 18
26709 24
26710 13
26711 35
26712 25
26713 33
26714 14
26715 28
26716 24
26717 41
26718 41
26719 32
26720 10
26721 25
26722 30
26723 19
26724 37
26725 17
26726 26
26727 32
26728 22
26729 25
26730 36
26731 40
26732 31
26733 47
26734 15
26735 20
26736 31
26737 33
26738 12
26739 35
26740 16
26741 20
26742 41
26743 16
26744 21
26745 34
26746 25
26747 17
26748 39
26749 17
26750 23
26751 46
26752 23
26753 32
26754 33
26755 18
26756 40
26757 42
26758 11
26759 23
26760 25
26761 13
26762 14
26763 21
26764 15
26765 15
26766 32
26767 26
26768 29
26769 40
26770 23
26771 28
26772 35
26773 30
26774 29
26775 38
26776 33
26777 32
26778 32
26779 32
26780 30
26781 27
26782 8
26783 17
26784 35
26785 17
26786 20
26787 26
26788 13
26789 14
26790 33
26791 35
26792 20
26793 50
26794 31
26795 25
26796 43
26797 25
26798 29
26799 44
26800 16
26801 20
26802 31
26803 22
26804 33
26805 23
26806 13
26807 28
26808 37
26809 12
26810 14
26811 49
26812 17
26813 31
26814 29
26815 15
26816 17
26817 35
26818 25
26819 27
26820 31
26821 20
26822 34
26823 27
26824 27
26825 18
26826 32
26827 27
26828 21
26829 38
26830 18
26831 30
26832 28
26833 32
26834 13
26835 25
26836 13
26837 27
26838 39
26839 23
26840 16
26841 26
26842 30
26843 12
26844 35
26845 20
26846 31
26847 37
26848 28
26849 21
26850 27
26851 50
26852 27
26853 66
26854 24
26855 18
26856 36
26857 21
26858 16
26859 41
26860 19
26861 16
26862 52
26863 20
26864 19
26865 21
26866 31
26867 17
26868 43
26869 14
26870 21
26871 36
26872 25
26873 35
26874 31
26875 24
26876 26
26877 48
26878 18
26879 26
26880 24
26881 14
26882 6
26883 24
26884 30
26885 11
26886 45
26887 13
26888 25
26889 26
26890 26
26891 24
26892 35
26893 32
26894 30
26895 29
26896 29
26897 27
26898 31
26899 28
26900 26
26901 32
26902 26
26903 21
26904 40
26905 14
26906 28
26907 46
26908 27
26909 23
26910 35
26911 34
26912 10
26913 43
26914 30
26915 22
26916 34
26917 18
26918 41
26919 32
26920 19
26921 21
26922 39
26923 12
26924 29
26925 31
26926 25
26927 21
26928 38
26929 24
26930 17
26931 52
26932 23
26933 38
26934 37
26935 15
26936 14
26937 40
26938 28
26939 23
26940 35
26941 11
26942 27
26943 22
26944 25
26945 23
26946 36
26947 27
26948 32
26949 37
26950 17
26951 40
26952 29
26953 41
26954 22
26955 33
26956 22
26957 24
26958 43
26959 33
26960 13
26961 22
26962 35
26963 17
26964 45
26965 19
26966 30
26967 25
26968 32
26969 26
26970 38
26971 27
26972 40
26973 49
26974 24
26975 28
26976 36
26977 30
26978 19
26979 54
26980 9
26981 23
26982 33
26983 33
26984 20
26985 28
26986 40
26987 25
26988 36
26989 20
26990 36
26991 32
26992 17
26993 25
26994 40
26995 18
26996 37
26997 38
26998 15
26999 29
27000 19
27001 16
27002 24
27003 29
27004 10
27005 20
27006 37
27007 17
27008 22
27009 35
27010 23
27011 29
27012 35
27013 31
27014 41
27015 18
27016 34
27017 22
27018 35
27019 26
27020 26
27021 27
27022 17
27023 16
27024 30
27025 13
27026 18
27027 33
27028 15
27029 21
27030 27
27031 37
27032 16
27033 46
27034 20
27035 22
27036 45
27037 21
27038 36
27039 30
27040 26
27041 18
27042 37
27043 17
27044 27
27045 22
27046 24
27047 24
27048 32
27049 18
27050 15
27051 35
27052 17
27053 26
27054 39
27055 21
27056 22
27057 35
27058 30
27059 26
27060 39
27061 15
27062 30
27063 26
27064 30
27065 20
27066 31
27067 23
27068 31
27069 36
27070 17
27071 36
27072 32
27073 26
27074 12
27075 36
27076 24
27077 20
27078 42
27079 35
27080 14
27081 27
27082 26
27083 19
27084 45
27085 10
27086 27
27087 32
27088 30
27089 25
27090 29
27091 29
27092 30
27093 56
27094 20
27095 21
27096 42
27097 30
27098 14
27099 34
27100 22
27101 15
27102 41
27103 19
27104 15
27105 32
27106 26
27107 18
27108 36
27109 18
27110 21
27111 44
27112 21
27113 35
27114 28
27115 18
27116 26
27117 38
27118 23
27119 31
27120 24
27121 18
27122 16
27123 26
27124 15
27125 13
27126 51
27127 22
27128 14
27129 28
27130 26
27131 23
27132 44
27133 23
27134 32
27135 27
27136 30
27137 37
27138 38
27139 13
27140 23
27141 27
27142 8
27143 22
27144 36
27145 14
27146 20
27147 35
27148 27
27149 30
27150 32
27151 32
27152 16
27153 47
27154 24
27155 21
27156 39
27157 19
27158 34
27159 43
27160 23
27161 26
27162 30
27163 14
27164 30
27165 30
27166 14
27167 27
27168 35
27169 15
27170 15
27171 50
27172 28
27173 38
27174 38
27175 24
27176 26
27177 39
27178 35
27179 33
27180 38
27181 19
27182 25
27183 30
27184 31
27185 25
27186 31
27187 20
27188 31
27189 31
27190 9
27191 34
27192 28
27193 33
27194 11
27195 28
27196 20
27197 28
27198 45
27199 24
27200 14
27201 31
27202 36
27203 23
27204 41
27205 19
27206 33
27207 26
27208 22
27209 14
27210 26
27211 34
27212 27
27213 41
27214 12
27215 21
27216 27
27217 28
27218 16
27219 33
27220 10
27221 19
27222 38
27223 16
27224 21
27225 30
27226 36
27227 28
27228 46
27229 21
27230 31
27231 48
27232 27
27233 30
27234 35
27235 17
27236 25
27237 51
27238 12
27239 23
27240 26
27241 17
27242 11
27243 27
27244 17
27245 22
27246 31
27247 24
27248 18
27249 26
27250 22
27251 37
27252 48
27253 32
27254 38
27255 32
27256 33
27257 31
27258 41
27259 28
27260 21
27261 33
27262 14
27263 25
27264 23
27265 20
27266 12
27267 35
27268 15
27269 24
27270 26
27271 37
27272 18
27273 47
27274 20
27275 15
27276 55
27277 25
27278 50
27279 39
27280 36
27281 17
27282 36
27283 17
27284 38
27285 33
27286 13
27287 26
27288 28
27289 25
27290 5
27291 48
27292 16
27293 26
27294 35
27295 24
27296 22
27297 36
27298 32
27299 26
27300 37
27301 11
27302 53
27303 26
27304 24
27305 15
27306 43
27307 22
27308 33
27309 37
27310 12
27311 32
27312 28
27313 35
27314 11
27315 33
27316 17
27317 28
27318 35
27319 22
27320 19
27321 35
27322 26
27323 23
27324 37
27325 16
27326 39
27327 28
27328 24
27329 17
27330 25
27331 33
27332 25
27333 38
27334 28
27335 25
27336 26
27337 19
27338 17
27339 44
27340 18
27341 23
27342 31
27343 19
27344 16
27345 26
27346 23
27347 24
27348 35
27349 13
27350 26
27351 47
27352 31
27353 30
27354 30
27355 17
27356 35
27357 36
27358 18
27359 22
27360 35
27361 22
27362 19
27363 29
27364 17
27365 25
27366 35
27367 26
27368 19
27369 36
27370 19
27371 33
27372 33
27373 34
27374 27
27375 31
27376 31
27377 28
27378 39
27379 39
27380 38
27381 24
27382 12
27383 11
27384 35
27385 13
27386 27
27387 22
27388 28
27389 28
27390 30
27391 34
27392 22
27393 56
27394 27
27395 21
27396 32
27397 31
27398 28
27399 49
27400 25
27401 18
27402 39
27403 14
27404 43
27405 18
27406 29
27407 17
27408 39
27409 9
27410 11
27411 36
27412 29
27413 34
27414 33
27415 19
27416 21
27417 46
27418 34
27419 32
27420 31
27421 16
27422 28
27423 30
27424 28
27425 16
27426 36
27427 22
27428 37
27429 28
27430 14
27431 29
27432 42
27433 27
27434 21
27435 34
27436 14
27437 21
27438 39
27439 31
27440 13
27441 28
27442 23
27443 22
27444 32
27445 22
27446 25
27447 32
27448 25
27449 20
27450 21
27451 41
27452 22
27453 45
27454 17
27455 21
27456 33
27457 16
27458 19
27459 40
27460 21
27461 16
27462 46
27463 14
27464 20
27465 25
27466 27
27467 25
27468 43
27469 20
27470 28
27471 43
27472 23
27473 34
27474 31
27475 20
27476 22
27477 41
27478 24
27479 22
27480 28
27481 15
27482 21
27483 30
27484 15
27485 19
27486 46
27487 15
27488 20
27489 28
27490 17
27491 19
27492 37
27493 31
27494 32
27495 32
27496 28
27497 33
27498 29
27499 24
27500 28
27501 31
27502 16
27503 17
27504 33
27505 13
27506 18
27507 21
27508 20
27509 24
27510 33
27511 20
27512 26
27513 46
27514 27
27515 23
27516 38
27517 26
27518 40
27519 30
27520 17
27521 17
27522 37
27523 29
27524 34
27525 33
27526 23
27527 22
27528 29
27529 22
27530 9
27531 41
27532 26
27533 33
27534 38
27535 22
27536 21
27537 38
27538 31
27539 21
27540 31
27541 19
27542 43
27543 20
27544 27
27545 16
27546 37
27547 22
27548 29
27549 35
27550 15
27551 29
27552 31
27553 30
27554 17
27555 36
27556 19
27557 23
27558 41
27559 29
27560 10
27561 23
27562 35
27563 13
27564 42
27565 15
27566 32
27567 33
27568 35
27569 26
27570 35
27571 30
27572 27
27573 46
27574 18
27575 25
27576 31
27577 24
27578 19
27579 45
27580 13
27581 16
27582 31
27583 15
27584 14
27585 30
27586 27
27587 25
27588 57
27589 19
27590 29
27591 45
27592 28
27593 37
27594 38
27595 28
27596 38
27597 48
27598 12
27599 31
27600 32
27601 17
27602 16
27603 32
27604 19
27605 18
27606 42
27607 25
27608 13
27609 39
27610 21
27611 20
27612 39
27613 34
27614 37
27615 28
27616 27
27617 29
27618 36
27619 20
27620 22
27621 31
27622 21
27623 19
27624 36
27625 16
27626 25
27627 35
27628 21
27629 21
27630 35
27631 40
27632 18
27633 61
27634 28
27635 27
27636 42
27637 19
27638 34
27639 44
27640 17
27641 21
27642 38
27643 18
27644 29
27645 27
27646 24
27647 28
27648 30
27649 12
27650 13
27651 51
27652 9
27653 39
27654 36
27655 16
27656 16
27657 44
27658 28
27659 34
27660 25
27661 14
27662 36
27663 21
27664 24
27665 22
27666 36
27667 16
27668 30
27669 26
27670 14
27671 31
27672 35
27673 17
27674 20
27675 25
27676 23
27677 33
27678 37
27679 32
27680 11
27681 27
27682 22
27683 20
27684 38
27685 24
27686 30
27687 34
27688 37
27689 19
27690 27
27691 38
27692 36
27693 42
27694 31
27695 17
27696 26
27697 20
27698 24
27699 41
27700 14
27701 18
27702 32
27703 21
27704 20
27705 33
27706 30
27707 28
27708 44
27709 21
27710 19
27711 65
27712 25
27713 29
27714 28
27715 16
27716 30
27717 42
27718 21
27719 30
27720 30
27721 21
27722 10
27723 26
27724 16
27725 14
27726 43
27727 25
27728 22
27729 36
27730 22
27731 37
27732 31
27733 22
27734 24
27735 21
27736 20
27737 34
27738 31
27739 24
27740 27
27741 20
27742 20
27743 18
27744 37
27745 13
27746 20
27747 19
27748 15
27749 16
27750 38
27751 33
27752 14
27753 52
27754 28
27755 15
27756 36
27757 24
27758 30
27759 41
27760 21
27761 18
27762 36
27763 19
27764 31
27765 33
27766 22
27767 20
27768 34
27769 20
27770 19
27771 38
27772 16
27773 23
27774 31
27775 21
27776 18
27777 46
27778 30
27779 25
27780 36
27781 11
27782 28
27783 32
27784 33
27785 23
27786 38
27787 17
27788 27
27789 35
27790 5
27791 33
27792 24
27793 33
27794 21
27795 28
27796 23
27797 21
27798 46
27799 29
27800 18
27801 24
27802 37
27803 18
27804 44
27805 20
27806 28
27807 33
27808 37
27809 33
27810 23
27811 38
27812 34
27813 49
27814 14
27815 21
27816 32
27817 23
27818 20
27819 39
27820 21
27821 20
27822 46
27823 16
27824 20
27825 23
27826 36
27827 19
27828 44
27829 18
27830 28
27831 48
27832 19
27833 33
27834 32
27835 21
27836 24
27837 50
27838 14
27839 31
27840 28
27841 17
27842 11
27843 31
27844 16
27845 17
27846 36
27847 18
27848 25
27849 22
27850 24
27851 26
27852 48
27853 23
27854 34
27855 26
27856 30
27857 23
27858 26
27859 26
27860 22
27861 40
27862 9
27863 24
27864 33
27865 20
27866 15
27867 31
27868 21
27869 28
27870 25
27871 25
27872 14
27873 45
27874 32
27875 29
27876 44
27877 25
27878 42
27879 37
27880 26
27881 17
27882 38
27883 21
27884 27
27885 38
27886 24
27887 21
27888 34
27889 17
27890 10
27891 41
27892 18
27893 46
27894 39
27895 13
27896 16
27897 30
27898 29
27899 29
27900 32
27901 12
27902 37
27903 29
27904 33
27905 18
27906 36
27907 21
27908 41
27909 28
27910 12
27911 36
27912 39
27913 27
27914 20
27915 34
27916 17
27917 24
27918 41
27919 27
27920 13
27921 22
27922 33
27923 19
27924 37
27925 17
27926 37
27927 29
27928 24
27929 26
27930 37
27931 30
27932 42
27933 57
27934 22
27935 20
27936 32
27937 26
27938 14
27939 34
27940 21
27941 16
27942 32
27943 20
27944 14
27945 25
27946 31
27947 18
27948 47
27949 13
27950 28
27951 46
27952 25
27953 38
27954 33
27955 24
27956 36
27957 27
27958 15
27959 33
27960 33
27961 18
27962 12
27963 32
27964 23
27965 12
27966 36
27967 20
27968 19
27969 27
27970 23
27971 24
27972 44
27973 20
27974 29
27975 22
27976 26
27977 27
27978 28
27979 22
27980 36
27981 31
27982 21
27983 20
27984 43
27985 21
27986 20
27987 37
27988 16
27989 25
27990 23
27991 39
27992 18
27993 64
27994 18
27995 26
27996 33
27997 20
27998 40
27999 46
28000 21
28001 17
28002 40
28003 28
28004 44
28005 30
28006 24
28007 16
28008 37
28009 19
28010 20
28011 53
28012 22
28013 33
28014 30
28015 28
28016 11
28017 58
28018 35
28019 21
28020 27
28021 21
28022 36
28023 32
28024 25
28025 14
28026 33
28027 22
28028 35
28029 30
28030 11
28031 27
28032 33
28033 25
28034 16
28035 29
28036 31
28037 36
28038 38
28039 24
28040 18
28041 35
28042 30
28043 23
28044 34
28045 20
28046 28
28047 23
28048 24
28049 18
28050 30
28051 27
28052 25
28053 39
28054 23
28055 20
28056 28
28057 18
28058 13
28059 35
28060 19
28061 26
28062 42
28063 19
28064 19
28065 30
28066 23
28067 25
28068 36
28069 20
28070 22
28071 36
28072 30
28073 19
28074 26
28075 20
28076 27
28077 36
28078 11
28079 18
28080 26
28081 15
28082 20
28083 31
28084 18
28085 15
28086 31
28087 24
28088 16
28089 31
28090 21
28091 37
28092 33
28093 28
28094 29
28095 45
28096 24
28097 23
28098 36
28099 39
28100 23
28101 35
28102 19
28103 23
28104 37
28105 15
28106 22
28107 26
28108 27
28109 22
28110 28
28111 24
28112 12
28113 48
28114 22
28115 24
28116 35
28117 35
28118 40
28119 44
28120 17
28121 26
28122 32
28123 22
28124 28
28125 33
28126 19
28127 22
28128 41
28129 22
28130 11
28131 34
28132 23
28133 31
28134 51
28135 21
28136 28
28137 38
28138 42
28139 24
28140 31
28141 16
28142 42
28143 20
28144 25
28145 19
28146 35
28147 24
28148 21
28149 40
28150 7
28151 18
28152 29
28153 31
28154 15
28155 26
28156 19
28157 28
28158 47
28159 24
28160 18
28161 29
28162 30
28163 16
28164 40
28165 17
28166 29
28167 32
28168 17
28169 21
28170 17
28171 39
28172 30
28173 49
28174 20
28175 25
28176 28
28177 26
28178 10
28179 40
28180 23
28181 9
28182 39
28183 25
28184 24
28185 31
28186 32
28187 18
28188 48
28189 19
28190 30
28191 42
28192 25
28193 25
28194 37
28195 17
28196 29
28197 32
28198 29
28199 21
28200 29
28201 17
28202 14
28203 27
28204 17
28205 16
28206 43
28207 24
28208 18
28209 28
28210 20
28211 44
28212 50
28213 22
28214 36
28215 28
28216 44
28217 20
28218 45
28219 29
28220 27
28221 29
28222 11
28223 19
28224 29
28225 21
28226 17
28227 31
28228 14
28229 26
28230 24
28231 29
28232 21
28233 50
28234 26
28235 19
28236 41
28237 36
28238 36
28239 40
28240 19
28241 17
28242 33
28243 19
28244 34
28245 26
28246 23
28247 16
28248 34
28249 16
28250 10
28251 49
28252 28
28253 49
28254 42
28255 27
28256 21
28257 50
28258 32
28259 39
28260 32
28261 15
28262 32
28263 33
28264 27
28265 21
28266 36
28267 11
28268 27
28269 22
28270 21
28271 30
28272 26
28273 29
28274 15
28275 32
28276 16
28277 46
28278 37
28279 31
28280 8
28281 34
28282 27
28283 20
28284 29
28285 17
28286 30
28287 22
28288 24
28289 16
28290 24
28291 36
28292 37
28293 35
28294 23
28295 25
28296 40
28297 26
28298 16
28299 37
28300 11
28301 21
28302 29
28303 20
28304 18
28305 30
28306 31
28307 26
28308 39
28309 27
28310 26
28311 51
28312 30
28313 18
28314 41
28315 25
28316 43
28317 29
28318 20
28319 31
28320 26
28321 19
28322 19
28323 24
28324 10
28325 19
28326 39
28327 15
28328 17
28329 34
28330 23
28331 46
28332 42
28333 35
28334 35
28335 30
28336 34
28337 32
28338 39
28339 21
28340 27
28341 33
28342 24
28343 15
28344 31
28345 12
28346 23
28347 23
28348 22
28349 20
28350 35
28351 33
28352 19
28353 44
28354 27
28355 22
28356 35
28357 21
28358 34
28359 46
28360 17
28361 22
28362 33
28363 15
28364 24
28365 21
28366 25
28367 14
28368 40
28369 13
28370 8
28371 36
28372 20
28373 28
28374 48
28375 21
28376 29
28377 47
28378 34
28379 32
28380 34
28381 15
28382 23
28383 26
28384 26
28385 17
28386 32
28387 27
28388 26
28389 25
28390 10
28391 32
28392 28
28393 23
28394 20
28395 20
28396 18
28397 19
28398 32
28399 23
28400 20
28401 32
28402 30
28403 19
28404 36
28405 17
28406 22
28407 38
28408 22
28409 21
28410 23
28411 34
28412 24
28413 44
28414 22
28415 24
28416 28
28417 22
28418 13
28419 38
28420 18
28421 16
28422 50
28423 20
28424 15
28425 39
28426 33
28427 21
28428 48
28429 15
28430 28
28431 50
28432 29
28433 42
28434 33
28435 17
28436 24
28437 52
28438 13
28439 34
28440 27
28441 22
28442 19
28443 22
28444 16
28445 19
28446 59
28447 17
28448 25
28449 31
28450 21
28451 22
28452 49
28453 33
28454 42
28455 36
28456 35
28457 34
28458 46
28459 33
28460 28
28461 33
28462 8
28463 22
28464 28
28465 15
28466 23
28467 28
28468 25
28469 22
28470 37
28471 32
28472 24
28473 38
28474 21
28475 18
28476 42
28477 23
28478 35
28479 50
28480 15
28481 23
28482 31
28483 13
28484 31
28485 28
28486 17
28487 22
28488 33
28489 13
28490 15
28491 44
28492 14
28493 40
28494 30
28495 17
28496 16
28497 36
28498 31
28499 23
28500 31
28501 17
28502 35
28503 29
28504 29
28505 18
28506 34
28507 22
28508 35
28509 25
28510 12
28511 32
28512 30
28513 27
28514 14
28515 28
28516 12
28517 29
28518 30
28519 24
28520 17
28521 28
28522 27
28523 22
28524 45
28525 19
28526 31
28527 26
28528 38
28529 15
28530 25
28531 35
28532 40
28533 46
28534 17
28535 20
28536 40
28537 24
28538 16
28539 43
28540 12
28541 22
28542 33
28543 16
28544 11
28545 34
28546 33
28547 23
28548 37
28549 30
28550 31
28551 37
28552 23
28553 34
28554 40
28555 16
28556 39
28557 32
28558 18
28559 26
28560 21
28561 11
28562 19
28563 25
28564 10
28565 22
28566 34
28567 21
28568 20
28569 30
28570 28
28571 25
28572 43
28573 28
28574 25
28575 29
28576 27
28577 26
28578 34
28579 29
28580 25
28581 25
28582 24
28583 19
28584 43
28585 14
28586 15
28587 45
28588 30
28589 31
28590 37
28591 30
28592 17
28593 54
28594 22
28595 24
28596 43
28597 15
28598 31
28599 35
28600 21
28601 24
28602 29
28603 26
28604 37
28605 32
28606 13
28607 17
28608 42
28609 13
28610 14
28611 57
28612 20
28613 28
28614 36
28615 14
28616 18
28617 34
28618 28
28619 25
28620 36
28621 17
28622 39
28623 31
28624 24
28625 22
28626 27
28627 25
28628 36
28629 37
28630 17
28631 41
28632 36
28633 34
28634 23
28635 32
28636 20
28637 29
28638 41
28639 27
28640 16
28641 28
28642 27
28643 15
28644 41
28645 19
28646 31
28647 29
28648 26
28649 25
28650 29
28651 30
28652 29
28653 51
28654 14
28655 26
28656 38
28657 26
28658 21
28659 43
28660 16
28661 20
28662 39
28663 16
28664 16
28665 29
28666 38
28667 23
28668 28
28669 18
28670 28
28671 41
28672 15
28673 35
28674 30
28675 22
28676 32
28677 48
28678 7
28679 31
28680 27
28681 14
28682 16
28683 32
28684 22
28685 19
28686 41
28687 21
28688 24
28689 38
28690 24
28691 30
28692 33
28693 27
28694 28
28695 24
28696 24
28697 26
28698 32
28699 29
28700 33
28701 31
28702 13
28703 20
28704 27
28705 15
28706 16
28707 28
28708 16
28709 14
28710 32
28711 45
28712 25
28713 53
28714 23
28715 20
28716 33
28717 22
28718 34
28719 41
28720 19
28721 23
28722 28
28723 17
28724 25
28725 28
28726 11
28727 20
28728 29
28729 14
28730 15
28731 40
28732 22
28733 23
28734 44
28735 15
28736 28
28737 39
28738 39
28739 27
28740 36
28741 10
28742 30
28743 31
28744 41
28745 25
28746 36
28747 28
28748 28
28749 36
28750 12
28751 39
28752 33
28753 32
28754 18
28755 32
28756 34
28757 22
28758 57
28759 29
28760 14
28761 21
28762 37
28763 18
28764 53
28765 18
28766 35
28767 32
28768 24
28769 22
28770 34
28771 33
28772 22
28773 50
28774 20
28775 18
28776 28
28777 33
28778 15
28779 36
28780 15
28781 15
28782 39
28783 28
28784 15
28785 26
28786 22
28787 15
28788 36
28789 15
28790 23
28791 42
28792 25
28793 25
28794 32
28795 22
28796 28
28797 50
28798 18
28799 22
28800 28
28801 20
28802 11
28803 28
28804 20
28805 14
28806 31
28807 16
28808 21
28809 36
28810 22
28811 29
28812 44
28813 22
28814 34
28815 25
28816 33
28817 18
28818 38
28819 21
28820 23
28821 34
28822 16
28823 26
28824 28
28825 17
28826 19
28827 35
28828 23
28829 17
28830 28
28831 41
28832 18
28833 41
28834 28
28835 14
28836 46
28837 20
28838 40
28839 35
28840 20
28841 20
28842 37
28843 16
28844 35
28845 32
28846 23
28847 29
28848 29
28849 19
28850 10
28851 42
28852 18
28853 34
28854 32
28855 26
28856 17
28857 37
28858 33
28859 28
28860 39
28861 13
28862 45
28863 25
28864 40
28865 19
28866 35
28867 17
28868 32
28869 28
28870 12
28871 19
28872 23
28873 34
28874 15
28875 38
28876 29
28877 43
28878 42
28879 26
28880 13
28881 28
28882 33
28883 24
28884 37
28885 14
28886 29
28887 34
28888 17
28889 23
28890 26
28891 23
28892 22
28893 39
28894 15
28895 20
28896 20
28897 29
28898 18
28899 37
28900 21
28901 34
28902 43
28903 20
28904 23
28905 28
28906 30
28907 22
28908 40
28909 21
28910 22
28911 44
28912 25
28913 37
28914 39
28915 18
28916 32
28917 46
28918 17
28919 28
28920 24
28921 16
28922 10
28923 29
28924 18
28925 19
28926 38
28927 24
28928 28
28929 35
28930 23
28931 40
28932 45
28933 41
28934 35
28935 31
28936 34
28937 23
28938 34
28939 38
28940 28
28941 33
28942 14
28943 15
28944 26
28945 17
28946 20
28947 24
28948 16
28949 14
28950 34
28951 36
28952 24
28953 57
28954 29
28955 23
28956 46
28957 29
28958 35
28959 49
28960 22
28961 20
28962 39
28963 16
28964 24
28965 20
28966 25
28967 23
28968 38
28969 13
28970 16
28971 30
28972 16
28973 26
28974 45
28975 18
28976 15
28977 42
28978 34
28979 41
28980 35
28981 14
28982 28
28983 27
28984 30
28985 23
28986 41
28987 14
28988 25
28989 25
28990 19
28991 25
28992 31
28993 26
28994 17
28995 25
28996 12
28997 22
28998 43
28999 24
29000 20
29001 23
29002 22
29003 21
29004 42
29005 13
29006 31
29007 35
29008 27
29009 26
29010 25
29011 35
29012 24
29013 46
29014 21
29015 19
29016 29
29017 20
29018 10
29019 31
29020 15
29021 12
29022 30
29023 19
29024 16
29025 27
29026 24
29027 15
29028 45
29029 14
29030 27
29031 51
29032 29
29033 30
29034 40
29035 24
29036 23
29037 48
29038 17
29039 23
29040 28
29041 17
29042 15
29043 26
29044 23
29045 16
29046 41
29047 22
29048 27
29049 34
29050 21
29051 41
29052 47
29053 33
29054 34
29055 29
29056 33
29057 23
29058 29
29059 34
29060 24
29061 27
29062 25
29063 24
29064 22
29065 18
29066 21
29067 26
29068 24
29069 21
29070 43
29071 29
29072 18
29073 54
29074 37
29075 20
29076 43
29077 30
29078 34
29079 44
29080 24
29081 26
29082 32
29083 18
29084 30
29085 30
29086 22
29087 32
29088 32
29089 23
29090 18
29091 44
29092 23
29093 38
29094 43
29095 20
29096 17
29097 34
29098 36
29099 18
29100 35
29101 13
29102 32
29103 28
29104 28
29105 20
29106 36
29107 25
29108 28
29109 39
29110 4
29111 30
29112 28
29113 30
29114 17
29115 30
29116 19
29117 28
29118 35
29119 16
29120 14
29121 16
29122 27
29123 16
29124 36
29125 15
29126 36
29127 34
29128 36
29129 29
29130 25
29131 42
29132 28
29133 59
29134 15
29135 23
29136 29
29137 29
29138 6
29139 43
29140 16
29141 18
29142 34
29143 20
29144 20
29145 20
29146 30
29147 22
29148 52
29149 18
29150 35
29151 45
29152 31
29153 33
29154 32
29155 19
29156 39
29157 44
29158 12
29159 25
29160 17
29161 17
29162 22
29163 26
29164 11
29165 20
29166 41
29167 21
29168 22
29169 28
29170 26
29171 29
29172 38
29173 31
29174 34
29175 24
29176 34
29177 26
29178 28
29179 24
29180 22
29181 26
29182 18
29183 22
29184 33
29185 10
29186 21
29187 47
29188 15
29189 21
29190 31
29191 30
29192 18
29193 55
29194 32
29195 24
29196 35
29197 24
29198 32
29199 42
29200 25
29201 16
29202 34
29203 23
29204 33
29205 27
29206 28
29207 20
29208 37
29209 12
29210 18
29211 50
29212 17
29213 37
29214 37
29215 12
29216 19
29217 45
29218 30
29219 21
29220 34
29221 14
29222 21
29223 19
29224 27
29225 22
29226 35
29227 17
29228 36
29229 23
29230 17
29231 22
29232 32
29233 19
29234 22
29235 22
29236 16
29237 22
29238 36
29239 14
29240 12
29241 22
29242 29
29243 21
29244 35
29245 18
29246 23
29247 31
29248 26
29249 29
29250 30
29251 44
29252 46
29253 47
29254 16
29255 24
29256 40
29257 23
29258 16
29259 37
29260 18
29261 13
29262 37
29263 21
29264 19
29265 35
29266 16
29267 26
29268 33
29269 18
29270 24
29271 58
29272 20
29273 25
29274 31
29275 21
29276 31
29277 41
29278 24
29279 31
29280 26
29281 26
29282 22
29283 23
29284 19
29285 19
29286 43
29287 28
29288 19
29289 41
29290 23
29291 30
29292 28
29293 36
29294 28
29295 28
29296 27
29297 31
29298 29
29299 23
29300 28
29301 28
29302 17
29303 19
29304 45
29305 22
29306 22
29307 31
29308 27
29309 21
29310 32
29311 34
29312 18
29313 50
29314 21
29315 24
29316 35
29317 23
29318 43
29319 36
29320 16
29321 18
29322 32
29323 28
29324 37
29325 22
29326 22
29327 24
29328 38
29329 16
29330 17
29331 47
29332 22
29333 34
29334 41
29335 18
29336 16
29337 41
29338 34
29339 23
29340 27
29341 18
29342 30
29343 25
29344 23
29345 21
29346 23
29347 26
29348 33
29349 38
29350 15
29351 36
29352 34
29353 21
29354 11
29355 38
29356 24
29357 28
29358 36
29359 35
29360 16
29361 25
29362 32
29363 21
29364 48
29365 16
29366 29
29367 30
29368 33
29369 30
29370 24
29371 33
29372 30
29373 61
29374 8
29375 23
29376 33
29377 21
29378 15
29379 45
29380 11
29381 21
29382 49
29383 19
29384 24
29385 30
29386 35
29387 26
29388 47
29389 20
29390 26
29391 36
29392 24
29393 27
29394 29
29395 29
29396 25
29397 37
29398 17
29399 23
29400 19
29401 11
29402 17
29403 31
29404 23
29405 23
29406 50
29407 20
29408 30
29409 33
29410 25
29411 28
29412 53
29413 31
29414 40
29415 33
29416 29
29417 24
29418 38
29419 23
29420 19
29421 29
29422 14
29423 18
29424 29
29425 12
29426 17
29427 33
29428 20
29429 24
29430 28
29431 29
29432 22
29433 55
29434 26
29435 16
29436 48
29437 23
29438 35
29439 35
29440 19
29441 17
29442 36
29443 15
29444 31
29445 27
29446 17
29447 24
29448 37
29449 15
29450 15
29451 42
29452 19
29453 24
29454 32
29455 16
29456 17
29457 37
29458 27
29459 33
29460 31
29461 18
29462 45
29463 28
29464 27
29465 20
29466 36
29467 22
29468 41
29469 30
29470 17
29471 24
29472 28
29473 18
29474 10
29475 31
29476 22
29477 21
29478 35
29479 27
29480 16
29481 31
29482 21
29483 16
29484 50
29485 24
29486 44
29487 30
29488 25
29489 29
29490 33
29491 23
29492 36
29493 41
29494 20
29495 18
29496 35
29497 23
29498 20
29499 34
29500 9
29501 23
29502 32
29503 22
29504 12
29505 35
29506 33
29507 25
29508 28
29509 14
29510 25
29511 48
29512 23
29513 38
29514 27
29515 14
29516 28
29517 30
29518 18
29519 22
29520 17
29521 20
29522 14
29523 27
29524 21
29525 31
29526 34
29527 24
29528 24
29529 37
29530 27
29531 37
29532 38
29533 29
29534 38
29535 33
29536 32
29537 25
29538 34
29539 28
29540 27
29541 29
29542 10
29543 14
29544 29
29545 16
29546 18
29547 29
29548 29
29549 24
29550 34
29551 34
29552 19
29553 50
29554 28
29555 20
29556 32
29557 38
29558 33
29559 44
29560 21
29561 9
29562 34
29563 14
29564 20
29565 23
29566 21
29567 23
29568 46
29569 15
29570 16
29571 27
29572 21
29573 26
29574 32
29575 30
29576 25
29577 48
29578 27
29579 33
29580 36
29581 20
29582 24
29583 38
29584 30
29585 17
29586 39
29587 17
29588 26
29589 33
29590 19
29591 27
29592 33
29593 21
29594 19
29595 24
29596 15
29597 21
29598 37
29599 23
29600 14
29601 34
29602 35
29603 32
29604 48
29605 18
29606 33
29607 32
29608 29
29609 22
29610 30
29611 32
29612 32
29613 51
29614 16
29615 23
29616 39
29617 21
29618 18
29619 34
29620 12
29621 24
29622 31
29623 23
29624 11
29625 30
29626 35
29627 18
29628 49
29629 20
29630 32
29631 38
29632 22
29633 29
29634 41
29635 23
29636 28
29637 45
29638 15
29639 25
29640 26
29641 22
29642 13
29643 30
29644 7
29645 18
29646 37
29647 23
29648 32
29649 30
29650 24
29651 23
29652 45
29653 27
29654 45
29655 32
29656 31
29657 22
29658 43
29659 34
29660 24
29661 31
29662 15
29663 19
29664 24
29665 15
29666 13
29667 39
29668 21
29669 19
29670 35
29671 29
29672 20
29673 44
29674 30
29675 22
29676 45
29677 17
29678 37
29679 51
29680 21
29681 22
29682 34
29683 19
29684 28
29685 23
29686 26
29687 23
29688 28
29689 13
29690 20
29691 41
29692 24
29693 39
29694 41
29695 19
29696 20
29697 39
29698 30
29699 31
29700 36
29701 21
29702 39
29703 27
29704 25
29705 16
29706 38
29707 17
29708 23
29709 32
29710 17
29711 42
29712 32
29713 33
29714 14
29715 31
29716 21
29717 29
29718 39
29719 29
29720 14
29721 21
29722 33
29723 19
29724 32
29725 12
29726 36
29727 32
29728 25
29729 23
29730 31
29731 35
29732 20
29733 58
29734 19
29735 29
29736 29
29737 39
29738 10
29739 39
29740 15
29741 18
29742 31
29743 12
29744 9
29745 25
29746 20
29747 16
29748 41
29749 19
29750 18
29751 53
29752 25
29753 51
29754 30
29755 15
29756 29
29757 39
29758 11
29759 29
29760 20
29761 16
29762 11
29763 21
29764 23
29765 19
29766 33
29767 19
29768 19
29769 32
29770 25
29771 39
29772 46
29773 29
29774 37
29775 29
29776 39
29777 34
29778 50
29779 31
29780 19
29781 25
29782 18
29783 10
29784 43
29785 12
29786 14
29787 33
29788 21
29789 17
29790 36
29791 44
29792 13
29793 42
29794 26
29795 19
29796 43
29797 22
29798 37
29799 36
29800 25
29801 10
29802 42
29803 19
29804 34
29805 23
29806 15
29807 22
29808 39
29809 17
29810 20
29811 54
29812 20
29813 31
29814 44
29815 25
29816 22
29817 53
29818 35
29819 28
29820 38
29821 13
29822 35
29823 23
29824 26
29825 14
29826 36
29827 16
29828 29
29829 31
29830 14
29831 36
29832 32
29833 32
29834 20
29835 35
29836 17
29837 43
29838 31
29839 27
29840 12
29841 27
29842 22
29843 18
29844 33
29845 13
29846 26
29847 18
29848 20
29849 13
29850 28
29851 40
29852 39
29853 43
29854 29
29855 14
29856 41
29857 24
29858 17
29859 46
29860 8
29861 21
29862 38
29863 16
29864 19
29865 33
29866 27
29867 19
29868 47
29869 21
29870 26
29871 40
29872 30
29873 20
29874 30
29875 18
29876 46
29877 41
29878 14
29879 17
29880 22
29881 13
29882 11
29883 19
29884 19
29885 25
29886 31
29887 18
29888 21
29889 40
29890 25
29891 34
29892 41
29893 34
29894 29
29895 30
29896 31
29897 21
29898 36
29899 29
29900 29
29901 25
29902 18
29903 15
29904 30
29905 14
29906 13
29907 28
29908 17
29909 26
29910 29
29911 27
29912 19
29913 53
29914 23
29915 27
29916 39
29917 24
29918 40
29919 38
29920 19
29921 17
29922 34
29923 19
29924 32
29925 23
29926 25
29927 23
29928 40
29929 14
29930 17
29931 48
29932 22
29933 33
29934 45
29935 19
29936 16
29937 46
29938 30
29939 29
29940 32
29941 11
29942 31
29943 29
29944 26
29945 15
29946 40
29947 24
29948 27
29949 35
29950 12
29951 32
29952 26
29953 42
29954 25
29955 26
29956 24
29957 23
29958 43
29959 30
29960 10
29961 30
29962 30
29963 17
29964 37
29965 22
29966 25
29967 32
29968 16
29969 30
29970 21
29971 39
29972 27
29973 51
29974 12
29975 27
29976 32
29977 25
29978 18
29979 38
29980 30
29981 13
29982 37
29983 19
29984 23
29985 23
29986 32
29987 19
29988 38
29989 19
29990 22
29991 37
29992 29
29993 53
29994 23
29995 18
29996 29
29997 36
29998 17
29999 34
30000 21
30001 13
30002 14
30003 22
30004 18
30005 16
30006 40
30007 26
30008 26
30009 30
30010 25
30011 28
30012 46
30013 28
30014 31
30015 35
30016 27
30017 30
30018 38
30019 26
30020 27
30021 32
30022 11
30023 21
30024 37
30025 16
30026 19
30027 38
30028 16
30029 19
30030 36
30031 42
30032 20
30033 49
30034 23
30035 17
30036 42
30037 21
30038 43
30039 42
30040 23
30041 16
30042 32
30043 25
30044 31
30045 34
30046 22
30047 20
30048 27
30049 18
30050 13
30051 39
30052 31
30053 32
30054 38
30055 14
30056 27
30057 41
30058 40
30059 24
30060 35
30061 15
30062 34
30063 27
30064 31
30065 15
30066 29
30067 15
30068 29
30069 28
30070 23
30071 32
30072 25
30073 28
30074 17
30075 30
30076 21
30077 28
30078 39
30079 36
30080 12
30081 30
30082 29
30083 19
30084 43
30085 15
30086 37
30087 32
30088 34
30089 22
30090 37
30091 24
30092 34
30093 37
30094 18
30095 26
30096 47
30097 27
30098 8
30099 45
30100 13
30101 26
30102 38
30103 17
30104 20
30105 34
30106 27
30107 33
30108 54
30109 19
30110 37
30111 43
30112 25
30113 28
30114 38
30115 21
30116 44
30117 33
30118 23
30119 23
30120 23
30121 19
30122 12
30123 30
30124 18
30125 22
30126 33
30127 20
30128 15
30129 31
30130 22
30131 33
30132 40
30133 28
30134 38
30135 32
30136 32
30137 25
30138 36
30139 25
30140 25
30141 29
30142 14
30143 23
30144 34
30145 22
30146 6
30147 27
30148 19
30149 24
30150 28
30151 40
30152 14
30153 37
30154 25
30155 28
30156 44
30157 19
30158 34
30159 36
30160 20
30161 15
30162 35
30163 17
30164 30
30165 28
30166 15
30167 18
30168 40
30169 26
30170 19
30171 41
30172 13
30173 36
30174 39
30175 17
30176 22
30177 45
30178 30
30179 30
30180 24
30181 20
30182 33
30183 22
30184 25
30185 15
30186 29
30187 18
30188 34
30189 34
30190 16
30191 26
30192 29
30193 27
30194 15
30195 36
30196 20
30197 31
30198 29
30199 29
30200 15
30201 38
30202 24
30203 19
30204 28
30205 20
30206 29
30207 29
30208 28
30209 23
30210 23
30211 31
30212 28
30213 41
30214 19
30215 19
30216 31
30217 19
30218 12
30219 36
30220 18
30221 28
30222 34
30223 23
30224 18
30225 30
30226 32
30227 27
30228 38
30229 15
30230 23
30231 35
30232 31
30233 22
30234 33
30235 19
30236 24
30237 39
30238 17
30239 21
30240 20
30241 19
30242 13
30243 25
30244 9
30245 16
30246 39
30247 16
30248 19
30249 25
30250 31
30251 30
30252 35
30253 30
30254 30
30255 28
30256 27
30257 13
30258 29
30259 28
30260 21
30261 33
30262 17
30263 20
30264 36
30265 14
30266 17
30267 29
30268 26
30269 23
30270 29
30271 29
30272 18
30273 53
30274 22
30275 26
30276 39
30277 26
30278 38
30279 50
30280 20
30281 26
30282 35
30283 23
30284 38
30285 32
30286 30
30287 29
30288 42
30289 18
30290 14
30291 50
30292 21
30293 33
30294 50
30295 31
30296 15
30297 42
30298 33
30299 25
30300 34
30301 17
30302 38
30303 37
30304 31
30305 29
30306 36
30307 16
30308 26
30309 32
30310 15
30311 33
30312 39
30313 34
30314 11
30315 30
30316 24
30317 31
30318 56
30319 22
30320 16
30321 29
30322 34
30323 17
30324 42
30325 13
30326 34
30327 30
30328 19
30329 22
30330 31
30331 37
30332 21
30333 50
30334 16
30335 22
30336 24
30337 26
30338 12
30339 40
30340 11
30341 17
30342 47
30343 21
30344 26
30345 23
30346 31
30347 17
30348 36
30349 10
30350 37
30351 47
30352 25
30353 29
30354 36
30355 13
30356 30
30357 45
30358 22
30359 34
30360 25
30361 26
30362 18
30363 32
30364 17
30365 14
30366 39
30367 29
30368 24
30369 34
30370 17
30371 29
30372 44
30373 24
30374 34
30375 30
30376 34
30377 27
30378 41
30379 24
30380 25
30381 27
30382 18
30383 24
30384 32
30385 24
30386 24
30387 33
30388 17
30389 29
30390 25
30391 31
30392 20
30393 51
30394 28
30395 24
30396 45
30397 26
30398 32
30399 33
30400 20
30401 15
30402 44
30403 20
30404 34
30405 31
30406 13
30407 15
30408 32
30409 16
30410 10
30411 46
30412 30
30413 30
30414 30
30415 18
30416 22
30417 35
30418 37
30419 27
30420 31
30421 16
30422 34
30423 27
30424 30
30425 19
30426 41
30427 18
30428 33
30429 30
30430 17
30431 31
30432 23
30433 24
30434 15
30435 31
30436 17
30437 41
30438 37
30439 32
30440 18
30441 35
30442 30
30443 15
30444 34
30445 11
30446 28
30447 32
30448 28
30449 19
30450 32
30451 39
30452 34
30453 50
30454 13
30455 21
30456 28
30457 23
30458 18
30459 52
30460 11
30461 23
30462 29
30463 16
30464 18
30465 23
30466 37
30467 20
30468 44
30469 13
30470 19
30471 33
30472 29
30473 17
30474 34
30475 16
30476 30
30477 40
30478 14
30479 32
30480 24
30481 17
30482 18
30483 22
30484 14
30485 16
30486 37
30487 12
30488 16
30489 24
30490 18
30491 21
30492 53
30493 40
30494 27
30495 26
30496 30
30497 26
30498 36
30499 27
30500 31
30501 22
30502 26
30503 20
30504 44
30505 14
30506 33
30507 29
30508 16
30509 26
30510 37
30511 28
30512 25
30513 45
30514 28
30515 23
30516 39
30517 30
30518 37
30519 37
30520 18
30521 23
30522 30
30523 18
30524 37
30525 31
30526 25
30527 18
30528 49
30529 16
30530 16
30531 38
30532 22
30533 28
30534 42
30535 14
30536 27
30537 42
30538 32
30539 29
30540 29
30541 18
30542 32
30543 29
30544 20
30545 25
30546 34
30547 27
30548 30
30549 30
30550 12
30551 31
30552 38
30553 25
30554 18
30555 29
30556 19
30557 19
30558 44
30559 33
30560 19
30561 31
30562 24
30563 24
30564 29
30565 19
30566 27
30567 28
30568 21
30569 20
30570 21
30571 42
30572 24
30573 52
30574 20
30575 13
30576 23
30577 25
30578 17
30579 40
30580 15
30581 17
30582 40
30583 18
30584 22
30585 36
30586 30
30587 17
30588 34
30589 12
30590 23
30591 53
30592 24
30593 41
30594 23
30595 26
30596 28
30597 42
30598 15
30599 28
30600 25
30601 13
30602 26
30603 26
30604 22
30605 16
30606 42
30607 14
30608 16
30609 34
30610 25
30611 28
30612 41
30613 21
30614 32
30615 29
30616 28
30617 39
30618 35
30619 26
30620 26
30621 34
30622 11
30623 17
30624 35
30625 17
30626 24
30627 31
30628 32
30629 20
30630 32
30631 38
30632 15
30633 44
30634 28
30635 18
30636 48
30637 22
30638 37
30639 37
30640 20
30641 25
30642 34
30643 21
30644 33
30645 41
30646 7
30647 25
30648 23
30649 18
30650 5
30651 53
30652 20
30653 25
30654 38
30655 27
30656 20
30657 43
30658 30
30659 25
30660 37
30661 16
30662 39
30663 33
30664 28
30665 22
30666 32
30667 19
30668 41
30669 41
30670 5
30671 37
30672 25
30673 27
30674 14
30675 40
30676 18
30677 26
30678 37
30679 30
30680 17
30681 26
30682 28
30683 21
30684 43
30685 13
30686 34
30687 31
30688 29
30689 17
30690 29
30691 31
30692 26
30693 51
30694 21
30695 26
30696 23
30697 20
30698 11
30699 40
30700 15
30701 23
30702 31
30703 13
30704 13
30705 27
30706 31
30707 21
30708 51
30709 22
30710 36
30711 44
30712 33
30713 23
30714 35
30715 20
30716 33
30717 34
30718 10
30719 28
30720 28
30721 16
30722 11
30723 34
30724 16
30725 21
30726 27
30727 28
30728 18
30729 27
30730 16
30731 29
30732 39
30733 28
30734 46
30735 26
30736 30
30737 24
30738 40
30739 22
30740 27
30741 23
30742 16
30743 23
30744 31
30745 20
30746 19
30747 30
30748 25
30749 21
30750 32
30751 38
30752 13
30753 51
30754 26
30755 25
30756 36
30757 27
30758 33
30759 55
30760 24
30761 21
30762 37
30763 22
30764 37
30765 32
30766 22
30767 20
30768 48
30769 16
30770 13
30771 43
30772 27
30773 26
30774 38
30775 22
30776 22
30777 51
30778 29
30779 32
30780 32
30781 18
30782 29
30783 31
30784 28
30785 22
30786 40
30787 17
30788 39
30789 34
30790 20
30791 22
30792 40
30793 31
30794 23
30795 19
30796 21
30797 29
30798 48
30799 26
30800 15
30801 27
30802 27
30803 20
30804 35
30805 17
30806 29
30807 35
30808 26
30809 26
30810 25
30811 39
30812 36
30813 48
30814 14
30815 21
30816 33
30817 25
30818 23
30819 36
30820 13
30821 18
30822 42
30823 20
30824 12
30825 28
30826 28
30827 24
30828 29
30829 17
30830 20
30831 49
30832 19
30833 49
30834 28
30835 21
30836 41
30837 45
30838 19
30839 25
30840 32
30841 12
30842 20
30843 30
30844 25
30845 22
30846 32
30847 18
30848 12
30849 25
30850 21
30851 28
30852 36
30853 29
30854 31
30855 27
30856 27
30857 33
30858 38
30859 27
30860 24
30861 30
30862 20
30863 17
30864 27
30865 11
30866 16
30867 24
30868 20
30869 19
30870 25
30871 24
30872 15
30873 42
30874 22
30875 27
30876 44
30877 32
30878 37
30879 33
30880 24
30881 15
30882 28
30883 18
30884 31
30885 29
30886 22
30887 16
30888 31
30889 17
30890 17
30891 37
30892 16
30893 30
30894 36
30895 16
30896 22
30897 34
30898 30
30899 29
30900 25
30901 15
30902 34
30903 33
30904 27
30905 24
30906 28
30907 28
30908 26
30909 31
30910 16
30911 39
30912 27
30913 21
30914 18
30915 24
30916 22
30917 23
30918 49
30919 20
30920 19
30921 27
30922 47
30923 19
30924 40
30925 15
30926 24
30927 31
30928 31
30929 31
30930 21
30931 29
30932 25
30933 58
30934 23
30935 23
30936 36
30937 26
30938 16
30939 37
30940 16
30941 17
30942 51
30943 20
30944 11
30945 24
30946 29
30947 23
30948 41
30949 13
30950 28
30951 39
30952 26
30953 37
30954 38
30955 24
30956 35
30957 44
30958 20
30959 21
30960 24
30961 19
30962 13
30963 27
30964 18
30965 13
30966 47
30967 17
30968 17
30969 32
30970 21
30971 13
30972 30
30973 19
30974 31
30975 22
30976 32
30977 27
30978 33
30979 27
30980 28
30981 36
30982 18
30983 22
30984 39
30985 21
30986 14
30987 31
30988 28
30989 13
30990 33
30991 27
30992 19
30993 50
30994 25
30995 21
30996 47
30997 14
30998 36
30999 35
31000 25
31001 16
31002 40
31003 18
31004 42
31005 28
31006 36
31007 30
31008 40
31009 24
31010 17
31011 52
31012 17
31013 30
31014 45
31015 24
31016 12
31017 32
31018 28
31019 30
31020 44
31021 8
31022 28
31023 29
31024 27
31025 18
31026 32
31027 26
31028 28
31029 34
31030 11
31031 47
31032 37
31033 39
31034 16
31035 36
31036 16
31037 31
31038 39
31039 30
31040 16
31041 25
31042 39
31043 16
31044 39
31045 18
31046 38
31047 26
31048 31
31049 18
31050 30
31051 32
31052 26
31053 62
31054 19
31055 19
31056 24
31057 28
31058 15
31059 49
31060 20
31061 24
31062 36
31063 21
31064 20
31065 28
31066 33
31067 25
31068 35
31069 19
31070 20
31071 40
31072 32
31073 29
31074 37
31075 18
31076 25
31077 42
31078 14
31079 26
31080 23
31081 19
31082 12
31083 26
31084 21
31085 25
31086 48
31087 32
31088 26
31089 30
31090 23
31091 38
31092 42
31093 30
31094 25
31095 24
31096 24
31097 23
31098 39
31099 18
31100 23
31101 29
31102 12
31103 17
31104 44
31105 17
31106 13
31107 29
31108 19
31109 26
31110 32
31111 44
31112 24
31113 40
31114 26
31115 23
31116 30
31117 30
31118 31
31119 41
31120 26
31121 17
31122 36
31123 27
31124 34
31125 27
31126 23
31127 24
31128 38
31129 16
31130 19
31131 59
31132 11
31133 31
31134 39
31135 19
31136 10
31137 51
31138 24
31139 23
31140 29
31141 22
31142 29
31143 32
31144 34
31145 26
31146 39
31147 19
31148 31
31149 28
31150 15
31151 32
31152 37
31153 28
31154 27
31155 26
31156 10
31157 25
31158 41
31159 28
31160 17
31161 28
31162 28
31163 24
31164 31
31165 15
31166 39
31167 26
31168 24
31169 26
31170 23
31171 24
31172 30
31173 36
31174 21
31175 14
31176 24
31177 21
31178 16
31179 35
31180 18
31181 16
31182 36
31183 17
31184 16
31185 28
31186 25
31187 25
31188 29
31189 16
31190 24
31191 39
31192 25
31193 30
31194 29
31195 22
31196 30
31197 40
31198 20
31199 18
31200 28
31201 15
31202 15
31203 25
31204 20
31205 18
31206 36
31207 22
31208 22
31209 31
31210 22
31211 37
31212 42
31213 23
31214 24
31215 34
31216 27
31217 16
31218 35
31219 29
31220 28
31221 26
31222 20
31223 20
31224 32
31225 15
31226 28
31227 27
31228 26
31229 28
31230 32
31231 32
31232 16
31233 51
31234 31
31235 24
31236 49
31237 30
31238 35
31239 33
31240 22
31241 21
31242 24
31243 23
31244 25
31245 28
31246 18
31247 23
31248 28
31249 26
31250 8
31251 46
31252 21
31253 41
31254 46
31255 15
31256 16
31257 35
31258 42
31259 25
31260 48
31261 16
31262 33
31263 26
31264 25
31265 21
31266 35
31267 24
31268 24
31269 41
31270 10
31271 28
31272 26
31273 40
31274 16
31275 37
31276 28
31277 29
31278 48
31279 30
31280 13
31281 24
31282 30
31283 20
31284 44
31285 14
31286 27
31287 29
31288 28
31289 18
31290 19
31291 34
31292 31
31293 63
31294 11
31295 21
31296 29
31297 26
31298 10
31299 44
31300 16
31301 16
31302 40
31303 21
31304 22
31305 24
31306 31
31307 19
31308 45
31309 18
31310 26
31311 50
31312 23
31313 22
31314 29
31315 17
31316 19
31317 47
31318 10
31319 33
31320 24
31321 18
31322 16
31323 28
31324 17
31325 17
31326 44
31327 18
31328 23
31329 32
31330 25
31331 33
31332 47
31333 26
31334 37
31335 22
31336 34
31337 21
31338 33
31339 24
31340 28
31341 21
31342 13
31343 17
31344 36
31345 14
31346 15
31347 34
31348 18
31349 24
31350 28
31351 38
31352 21
31353 51
31354 23
31355 19
31356 41
31357 22
31358 47
31359 48
31360 23
31361 20
31362 29
31363 19
31364 37
31365 30
31366 18
31367 22
31368 38
31369 14
31370 13
31371 42
31372 14
31373 34
31374 24
31375 27
31376 27
31377 55
31378 31
31379 26
31380 37
31381 16
31382 41
31383 34
31384 38
31385 19
31386 40
31387 15
31388 49
31389 25
31390 14
31391 31
31392 34
31393 37
31394 20
31395 29
31396 19
31397 32
31398 33
31399 34
31400 15
31401 36
31402 33
31403 25
31404 41
31405 19
31406 36
31407 28
31408 27
31409 14
31410 31
31411 26
31412 41
31413 31
31414 19
31415 12
31416 32
31417 25
31418 14
31419 34
31420 18
31421 21
31422 31
31423 18
31424 14
31425 29
31426 22
31427 26
31428 38
31429 24
31430 19
31431 57
31432 21
31433 31
31434 30
31435 19
31436 42
31437 38
31438 24
31439 31
31440 28
31441 16
31442 20
31443 24
31444 11
31445 19
31446 30
31447 19
31448 11
31449 40
31450 23
31451 23
31452 36
31453 28
31454 29
31455 28
31456 36
31457 37
31458 43
31459 18
31460 33
31461 26
31462 21
31463 17
31464 32
31465 17
31466 26
31467 23
31468 21
31469 19
31470 32
31471 34
31472 16
31473 42
31474 27
31475 14
31476 40
31477 20
31478 44
31479 45
31480 16
31481 20
31482 45
31483 23
31484 29
31485 27
31486 18
31487 17
31488 36
31489 12
31490 12
31491 42
31492 22
31493 33
31494 43
31495 17
31496 20
31497 32
31498 26
31499 28
31500 38
31501 23
31502 43
31503 26
31504 30
31505 17
31506 34
31507 25
31508 24
31509 32
31510 14
31511 41
31512 36
31513 27
31514 19
31515 31
31516 13
31517 24
31518 33
31519 22
31520 18
31521 23
31522 20
31523 20
31524 34
31525 19
31526 28
31527 39
31528 27
31529 28
31530 20
31531 33
31532 27
31533 57
31534 19
31535 36
31536 29
31537 28
31538 16
31539 42
31540 15
31541 13
31542 42
31543 16
31544 23
31545 29
31546 38
31547 22
31548 43
31549 26
31550 21
31551 42
31552 24
31553 45
31554 32
31555 32
31556 34
31557 44
31558 15
31559 36
31560 32
31561 13
31562 20
31563 26
31564 17
31565 21
31566 48
31567 10
31568 16
31569 31
31570 25
31571 25
31572 39
31573 33
31574 34
31575 25
31576 25
31577 28
31578 46
31579 27
31580 25
31581 33
31582 19
31583 18
31584 30
31585 10
31586 22
31587 31
31588 10
31589 23
31590 36
31591 23
31592 26
31593 44
31594 24
31595 20
31596 35
31597 16
31598 43
31599 25
31600 17
31601 22
31602 36
31603 20
31604 36
31605 22
31606 22
31607 25
31608 32
31609 17
31610 6
31611 47
31612 24
31613 25
31614 45
31615 19
31616 19
31617 29
31618 34
31619 24
31620 45
31621 12
31622 27
31623 23
31624 28
31625 17
31626 29
31627 31
31628 26
31629 27
31630 13
31631 40
31632 23
31633 36
31634 15
31635 30
31636 20
31637 25
31638 36
31639 25
31640 15
31641 29
31642 16
31643 16
31644 50
31645 19
31646 28
31647 31
31648 34
31649 17
31650 25
31651 35
31652 27
31653 50
31654 24
31655 29
31656 44
31657 27
31658 19
31659 46
31660 14
31661 18
31662 31
31663 23
31664 8
31665 30
31666 29
31667 19
31668 33
31669 16
31670 24
31671 31
31672 18
31673 37
31674 31
31675 12
31676 28
31677 38
31678 13
31679 26
31680 25
31681 14
31682 20
31683 32
31684 13
31685 22
31686 35
31687 23
31688 11
31689 37
31690 26
31691 32
31692 42
31693 19
31694 42
31695 36
31696 26
31697 27
31698 43
31699 23
31700 22
31701 24
31702 12
31703 15
31704 35
31705 13
31706 20
31707 33
31708 24
31709 31
31710 31
31711 39
31712 23
31713 61
31714 27
31715 25
31716 41
31717 22
31718 44
31719 40
31720 25
31721 19
31722 44
31723 16
31724 30
31725 33
31726 24
31727 14
31728 39
31729 14
31730 11
31731 48
31732 13
31733 43
31734 38
31735 38
31736 22
31737 48
31738 28
31739 34
31740 25
31741 22
31742 22
31743 32
31744 27
31745 16
31746 39
31747 21
31748 30
31749 28
31750 7
31751 28
31752 31
31753 26
31754 17
31755 29
31756 12
31757 27
31758 31
31759 28
31760 17
31761 43
31762 25
31763 19
31764 27
31765 21
31766 29
31767 36
31768 30
31769 28
31770 29
31771 32
31772 35
31773 43
31774 25
31775 18
31776 30
31777 22
31778 20
31779 50
31780 28
31781 23
31782 42
31783 18
31784 11
31785 30
31786 38
31787 32
31788 46
31789 23
31790 28
31791 48
31792 22
31793 37
31794 37
31795 17
31796 28
31797 42
31798 13
31799 22
31800 33
31801 19
31802 17
31803 20
31804 17
31805 18
31806 41
31807 23
31808 15
31809 27
31810 19
31811 31
31812 49
31813 25
31814 26
31815 35
31816 32
31817 26
31818 37
31819 27
31820 30
31821 31
31822 14
31823 17
31824 29
31825 20
31826 20
31827 21
31828 22
31829 17
31830 36
31831 22
31832 20
31833 41
31834 32
31835 21
31836 49
31837 19
31838 34
31839 38
31840 19
31841 18
31842 28
31843 22
31844 34
31845 32
31846 29
31847 26
31848 31
31849 18
31850 17
31851 38
31852 28
31853 23
31854 44
31855 21
31856 32
31857 39
31858 33
31859 27
31860 37
31861 16
31862 30
31863 27
31864 25
31865 15
31866 31
31867 29
31868 21
31869 33
31870 18
31871 36
31872 25
31873 26
31874 17
31875 26
31876 29
31877 27
31878 50
31879 32
31880 18
31881 30
31882 33
31883 21
31884 45
31885 17
31886 34
31887 33
31888 26
31889 18
31890 29
31891 33
31892 20
31893 55
31894 20
31895 14
31896 28
31897 35
31898 18
31899 38
31900 16
31901 17
31902 42
31903 21
31904 16
31905 26
31906 32
31907 21
31908 36
31909 20
31910 29
31911 40
31912 25
31913 26
31914 29
31915 19
31916 26
31917 41
31918 14
31919 20
31920 22
31921 15
31922 18
31923 24
31924 27
31925 15
31926 39
31927 16
31928 24
31929 28
31930 20
31931 28
31932 32
31933 31
31934 25
31935 29
31936 33
31937 34
31938 25
31939 28
31940 20
31941 25
31942 18
31943 20
31944 37
31945 18
31946 10
31947 33
31948 22
31949 23
31950 29
31951 32
31952 19
31953 46
31954 27
31955 19
31956 48
31957 21
31958 36
31959 38
31960 22
31961 12
31962 43
31963 16
31964 32
31965 29
31966 15
31967 19
31968 40
31969 16
31970 13
31971 43
31972 12
31973 27
31974 26
31975 16
31976 22
31977 42
31978 29
31979 27
31980 38
31981 14
31982 40
31983 24
31984 30
31985 15
31986 33
31987 22
31988 42
31989 23
31990 13
31991 32
31992 24
31993 19
31994 17
31995 25
31996 25
31997 26
31998 29
31999 35
32000 21
32001 34
32002 29
32003 13
32004 47
32005 16
32006 40
32007 31
32008 27
32009 27
32010 25
32011 34
32012 31
32013 52
32014 20
32015 17
32016 26
32017 28
32018 14
32019 50
32020 11
32021 29
32022 32
32023 18
32024 21
32025 28
32026 32
32027 18
32028 50
32029 14
32030 26
32031 44
32032 25
32033 40
32034 35
32035 17
32036 27
32037 48
32038 18
32039 29
32040 27
32041 13
32042 13
32043 31
32044 17
32045 23
32046 32
32047 24
32048 25
32049 39
32050 24
32051 40
32052 44
32053 38
32054 33
32055 37
32056 29
32057 26
32058 29
32059 42
32060 34
32061 25
32062 18
32063 15
32064 26
32065 16
32066 15
32067 28
32068 31
32069 24
32070 24
32071 32
32072 27
32073 59
32074 21
32075 14
32076 35
32077 38
32078 38
32079 47
32080 24
32081 15
32082 36
32083 12
32084 32
32085 22
32086 30
32087 23
32088 27
32089 13
32090 22
32091 45
32092 23
32093 25
32094 46
32095 14
32096 12
32097 34
32098 36
32099 25
32100 30
32101 14
32102 34
32103 25
32104 29
32105 15
32106 36
32107 15
32108 23
32109 29
32110 16
32111 34
32112 34
32113 18
32114 19
32115 29
32116 23
32117 29
32118 52
32119 29
32120 18
32121 27
32122 23
32123 22
32124 39
32125 16
32126 32
32127 42
32128 25
32129 19
32130 25
32131 50
32132 27
32133 54
32134 20
32135 22
32136 33
32137 27
32138 15
32139 39
32140 18
32141 19
32142 36
32143 19
32144 17
32145 28
32146 26
32147 20
32148 30
32149 19
32150 16
32151 50
32152 21
32153 46
32154 29
32155 18
32156 27
32157 46
32158 18
32159 39
32160 19
32161 10
32162 13
32163 25
32164 20
32165 15
32166 48
32167 18
32168 27
32169 30
32170 27
32171 33
32172 37
32173 33
32174 19
32175 23
32176 36
32177 34
32178 30
32179 29
32180 27
32181 28
32182 10
32183 17
32184 38
32185 17
32186 28
32187 35
32188 15
32189 26
32190 44
32191 28
32192 21
32193 47
32194 30
32195 28
32196 43
32197 31
32198 40
32199 28
32200 19
32201 18
32202 35
32203 16
32204 35
32205 27
32206 20
32207 23
32208 33
32209 15
32210 11
32211 52
32212 19
32213 34
32214 43
32215 20
32216 24
32217 39
32218 32
32219 24
32220 35
32221 14
32222 44
32223 20
32224 24
32225 15
32226 31
32227 21
32228 27
32229 31
32230 18
32231 36
32232 26
32233 38
32234 12
32235 42
32236 12
32237 22
32238 37
32239 31
32240 14
32241 33
32242 28
32243 22
32244 37
32245 13
32246 23
32247 27
32248 29
32249 19
32250 24
32251 40
32252 20
32253 50
32254 12
32255 22
32256 28
32257 26
32258 7
32259 36
32260 12
32261 27
32262 32
32263 19
32264 23
32265 34
32266 34
32267 28
32268 59
32269 11
32270 26
32271 42
32272 25
32273 29
32274 38
32275 25
32276 31
32277 41
32278 17
32279 31
32280 25
32281 16
32282 13
32283 28
32284 18
32285 25
32286 46
32287 21
32288 24
32289 33
32290 27
32291 22
32292 37
32293 27
32294 47
32295 17
32296 32
32297 18
32298 37
32299 13
32300 29
32301 25
32302 16
32303 17
32304 33
32305 18
32306 17
32307 31
32308 21
32309 21
32310 28
32311 40
32312 19
32313 51
32314 29
32315 23
32316 39
32317 19
32318 47
32319 37
32320 18
32321 17
32322 33
32323 15
32324 25
32325 22
32326 17
32327 22
32328 33
32329 23
32330 18
32331 39
32332 23
32333 39
32334 43
32335 21
32336 18
32337 35
32338 29
32339 22
32340 40
32341 15
32342 30
32343 24
32344 25
32345 21
32346 31
32347 16
32348 35
32349 33
32350 14
32351 26
32352 44
32353 28
32354 18
32355 32
32356 21
32357 26
32358 40
32359 24
32360 11
32361 24
32362 30
32363 23
32364 28
32365 16
32366 28
32367 37
32368 25
32369 26
32370 20
32371 30
32372 37
32373 49
32374 15
32375 20
32376 38
32377 20
32378 9
32379 42
32380 12
32381 23
32382 24
32383 21
32384 19
32385 36
32386 21
32387 23
32388 41
32389 17
32390 23
32391 45
32392 29
32393 30
32394 33
32395 24
32396 32
32397 44
32398 10
32399 22
32400 24
32401 18
32402 19
32403 27
32404 16
32405 20
32406 43
32407 24
32408 19
32409 35
32410 35
32411 38
32412 46
32413 40
32414 29
32415 32
32416 27
32417 13
32418 41
32419 24
32420 20
32421 28
32422 18
32423 23
32424 34
32425 14
32426 24
32427 28
32428 28
32429 26
32430 39
32431 27
32432 15
32433 48
32434 30
32435 31
32436 39
32437 31
32438 29
32439 45
32440 17
32441 19
32442 35
32443 20
32444 28
32445 22
32446 23
32447 19
32448 39
32449 16
32450 22
32451 40
32452 20
32453 35
32454 44
32455 19
32456 22
32457 41
32458 32
32459 24
32460 22
32461 17
32462 32
32463 30
32464 29
32465 22
32466 29
32467 21
32468 29
32469 35
32470 17
32471 24
32472 40
32473 33
32474 16
32475 35
32476 23
32477 28
32478 35
32479 19
32480 12
32481 29
32482 30
32483 18
32484 36
32485 9
32486 30
32487 39
32488 30
32489 28
32490 26
32491 39
32492 26
32493 51
32494 17
32495 27
32496 34
32497 21
32498 10
32499 38
32500 17
32501 13
32502 49
32503 20
32504 24
32505 23
32506 44
32507 23
32508 52
32509 14
32510 39
32511 40
32512 26
32513 34
32514 37
32515 21
32516 28
32517 47
32518 17
32519 30
32520 17
32521 22
32522 11
32523 33
32524 15
32525 17
32526 43
32527 29
32528 35
32529 27
32530 25
32531 36
32532 38
32533 18
32534 41
32535 31
32536 27
32537 27
32538 33
32539 27
32540 15
32541 32
32542 14
32543 24
32544 22
32545 21
32546 17
32547 38
32548 18
32549 22
32550 29
32551 32
32552 26
32553 47
32554 33
32555 18
32556 47
32557 28
32558 38
32559 34
32560 24
32561 20
32562 43
32563 20
32564 32
32565 28
32566 14
32567 17
32568 36
32569 16
32570 16
32571 32
32572 35
32573 26
32574 34
32575 19
32576 15
32577 42
32578 32
32579 15
32580 42
32581 17
32582 42
32583 26
32584 26
32585 13
32586 49
32587 14
32588 34
32589 31
32590 15
32591 21
32592 26
32593 18
32594 10
32595 26
32596 15
32597 19
32598 33
32599 26
32600 14
32601 29
32602 25
32603 16
32604 46
32605 18
32606 40
32607 34
32608 36
32609 20
32610 28
32611 35
32612 34
32613 49
32614 8
32615 21
32616 36
32617 17
32618 18
32619 43
32620 16
32621 19
32622 27
32623 24
32624 16
32625 35
32626 37
32627 28
32628 45
32629 19
32630 26
32631 50
32632 22
32633 31
32634 38
32635 25
32636 25
32637 47
32638 14
32639 32
32640 19
32641 23
32642 13
32643 26
32644 14
32645 27
32646 26
32647 21
32648 18
32649 38
32650 21
32651 32
32652 47
32653 34
32654 27
32655 34
32656 25
32657 29
32658 36
32659 33
32660 23
32661 21
32662 16
32663 18
32664 23
32665 18
32666 19
32667 20
32668 21
32669 24
32670 32
32671 30
32672 19
32673 43
32674 18
32675 14
32676 36
32677 29
32678 43
32679 41
32680 24
32681 23
32682 42
32683 22
32684 44
32685 26
32686 24
32687 15
32688 38
32689 20
32690 16
32691 39
32692 21
32693 30
32694 15
32695 21
32696 21
32697 36
32698 21
32699 26
32700 20
32701 16
32702 30
32703 37
32704 25
32705 23
32706 33
32707 19
32708 41
32709 33
32710 21
32711 29
32712 33
32713 20
32714 14
32715 25
32716 24
32717 23
32718 34
32719 26
32720 12
32721 30
32722 25
32723 21
32724 28
32725 17
32726 33
32727 31
32728 25
32729 25
32730 28
32731 26
32732 30
32733 37
32734 26
32735 24
32736 40
32737 26
32738 15
32739 40
32740 17
32741 19
32742 36
32743 23
32744 17
32745 32
32746 23
32747 23
32748 38
32749 18
32750 21
32751 48
32752 21
32753 31
32754 35
32755 11
32756 21
32757 34
32758 15
32759 35
32760 19
32761 24
32762 14
32763 28
32764 11
32765 21
32766 29
32767 19
32768 26
32769 42
32770 23
32771 31
32772 34
32773 28
32774 30
32775 43
32776 33
32777 43
32778 37
32779 39
32780 23
32781 35
32782 18
32783 23
32784 33
32785 13
32786 18
32787 30
32788 21
32789 21
32790 36
32791 29
32792 17
32793 46
32794 28
32795 21
32796 54
32797 16
32798 34
32799 41
32800 25
32801 23
32802 49
32803 21
32804 41
32805 37
32806 28
32807 21
32808 41
32809 17
32810 19
32811 43
32812 27
32813 28
32814 55
32815 22
32816 17
32817 42
32818 28
32819 24
32820 37
32821 11
32822 41
32823 23
32824 26
32825 18
32826 36
32827 23
32828 33
32829 36
32830 6
32831 38
32832 17
32833 30
32834 18
32835 29
32836 18
32837 19
32838 44
32839 26
32840 17
32841 20
32842 31
32843 22
32844 45
32845 11
32846 43
32847 27
32848 22
32849 24
32850 27
32851 41
32852 33
32853 66
32854 24
32855 24
32856 29
32857 28
32858 17
32859 58
32860 15
32861 21
32862 41
32863 17
32864 11
32865 29
32866 17
32867 27
32868 47
32869 29
32870 22
32871 36
32872 23
32873 34
32874 23
32875 16
32876 30
32877 46
32878 14
32879 39
32880 16
32881 15
32882 12
32883 25
32884 11
32885 24
32886 26
32887 24
32888 23
32889 28
32890 19
32891 31
32892 47
32893 34
32894 35
32895 32
32896 35
32897 24
32898 36
32899 27
32900 28
32901 23
32902 17
32903 14
32904 32
32905 20
32906 13
32907 25
32908 19
32909 16
32910 35
32911 34
32912 23
32913 38
32914 32
32915 26
32916 38
32917 23
32918 36
32919 31
32920 23
32921 17
32922 32
32923 24
32924 32
32925 24
32926 21
32927 22
32928 35
32929 20
32930 10
32931 49
32932 28
32933 29
32934 51
32935 22
32936 24
32937 53
32938 40
32939 24
32940 32
32941 18
32942 24
32943 28
32944 31
32945 23
32946 39
32947 16
32948 27
32949 23
32950 17
32951 32
32952 42
32953 26
32954 13
32955 25
32956 27
32957 28
32958 45
32959 31
32960 11
32961 32
32962 26
32963 25
32964 42
32965 11
32966 24
32967 36
32968 26
32969 23
32970 27
32971 22
32972 34
32973 28
32974 15
32975 17
32976 36
32977 24
32978 16
32979 31
32980 11
32981 18
32982 49
32983 17
32984 16
32985 27
32986 31
32987 16
32988 36
32989 18
32990 29
32991 33
32992 27
32993 33
32994 33
32995 20
32996 34
32997 33
32998 10
32999 18
33000 29
33001 11
33002 17
33003 27
33004 23
33005 22
33006 40
33007 17
33008 23
33009 36
33010 21
33011 34
33012 50
33013 32
33014 34
33015 29
33016 32
33017 25
33018 41
33019 15
33020 25
33021 30
33022 17
33023 17
33024 36
33025 18
33026 11
33027 28
33028 21
33029 30
33030 37
33031 32
33032 14
33033 45
33034 29
33035 23
33036 43
33037 23
33038 35
33039 33
33040 19
33041 18
33042 25
33043 23
33044 25
33045 31
33046 13
33047 20
33048 31
33049 9
33050 13
33051 43
33052 20
33053 38
33054 42
33055 24
33056 23
33057 38
33058 40
33059 33
33060 32
33061 23
33062 39
33063 34
33064 34
33065 13
33066 32
33067 22
33068 23
33069 32
33070 15
33071 23
33072 25
33073 25
33074 17
33075 26
33076 18
33077 31
33078 44
33079 21
33080 11
33081 29
33082 36
33083 23
33084 35
33085 23
33086 34
33087 23
33088 24
33089 24
33090 25
33091 30
33092 24
33093 55
33094 18
33095 26
33096 22
33097 19
33098 14
33099 45
33100 6
33101 14
33102 43
33103 12
33104 20
33105 16
33106 31
33107 19
33108 39
33109 16
33110 28
33111 50
33112 28
33113 46
33114 29
33115 17
33116 27
33117 39
33118 18
33119 37
33120 22
33121 17
33122 9
33123 30
33124 16
33125 16
33126 42
33127 20
33128 24
33129 32
33130 30
33131 37
33132 48
33133 30
33134 39
33135 37
33136 40
33137 41
33138 43
33139 41
33140 22
33141 35
33142 12
33143 24
33144 36
33145 24
33146 9
33147 34
33148 15
33149 12
33150 32
33151 44
33152 25
33153 47
33154 32
33155 23
33156 44
33157 24
33158 36
33159 41
33160 22
33161 17
33162 30
33163 22
33164 29
33165 35
33166 18
33167 22
33168 33
33169 25
33170 14
33171 42
33172 11
33173 22
33174 43
33175 16
33176 24
33177 47
33178 34
33179 23
33180 37
33181 12
33182 39
33183 20
33184 28
33185 18
33186 38
33187 15
33188 30
33189 33
33190 18
33191 33
33192 34
33193 32
33194 19
33195 33
33196 17
33197 26
33198 36
33199 28
33200 6
33201 26
33202 32
33203 15
33204 40
33205 17
33206 34
33207 33
33208 31
33209 24
33210 40
33211 39
33212 40
33213 51
33214 15
33215 23
33216 42
33217 20
33218 17
33219 44
33220 19
33221 18
33222 20
33223 19
33224 23
33225 32
33226 21
33227 13
33228 44
33229 15
33230 37
33231 49
33232 34
33233 24
33234 35
33235 13
33236 44
33237 47
33238 14
33239 21
33240 23
33241 11
33242 9
33243 29
33244 14
33245 24
33246 24
33247 25
33248 18
33249 30
33250 24
33251 44
33252 33
33253 32
33254 37
33255 33
33256 32
33257 22
33258 30
33259 38
33260 20
33261 26
33262 11
33263 22
33264 31
33265 16
33266 13
33267 31
33268 17
33269 27
33270 30
33271 35
33272 14
33273 43
33274 26
33275 27
33276 34
33277 31
33278 25
33279 44
33280 17
33281 14
33282 27
33283 20
33284 32
33285 22
33286 23
33287 19
33288 39
33289 14
33290 20
33291 43
33292 23
33293 34
33294 37
33295 15
33296 10
33297 47
33298 34
33299 23
33300 33
33301 25
33302 29
33303 32
33304 28
33305 20
33306 35
33307 17
33308 47
33309 34
33310 21
33311 24
33312 35
33313 33
33314 19
33315 25
33316 16
33317 25
33318 38
33319 25
33320 13
33321 32
33322 21
33323 16
33324 36
33325 23
33326 27
33327 34
33328 29
33329 21
33330 29
33331 41
33332 35
33333 46
33334 17
33335 19
33336 42
33337 26
33338 15
33339 35
33340 15
33341 25
33342 33
33343 21
33344 18
33345 29
33346 22
33347 21
33348 33
33349 10
33350 30
33351 42
33352 30
33353 30
33354 40
33355 21
33356 33
33357 34
33358 19
33359 24
33360 26
33361 21
33362 12
33363 27
33364 18
33365 20
33366 33
33367 25
33368 21
33369 33
33370 22
33371 30
33372 30
33373 27
33374 28
33375 36
33376 23
33377 21
33378 30
33379 32
33380 18
33381 33
33382 22
33383 18
33384 33
33385 17
33386 26
33387 35
33388 22
33389 24
33390 26
33391 33
33392 15
33393 57
33394 23
33395 18
33396 36
33397 24
33398 31
33399 36
33400 16
33401 20
33402 32
33403 22
33404 28
33405 29
33406 22
33407 17
33408 37
33409 15
33410 17
33411 53
33412 27
33413 30
33414 40
33415 17
33416 22
33417 37
33418 40
33419 29
33420 37
33421 18
33422 27
33423 31
33424 34
33425 20
33426 33
33427 17
33428 30
33429 32
33430 13
33431 27
33432 23
33433 28
33434 23
33435 17
33436 36
33437 31
33438 62
33439 16
33440 17
33441 30
33442 40
33443 18
33444 45
33445 15
33446 27
33447 28
33448 21
33449 18
33450 32
33451 31
33452 29
33453 45
33454 24
33455 17
33456 32
33457 21
33458 21
33459 31
33460 19
33461 17
33462 55
33463 24
33464 20
33465 25
33466 37
33467 28
33468 35
33469 11
33470 26
33471 38
33472 18
33473 22
33474 41
33475 15
33476 30
33477 41
33478 18
33479 26
33480 24
33481 14
33482 23
33483 24
33484 15
33485 16
33486 33
33487 22
33488 18
33489 41
33490 16
33491 29
33492 41
33493 41
33494 30
33495 38
33496 31
33497 24
33498 33
33499 29
33500 27
33501 25
33502 19
33503 25
33504 32
33505 16
33506 25
33507 30
33508 20
33509 20
33510 30
33511 40
33512 15
33513 46
33514 18
33515 20
33516 45
33517 32
33518 42
33519 32
33520 20
33521 19
33522 33
33523 17
33524 40
33525 27
33526 20
33527 22
33528 37
33529 19
33530 24
33531 43
33532 12
33533 28
33534 35
33535 22
33536 25
33537 44
33538 32
33539 29
33540 37
33541 19
33542 40
33543 30
33544 28
33545 20
33546 29
33547 22
33548 40
33549 24
33550 16
33551 28
33552 33
33553 27
33554 13
33555 42
33556 19
33557 33
33558 35
33559 31
33560 18
33561 39
33562 33
33563 22
33564 40
33565 16
33566 34
33567 31
33568 22
33569 18
33570 22
33571 38
33572 42
33573 39
33574 19
33575 21
33576 40
33577 30
33578 15
33579 52
33580 18
33581 35
33582 32
33583 16
33584 19
33585 32
33586 23
33587 21
33588 31
33589 12
33590 25
33591 31
33592 23
33593 21
33594 27
33595 21
33596 30
33597 34
33598 21
33599 27
33600 20
33601 12
33602 19
33603 20
33604 17
33605 28
33606 33
33607 17
33608 14
33609 33
33610 22
33611 30
33612 40
33613 23
33614 27
33615 26
33616 35
33617 33
33618 28
33619 23
33620 28
33621 25
33622 19
33623 19
33624 42
33625 16
33626 27
33627 34
33628 33
33629 27
33630 34
33631 38
33632 7
33633 51
33634 30
33635 27
33636 44
33637 24
33638 35
33639 43
33640 18
33641 23
33642 39
33643 21
33644 28
33645 31
33646 17
33647 20
33648 45
33649 11
33650 15
33651 44
33652 33
33653 34
33654 52
33655 20
33656 11
33657 42
33658 30
33659 33
33660 34
33661 22
33662 30
33663 35
33664 24
33665 26
33666 34
33667 20
33668 25
33669 27
33670 4
33671 42
33672 40
33673 22
33674 13
33675 23
33676 23
33677 25
33678 46
33679 32
33680 16
33681 26
33682 28
33683 17
33684 47
33685 21
33686 27
33687 27
33688 22
33689 23
33690 29
33691 27
33692 29
33693 52
33694 11
33695 21
33696 33
33697 24
33698 17
33699 30
33700 6
33701 12
33702 43
33703 9
33704 24
33705 31
33706 32
33707 25
33708 40
33709 17
33710 27
33711 46
33712 20
33713 35
33714 33
33715 25
33716 22
33717 42
33718 12
33719 28
33720 23
33721 13
33722 17
33723 27
33724 18
33725 10
33726 48
33727 13
33728 21
33729 29
33730 24
33731 34
33732 34
33733 33
33734 39
33735 25
33736 33
33737 36
33738 34
33739 18
33740 21
33741 29
33742 9
33743 22
33744 27
33745 16
33746 15
33747 31
33748 21
33749 23
33750 32
33751 46
33752 19
33753 49
33754 20
33755 23
33756 44
33757 21
33758 33
33759 52
33760 21
33761 21
33762 37
33763 22
33764 28
33765 25
33766 18
33767 23
33768 25
33769 21
33770 5
33771 44
33772 12
33773 36
33774 32
33775 17
33776 20
33777 44
33778 26
33779 27
33780 24
33781 19
33782 33
33783 28
33784 29
33785 17
33786 36
33787 30
33788 23
33789 36
33790 7
33791 31
33792 29
33793 32
33794 6
33795 34
33796 15
33797 27
33798 26
33799 30
33800 20
33801 29
33802 31
33803 18
33804 38
33805 14
33806 43
33807 22
33808 31
33809 16
33810 30
33811 31
33812 30
33813 55
33814 27
33815 23
33816 25
33817 26
33818 17
33819 41
33820 15
33821 19
33822 31
33823 19
33824 14
33825 23
33826 31
33827 17
33828 50
33829 8
33830 34
33831 48
33832 31
33833 33
33834 39
33835 12
33836 45
33837 47
33838 15
33839 36
33840 30
33841 21
33842 14
33843 29
33844 18
33845 18
33846 30
33847 23
33848 15
33849 20
33850 23
33851 21
33852 45
33853 21
33854 41
33855 26
33856 24
33857 27
33858 47
33859 33
33860 39
33861 23
33862 12
33863 16
33864 38
33865 14
33866 17
33867 41
33868 25
33869 31
33870 31
33871 36
33872 13
33873 54
33874 21
33875 25
33876 36
33877 21
33878 45
33879 48
33880 23
33881 21
33882 30
33883 19
33884 35
33885 29
33886 28
33887 23
33888 37
33889 14
33890 13
33891 48
33892 22
33893 47
33894 34
33895 21
33896 20
33897 53
33898 29
33899 29
33900 33
33901 20
33902 32
33903 24
33904 28
33905 19
33906 42
33907 19
33908 35
33909 33
33910 13
33911 26
33912 31
33913 31
33914 21
33915 30
33916 11
33917 27
33918 42
33919 28
33920 19
33921 35
33922 30
33923 20
33924 40
33925 18
33926 32
33927 28
33928 32
33929 16
33930 24
33931 35
33932 37
33933 51
33934 22
33935 18
33936 40
33937 15
33938 19
33939 36
33940 21
33941 18
33942 33
33943 15
33944 26
33945 31
33946 33
33947 27
33948 36
33949 21
33950 23
33951 54
33952 30
33953 30
33954 28
33955 17
33956 33
33957 41
33958 31
33959 22
33960 32
33961 13
33962 22
33963 27
33964 22
33965 24
33966 37
33967 15
33968 18
33969 28
33970 22
33971 29
33972 35
33973 18
33974 23
33975 31
33976 31
33977 30
33978 39
33979 37
33980 22
33981 28
33982 23
33983 18
33984 29
33985 15
33986 13
33987 30
33988 21
33989 21
33990 37
33991 31
33992 14
33993 59
33994 19
33995 21
33996 29
33997 22
33998 29
33999 40
34000 18
34001 21
34002 33
34003 23
34004 25
34005 36
34006 30
34007 18
34008 35
34009 19
34010 15
34011 36
34012 29
34013 18
34014 42
34015 18
34016 27
34017 39
34018 23
34019 18
34020 31
34021 17
34022 29
34023 30
34024 20
34025 13
34026 38
34027 23
34028 28
34029 34
34030 20
34031 27
34032 30
34033 33
34034 28
34035 34
34036 19
34037 15
34038 40
34039 21
34040 17
34041 24
34042 36
34043 21
34044 40
34045 15
34046 31
34047 33
34048 30
34049 26
34050 25
34051 20
34052 26
34053 52
34054 20
34055 22
34056 34
34057 23
34058 20
34059 28
34060 18
34061 18
34062 46
34063 17
34064 19
34065 32
34066 27
34067 24
34068 37
34069 16
34070 22
34071 41
34072 23
34073 29
34074 30
34075 21
34076 33
34077 32
34078 21
34079 16
34080 25
34081 19
34082 24
34083 27
34084 22
34085 13
34086 43
34087 29
34088 21
34089 29
34090 25
34091 29
34092 36
34093 32
34094 29
34095 31
34096 22
34097 21
34098 29
34099 23
34100 24
34101 27
34102 16
34103 19
34104 29
34105 17
34106 17
34107 33
34108 23
34109 28
34110 24
34111 37
34112 21
34113 51
34114 28
34115 20
34116 39
34117 26
34118 30
34119 36
34120 27
34121 11
34122 32
34123 23
34124 34
34125 32
34126 27
34127 28
34128 33
34129 23
34130 20
34131 43
34132 11
34133 33
34134 45
34135 12
34136 21
34137 35
34138 35
34139 22
34140 49
34141 16
34142 33
34143 28
34144 34
34145 18
34146 42
34147 27
34148 36
34149 32
34150 15
34151 38
34152 41
34153 30
34154 23
34155 30
34156 17
34157 27
34158 45
34159 31
34160 12
34161 23
34162 24
34163 19
34164 50
34165 20
34166 43
34167 34
34168 29
34169 23
34170 25
34171 29
34172 24
34173 42
34174 20
34175 18
34176 20
34177 32
34178 16
34179 39
34180 7
34181 23
34182 35
34183 17
34184 23
34185 28
34186 28
34187 27
34188 50
34189 19
34190 28
34191 50
34192 29
34193 32
34194 32
34195 16
34196 32
34197 35
34198 19
34199 24
34200 28
34201 13
34202 11
34203 23
34204 17
34205 29
34206 33
34207 22
34208 23
34209 30
34210 23
34211 39
34212 41
34213 16
34214 23
34215 28
34216 20
34217 29
34218 26
34219 28
34220 30
34221 27
34222 17
34223 21
34224 31
34225 17
34226 12
34227 24
34228 19
34229 24
34230 27
34231 40
34232 22
34233 63
34234 21
34235 22
34236 41
34237 38
34238 19
34239 41
34240 22
34241 16
34242 17
34243 31
34244 31
34245 27
34246 29
34247 26
34248 33
34249 23
34250 13
34251 52
34252 17
34253 37
34254 35
34255 31
34256 12
34257 50
34258 36
34259 44
34260 26
34261 15
34262 33
34263 29
34264 28
34265 18
34266 46
34267 17
34268 31
34269 33
34270 15
34271 29
34272 32
34273 27
34274 20
34275 23
34276 22
34277 40
34278 44
34279 29
34280 9
34281 29
34282 34
34283 24
34284 35
34285 14
34286 29
34287 40
34288 29
34289 22
34290 28
34291 31
34292 29
34293 36
34294 11
34295 23
34296 24
34297 17
34298 16
34299 34
34300 23
34301 19
34302 44
34303 12
34304 7
34305 25
34306 21
34307 23
34308 39
34309 21
34310 24
34311 50
34312 26
34313 36
34314 28
34315 15
34316 28
34317 41
34318 17
34319 23
34320 31
34321 16
34322 11
34323 27
34324 13
34325 16
34326 31
34327 23
34328 17
34329 36
34330 21
34331 35
34332 42
34333 31
34334 31
34335 30
34336 32
34337 31
34338 29
34339 25
34340 22
34341 28
34342 13
34343 22
34344 39
34345 14
34346 26
34347 29
34348 21
34349 16
34350 37
34351 31
34352 21
34353 52
34354 41
34355 28
34356 49
34357 31
34358 37
34359 39
34360 30
34361 14
34362 29
34363 20
34364 33
34365 29
34366 17
34367 22
34368 40
34369 18
34370 16
34371 42
34372 19
34373 42
34374 43
34375 18
34376 17
34377 40
34378 42
34379 32
34380 34
34381 16
34382 35
34383 27
34384 22
34385 17
34386 41
34387 26
34388 19
34389 39
34390 11
34391 36
34392 32
34393 39
34394 11
34395 35
34396 13
34397 30
34398 37
34399 30
34400 19
34401 31
34402 26
34403 12
34404 36
34405 15
34406 35
34407 26
34408 31
34409 18
34410 25
34411 32
34412 21
34413 46
34414 12
34415 19
34416 23
34417 27
34418 9
34419 47
34420 19
34421 23
34422 35
34423 15
34424 16
34425 26
34426 38
34427 21
34428 39
34429 17
34430 27
34431 38
34432 23
34433 27
34434 35
34435 22
34436 27
34437 37
34438 13
34439 28
34440 18
34441 19
34442 14
34443 24
34444 21
34445 10
34446 41
34447 18
34448 21
34449 27
34450 26
34451 24
34452 51
34453 36
34454 40
34455 21
34456 40
34457 23
34458 40
34459 19
34460 35
34461 17
34462 21
34463 19
34464 42
34465 17
34466 17
34467 29
34468 20
34469 22
34470 38
34471 33
34472 19
34473 42
34474 28
34475 22
34476 53
34477 15
34478 51
34479 48
34480 21
34481 14
34482 43
34483 21
34484 39
34485 32
34486 13
34487 23
34488 39
34489 24
34490 13
34491 50
34492 17
34493 41
34494 37
34495 19
34496 14
34497 41
34498 33
34499 26
34500 34
34501 20
34502 38
34503 22
34504 25
34505 19
34506 35
34507 31
34508 31
34509 34
34510 8
34511 27
34512 34
34513 29
34514 8
34515 29
34516 24
34517 34
34518 48
34519 27
34520 17
34521 31
34522 27
34523 16
34524 39
34525 21
34526 30
34527 24
34528 28
34529 28
34530 29
34531 20
34532 38
34533 36
34534 22
34535 16
34536 38
34537 14
34538 14
34539 34
34540 12
34541 16
34542 37
34543 23
34544 15
34545 26
34546 19
34547 23
34548 33
34549 20
34550 25
34551 50
34552 17
34553 35
34554 29
34555 21
34556 40
34557 30
34558 10
34559 26
34560 29
34561 9
34562 20
34563 30
34564 17
34565 14
34566 34
34567 18
34568 19
34569 33
34570 23
34571 31
34572 40
34573 32
34574 29
34575 24
34576 36
34577 25
34578 40
34579 23
34580 29
34581 28
34582 24
34583 13
34584 50
34585 12
34586 15
34587 23
34588 27
34589 17
34590 33
34591 23
34592 16
34593 48
34594 30
34595 28
34596 36
34597 22
34598 29
34599 46
34600 21
34601 18
34602 46
34603 17
34604 34
34605 21
34606 26
34607 25
34608 36
34609 15
34610 18
34611 33
34612 20
34613 31
34614 36
34615 24
34616 21
34617 49
34618 32
34619 30
34620 31
34621 19
34622 30
34623 34
34624 25
34625 23
34626 30
34627 28
34628 34
34629 35
34630 10
34631 27
34632 33
34633 32
34634 23
34635 33
34636 27
34637 26
34638 38
34639 23
34640 21
34641 26
34642 29
34643 17
34644 30
34645 10
34646 32
34647 33
34648 24
34649 30
34650 31
34651 44
34652 30
34653 71
34654 23
34655 27
34656 34
34657 22
34658 14
34659 47
34660 21
34661 11
34662 37
34663 15
34664 20
34665 21
34666 27
34667 15
34668 33
34669 19
34670 25
34671 46
34672 18
34673 53
34674 31
34675 20
34676 28
34677 50
34678 12
34679 39
34680 22
34681 20
34682 14
34683 23
34684 20
34685 7
34686 49
34687 22
34688 19
34689 21
34690 25
34691 27
34692 49
34693 24
34694 39
34695 29
34696 28
34697 32
34698 43
34699 20
34700 21
34701 34
34702 12
34703 23
34704 29
34705 26
34706 23
34707 45
34708 19
34709 21
34710 28
34711 33
34712 32
34713 41
34714 27
34715 15
34716 39
34717 21
34718 42
34719 39
34720 16
34721 22
34722 36
34723 26
34724 24
34725 47
34726 19
34727 23
34728 30
34729 18
34730 20
34731 60
34732 23
34733 37
34734 29
34735 25
34736 21
34737 41
34738 33
34739 12
34740 34
34741 22
34742 31
34743 32
34744 27
34745 16
34746 36
34747 18
34748 27
34749 39
34750 12
34751 40
34752 23
34753 23
34754 11
34755 30
34756 17
34757 21
34758 42
34759 29
34760 19
34761 30
34762 21
34763 16
34764 38
34765 14
34766 37
34767 24
34768 29
34769 21
34770 18
34771 38
34772 29
34773 39
34774 16
34775 23
34776 29
34777 19
34778 18
34779 43
34780 14
34781 12
34782 34
34783 18
34784 19
34785 24
34786 26
34787 20
34788 34
34789 19
34790 22
34791 45
34792 17
34793 38
34794 30
34795 19
34796 24
34797 42
34798 14
34799 27
34800 26
34801 12
34802 15
34803 26
34804 15
34805 17
34806 34
34807 20
34808 16
34809 32
34810 21
34811 41
34812 39
34813 27
34814 29
34815 36
34816 35
34817 29
34818 48
34819 27
34820 26
34821 24
34822 22
34823 19
34824 21
34825 24
34826 24
34827 29
34828 16
34829 24
34830 24
34831 44
34832 11
34833 53
34834 17
34835 22
34836 35
34837 30
34838 33
34839 31
34840 18
34841 17
34842 35
34843 23
34844 35
34845 29
34846 28
34847 20
34848 35
34849 33
34850 15
34851 47
34852 26
34853 31
34854 52
34855 25
34856 22
34857 42
34858 30
34859 28
34860 37
34861 19
34862 29
34863 20
34864 22
34865 16
34866 39
34867 24
34868 44
34869 36
34870 15
34871 30
34872 33
34873 22
34874 20
34875 27
34876 23
34877 29
34878 42
34879 29
34880 18
34881 30
34882 26
34883 18
34884 41
34885 13
34886 34
34887 28
34888 25
34889 23
34890 25
34891 31
34892 37
34893 52
34894 28
34895 19
34896 27
34897 15
34898 15
34899 34
34900 19
34901 16
34902 40
34903 24
34904 18
34905 24
34906 34
34907 26
34908 43
34909 19
34910 26
34911 41
34912 24
34913 33
34914 31
34915 23
34916 22
34917 29
34918 14
34919 21
34920 32
34921 20
34922 17
34923 17
34924 14
34925 18
34926 40
34927 17
34928 22
34929 29
34930 17
34931 24
34932 40
34933 29
34934 34
34935 33
34936 33
34937 32
34938 31
34939 27
34940 20
34941 27
34942 9
34943 17
34944 23
34945 18
34946 22
34947 24
34948 25
34949 21
34950 24
34951 25
34952 26
34953 48
34954 27
34955 26
34956 47
34957 21
34958 36
34959 45
34960 18
34961 22
34962 37
34963 19
34964 24
34965 36
34966 18
34967 23
34968 29
34969 19
34970 8
34971 49
34972 25
34973 32
34974 49
34975 26
34976 30
34977 42
34978 40
34979 41
34980 49
34981 17
34982 36
34983 37
34984 43
34985 24
34986 36
34987 23
34988 31
34989 34
34990 9
34991 28
34992 34
34993 26
34994 20
34995 25
34996 15
34997 27
34998 51
34999 22
35000 17
35001 30
35002 38
35003 21
35004 44
35005 17
35006 37
35007 31
35008 28
35009 26
35010 25
35011 30
35012 28
35013 58
35014 16
35015 29
35016 30
35017 23
35018 16
35019 39
35020 21
35021 15
35022 44
35023 12
35024 18
35025 23
35026 28
35027 18
35028 38
35029 17
35030 26
35031 34
35032 20
35033 32
35034 26
35035 23
35036 31
35037 53
35038 18
35039 29
35040 19
35041 17
35042 19
35043 26
35044 9
35045 16
35046 36
35047 16
35048 19
35049 22
35050 20
35051 27
35052 37
35053 24
35054 36
35055 27
35056 32
35057 22
35058 35
35059 26
35060 24
35061 29
35062 21
35063 20
35064 26
35065 24
35066 17
35067 27
35068 23
35069 23
35070 33
35071 26
35072 21
35073 42
35074 29
35075 20
35076 55
35077 24
35078 45
35079 41
35080 31
35081 15
35082 37
35083 24
35084 41
35085 26
35086 18
35087 13
35088 32
35089 18
35090 10
35091 44
35092 21
35093 31
35094 42
35095 16
35096 21
35097 35
35098 32
35099 30
35100 35
35101 19
35102 33
35103 25
35104 31
35105 10
35106 32
35107 21
35108 28
35109 27
35110 19
35111 23
35112 28
35113 22
35114 12
35115 31
35116 19
35117 30
35118 46
35119 32
35120 16
35121 33
35122 29
35123 24
35124 39
35125 15
35126 20
35127 35
35128 26
35129 23
35130 23
35131 27
35132 27
35133 47
35134 15
35135 22
35136 32
35137 26
35138 12
35139 50
35140 14
35141 28
35142 40
35143 24
35144 13
35145 40
35146 29
35147 22
35148 47
35149 19
35150 23
35151 43
35152 20
35153 30
35154 32
35155 20
35156 36
35157 30
35158 8
35159 26
35160 25
35161 16
35162 19
35163 28
35164 17
35165 25
35166 33
35167 23
35168 27
35169 34
35170 18
35171 36
35172 39
35173 28
35174 31
35175 26
35176 34
35177 25
35178 38
35179 38
35180 34
35181 28
35182 16
35183 21
35184 43
35185 16
35186 18
35187 28
35188 19
35189 22
35190 35
35191 34
35192 27
35193 44
35194 29
35195 16
35196 42
35197 27
35198 31
35199 38
35200 26
35201 25
35202 30
35203 16
35204 43
35205 33
35206 12
35207 27
35208 37
35209 16
35210 20
35211 47
35212 18
35213 27
35214 44
35215 18
35216 15
35217 40
35218 41
35219 32
35220 27
35221 14
35222 30
35223 31
35224 21
35225 21
35226 31
35227 22
35228 29
35229 29
35230 17
35231 32
35232 27
35233 19
35234 16
35235 31
35236 19
35237 32
35238 45
35239 23
35240 12
35241 34
35242 29
35243 19
35244 38
35245 13
35246 33
35247 33
35248 31
35249 18
35250 17
35251 47
35252 23
35253 53
35254 16
35255 22
35256 35
35257 24
35258 15
35259 45
35260 13
35261 20
35262 31
35263 24
35264 22
35265 27
35266 32
35267 14
35268 34
35269 17
35270 18
35271 45
35272 24
35273 30
35274 24
35275 23
35276 20
35277 54
35278 15
35279 33
35280 22
35281 17
35282 10
35283 29
35284 19
35285 21
35286 43
35287 18
35288 20
35289 27
35290 25
35291 26
35292 36
35293 21
35294 24
35295 30
35296 35
35297 45
35298 28
35299 15
35300 27
35301 32
35302 19
35303 27
35304 45
35305 17
35306 20
35307 26
35308 29
35309 16
35310 43
35311 31
35312 22
35313 47
35314 29
35315 14
35316 47
35317 28
35318 36
35319 33
35320 19
35321 29
35322 35
35323 16
35324 26
35325 35
35326 23
35327 25
35328 35
35329 20
35330 17
35331 49
35332 20
35333 28
35334 36
35335 29
35336 15
35337 42
35338 33
35339 19
35340 29
35341 14
35342 30
35343 35
35344 26
35345 17
35346 30
35347 21
35348 28
35349 40
35350 10
35351 37
35352 33
35353 37
35354 21
35355 43
35356 15
35357 23
35358 39
35359 29
35360 6
35361 31
35362 30
35363 16
35364 35
35365 17
35366 42
35367 24
35368 29
35369 22
35370 28
35371 22
35372 33
35373 44
35374 19
35375 29
35376 27
35377 30
35378 18
35379 50
35380 20
35381 26
35382 30
35383 20
35384 24
35385 35
35386 33
35387 17
35388 47
35389 15
35390 32
35391 31
35392 30
35393 26
35394 37
35395 17
35396 33
35397 36
35398 20
35399 33
35400 30
35401 12
35402 13
35403 30
35404 13
35405 19
35406 32
35407 30
35408 25
35409 39
35410 26
35411 29
35412 36
35413 37
35414 43
35415 24
35416 32
35417 20
35418 43
35419 19
35420 32
35421 32
35422 15
35423 10
35424 31
35425 13
35426 20
35427 38
35428 12
35429 23
35430 26
35431 37
35432 18
35433 58
35434 30
35435 32
35436 39
35437 34
35438 36
35439 37
35440 15
35441 16
35442 32
35443 15
35444 20
35445 26
35446 22
35447 19
35448 27
35449 12
35450 15
35451 50
35452 22
35453 50
35454 32
35455 19
35456 18
35457 44
35458 31
35459 34
35460 25
35461 12
35462 39
35463 26
35464 33
35465 15
35466 36
35467 23
35468 34
35469 30
35470 18
35471 30
35472 41
35473 31
35474 15
35475 38
35476 21
35477 35
35478 48
35479 32
35480 12
35481 31
35482 32
35483 13
35484 49
35485 16
35486 42
35487 28
35488 33
35489 18
35490 30
35491 38
35492 38
35493 56
35494 24
35495 17
35496 31
35497 28
35498 11
35499 35
35500 16
35501 16
35502 46
35503 13
35504 18
35505 34
35506 27
35507 19
35508 47
35509 17
35510 31
35511 53
35512 31
35513 33
35514 37
35515 16
35516 24
35517 34
35518 17
35519 29
35520 28
35521 16
35522 19
35523 22
35524 21
35525 17
35526 39
35527 21
35528 24
35529 35
35530 26
35531 40
35532 38
35533 31
35534 37
35535 29
35536 28
35537 28
35538 31
35539 26
35540 21
35541 27
35542 29
35543 15
35544 30
35545 18
35546 23
35547 28
35548 25
35549 18
35550 34
35551 39
35552 15
35553 49
35554 27
35555 14
35556 35
35557 19
35558 33
35559 42
35560 15
35561 20
35562 32
35563 16
35564 30
35565 30
35566 23
35567 18
35568 41
35569 17
35570 15
35571 38
35572 26
35573 26
35574 31
35575 19
35576 14
35577 48
35578 28
35579 22
35580 37
35581 14
35582 34
35583 28
35584 25
35585 19
35586 37
35587 14
35588 33
35589 30
35590 7
35591 17
35592 32
35593 23
35594 14
35595 23
35596 36
35597 29
35598 40
35599 24
35600 23
35601 30
35602 38
35603 21
35604 48
35605 15
35606 29
35607 40
35608 40
35609 23
35610 30
35611 38
35612 30
35613 42
35614 15
35615 24
35616 22
35617 18
35618 6
35619 35
35620 17
35621 18
35622 60
35623 17
35624 28
35625 26
35626 50
35627 17
35628 55
35629 17
35630 29
35631 47
35632 26
35633 31
35634 52
35635 20
35636 31
35637 38
35638 7
35639 30
35640 24
35641 21
35642 13
35643 27
35644 10
35645 22
35646 38
35647 26
35648 26
35649 31
35650 19
35651 40
35652 45
35653 28
35654 33
35655 30
35656 25
35657 21
35658 33
35659 32
35660 21
35661 30
35662 16
35663 24
35664 20
35665 21
35666 17
35667 34
35668 17
35669 27
35670 26
35671 23
35672 13
35673 45
35674 25
35675 20
35676 43
35677 35
35678 41
35679 29
35680 28
35681 23
35682 36
35683 19
35684 31
35685 32
35686 20
35687 28
35688 36
35689 22
35690 8
35691 43
35692 12
35693 39
35694 32
35695 21
35696 25
35697 30
35698 29
35699 31
35700 48
35701 18
35702 39
35703 26
35704 34
35705 23
35706 49
35707 16
35708 31
35709 30
35710 11
35711 29
35712 24
35713 40
35714 8
35715 22
35716 17
35717 30
35718 35
35719 23
35720 20
35721 24
35722 25
35723 23
35724 43
35725 14
35726 43
35727 25
35728 31
35729 22
35730 30
35731 40
35732 27
35733 51
35734 19
35735 22
35736 24
35737 25
35738 7
35739 49
35740 20
35741 24
35742 29
35743 20
35744 15
35745 28
35746 24
35747 23
35748 43
35749 15
35750 45
35751 46
35752 22
35753 35
35754 39
35755 19
35756 32
35757 41
35758 29
35759 33
35760 24
35761 21
35762 17
35763 32
35764 15
35765 35
35766 27
35767 23
35768 16
35769 33
35770 15
35771 33
35772 32
35773 21
35774 37
35775 22
35776 22
35777 27
35778 34
35779 21
35780 28
35781 26
35782 15
35783 23
35784 31
35785 23
35786 25
35787 26
35788 19
35789 30
35790 32
35791 35
35792 16
35793 47
35794 23
35795 19
35796 40
35797 21
35798 33
35799 38
35800 21
35801 23
35802 39
35803 30
35804 44
35805 28
35806 18
35807 22
35808 41
35809 15
35810 14
35811 51
35812 32
35813 39
35814 39
35815 20
35816 18
35817 54
35818 22
35819 33
35820 37
35821 19
35822 24
35823 38
35824 22
35825 21
35826 26
35827 23
35828 32
35829 36
35830 17
35831 35
35832 33
35833 24
35834 22
35835 28
35836 23
35837 34
35838 46
35839 35
35840 9
35841 39
35842 26
35843 23
35844 34
35845 14
35846 20
35847 31
35848 22
35849 34
35850 31
35851 27
35852 30
35853 52
35854 13
35855 21
35856 35
35857 25
35858 17
35859 37
35860 11
35861 12
35862 40
35863 18
35864 20
35865 23
35866 22
35867 25
35868 55
35869 14
35870 21
35871 43
35872 23
35873 29
35874 29
35875 28
35876 32
35877 43
35878 20
35879 25
35880 24
35881 18
35882 16
35883 29
35884 19
35885 21
35886 38
35887 20
35888 23
35889 28
35890 14
35891 31
35892 40
35893 36
35894 24
35895 35
35896 28
35897 26
35898 34
35899 28
35900 24
35901 34
35902 20
35903 24
35904 40
35905 20
35906 18
35907 42
35908 18
35909 22
35910 30
35911 38
35912 26
35913 37
35914 32
35915 18
35916 44
35917 23
35918 36
35919 36
35920 30
35921 23
35922 36
35923 20
35924 32
35925 27
35926 23
35927 29
35928 31
35929 21
35930 11
35931 39
35932 17
35933 32
35934 50
35935 13
35936 27
35937 52
35938 39
35939 20
35940 28
35941 22
35942 31
35943 21
35944 29
35945 19
35946 29
35947 18
35948 29
35949 32
35950 13
35951 30
35952 26
35953 35
35954 16
35955 29
35956 18
35957 17
35958 43
35959 34
35960 14
35961 27
35962 31
35963 21
35964 36
35965 17
35966 37
35967 38
35968 26
35969 17
35970 28
35971 28
35972 31
35973 53
35974 26
35975 16
35976 39
35977 26
35978 17
35979 46
35980 14
35981 22
35982 34
35983 16
35984 16
35985 35
35986 33
35987 21
35988 45
35989 12
35990 27
35991 40
35992 35
35993 38
35994 28
35995 25
35996 36
35997 47
35998 14
35999 31
36000 22
36001 18
36002 16
36003 37
36004 14
36005 24
36006 41
36007 18
36008 23
36009 23
36010 23
36011 21
36012 45
36013 17
36014 36
36015 30
36016 29
36017 31
36018 35
36019 25
36020 31
36021 29
36022 11
36023 27
36024 35
36025 21
36026 17
36027 24
36028 23
36029 16
36030 38
36031 27
36032 22
36033 41
36034 32
36035 16
36036 44
36037 25
36038 51
36039 30
36040 19
36041 25
36042 33
36043 15
36044 37
36045 30
36046 22
36047 25
36048 39
36049 13
36050 13
36051 39
36052 16
36053 33
36054 43
36055 20
36056 21
36057 40
36058 34
36059 26
36060 23
36061 16
36062 39
36063 26
36064 24
36065 17
36066 31
36067 15
36068 32
36069 37
36070 12
36071 31
36072 33
36073 31
36074 15
36075 31
36076 18
36077 33
36078 28
36079 27
36080 17
36081 30
36082 31
36083 24
36084 45
36085 15
36086 37
36087 28
36088 21
36089 17
36090 29
36091 30
36092 37
36093 50
36094 18
36095 16
36096 40
36097 17
36098 14
36099 31
36100 16
36101 19
36102 39
36103 18
36104 16
36105 28
36106 34
36107 15
36108 45
36109 22
36110 34
36111 41
36112 34
36113 28
36114 35
36115 21
36116 30
36117 38
36118 26
36119 20
36120 23
36121 14
36122 26
36123 26
36124 15
36125 21
36126 51
36127 28
36128 28
36129 43
36130 24
36131 27
36132 42
36133 30
36134 37
36135 39
36136 36
36137 26
36138 40
36139 26
36140 33
36141 27
36142 15
36143 15
36144 34
36145 14
36146 17
36147 30
36148 19
36149 30
36150 29
36151 35
36152 19
36153 62
36154 29
36155 33
36156 35
36157 18
36158 34
36159 51
36160 20
36161 20
36162 41
36163 17
36164 31
36165 34
36166 22
36167 10
36168 41
36169 16
36170 14
36171 39
36172 16
36173 22
36174 41
36175 18
36176 12
36177 47
36178 29
36179 31
36180 28
36181 17
36182 26
36183 30
36184 27
36185 18
36186 39
36187 18
36188 34
36189 31
36190 22
36191 32
36192 39
36193 39
36194 16
36195 32
36196 18
36197 18
36198 39
36199 35
36200 14
36201 32
36202 28
36203 14
36204 43
36205 9
36206 39
36207 36
36208 26
36209 31
36210 30
36211 26
36212 33
36213 53
36214 18
36215 21
36216 34
36217 25
36218 16
36219 42
36220 15
36221 21
36222 28
36223 18
36224 11
36225 23
36226 27
36227 23
36228 36
36229 15
36230 23
36231 56
36232 21
36233 45
36234 28
36235 21
36236 29
36237 42
36238 9
36239 25
36240 21
36241 10
36242 15
36243 26
36244 22
36245 24
36246 46
36247 17
36248 27
36249 32
36250 28
36251 39
36252 53
36253 29
36254 39
36255 29
36256 36
36257 30
36258 40
36259 31
36260 25
36261 28
36262 17
36263 21
36264 36
36265 16
36266 9
36267 35
36268 22
36269 21
36270 38
36271 43
36272 24
36273 44
36274 32
36275 22
36276 43
36277 32
36278 41
36279 41
36280 20
36281 13
36282 32
36283 19
36284 22
36285 31
36286 14
36287 22
36288 36
36289 28
36290 8
36291 40
36292 13
36293 28
36294 34
36295 14
36296 20
36297 37
36298 27
36299 27
36300 37
36301 23
36302 27
36303 24
36304 21
36305 17
36306 33
36307 24
36308 24
36309 30
36310 15
36311 46
36312 38
36313 32
36314 11
36315 27
36316 16
36317 27
36318 36
36319 25
36320 9
36321 24
36322 20
36323 24
36324 42
36325 20
36326 40
36327 27
36328 29
36329 21
36330 43
36331 51
36332 23
36333 67
36334 23
36335 18
36336 49
36337 35
36338 15
36339 45
36340 10
36341 17
36342 33
36343 16
36344 17
36345 27
36346 16
36347 18
36348 42
36349 18
36350 42
36351 36
36352 29
36353 30
36354 36
36355 19
36356 37
36357 48
36358 16
36359 21
36360 27
36361 17
36362 14
36363 24
36364 21
36365 23
36366 39
36367 20
36368 28
36369 29
36370 30
36371 34
36372 39
36373 24
36374 45
36375 31
36376 27
36377 25
36378 47
36379 33
36380 26
36381 25
36382 16
36383 18
36384 27
36385 17
36386 17
36387 33
36388 21
36389 25
36390 27
36391 38
36392 18
36393 46
36394 25
36395 23
36396 30
36397 25
36398 35
36399 28
36400 16
36401 18
36402 28
36403 21
36404 28
36405 22
36406 22
36407 21
36408 31
36409 16
36410 14
36411 57
36412 14
36413 38
36414 28
36415 21
36416 9
36417 42
36418 20
36419 30
36420 22
36421 23
36422 32
36423 31
36424 25
36425 25
36426 31
36427 25
36428 31
36429 34
36430 17
36431 29
36432 33
36433 43
36434 22
36435 20
36436 21
36437 37
36438 34
36439 25
36440 10
36441 39
36442 32
36443 24
36444 33
36445 18
36446 25
36447 28
36448 21
36449 25
36450 33
36451 36
36452 41
36453 47
36454 19
36455 20
36456 33
36457 24
36458 21
36459 38
36460 25
36461 23
36462 42
36463 18
36464 13
36465 32
36466 25
36467 20
36468 41
36469 18
36470 21
36471 33
36472 20
36473 39
36474 27
36475 14
36476 35
36477 37
36478 26
36479 28
36480 27
36481 11
36482 15
36483 22
36484 21
36485 18
36486 39
36487 27
36488 26
36489 33
36490 19
36491 33
36492 44
36493 28
36494 35
36495 32
36496 29
36497 27
36498 43
36499 29
36500 27
36501 25
36502 17
36503 19
36504 37
36505 14
36506 30
36507 31
36508 34
36509 24
36510 38
36511 38
36512 18
36513 46
36514 30
36515 21
36516 47
36517 25
36518 40
36519 42
36520 22
36521 23
36522 30
36523 25
36524 31
36525 32
36526 18
36527 33
36528 38
36529 10
36530 14
36531 48
36532 38
36533 33
36534 44
36535 12
36536 23
36537 37
36538 32
36539 26
36540 38
36541 23
36542 39
36543 32
36544 28
36545 26
36546 24
36547 20
36548 23
36549 36
36550 16
36551 30
36552 31
36553 29
36554 16
36555 28
36556 23
36557 29
36558 46
36559 21
36560 15
36561 24
36562 39
36563 12
36564 41
36565 18
36566 30
36567 27
36568 23
36569 19
36570 23
36571 28
36572 23
36573 59
36574 17
36575 23
36576 35
36577 23
36578 15
36579 41
36580 14
36581 14
36582 41
36583 17
36584 23
36585 23
36586 36
36587 22
36588 38
36589 17
36590 26
36591 33
36592 21
36593 24
36594 29
36595 27
36596 32
36597 49
36598 18
36599 17
36600 20
36601 14
36602 12
36603 33
36604 26
36605 16
36606 33
36607 18
36608 29
36609 35
36610 21
36611 31
36612 51
36613 36
36614 21
36615 33
36616 39
36617 21
36618 44
36619 25
36620 25
36621 23
36622 19
36623 26
36624 36
36625 19
36626 16
36627 25
36628 22
36629 20
36630 40
36631 33
36632 12
36633 47
36634 35
36635 27
36636 46
36637 24
36638 30
36639 42
36640 28
36641 21
36642 43
36643 18
36644 35
36645 25
36646 15
36647 18
36648 41
36649 21
36650 19
36651 45
36652 30
36653 41
36654 43
36655 23
36656 23
36657 41
36658 30
36659 27
36660 37
36661 16
36662 42
36663 26
36664 33
36665 22
36666 35
36667 23
36668 41
36669 33
36670 11
36671 24
36672 28
36673 29
36674 20
36675 31
36676 26
36677 32
36678 41
36679 35
36680 12
36681 28
36682 28
36683 12
36684 42
36685 19
36686 34
36687 36
36688 29
36689 24
36690 30
36691 27
36692 23
36693 45
36694 18
36695 24
36696 40
36697 24
36698 13
36699 28
36700 14
36701 16
36702 37
36703 21
36704 21
36705 28
36706 18
36707 29
36708 38
36709 14
36710 28
36711 35
36712 21
36713 25
36714 34
36715 15
36716 27
36717 28
36718 15
36719 22
36720 26
36721 16
36722 19
36723 36
36724 11
36725 21
36726 38
36727 23
36728 18
36729 38
36730 28
36731 39
36732 26
36733 32
36734 33
36735 32
36736 30
36737 26
36738 27
36739 26
36740 35
36741 30
36742 15
36743 26
36744 40
36745 13
36746 24
36747 34
36748 24
36749 31
36750 23
36751 49
36752 13
36753 65
36754 23
36755 21
36756 30
36757 27
36758 42
36759 56
36760 19
36761 22
36762 36
36763 17
36764 40
36765 27
36766 27
36767 17
36768 33
36769 11
36770 18
36771 36
36772 13
36773 38
36774 44
36775 23
36776 20
36777 56
36778 32
36779 27
36780 30
36781 16
36782 29
36783 18
36784 33
36785 25
36786 29
36787 17
36788 28
36789 28
36790 16
36791 13
36792 28
36793 18
36794 13
36795 25
36796 23
36797 22
36798 47
36799 15
36800 17
36801 26
36802 30
36803 17
36804 41
36805 13
36806 24
36807 33
36808 25
36809 27
36810 22
36811 33
36812 34
36813 48
36814 14
36815 19
36816 31
36817 22
36818 10
36819 34
36820 22
36821 19
36822 39
36823 13
36824 24
36825 21
36826 28
36827 22
36828 44
36829 17
36830 27
36831 65
36832 20
36833 41
36834 37
36835 18
36836 32
36837 57
36838 22
36839 36
36840 21
36841 15
36842 19
36843 31
36844 24
36845 15
36846 45
36847 25
36848 16
36849 28
36850 27
36851 29
36852 46
36853 25
36854 31
36855 36
36856 30
36857 40
36858 36
36859 28
36860 19
36861 33
36862 11
36863 24
36864 34
36865 25
36866 16
36867 32
36868 21
36869 21
36870 41
36871 31
36872 21
36873 50
36874 22
36875 20
36876 50
36877 20
36878 45
36879 45
36880 13
36881 26
36882 28
36883 22
36884 33
36885 40
36886 13
36887 28
36888 23
36889 18
36890 17
36891 48
36892 20
36893 36
36894 46
36895 18
36896 25
36897 39
36898 27
36899 26
36900 25
36901 17
36902 38
36903 22
36904 22
36905 29
36906 35
36907 16
36908 31
36909 50
36910 15
36911 39
36912 26
36913 30
36914 13
36915 33
36916 17
36917 25
36918 28
36919 30
36920 21
36921 30
36922 22
36923 19
36924 37
36925 13
36926 30
36927 28
36928 40
36929 19
36930 27
36931 32
36932 27
36933 58
36934 18
36935 16
36936 32
36937 26
36938 14
36939 46
36940 8
36941 19
36942 27
36943 19
36944 20
36945 18
36946 28
36947 31
36948 31
36949 22
36950 30
36951 39
36952 33
36953 23
36954 37
36955 23
36956 31
36957 45
36958 14
36959 29
36960 26
36961 10
36962 14
36963 32
36964 14
36965 21
36966 29
36967 16
36968 18
36969 39
36970 25
36971 27
36972 40
36973 35
36974 38
36975 30
36976 33
36977 30
36978 45
36979 30
36980 31
36981 28
36982 25
36983 19
36984 30
36985 15
36986 26
36987 38
36988 19
36989 24
36990 28
36991 33
36992 17
36993 69
36994 34
36995 24
36996 41
36997 19
36998 48
36999 39
37000 27
37001 17
37002 37
37003 14
37004 35
37005 29
37006 31
37007 18
37008 39
37009 20
37010 13
37011 45
37012 22
37013 28
37014 45
37015 20
37016 19
37017 42
37018 30
37019 22
37020 39
37021 17
37022 28
37023 28
37024 26
37025 23
37026 45
37027 31
37028 36
37029 32
37030 17
37031 34
37032 41
37033 33
37034 18
37035 26
37036 23
37037 18
37038 48
37039 30
37040 15
37041 29
37042 26
37043 15
37044 29
37045 16
37046 23
37047 26
37048 20
37049 19
37050 29
37051 28
37052 40
37053 39
37054 25
37055 16
37056 30
37057 20
37058 22
37059 46
37060 13
37061 17
37062 46
37063 19
37064 20
37065 29
37066 29
37067 25
37068 35
37069 17
37070 30
37071 43
37072 21
37073 31
37074 25
37075 22
37076 30
37077 36
37078 21
37079 26
37080 25
37081 14
37082 22
37083 21
37084 15
37085 18
37086 48
37087 11
37088 24
37089 33
37090 28
37091 27
37092 45
37093 39
37094 33
37095 27
37096 26
37097 27
37098 34
37099 34
37100 21
37101 29
37102 10
37103 20
37104 27
37105 16
37106 25
37107 35
37108 28
37109 26
37110 30
37111 40
37112 33
37113 53
37114 26
37115 21
37116 39
37117 29
37118 39
37119 39
37120 19
37121 22
37122 24
37123 19
37124 29
37125 30
37126 30
37127 16
37128 38
37129 15
37130 14
37131 37
37132 18
37133 42
37134 46
37135 14
37136 24
37137 36
37138 23
37139 23
37140 27
37141 16
37142 21
37143 32
37144 21
37145 23
37146 26
37147 26
37148 30
37149 27
37150 15
37151 42
37152 40
37153 22
37154 21
37155 27
37156 24
37157 31
37158 51
37159 24
37160 15
37161 27
37162 42
37163 19
37164 40
37165 20
37166 30
37167 33
37168 27
37169 29
37170 32
37171 27
37172 24
37173 45
37174 13
37175 26
37176 32
37177 16
37178 15
37179 33
37180 22
37181 21
37182 42
37183 16
37184 17
37185 30
37186 37
37187 18
37188 46
37189 24
37190 30
37191 49
37192 27
37193 38
37194 33
37195 23
37196 30
37197 36
37198 14
37199 22
37200 24
37201 14
37202 13
37203 29
37204 12
37205 12
37206 45
37207 23
37208 21
37209 29
37210 22
37211 28
37212 49
37213 25
37214 34
37215 26
37216 31
37217 25
37218 25
37219 18
37220 25
37221 31
37222 12
37223 26
37224 35
37225 19
37226 15
37227 34
37228 13
37229 29
37230 29
37231 30
37232 18
37233 56
37234 22
37235 25
37236 48
37237 16
37238 32
37239 38
37240 24
37241 21
37242 27
37243 20
37244 38
37245 26
37246 21
37247 24
37248 39
37249 18
37250 7
37251 41
37252 19
37253 35
37254 35
37255 16
37256 13
37257 44
37258 34
37259 33
37260 51
37261 13
37262 38
37263 21
37264 37
37265 15
37266 38
37267 19
37268 47
37269 34
37270 21
37271 30
37272 33
37273 33
37274 19
37275 33
37276 23
37277 35
37278 43
37279 32
37280 10
37281 34
37282 29
37283 19
37284 48
37285 15
37286 29
37287 27
37288 27
37289 14
37290 31
37291 33
37292 34
37293 44
37294 15
37295 20
37296 24
37297 29
37298 18
37299 38
37300 9
37301 24
37302 48
37303 18
37304 20
37305 31
37306 33
37307 17
37308 49
37309 21
37310 24
37311 52
37312 24
37313 35
37314 28
37315 21
37316 27
37317 42
37318 14
37319 19
37320 25
37321 10
37322 12
37323 30
37324 20
37325 20
37326 37
37327 18
37328 27
37329 29
37330 19
37331 36
37332 42
37333 31
37334 33
37335 32
37336 33
37337 32
37338 35
37339 25
37340 25
37341 29
37342 18
37343 22
37344 34
37345 15
37346 25
37347 24
37348 12
37349 25
37350 32
37351 45
37352 18
37353 61
37354 24
37355 27
37356 46
37357 33
37358 39
37359 52
37360 28
37361 23
37362 28
37363 22
37364 42
37365 35
37366 14
37367 25
37368 40
37369 20
37370 19
37371 46
37372 14
37373 21
37374 30
37375 23
37376 22
37377 52
37378 36
37379 32
37380 27
37381 17
37382 35
37383 31
37384 36
37385 25
37386 27
37387 23
37388 30
37389 31
37390 18
37391 35
37392 31
37393 24
37394 17
37395 31
37396 20
37397 26
37398 45
37399 25
37400 9
37401 37
37402 35
37403 17
37404 31
37405 15
37406 33
37407 30
37408 24
37409 30
37410 28
37411 32
37412 27
37413 37
37414 22
37415 27
37416 33
37417 23
37418 11
37419 34
37420 10
37421 21
37422 42
37423 20
37424 17
37425 27
37426 28
37427 17
37428 42
37429 13
37430 24
37431 41
37432 29
37433 41
37434 23
37435 20
37436 35
37437 54
37438 12
37439 23
37440 16
37441 23
37442 8
37443 21
37444 23
37445 18
37446 39
37447 15
37448 16
37449 28
37450 23
37451 33
37452 37
37453 28
37454 24
37455 37
37456 38
37457 29
37458 32
37459 31
37460 20
37461 29
37462 19
37463 22
37464 28
37465 16
37466 27
37467 25
37468 26
37469 22
37470 35
37471 29
37472 16
37473 48
37474 26
37475 24
37476 34
37477 29
37478 28
37479 57
37480 24
37481 25
37482 32
37483 18
37484 27
37485 27
37486 27
37487 30
37488 44
37489 19
37490 15
37491 41
37492 27
37493 29
37494 42
37495 25
37496 12
37497 34
37498 35
37499 27
37500 31
37501 16
37502 29
37503 22
37504 24
37505 22
37506 36
37507 25
37508 31
37509 34
37510 13
37511 39
37512 32
37513 41
37514 17
37515 40
37516 18
37517 26
37518 44
37519 26
37520 13
37521 32
37522 30
37523 12
37524 35
37525 18
37526 35
37527 21
37528 26
37529 19
37530 26
37531 31
37532 34
37533 61
37534 11
37535 16
37536 28
37537 29
37538 14
37539 36
37540 19
37541 20
37542 37
37543 13
37544 21
37545 21
37546 34
37547 18
37548 45
37549 15
37550 25
37551 31
37552 27
37553 25
37554 37
37555 17
37556 32
37557 39
37558 12
37559 27
37560 25
37561 16
37562 12
37563 29
37564 12
37565 23
37566 44
37567 30
37568 27
37569 32
37570 27
37571 30
37572 47
37573 24
37574 42
37575 27
37576 39
37577 22
37578 40
37579 27
37580 31
37581 32
37582 8
37583 18
37584 41
37585 16
37586 15
37587 43
37588 15
37589 20
37590 25
37591 38
37592 25
37593 59
37594 24
37595 20
37596 36
37597 29
37598 60
37599 36
37600 20
37601 14
37602 39
37603 19
37604 35
37605 26
37606 22
37607 21
37608 27
37609 17
37610 17
37611 55
37612 24
37613 40
37614 31
37615 20
37616 15
37617 42
37618 35
37619 36
37620 37
37621 20
37622 37
37623 23
37624 22
37625 17
37626 33
37627 20
37628 25
37629 28
37630 11
37631 27
37632 27
37633 27
37634 16
37635 29
37636 13
37637 41
37638 38
37639 27
37640 17
37641 29
37642 36
37643 24
37644 35
37645 21
37646 26
37647 32
37648 31
37649 27
37650 29
37651 28
37652 32
37653 46
37654 18
37655 15
37656 37
37657 29
37658 13
37659 39
37660 16
37661 21
37662 46
37663 22
37664 16
37665 30
37666 28
37667 24
37668 35
37669 14
37670 26
37671 38
37672 24
37673 28
37674 37
37675 31
37676 43
37677 37
37678 20
37679 26
37680 30
37681 18
37682 14
37683 28
37684 21
37685 12
37686 39
37687 25
37688 17
37689 36
37690 22
37691 24
37692 35
37693 32
37694 31
37695 31
37696 27
37697 20
37698 43
37699 23
37700 33
37701 28
37702 24
37703 18
37704 48
37705 18
37706 26
37707 22
37708 35
37709 17
37710 38
37711 29
37712 22
37713 51
37714 29
37715 25
37716 34
37717 26
37718 36
37719 45
37720 21
37721 21
37722 41
37723 18
37724 32
37725 25
37726 31
37727 18
37728 52
37729 15
37730 20
37731 39
37732 22
37733 39
37734 51
37735 18
37736 16
37737 46
37738 32
37739 28
37740 34
37741 20
37742 31
37743 32
37744 21
37745 21
37746 34
37747 22
37748 30
37749 32
37750 12
37751 23
37752 38
37753 27
37754 22
37755 32
37756 22
37757 32
37758 36
37759 27
37760 16
37761 28
37762 27
37763 20
37764 34
37765 17
37766 34
37767 32
37768 24
37769 16
37770 26
37771 26
37772 25
37773 47
37774 22
37775 15
37776 34
37777 16
37778 12
37779 32
37780 12
37781 24
37782 43
37783 20
37784 23
37785 30
37786 39
37787 24
37788 47
37789 14
37790 29
37791 38
37792 23
37793 27
37794 33
37795 20
37796 24
37797 31
37798 12
37799 23
37800 27
37801 11
37802 10
37803 20
37804 16
37805 17
37806 56
37807 14
37808 33
37809 36
37810 23
37811 40
37812 54
37813 32
37814 36
37815 28
37816 27
37817 18
37818 44
37819 34
37820 23
37821 24
37822 11
37823 21
37824 23
37825 22
37826 16
37827 40
37828 27
37829 26
37830 35
37831 40
37832 23
37833 51
37834 21
37835 27
37836 45
37837 35
37838 38
37839 40
37840 21
37841 23
37842 30
37843 24
37844 25
37845 33
37846 16
37847 19
37848 23
37849 27
37850 14
37851 51
37852 22
37853 41
37854 44
37855 16
37856 18
37857 35
37858 23
37859 28
37860 35
37861 21
37862 37
37863 28
37864 24
37865 24
37866 36
37867 17
37868 23
37869 32
37870 9
37871 30
37872 21
37873 28
37874 13
37875 21
37876 22
37877 32
37878 44
37879 26
37880 18
37881 28
37882 22
37883 19
37884 53
37885 17
37886 27
37887 31
37888 24
37889 24
37890 25
37891 43
37892 37
37893 44
37894 16
37895 22
37896 33
37897 25
37898 14
37899 41
37900 19
37901 19
37902 37
37903 19
37904 15
37905 23
37906 30
37907 21
37908 43
37909 20
37910 30
37911 49
37912 17
37913 27
37914 31
37915 13
37916 39
37917 47
37918 27
37919 25
37920 30
37921 12
37922 16
37923 27
37924 11
37925 23
37926 34
37927 26
37928 19
37929 46
37930 16
37931 36
37932 38
37933 31
37934 31
37935 35
37936 31
37937 31
37938 39
37939 28
37940 24
37941 22
37942 13
37943 17
37944 28
37945 18
37946 20
37947 26
37948 17
37949 34
37950 27
37951 49
37952 15
37953 60
37954 22
37955 33
37956 40
37957 30
37958 38
37959 47
37960 17
37961 18
37962 41
37963 19
37964 32
37965 23
37966 20
37967 13
37968 35
37969 17
37970 16
37971 42
37972 20
37973 50
37974 40
37975 19
37976 25
37977 54
37978 34
37979 33
37980 38
37981 21
37982 26
37983 28
37984 36
37985 19
37986 33
37987 11
37988 36
37989 25
37990 18
37991 28
37992 33
37993 15
37994 21
37995 21
37996 18
37997 30
37998 41
37999 23
38000 15
38001 35
38002 26
38003 20
38004 42
38005 15
38006 18
38007 35
38008 26
38009 18
38010 24
38011 32
38012 34
38013 40
38014 18
38015 16
38016 41
38017 15
38018 16
38019 34
38020 15
38021 19
38022 38
38023 16
38024 10
38025 32
38026 26
38027 29
38028 43
38029 20
38030 27
38031 48
38032 19
38033 33
38034 34
38035 27
38036 33
38037 35
38038 13
38039 30
38040 30
38041 12
38042 18
38043 24
38044 19
38045 16
38046 46
38047 16
38048 14
38049 34
38050 16
38051 36
38052 35
38053 47
38054 30
38055 27
38056 32
38057 28
38058 32
38059 32
38060 26
38061 32
38062 20
38063 19
38064 31
38065 19
38066 19
38067 30
38068 15
38069 27
38070 27
38071 25
38072 17
38073 45
38074 22
38075 19
38076 38
38077 28
38078 39
38079 48
38080 21
38081 22
38082 37
38083 30
38084 29
38085 39
38086 23
38087 31
38088 25
38089 19
38090 5
38091 41
38092 20
38093 37
38094 37
38095 22
38096 24
38097 42
38098 34
38099 20
38100 37
38101 17
38102 37
38103 35
38104 41
38105 29
38106 30
38107 32
38108 32
38109 36
38110 16
38111 40
38112 32
38113 28
38114 22
38115 34
38116 20
38117 17
38118 53
38119 21
38120 17
38121 25
38122 38
38123 18
38124 40
38125 17
38126 30
38127 27
38128 20
38129 22
38130 29
38131 32
38132 33
38133 51
38134 30
38135 29
38136 34
38137 27
38138 25
38139 36
38140 19
38141 18
38142 37
38143 16
38144 18
38145 25
38146 26
38147 17
38148 44
38149 11
38150 25
38151 35
38152 29
38153 40
38154 27
38155 15
38156 29
38157 38
38158 16
38159 43
38160 24
38161 18
38162 17
38163 32
38164 19
38165 16
38166 35
38167 22
38168 16
38169 33
38170 28
38171 20
38172 47
38173 28
38174 31
38175 30
38176 36
38177 36
38178 29
38179 27
38180 21
38181 38
38182 12
38183 13
38184 33
38185 17
38186 18
38187 25
38188 32
38189 26
38190 30
38191 27
38192 22
38193 54
38194 27
38195 16
38196 54
38197 20
38198 41
38199 35
38200 29
38201 24
38202 35
38203 25
38204 37
38205 31
38206 17
38207 28
38208 40
38209 16
38210 11
38211 48
38212 20
38213 23
38214 41
38215 28
38216 26
38217 33
38218 45
38219 19
38220 33
38221 14
38222 50
38223 23
38224 29
38225 16
38226 34
38227 16
38228 36
38229 30
38230 11
38231 31
38232 31
38233 24
38234 19
38235 33
38236 10
38237 24
38238 43
38239 31
38240 20
38241 30
38242 36
38243 19
38244 32
38245 10
38246 35
38247 44
38248 25
38249 19
38250 27
38251 30
38252 29
38253 41
38254 19
38255 21
38256 33
38257 11
38258 20
38259 47
38260 11
38261 28
38262 33
38263 18
38264 22
38265 44
38266 25
38267 26
38268 43
38269 21
38270 32
38271 38
38272 27
38273 30
38274 29
38275 13
38276 40
38277 39
38278 22
38279 22
38280 28
38281 18
38282 19
38283 28
38284 13
38285 22
38286 36
38287 21
38288 26
38289 34
38290 17
38291 27
38292 33
38293 28
38294 36
38295 33
38296 34
38297 24
38298 32
38299 26
38300 37
38301 28
38302 19
38303 17
38304 35
38305 19
38306 15
38307 26
38308 16
38309 22
38310 25
38311 21
38312 24
38313 51
38314 29
38315 21
38316 32
38317 26
38318 38
38319 42
38320 24
38321 22
38322 36
38323 21
38324 43
38325 34
38326 18
38327 22
38328 43
38329 18
38330 9
38331 40
38332 23
38333 25
38334 32
38335 22
38336 22
38337 51
38338 42
38339 27
38340 42
38341 13
38342 35
38343 25
38344 22
38345 18
38346 36
38347 20
38348 31
38349 33
38350 22
38351 29
38352 30
38353 27
38354 13
38355 23
38356 18
38357 22
38358 39
38359 31
38360 6
38361 25
38362 20
38363 16
38364 36
38365 7
38366 32
38367 30
38368 25
38369 27
38370 30
38371 34
38372 26
38373 52
38374 17
38375 24
38376 30
38377 32
38378 26
38379 45
38380 13
38381 13
38382 35
38383 25
38384 18
38385 30
38386 30
38387 22
38388 30
38389 15
38390 33
38391 40
38392 21
38393 46
38394 28
38395 27
38396 22
38397 49
38398 10
38399 23
38400 26
38401 18
38402 22
38403 34
38404 26
38405 22
38406 36
38407 19
38408 21
38409 26
38410 20
38411 21
38412 40
38413 27
38414 29
38415 31
38416 26
38417 33
38418 33
38419 20
38420 22
38421 34
38422 16
38423 17
38424 40
38425 11
38426 14
38427 35
38428 26
38429 25
38430 37
38431 33
38432 21
38433 50
38434 29
38435 22
38436 49
38437 29
38438 44
38439 39
38440 23
38441 17
38442 35
38443 20
38444 26
38445 38
38446 14
38447 13
38448 35
38449 23
38450 14
38451 55
38452 24
38453 39
38454 50
38455 19
38456 32
38457 40
38458 37
38459 39
38460 35
38461 17
38462 31
38463 26
38464 28
38465 14
38466 31
38467 27
38468 21
38469 36
38470 13
38471 37
38472 30
38473 28
38474 16
38475 28
38476 22
38477 34
38478 46
38479 25
38480 18
38481 35
38482 26
38483 21
38484 36
38485 23
38486 36
38487 29
38488 23
38489 26
38490 33
38491 31
38492 15
38493 56
38494 27
38495 18
38496 23
38497 32
38498 18
38499 39
38500 17
38501 23
38502 44
38503 27
38504 22
38505 29
38506 30
38507 24
38508 51
38509 14
38510 24
38511 48
38512 34
38513 23
38514 43
38515 15
38516 28
38517 49
38518 18
38519 14
38520 28
38521 18
38522 15
38523 25
38524 12
38525 14
38526 32
38527 13
38528 19
38529 25
38530 15
38531 36
38532 39
38533 32
38534 44
38535 22
38536 29
38537 26
38538 37
38539 27
38540 29
38541 29
38542 15
38543 19
38544 31
38545 16
38546 13
38547 26
38548 22
38549 24
38550 23
38551 50
38552 21
38553 46
38554 25
38555 22
38556 52
38557 24
38558 50
38559 48
38560 21
38561 15
38562 41
38563 14
38564 29
38565 23
38566 30
38567 23
38568 31
38569 21
38570 14
38571 56
38572 17
38573 35
38574 29
38575 27
38576 12
38577 53
38578 27
38579 42
38580 32
38581 12
38582 35
38583 33
38584 26
38585 20
38586 47
38587 19
38588 28
38589 32
38590 12
38591 37
38592 26
38593 38
38594 17
38595 27
38596 12
38597 31
38598 25
38599 30
38600 13
38601 37
38602 26
38603 21
38604 42
38605 25
38606 37
38607 31
38608 25
38609 24
38610 27
38611 45
38612 38
38613 42
38614 20
38615 14
38616 22
38617 27
38618 18
38619 32
38620 20
38621 19
38622 36
38623 21
38624 19
38625 33
38626 28
38627 22
38628 37
38629 23
38630 25
38631 52
38632 34
38633 29
38634 32
38635 11
38636 32
38637 35
38638 17
38639 17
38640 25
38641 12
38642 15
38643 21
38644 20
38645 18
38646 36
38647 18
38648 18
38649 33
38650 19
38651 36
38652 36
38653 27
38654 28
38655 35
38656 30
38657 18
38658 32
38659 32
38660 22
38661 24
38662 15
38663 19
38664 36
38665 20
38666 25
38667 28
38668 28
38669 23
38670 39
38671 29
38672 15
38673 43
38674 23
38675 27
38676 42
38677 26
38678 33
38679 41
38680 24
38681 21
38682 33
38683 22
38684 33
38685 27
38686 27
38687 23
38688 47
38689 13
38690 13
38691 32
38692 23
38693 38
38694 50
38695 14
38696 13
38697 33
38698 30
38699 25
38700 34
38701 22
38702 43
38703 37
38704 29
38705 29
38706 31
38707 21
38708 22
38709 35
38710 10
38711 30
38712 29
38713 25
38714 13
38715 27
38716 17
38717 21
38718 48
38719 16
38720 22
38721 25
38722 31
38723 17
38724 50
38725 19
38726 27
38727 31
38728 37
38729 37
38730 22
38731 41
38732 30
38733 54
38734 20
38735 22
38736 25
38737 18
38738 8
38739 33
38740 17
38741 19
38742 55
38743 14
38744 23
38745 26
38746 44
38747 25
38748 51
38749 8
38750 30
38751 43
38752 24
38753 42
38754 40
38755 23
38756 34
38757 39
38758 18
38759 36
38760 24
38761 13
38762 11
38763 24
38764 18
38765 18
38766 37
38767 21
38768 31
38769 25
38770 14
38771 20
38772 44
38773 20
38774 36
38775 28
38776 28
38777 26
38778 27
38779 31
38780 27
38781 35
38782 17
38783 22
38784 27
38785 17
38786 11
38787 36
38788 24
38789 21
38790 27
38791 32
38792 17
38793 62
38794 31
38795 20
38796 47
38797 20
38798 25
38799 37
38800 26
38801 17
38802 36
38803 18
38804 25
38805 34
38806 21
38807 20
38808 27
38809 22
38810 11
38811 51
38812 23
38813 44
38814 36
38815 17
38816 14
38817 47
38818 37
38819 25
38820 41
38821 17
38822 33
38823 29
38824 33
38825 18
38826 51
38827 17
38828 46
38829 34
38830 13
38831 37
38832 32
38833 32
38834 17
38835 31
38836 25
38837 31
38838 43
38839 23
38840 15
38841 28
38842 33
38843 16
38844 41
38845 16
38846 41
38847 28
38848 25
38849 27
38850 34
38851 23
38852 38
38853 55
38854 12
38855 27
38856 29
38857 27
38858 9
38859 51
38860 13
38861 18
38862 29
38863 26
38864 20
38865 33
38866 24
38867 15
38868 37
38869 9
38870 33
38871 40
38872 25
38873 23
38874 43
38875 16
38876 29
38877 39
38878 15
38879 35
38880 21
38881 23
38882 15
38883 28
38884 12
38885 25
38886 40
38887 15
38888 22
38889 25
38890 23
38891 31
38892 37
38893 18
38894 38
38895 24
38896 33
38897 24
38898 37
38899 21
38900 27
38901 26
38902 20
38903 21
38904 38
38905 16
38906 23
38907 28
38908 21
38909 25
38910 31
38911 32
38912 16
38913 44
38914 29
38915 19
38916 39
38917 30
38918 45
38919 37
38920 19
38921 22
38922 28
38923 23
38924 39
38925 26
38926 22
38927 29
38928 37
38929 18
38930 11
38931 49
38932 16
38933 30
38934 35
38935 29
38936 28
38937 62
38938 31
38939 21
38940 38
38941 27
38942 34
38943 32
38944 34
38945 23
38946 29
38947 18
38948 32
38949 34
38950 15
38951 29
38952 36
38953 29
38954 14
38955 30
38956 28
38957 23
38958 47
38959 24
38960 16
38961 32
38962 39
38963 21
38964 40
38965 16
38966 21
38967 34
38968 28
38969 22
38970 25
38971 28
38972 25
38973 50
38974 16
38975 23
38976 31
38977 24
38978 9
38979 39
38980 23
38981 16
38982 38
38983 21
38984 27
38985 23
38986 29
38987 24
38988 43
38989 15
38990 25
38991 46
38992 18
38993 40
38994 26
38995 26
38996 31
38997 34
38998 27
38999 27
39000 24
39001 15
39002 20
39003 25
39004 20
39005 17
39006 44
39007 26
39008 28
39009 34
39010 22
39011 26
39012 32
39013 21
39014 33
39015 32
39016 27
39017 36
39018 34
39019 26
39020 19
39021 35
39022 17
39023 18
39024 30
39025 20
39026 23
39027 30
39028 24
39029 19
39030 29
39031 28
39032 10
39033 47
39034 30
39035 21
39036 36
39037 31
39038 26
39039 29
39040 24
39041 23
39042 32
39043 25
39044 35
39045 36
39046 14
39047 26
39048 42
39049 13
39050 14
39051 48
39052 26
39053 35
39054 44
39055 17
39056 23
39057 33
39058 34
39059 26
39060 35
39061 25
39062 40
39063 21
39064 24
39065 23
39066 40
39067 19
39068 38
39069 37
39070 12
39071 25
39072 32
39073 32
39074 10
39075 35
39076 13
39077 37
39078 39
39079 37
39080 18
39081 23
39082 26
39083 22
39084 42
39085 15
39086 37
39087 38
39088 24
39089 22
39090 24
39091 37
39092 29
39093 64
39094 10
39095 25
39096 29
39097 26
39098 17
39099 48
39100 15
39101 24
39102 29
39103 23
39104 24
39105 30
39106 38
39107 19
39108 38
39109 16
39110 24
39111 35
39112 29
39113 25
39114 30
39115 30
39116 25
39117 47
39118 21
39119 22
39120 31
39121 11
39122 20
39123 32
39124 17
39125 23
39126 37
39127 18
39128 17
39129 29
39130 26
39131 36
39132 43
39133 36
39134 28
39135 28
39136 23
39137 21
39138 42
39139 26
39140 20
39141 32
39142 18
39143 12
39144 23
39145 15
39146 19
39147 25
39148 13
39149 14
39150 29
39151 27
39152 16
39153 51
39154 26
39155 16
39156 37
39157 25
39158 44
39159 38
39160 19
39161 25
39162 37
39163 14
39164 23
39165 29
39166 17
39167 21
39168 38
39169 15
39170 11
39171 53
39172 19
39173 35
39174 35
39175 16
39176 19
39177 46
39178 30
39179 40
39180 40
39181 10
39182 35
39183 31
39184 24
39185 20
39186 39
39187 28
39188 22
39189 30
39190 10
39191 34
39192 30
39193 38
39194 10
39195 28
39196 25
39197 27
39198 43
39199 35
39200 11
39201 29
39202 20
39203 17
39204 38
39205 14
39206 31
39207 32
39208 26
39209 26
39210 30
39211 39
39212 30
39213 48
39214 27
39215 24
39216 37
39217 32
39218 19
39219 41
39220 15
39221 13
39222 35
39223 22
39224 18
39225 30
39226 33
39227 19
39228 43
39229 17
39230 35
39231 39
39232 22
39233 32
39234 39
39235 16
39236 36
39237 40
39238 17
39239 24
39240 37
39241 20
39242 27
39243 29
39244 21
39245 21
39246 39
39247 12
39248 28
39249 27
39250 21
39251 38
39252 44
39253 35
39254 34
39255 24
39256 23
39257 29
39258 26
39259 31
39260 29
39261 29
39262 17
39263 22
39264 30
39265 14
39266 14
39267 27
39268 27
39269 17
39270 33
39271 32
39272 24
39273 38
39274 29
39275 23
39276 33
39277 35
39278 31
39279 44
39280 23
39281 23
39282 35
39283 13
39284 34
39285 34
39286 28
39287 17
39288 39
39289 18
39290 16
39291 38
39292 17
39293 43
39294 48
39295 24
39296 19
39297 35
39298 34
39299 35
39300 31
39301 18
39302 41
39303 30
39304 28
39305 12
39306 40
39307 21
39308 34
39309 32
39310 10
39311 34
39312 33
39313 30
39314 22
39315 26
39316 12
39317 28
39318 43
39319 30
39320 20
39321 27
39322 24
39323 20
39324 38
39325 18
39326 40
39327 36
39328 21
39329 33
39330 27
39331 38
39332 36
39333 49
39334 26
39335 27
39336 42
39337 20
39338 15
39339 35
39340 20
39341 20
39342 46
39343 19
39344 15
39345 34
39346 28
39347 23
39348 49
39349 23
39350 25
39351 46
39352 28
39353 46
39354 33
39355 18
39356 33
39357 35
39358 20
39359 26
39360 31
39361 13
39362 16
39363 26
39364 13
39365 15
39366 49
39367 19
39368 23
39369 29
39370 29
39371 22
39372 55
39373 21
39374 32
39375 26
39376 33
39377 34
39378 28
39379 23
39380 26
39381 31
39382 10
39383 23
39384 32
39385 21
39386 11
39387 29
39388 21
39389 13
39390 31
39391 43
39392 20
39393 36
39394 24
39395 17
39396 41
39397 12
39398 31
39399 31
39400 17
39401 20
39402 38
39403 22
39404 40
39405 37
39406 22
39407 26
39408 43
39409 23
39410 13
39411 53
39412 13
39413 38
39414 38
39415 10
39416 15
39417 40
39418 19
39419 17
39420 26
39421 9
39422 29
39423 23
39424 27
39425 14
39426 35
39427 22
39428 31
39429 32
39430 17
39431 42
39432 30
39433 32
39434 17
39435 28
39436 18
39437 34
39438 32
39439 24
39440 7
39441 27
39442 30
39443 19
39444 51
39445 8
39446 43
39447 30
39448 33
39449 20
39450 43
39451 26
39452 38
39453 45
39454 19
39455 22
39456 44
39457 34
39458 14
39459 35
39460 20
39461 24
39462 40
39463 22
39464 18
39465 28
39466 36
39467 17
39468 58
39469 21
39470 46
39471 35
39472 33
39473 26
39474 43
39475 16
39476 31
39477 45
39478 8
39479 28
39480 21
39481 15
39482 13
39483 28
39484 25
39485 20
39486 42
39487 19
39488 25
39489 30
39490 27
39491 34
39492 39
39493 31
39494 40
39495 37
39496 26
39497 28
39498 30
39499 21
39500 18
39501 28
39502 18
39503 24
39504 24
39505 12
39506 13
39507 25
39508 12
39509 29
39510 28
39511 36
39512 18
39513 54
39514 22
39515 21
39516 41
39517 23
39518 31
39519 40
39520 21
39521 20
39522 34
39523 20
39524 28
39525 29
39526 22
39527 17
39528 32
39529 21
39530 17
39531 34
39532 13
39533 34
39534 40
39535 18
39536 13
39537 53
39538 24
39539 23
39540 32
39541 23
39542 35
39543 30
39544 24
39545 16
39546 33
39547 22
39548 30
39549 27
39550 16
39551 21
39552 34
39553 28
39554 15
39555 26
39556 24
39557 23
39558 39
39559 21
39560 14
39561 36
39562 28
39563 24
39564 33
39565 18
39566 35
39567 32
39568 30
39569 34
39570 34
39571 27
39572 32
39573 47
39574 19
39575 28
39576 36
39577 19
39578 22
39579 50
39580 13
39581 25
39582 36
39583 17
39584 19
39585 26
39586 26
39587 29
39588 32
39589 18
39590 26
39591 44
39592 23
39593 46
39594 29
39595 21
39596 26
39597 41
39598 20
39599 29
39600 26
39601 20
39602 9
39603 26
39604 21
39605 19
39606 37
39607 23
39608 27
39609 29
39610 24
39611 39
39612 42
39613 30
39614 29
39615 34
39616 32
39617 25
39618 39
39619 39
39620 25
39621 32
39622 17
39623 11
39624 32
39625 21
39626 11
39627 32
39628 21
39629 19
39630 35
39631 36
39632 21
39633 67
39634 30
39635 18
39636 32
39637 30
39638 34
39639 42
39640 18
39641 11
39642 27
39643 23
39644 30
39645 36
39646 17
39647 30
39648 30
39649 15
39650 12
39651 47
39652 28
39653 31
39654 44
39655 17
39656 25
39657 38
39658 38
39659 24
39660 33
39661 15
39662 27
39663 22
39664 34
39665 28
39666 30
39667 22
39668 33
39669 34
39670 10
39671 39
39672 28
39673 34
39674 16
39675 37
39676 27
39677 33
39678 46
39679 32
39680 10
39681 25
39682 30
39683 15
39684 47
39685 14
39686 34
39687 34
39688 27
39689 27
39690 29
39691 44
39692 33
39693 59
39694 10
39695 23
39696 31
39697 28
39698 15
39699 50
39700 15
39701 20
39702 40
39703 22
39704 16
39705 27
39706 29
39707 23
39708 43
39709 20
39710 34
39711 53
39712 22
39713 34
39714 28
39715 23
39716 33
39717 44
39718 19
39719 29
39720 20
39721 15
39722 10
39723 29
39724 16
39725 23
39726 39
39727 25
39728 28
39729 29
39730 21
39731 23
39732 45
39733 30
39734 34
39735 27
39736 38
39737 25
39738 34
39739 24
39740 38
39741 22
39742 11
39743 20
39744 36
39745 15
39746 17
39747 31
39748 10
39749 19
39750 22
39751 36
39752 23
39753 56
39754 28
39755 19
39756 35
39757 20
39758 42
39759 43
39760 17
39761 16
39762 36
39763 19
39764 21
39765 24
39766 16
39767 23
39768 34
39769 13
39770 13
39771 44
39772 26
39773 31
39774 33
39775 15
39776 28
39777 43
39778 29
39779 30
39780 32
39781 15
39782 42
39783 19
39784 37
39785 18
39786 31
39787 24
39788 24
39789 32
39790 20
39791 26
39792 24
39793 24
39794 19
39795 35
39796 23
39797 32
39798 49
39799 29
39800 8
39801 25
39802 34
39803 20
39804 31
39805 14
39806 34
39807 31
39808 33
39809 23
39810 28
39811 38
39812 30
39813 49
39814 19
39815 18
39816 33
39817 22
39818 13
39819 38
39820 20
39821 27
39822 39
39823 15
39824 12
39825 32
39826 25
39827 26
39828 37
39829 20
39830 17
39831 50
39832 21
39833 29
39834 38
39835 22
39836 36
39837 39
39838 20
39839 14
39840 35
39841 16
39842 14
39843 29
39844 23
39845 24
39846 42
39847 21
39848 19
39849 43
39850 22
39851 32
39852 41
39853 38
39854 37
39855 29
39856 34
39857 15
39858 45
39859 31
39860 37
39861 37
39862 23
39863 19
39864 46
39865 21
39866 25
39867 32
39868 20
39869 19
39870 25
39871 35
39872 15
39873 58
39874 15
39875 19
39876 45
39877 22
39878 37
39879 40
39880 17
39881 18
39882 38
39883 15
39884 38
39885 30
39886 18
39887 16
39888 37
39889 18
39890 17
39891 33
39892 22
39893 21
39894 47
39895 14
39896 20
39897 38
39898 41
39899 29
39900 37
39901 16
39902 39
39903 22
39904 23
39905 19
39906 37
39907 10
39908 39
39909 31
39910 11
39911 19
39912 37
39913 21
39914 22
39915 27
39916 22
39917 29
39918 43
39919 31
39920 15
39921 30
39922 28
39923 23
39924 35
39925 12
39926 29
39927 36
39928 18
39929 24
39930 27
39931 28
39932 28
39933 51
39934 17
39935 24
39936 32
39937 25
39938 18
39939 43
39940 13
39941 27
39942 25
39943 22
39944 25
39945 28
39946 25
39947 22
39948 31
39949 22
39950 28
39951 39
39952 26
39953 27
39954 31
39955 22
39956 37
39957 37
39958 11
39959 23
39960 23
39961 20
39962 20
39963 30
39964 18
39965 21
39966 45
39967 20
39968 31
39969 38
39970 35
39971 29
39972 44
39973 32
39974 41
39975 26
39976 40
39977 20
39978 39
39979 30
39980 24
39981 19
39982 15
39983 19
39984 26
39985 18
39986 22
39987 21
39988 21
39989 20
39990 42
39991 25
39992 18
39993 47
39994 33
39995 20
39996 49
39997 31
39998 26
39999 31
40000 21
40001 18
40002 26
40003 20
40004 25
40005 29
40006 23
40007 20
40008 31
40009 20
40010 18
40011 40
40012 20
40013 31
40014 47
40015 28
40016 22
40017 39
40018 36
40019 24
40020 34
40021 15
40022 33
40023 29
40024 29
40025 19
40026 39
40027 25
40028 42
40029 57
40030 14
40031 20
40032 30
40033 37
40034 21
40035 28
40036 18
40037 30
40038 37
40039 24
40040 15
40041 29
40042 23
40043 16
40044 42
40045 10
40046 21
40047 34
40048 29
40049 17
40050 21
40051 42
40052 40
40053 54
40054 18
40055 29
40056 32
40057 23
40058 14
40059 36
40060 13
40061 20
40062 45
40063 22
40064 15
40065 25
40066 20
40067 21
40068 54
40069 22
40070 36
40071 39
40072 21
40073 24
40074 34
40075 21
40076 37
40077 46
40078 21
40079 32
40080 26
40081 19
40082 16
40083 31
40084 15
40085 27
40086 36
40087 27
40088 20
40089 34
40090 29
40091 33
40092 42
40093 28
40094 41
40095 36
40096 31
40097 32
40098 37
40099 20
40100 22
40101 26
40102 17
40103 20
40104 31
40105 19
40106 30
40107 41
40108 20
40109 25
40110 27
40111 39
40112 12
40113 55
40114 29
40115 26
40116 30
40117 26
40118 39
40119 42
40120 24
40121 22
40122 21
40123 13
40124 24
40125 23
40126 19
40127 21
40128 39
40129 19
40130 13
40131 52
40132 28
40133 48
40134 42
40135 19
40136 20
40137 47
40138 29
40139 36
40140 27
40141 15
40142 26
40143 23
40144 25
40145 15
40146 28
40147 17
40148 31
40149 24
40150 21
40151 33
40152 37
40153 32
40154 18
40155 20
40156 20
40157 33
40158 46
40159 29
40160 18
40161 31
40162 41
40163 25
40164 33
40165 15
40166 21
40167 34
40168 28
40169 24
40170 30
40171 29
40172 36
40173 39
40174 12
40175 26
40176 36
40177 23
40178 18
40179 35
40180 13
40181 15
40182 40
40183 23
40184 18
40185 29
40186 39
40187 25
40188 42
40189 16
40190 24
40191 52
40192 22
40193 40
40194 33
40195 19
40196 24
40197 36
40198 19
40199 33
40200 25
40201 17
40202 16
40203 26
40204 15
40205 21
40206 54
40207 14
40208 22
40209 34
40210 28
40211 36
40212 35
40213 33
40214 26
40215 28
40216 28
40217 36
40218 31
40219 28
40220 19
40221 31
40222 13
40223 27
40224 25
40225 18
40226 21
40227 36
40228 15
40229 21
40230 34
40231 42
40232 25
40233 49
40234 19
40235 17
40236 42
40237 23
40238 36
40239 47
40240 19
40241 21
40242 32
40243 15
40244 32
40245 34
40246 10
40247 23
40248 31
40249 24
40250 11
40251 45
40252 19
40253 33
40254 38
40255 17
40256 17
40257 43
40258 28
40259 21
40260 31
40261 9
40262 37
40263 26
40264 18
40265 18
40266 25
40267 22
40268 31
40269 42
40270 18
40271 33
40272 29
40273 22
40274 5
40275 29
40276 26
40277 21
40278 49
40279 19
40280 18
40281 27
40282 36
40283 18
40284 44
40285 12
40286 36
40287 21
40288 29
40289 23
40290 18
40291 26
40292 20
40293 60
40294 26
40295 23
40296 30
40297 24
40298 20
40299 40
40300 16
40301 20
40302 47
40303 17
40304 15
40305 25
40306 36
40307 25
40308 53
40309 14
40310 27
40311 49
40312 24
40313 34
40314 26
40315 18
40316 26
40317 41
40318 16
40319 29
40320 17
40321 19
40322 13
40323 28
40324 14
40325 24
40326 45
40327 30
40328 16
40329 33
40330 26
40331 29
40332 38
40333 29
40334 27
40335 38
40336 31
40337 40
40338 33
40339 29
40340 32
40341 25
40342 13
40343 12
40344 37
40345 15
40346 16
40347 41
40348 31
40349 28
40350 31
40351 29
40352 21
40353 53
40354 23
40355 22
40356 52
40357 19
40358 35
40359 49
40360 31
40361 21
40362 43
40363 17
40364 35
40365 27
40366 25
40367 20
40368 38
40369 16
40370 11
40371 47
40372 18
40373 37
40374 31
40375 24
40376 14
40377 38
40378 30
40379 22
40380 39
40381 16
40382 38
40383 16
40384 39
40385 17
40386 34
40387 13
40388 27
40389 33
40390 8
40391 29
40392 35
40393 36
40394 17
40395 28
40396 18
40397 18
40398 34
40399 26
40400 14
40401 26
40402 29
40403 18
40404 52
40405 12
40406 40
40407 22
40408 28
40409 20
40410 30
40411 33
40412 35
40413 51
40414 21
40415 27
40416 30
40417 24
40418 21
40419 47
40420 11
40421 21
40422 36
40423 18
40424 18
40425 34
40426 32
40427 28
40428 41
40429 14
40430 32
40431 46
40432 29
40433 41
40434 29
40435 24
40436 41
40437 52
40438 23
40439 25
40440 23
40441 15
40442 17
40443 32
40444 12
40445 30
40446 33
40447 24
40448 27
40449 32
40450 18
40451 34
40452 38
40453 23
40454 37
40455 32
40456 37
40457 23
40458 40
40459 26
40460 41
40461 30
40462 17
40463 10
40464 39
40465 16
40466 20
40467 30
40468 17
40469 33
40470 31
40471 32
40472 19
40473 55
40474 21
40475 24
40476 35
40477 25
40478 38
40479 42
40480 20
40481 17
40482 34
40483 21
40484 42
40485 25
40486 33
40487 16
40488 32
40489 16
40490 11
40491 40
40492 30
40493 33
40494 29
40495 18
40496 26
40497 38
40498 30
40499 23
40500 32
40501 19
40502 31
40503 28
40504 38
40505 20
40506 32
40507 13
40508 34
40509 31
40510 31
40511 34
40512 35
40513 28
40514 18
40515 35
40516 23
40517 14
40518 46
40519 23
40520 6
40521 31
40522 29
40523 22
40524 41
40525 10
40526 33
40527 33
40528 31
40529 24
40530 32
40531 28
40532 23
40533 53
40534 23
40535 25
40536 37
40537 27
40538 16
40539 41
40540 12
40541 14
40542 36
40543 13
40544 12
40545 22
40546 22
40547 21
40548 36
40549 13
40550 25
40551 49
40552 23
40553 39
40554 32
40555 25
40556 29
40557 47
40558 15
40559 26
40560 28
40561 22
40562 24
40563 23
40564 27
40565 13
40566 44
40567 18
40568 28
40569 30
40570 24
40571 22
40572 34
40573 30
40574 34
40575 27
40576 26
40577 39
40578 39
40579 26
40580 32
40581 31
40582 16
40583 20
40584 43
40585 10
40586 20
40587 33
40588 22
40589 27
40590 39
40591 30
40592 21
40593 44
40594 25
40595 20
40596 33
40597 25
40598 32
40599 38
40600 12
40601 24
40602 26
40603 19
40604 34
40605 31
40606 20
40607 27
40608 43
40609 11
40610 16
40611 34
40612 17
40613 31
40614 38
40615 18
40616 23
40617 40
40618 24
40619 19
40620 31
40621 21
40622 22
40623 26
40624 24
40625 17
40626 35
40627 29
40628 32
40629 37
40630 13
40631 34
40632 33
40633 30
40634 30
40635 31
40636 20
40637 33
40638 41
40639 30
40640 13
40641 24
40642 25
40643 19
40644 32
40645 22
40646 30
40647 26
40648 34
40649 18
40650 25
40651 33
40652 28
40653 55
40654 19
40655 14
40656 24
40657 34
40658 17
40659 37
40660 12
40661 21
40662 41
40663 23
40664 20
40665 28
40666 27
40667 22
40668 40
40669 15
40670 20
40671 43
40672 30
40673 28
40674 28
40675 22
40676 28
40677 42
40678 21
40679 29
40680 27
40681 20
40682 13
40683 32
40684 21
40685 25
40686 43
40687 23
40688 24
40689 40
40690 34
40691 28
40692 45
40693 20
40694 31
40695 25
40696 34
40697 24
40698 46
40699 30
40700 29
40701 35
40702 15
40703 22
40704 39
40705 17
40706 16
40707 38
40708 22
40709 29
40710 34
40711 46
40712 15
40713 46
40714 21
40715 20
40716 52
40717 24
40718 49
40719 34
40720 16
40721 18
40722 40
40723 21
40724 25
40725 30
40726 20
40727 19
40728 33
40729 21
40730 16
40731 46
40732 24
40733 32
40734 44
40735 22
40736 10
40737 51
40738 26
40739 34
40740 30
40741 13
40742 39
40743 28
40744 28
40745 18
40746 31
40747 21
40748 32
40749 32
40750 14
40751 30
40752 26
40753 37
40754 24
40755 39
40756 15
40757 42
40758 33
40759 30
40760 7
40761 30
40762 25
40763 25
40764 31
40765 18
40766 27
40767 24
40768 26
40769 23
40770 26
40771 23
40772 34
40773 47
40774 10
40775 13
40776 33
40777 32
40778 16
40779 34
40780 17
40781 23
40782 30
40783 26
40784 12
40785 31
40786 23
40787 27
40788 41
40789 25
40790 25
40791 45
40792 26
40793 30
40794 37
40795 21
40796 40
40797 21
40798 17
40799 24
40800 33
40801 11
40802 8
40803 27
40804 14
40805 20
40806 42
40807 32
40808 25
40809 45
40810 24
40811 46
40812 35
40813 32
40814 29
40815 37
40816 31
40817 13
40818 35
40819 26
40820 22
40821 25
40822 11
40823 18
40824 30
40825 16
40826 25
40827 27
40828 24
40829 23
40830 35
40831 31
40832 26
40833 56
40834 34
40835 29
40836 39
40837 27
40838 28
40839 38
40840 23
40841 23
40842 38
40843 20
40844 23
40845 26
40846 24
40847 23
40848 47
40849 15
40850 16
40851 36
40852 27
40853 28
40854 54
40855 22
40856 11
40857 35
40858 29
40859 35
40860 28
40861 25
40862 32
40863 33
40864 22
40865 26
40866 35
40867 22
40868 31
40869 31
40870 19
40871 28
40872 40
40873 27
40874 20
40875 18
40876 12
40877 21
40878 46
40879 28
40880 11
40881 29
40882 22
40883 15
40884 32
40885 22
40886 25
40887 42
40888 24
40889 30
40890 27
40891 29
40892 24
40893 44
40894 12
40895 25
40896 31
40897 16
40898 11
40899 32
40900 17
40901 13
40902 54
40903 15
40904 19
40905 32
40906 41
40907 19
40908 46
40909 20
40910 28
40911 49
40912 32
40913 48
40914 30
40915 19
40916 30
40917 34
40918 24
40919 35
40920 29
40921 11
40922 15
40923 20
40924 18
40925 21
40926 51
40927 15
40928 24
40929 26
40930 24
40931 34
40932 46
40933 32
40934 37
40935 32
40936 22
40937 41
40938 39
40939 27
40940 24
40941 26
40942 20
40943 24
40944 26
40945 19
40946 16
40947 30
40948 15
40949 20
40950 27
40951 42
40952 27
40953 49
40954 27
40955 21
40956 43
40957 23
40958 49
40959 46
40960 20
40961 22
40962 29
40963 18
40964 33
40965 33
40966 12
40967 25
40968 33
40969 21
40970 11
40971 49
40972 21
40973 35
40974 36
40975 19
40976 23
40977 47
40978 35
40979 30
40980 36
40981 21
40982 35
40983 26
40984 23
40985 16
40986 40
40987 27
40988 30
40989 33
40990 13
40991 31
40992 25
40993 22
40994 17
40995 21
40996 22
40997 38
40998 44
40999 18
41000 16
41001 30
41002 37
41003 13
41004 65
41005 20
41006 30
41007 21
41008 32
41009 15
41010 31
41011 42
41012 34
41013 47
41014 15
41015 14
41016 36
41017 13
41018 7
41019 40
41020 17
41021 17
41022 32
41023 19
41024 16
41025 29
41026 35
41027 14
41028 56
41029 14
41030 32
41031 44
41032 25
41033 35
41034 41
41035 16
41036 43
41037 49
41038 8
41039 25
41040 26
41041 19
41042 17
41043 30
41044 14
41045 22
41046 27
41047 17
41048 19
41049 37
41050 17
41051 45
41052 48
41053 29
41054 39
41055 34
41056 27
41057 29
41058 46
41059 44
41060 28
41061 31
41062 18
41063 21
41064 38
41065 12
41066 16
41067 29
41068 29
41069 18
41070 32
41071 15
41072 11
41073 32
41074 28
41075 21
41076 39
41077 34
41078 45
41079 33
41080 15
41081 23
41082 44
41083 20
41084 36
41085 33
41086 24
41087 20
41088 38
41089 18
41090 12
41091 35
41092 14
41093 24
41094 39
41095 16
41096 21
41097 43
41098 25
41099 20
41100 23
41101 23
41102 33
41103 35
41104 27
41105 25
41106 30
41107 17
41108 28
41109 24
41110 16
41111 28
41112 34
41113 21
41114 13
41115 25
41116 24
41117 16
41118 36
41119 30
41120 17
41121 47
41122 28
41123 16
41124 33
41125 25
41126 29
41127 23
41128 30
41129 25
41130 30
41131 31
41132 36
41133 46
41134 32
41135 15
41136 37
41137 17
41138 10
41139 34
41140 26
41141 10
41142 35
41143 11
41144 25
41145 34
41146 28
41147 16
41148 42
41149 21
41150 25
41151 38
41152 26
41153 38
41154 38
41155 18
41156 36
41157 32
41158 26
41159 38
41160 27
41161 15
41162 22
41163 29
41164 20
41165 14
41166 39
41167 25
41168 19
41169 28
41170 15
41171 31
41172 31
41173 33
41174 32
41175 38
41176 27
41177 35
41178 25
41179 28
41180 24
41181 27
41182 15
41183 25
41184 35
41185 25
41186 24
41187 31
41188 25
41189 20
41190 26
41191 23
41192 14
41193 46
41194 23
41195 21
41196 30
41197 25
41198 32
41199 40
41200 15
41201 24
41202 32
41203 24
41204 32
41205 34
41206 18
41207 24
41208 25
41209 18
41210 17
41211 54
41212 27
41213 32
41214 34
41215 20
41216 20
41217 39
41218 36
41219 17
41220 27
41221 27
41222 26
41223 27
41224 29
41225 25
41226 31
41227 21
41228 33
41229 38
41230 18
41231 50
41232 35
41233 26
41234 17
41235 33
41236 19
41237 33
41238 48
41239 40
41240 21
41241 32
41242 36
41243 17
41244 55
41245 22
41246 36
41247 27
41248 27
41249 17
41250 27
41251 39
41252 31
41253 65
41254 25
41255 25
41256 37
41257 27
41258 23
41259 57
41260 11
41261 18
41262 43
41263 16
41264 28
41265 23
41266 27
41267 14
41268 49
41269 10
41270 31
41271 27
41272 24
41273 32
41274 26
41275 17
41276 26
41277 59
41278 13
41279 31
41280 27
41281 13
41282 17
41283 42
41284 20
41285 20
41286 33
41287 18
41288 17
41289 28
41290 20
41291 26
41292 43
41293 36
41294 39
41295 30
41296 33
41297 20
41298 31
41299 29
41300 24
41301 35
41302 21
41303 22
41304 27
41305 20
41306 22
41307 37
41308 14
41309 30
41310 36
41311 35
41312 16
41313 35
41314 17
41315 25
41316 50
41317 25
41318 40
41319 24
41320 24
41321 17
41322 30
41323 21
41324 31
41325 27
41326 20
41327 27
41328 36
41329 21
41330 12
41331 59
41332 15
41333 37
41334 35
41335 17
41336 21
41337 35
41338 40
41339 20
41340 30
41341 14
41342 36
41343 25
41344 23
41345 21
41346 32
41347 23
41348 27
41349 30
41350 16
41351 31
41352 31
41353 26
41354 22
41355 42
41356 16
41357 32
41358 42
41359 39
41360 16
41361 41
41362 27
41363 24
41364 36
41365 14
41366 30
41367 31
41368 26
41369 16
41370 31
41371 33
41372 29
41373 45
41374 23
41375 11
41376 34
41377 30
41378 19
41379 45
41380 14
41381 21
41382 36
41383 29
41384 12
41385 31
41386 24
41387 20
41388 39
41389 10
41390 26
41391 32
41392 24
41393 35
41394 30
41395 20
41396 30
41397 53
41398 8
41399 21
41400 30
41401 22
41402 20
41403 29
41404 18
41405 20
41406 33
41407 25
41408 21
41409 29
41410 21
41411 29
41412 46
41413 25
41414 37
41415 34
41416 34
41417 25
41418 36
41419 16
41420 27
41421 25
41422 10
41423 14
41424 39
41425 16
41426 18
41427 34
41428 16
41429 25
41430 26
41431 37
41432 21
41433 50
41434 17
41435 29
41436 38
41437 25
41438 45
41439 43
41440 19
41441 21
41442 36
41443 18
41444 31
41445 31
41446 19
41447 16
41448 35
41449 14
41450 8
41451 43
41452 17
41453 37
41454 41
41455 23
41456 26
41457 47
41458 32
41459 32
41460 33
41461 21
41462 38
41463 27
41464 27
41465 13
41466 31
41467 26
41468 27
41469 31
41470 7
41471 21
41472 29
41473 33
41474 18
41475 32
41476 12
41477 29
41478 45
41479 30
41480 18
41481 27
41482 35
41483 25
41484 38
41485 20
41486 35
41487 27
41488 22
41489 18
41490 30
41491 26
41492 29
41493 59
41494 18
41495 22
41496 29
41497 25
41498 19
41499 29
41500 21
41501 19
41502 42
41503 19
41504 23
41505 24
41506 27
41507 23
41508 42
41509 19
41510 25
41511 54
41512 27
41513 43
41514 37
41515 22
41516 38
41517 37
41518 14
41519 25
41520 27
41521 17
41522 14
41523 22
41524 14
41525 22
41526 45
41527 16
41528 21
41529 28
41530 21
41531 36
41532 53
41533 26
41534 32
41535 33
41536 38
41537 36
41538 34
41539 27
41540 30
41541 30
41542 13
41543 18
41544 35
41545 19
41546 13
41547 27
41548 22
41549 19
41550 38
41551 35
41552 20
41553 40
41554 33
41555 15
41556 43
41557 17
41558 41
41559 41
41560 18
41561 25
41562 40
41563 22
41564 27
41565 32
41566 19
41567 27
41568 27
41569 24
41570 13
41571 33
41572 23
41573 17
41574 46
41575 22
41576 28
41577 49
41578 34
41579 20
41580 33
41581 14
41582 30
41583 29
41584 25
41585 19
41586 31
41587 17
41588 27
41589 37
41590 17
41591 38
41592 30
41593 38
41594 16
41595 28
41596 22
41597 27
41598 35
41599 25
41600 15
41601 26
41602 32
41603 19
41604 39
41605 12
41606 33
41607 18
41608 25
41609 25
41610 26
41611 35
41612 27
41613 54
41614 23
41615 26
41616 34
41617 27
41618 17
41619 37
41620 17
41621 23
41622 42
41623 18
41624 19
41625 29
41626 40
41627 15
41628 63
41629 19
41630 37
41631 54
41632 39
41633 30
41634 42
41635 23
41636 37
41637 36
41638 17
41639 32
41640 26
41641 16
41642 16
41643 20
41644 24
41645 16
41646 35
41647 16
41648 29
41649 33
41650 26
41651 26
41652 51
41653 27
41654 40
41655 25
41656 35
41657 28
41658 44
41659 25
41660 24
41661 26
41662 17
41663 18
41664 20
41665 11
41666 10
41667 27
41668 17
41669 29
41670 23
41671 40
41672 20
41673 51
41674 19
41675 24
41676 45
41677 25
41678 45
41679 46
41680 26
41681 17
41682 33
41683 19
41684 35
41685 23
41686 28
41687 22
41688 31
41689 15
41690 14
41691 44
41692 10
41693 34
41694 39
41695 15
41696 12
41697 49
41698 25
41699 39
41700 26
41701 22
41702 34
41703 34
41704 25
41705 17
41706 38
41707 25
41708 25
41709 33
41710 15
41711 29
41712 38
41713 23
41714 19
41715 19
41716 21
41717 28
41718 35
41719 22
41720 10
41721 35
41722 19
41723 22
41724 29
41725 26
41726 34
41727 35
41728 26
41729 20
41730 31
41731 40
41732 31
41733 44
41734 25
41735 19
41736 36
41737 21
41738 17
41739 43
41740 19
41741 18
41742 33
41743 22
41744 21
41745 45
41746 28
41747 13
41748 38
41749 15
41750 25
41751 43
41752 35
41753 41
41754 40
41755 13
41756 43
41757 42
41758 19
41759 25
41760 22
41761 12
41762 17
41763 28
41764 19
41765 17
41766 45
41767 15
41768 28
41769 23
41770 29
41771 26
41772 33
41773 21
41774 28
41775 24
41776 23
41777 29
41778 32
41779 31
41780 36
41781 31
41782 12
41783 23
41784 40
41785 14
41786 18
41787 32
41788 32
41789 19
41790 32
41791 30
41792 19
41793 63
41794 23
41795 20
41796 30
41797 25
41798 35
41799 43
41800 20
41801 17
41802 32
41803 21
41804 28
41805 33
41806 25
41807 21
41808 31
41809 19
41810 10
41811 53
41812 25
41813 31
41814 34
41815 20
41816 16
41817 48
41818 40
41819 27
41820 34
41821 12
41822 25
41823 35
41824 31
41825 25
41826 28
41827 21
41828 14
41829 30
41830 10
41831 35
41832 28
41833 33
41834 11
41835 29
41836 26
41837 32
41838 58
41839 12
41840 12
41841 17
41842 35
41843 16
41844 49
41845 19
41846 29
41847 40
41848 30
41849 27
41850 20
41851 34
41852 27
41853 52
41854 14
41855 27
41856 33
41857 18
41858 15
41859 39
41860 24
41861 20
41862 55
41863 15
41864 23
41865 25
41866 40
41867 17
41868 53
41869 23
41870 29
41871 40
41872 23
41873 43
41874 34
41875 16
41876 29
41877 49
41878 21
41879 36
41880 24
41881 16
41882 17
41883 29
41884 14
41885 18
41886 40
41887 27
41888 26
41889 29
41890 24
41891 25
41892 34
41893 28
41894 35
41895 30
41896 28
41897 32
41898 32
41899 29
41900 25
41901 33
41902 10
41903 25
41904 32
41905 21
41906 18
41907 36
41908 17
41909 21
41910 30
41911 37
41912 19
41913 56
41914 25
41915 24
41916 39
41917 20
41918 37
41919 31
41920 19
41921 22
41922 31
41923 13
41924 28
41925 30
41926 24
41927 20
41928 22
41929 12
41930 14
41931 52
41932 13
41933 46
41934 24
41935 21
41936 15
41937 45
41938 27
41939 29
41940 30
41941 17
41942 30
41943 30
41944 37
41945 19
41946 35
41947 24
41948 30
41949 30
41950 22
41951 30
41952 30
41953 26
41954 21
41955 36
41956 14
41957 29
41958 35
41959 33
41960 17
41961 30
41962 35
41963 17
41964 38
41965 17
41966 40
41967 29
41968 40
41969 20
41970 32
41971 28
41972 34
41973 48
41974 18
41975 20
41976 25
41977 28
41978 9
41979 55
41980 12
41981 24
41982 34
41983 18
41984 18
41985 33
41986 27
41987 36
41988 37
41989 16
41990 35
41991 44
41992 24
41993 25
41994 31
41995 15
41996 26
41997 38
41998 18
41999 19
42000 20
42001 17
42002 15
42003 30
42004 16
42005 29
42006 31
42007 19
42008 19
42009 37
42010 20
42011 41
42012 40
42013 21
42014 30
42015 22
42016 29
42017 17
42018 40
42019 20
42020 29
42021 29
42022 25
42023 15
42024 36
42025 18
42026 21
42027 36
42028 20
42029 36
42030 26
42031 48
42032 16
42033 58
42034 21
42035 31
42036 44
42037 24
42038 35
42039 41
42040 20
42041 18
42042 37
42043 20
42044 36
42045 28
42046 18
42047 16
42048 34
42049 16
42050 17
42051 43
42052 21
42053 40
42054 35
42055 20
42056 17
42057 50
42058 32
42059 25
42060 33
42061 23
42062 40
42063 31
42064 31
42065 23
42066 28
42067 22
42068 30
42069 30
42070 12
42071 20
42072 36
42073 21
42074 21
42075 32
42076 36
42077 26
42078 59
42079 30
42080 19
42081 26
42082 36
42083 24
42084 45
42085 11
42086 37
42087 29
42088 25
42089 20
42090 27
42091 20
42092 30
42093 43
42094 15
42095 19
42096 31
42097 21
42098 10
42099 34
42100 16
42101 19
42102 50
42103 18
42104 24
42105 22
42106 32
42107 20
42108 43
42109 14
42110 30
42111 52
42112 20
42113 32
42114 34
42115 20
42116 34
42117 31
42118 7
42119 22
42120 26
42121 20
42122 21
42123 24
42124 14
42125 20
42126 32
42127 20
42128 29
42129 33
42130 21
42131 37
42132 46
42133 29
42134 40
42135 34
42136 26
42137 23
42138 31
42139 22
42140 33
42141 31
42142 17
42143 18
42144 32
42145 20
42146 15
42147 28
42148 27
42149 29
42150 38
42151 29
42152 23
42153 67
42154 28
42155 26
42156 50
42157 29
42158 29
42159 47
42160 26
42161 21
42162 29
42163 22
42164 28
42165 26
42166 14
42167 25
42168 28
42169 15
42170 10
42171 29
42172 15
42173 32
42174 50
42175 23
42176 30
42177 42
42178 34
42179 22
42180 40
42181 19
42182 29
42183 31
42184 30
42185 22
42186 44
42187 16
42188 28
42189 29
42190 13
42191 26
42192 30
42193 33
42194 12
42195 22
42196 26
42197 23
42198 46
42199 30
42200 23
42201 35
42202 34
42203 23
42204 41
42205 9
42206 35
42207 32
42208 31
42209 20
42210 30
42211 38
42212 30
42213 53
42214 18
42215 18
42216 25
42217 26
42218 14
42219 36
42220 17
42221 15
42222 40
42223 24
42224 14
42225 30
42226 30
42227 19
42228 38
42229 19
42230 30
42231 43
42232 19
42233 31
42234 36
42235 24
42236 19
42237 43
42238 15
42239 38
42240 33
42241 23
42242 14
42243 25
42244 16
42245 20
42246 32
42247 23
42248 20
42249 28
42250 18
42251 37
42252 52
42253 28
42254 42
42255 23
42256 29
42257 26
42258 40
42259 30
42260 28
42261 28
42262 13
42263 18
42264 32
42265 22
42266 18
42267 25
42268 20
42269 32
42270 24
42271 31
42272 14
42273 55
42274 32
42275 16
42276 50
42277 34
42278 53
42279 37
42280 25
42281 14
42282 26
42283 16
42284 45
42285 24
42286 15
42287 15
42288 28
42289 18
42290 10
42291 43
42292 22
42293 41
42294 28
42295 19
42296 21
42297 40
42298 39
42299 24
42300 33
42301 12
42302 32
42303 24
42304 26
42305 10
42306 33
42307 19
42308 28
42309 35
42310 15
42311 33
42312 35
42313 24
42314 11
42315 28
42316 22
42317 37
42318 46
42319 34
42320 23
42321 25
42322 32
42323 24
42324 35
42325 14
42326 26
42327 22
42328 27
42329 15
42330 29
42331 33
42332 33
42333 43
42334 21
42335 17
42336 35
42337 25
42338 17
42339 33
42340 14
42341 14
42342 42
42343 22
42344 20
42345 26
42346 35
42347 22
42348 39
42349 18
42350 25
42351 50
42352 21
42353 35
42354 44
42355 27
42356 43
42357 35
42358 19
42359 32
42360 28
42361 15
42362 17
42363 26
42364 27
42365 21
42366 39
42367 21
42368 31
42369 44
42370 18
42371 33
42372 41
42373 31
42374 24
42375 35
42376 29
42377 36
42378 28
42379 23
42380 27
42381 29
42382 14
42383 16
42384 43
42385 18
42386 19
42387 31
42388 21
42389 23
42390 37
42391 40
42392 21
42393 57
42394 26
42395 18
42396 27
42397 19
42398 27
42399 46
42400 18
42401 24
42402 33
42403 13
42404 30
42405 27
42406 22
42407 25
42408 37
42409 28
42410 19
42411 40
42412 18
42413 36
42414 47
42415 15
42416 26
42417 46
42418 37
42419 28
42420 29
42421 9
42422 27
42423 21
42424 20
42425 21
42426 33
42427 31
42428 23
42429 27
42430 12
42431 31
42432 27
42433 36
42434 12
42435 29
42436 22
42437 30
42438 45
42439 26
42440 15
42441 28
42442 27
42443 17
42444 39
42445 16
42446 31
42447 46
42448 21
42449 24
42450 20
42451 40
42452 18
42453 57
42454 27
42455 22
42456 43
42457 19
42458 9
42459 44
42460 19
42461 16
42462 44
42463 19
42464 14
42465 25
42466 34
42467 25
42468 44
42469 19
42470 21
42471 46
42472 33
42473 37
42474 30
42475 16
42476 25
42477 52
42478 11
42479 31
42480 24
42481 19
42482 19
42483 25
42484 16
42485 19
42486 41
42487 24
42488 17
42489 29
42490 24
42491 26
42492 36
42493 40
42494 33
42495 30
42496 19
42497 24
42498 28
42499 27
42500 21
42501 23
42502 13
42503 15
42504 29
42505 21
42506 20
42507 27
42508 28
42509 19
42510 36
42511 38
42512 14
42513 47
42514 29
42515 21
42516 37
42517 26
42518 41
42519 47
42520 20
42521 23
42522 32
42523 20
42524 26
42525 32
42526 33
42527 30
42528 43
42529 17
42530 10
42531 57
42532 17
42533 41
42534 46
42535 18
42536 17
42537 45
42538 33
42539 33
42540 45
42541 12
42542 33
42543 20
42544 30
42545 21
42546 37
42547 17
42548 31
42549 34
42550 8
42551 32
42552 34
42553 26
42554 10
42555 28
42556 14
42557 26
42558 39
42559 18
42560 17
42561 26
42562 29
42563 20
42564 44
42565 16
42566 36
42567 25
42568 37
42569 22
42570 39
42571 39
42572 35
42573 45
42574 18
42575 27
42576 27
42577 19
42578 11
42579 46
42580 11
42581 18
42582 42
42583 14
42584 20
42585 20
42586 32
42587 19
42588 54
42589 24
42590 38
42591 35
42592 36
42593 33
42594 36
42595 19
42596 36
42597 47
42598 15
42599 32
42600 21
42601 17
42602 18
42603 41
42604 9
42605 29
42606 49
42607 27
42608 21
42609 38
42610 18
42611 39
42612 33
42613 28
42614 35
42615 28
42616 20
42617 22
42618 38
42619 24
42620 20
42621 28
42622 12
42623 18
42624 21
42625 15
42626 18
42627 26
42628 16
42629 39
42630 23
42631 18
42632 21
42633 54
42634 28
42635 24
42636 40
42637 25
42638 39
42639 30
42640 25
42641 15
42642 39
42643 22
42644 42
42645 27
42646 24
42647 16
42648 33
42649 15
42650 17
42651 41
42652 25
42653 41
42654 38
42655 19
42656 21
42657 39
42658 34
42659 30
42660 34
42661 23
42662 39
42663 29
42664 30
42665 9
42666 39
42667 22
42668 37
42669 33
42670 20
42671 20
42672 34
42673 25
42674 26
42675 26
42676 24
42677 17
42678 41
42679 25
42680 13
42681 40
42682 24
42683 23
42684 37
42685 18
42686 24
42687 44
42688 23
42689 28
42690 25
42691 31
42692 31
42693 50
42694 17
42695 21
42696 35
42697 18
42698 21
42699 37
42700 18
42701 18
42702 43
42703 18
42704 11
42705 32
42706 34
42707 28
42708 35
42709 17
42710 26
42711 47
42712 23
42713 40
42714 31
42715 24
42716 28
42717 37
42718 14
42719 20
42720 27
42721 18
42722 20
42723 25
42724 23
42725 15
42726 45
42727 26
42728 11
42729 33
42730 25
42731 32
42732 42
42733 38
42734 32
42735 35
42736 29
42737 35
42738 34
42739 26
42740 26
42741 21
42742 12
42743 19
42744 38
42745 17
42746 21
42747 25
42748 20
42749 16
42750 36
42751 31
42752 17
42753 49
42754 26
42755 18
42756 41
42757 27
42758 36
42759 47
42760 18
42761 18
42762 31
42763 18
42764 34
42765 30
42766 15
42767 22
42768 45
42769 18
42770 10
42771 42
42772 16
42773 32
42774 41
42775 18
42776 26
42777 32
42778 35
42779 35
42780 41
42781 15
42782 32
42783 26
42784 33
42785 18
42786 33
42787 26
42788 27
42789 34
42790 14
42791 31
42792 32
42793 17
42794 13
42795 32
42796 16
42797 23
42798 37
42799 22
42800 15
42801 31
42802 23
42803 19
42804 43
42805 29
42806 39
42807 34
42808 34
42809 25
42810 34
42811 38
42812 40
42813 56
42814 15
42815 17
42816 37
42817 26
42818 14
42819 25
42820 11
42821 20
42822 37
42823 23
42824 27
42825 32
42826 33
42827 19
42828 45
42829 19
42830 36
42831 36
42832 20
42833 31
42834 37
42835 24
42836 26
42837 47
42838 21
42839 17
42840 22
42841 15
42842 10
42843 27
42844 11
42845 22
42846 45
42847 12
42848 24
42849 36
42850 25
42851 26
42852 34
42853 28
42854 32
42855 31
42856 37
42857 30
42858 34
42859 35
42860 27
42861 32
42862 14
42863 21
42864 33
42865 11
42866 9
42867 37
42868 27
42869 25
42870 26
42871 29
42872 15
42873 35
42874 20
42875 23
42876 46
42877 16
42878 51
42879 40
42880 19
42881 18
42882 39
42883 24
42884 41
42885 37
42886 18
42887 25
42888 34
42889 27
42890 9
42891 53
42892 20
42893 29
42894 31
42895 23
42896 19
42897 32
42898 27
42899 15
42900 39
42901 14
42902 48
42903 22
42904 30
42905 15
42906 39
42907 21
42908 39
42909 36
42910 13
42911 35
42912 30
42913 35
42914 13
42915 30
42916 18
42917 27
42918 45
42919 23
42920 16
42921 26
42922 37
42923 23
42924 35
42925 15
42926 41
42927 31
42928 22
42929 25
42930 34
42931 31
42932 38
42933 57
42934 14
42935 23
42936 38
42937 34
42938 20
42939 35
42940 22
42941 29
42942 33
42943 20
42944 12
42945 27
42946 32
42947 17
42948 41
42949 19
42950 25
42951 35
42952 22
42953 35
42954 26
42955 19
42956 39
42957 35
42958 19
42959 36
42960 30
42961 20
42962 6
42963 32
42964 14
42965 15
42966 36
42967 32
42968 16
42969 37
42970 19
42971 30
42972 37
42973 40
42974 35
42975 28
42976 29
42977 31
42978 40
42979 38
42980 34
42981 27
42982 14
42983 19
42984 39
42985 19
42986 18
42987 27
42988 22
42989 20
42990 20
42991 40
42992 22
42993 60
42994 19
42995 25
42996 28
42997 23
42998 30
42999 43
43000 22
43001 14
43002 40
43003 17
43004 33
43005 27
43006 22
43007 22
43008 38
43009 16
43010 12
43011 41
43012 32
43013 27
43014 33
43015 22
43016 23
43017 44
43018 32
43019 28
43020 21
43021 26
43022 29
43023 26
43024 22
43025 21
43026 39
43027 18
43028 27
43029 29
43030 15
43031 26
43032 36
43033 25
43034 17
43035 29
43036 17
43037 33
43038 37
43039 24
43040 17
43041 35
43042 18
43043 16
43044 38
43045 14
43046 36
43047 30
43048 28
43049 22
43050 26
43051 41
43052 36
43053 53
43054 22
43055 23
43056 35
43057 22
43058 18
43059 47
43060 15
43061 17
43062 35
43063 18
43064 13
43065 28
43066 28
43067 20
43068 53
43069 19
43070 27
43071 48
43072 27
43073 38
43074 34
43075 25
43076 32
43077 53
43078 12
43079 35
43080 31
43081 14
43082 12
43083 26
43084 25
43085 12
43086 34
43087 24
43088 32
43089 27
43090 24
43091 31
43092 44
43093 31
43094 39
43095 36
43096 29
43097 41
43098 39
43099 22
43100 24
43101 25
43102 21
43103 19
43104 31
43105 16
43106 19
43107 27
43108 18
43109 23
43110 33
43111 23
43112 14
43113 33
43114 30
43115 20
43116 37
43117 22
43118 45
43119 35
43120 21
43121 25
43122 29
43123 7
43124 23
43125 21
43126 25
43127 21
43128 30
43129 24
43130 17
43131 47
43132 17
43133 30
43134 41
43135 23
43136 21
43137 40
43138 27
43139 26
43140 44
43141 13
43142 47
43143 31
43144 24
43145 27
43146 40
43147 26
43148 27
43149 31
43150 11
43151 26
43152 34
43153 32
43154 14
43155 32
43156 22
43157 30
43158 40
43159 22
43160 21
43161 30
43162 27
43163 12
43164 50
43165 23
43166 30
43167 27
43168 39
43169 26
43170 25
43171 30
43172 20
43173 47
43174 21
43175 33
43176 27
43177 24
43178 14
43179 39
43180 12
43181 16
43182 26
43183 22
43184 17
43185 24
43186 24
43187 29
43188 50
43189 19
43190 22
43191 46
43192 30
43193 33
43194 34
43195 23
43196 25
43197 43
43198 12
43199 29
43200 24
43201 18
43202 14
43203 25
43204 10
43205 17
43206 37
43207 23
43208 26
43209 35
43210 26
43211 34
43212 48
43213 29
43214 33
43215 31
43216 28
43217 32
43218 40
43219 29
43220 27
43221 34
43222 14
43223 24
43224 26
43225 14
43226 22
43227 32
43228 19
43229 26
43230 37
43231 36
43232 7
43233 57
43234 28
43235 13
43236 32
43237 31
43238 45
43239 41
43240 19
43241 22
43242 39
43243 11
43244 26
43245 24
43246 25
43247 22
43248 31
43249 15
43250 15
43251 42
43252 17
43253 42
43254 47
43255 25
43256 18
43257 39
43258 24
43259 29
43260 31
43261 12
43262 37
43263 23
43264 28
43265 21
43266 33
43267 20
43268 32
43269 32
43270 20
43271 30
43272 28
43273 26
43274 17
43275 27
43276 19
43277 30
43278 42
43279 23
43280 12
43281 29
43282 30
43283 23
43284 31
43285 14
43286 23
43287 37
43288 28
43289 23
43290 20
43291 40
43292 43
43293 61
43294 26
43295 20
43296 38
43297 18
43298 23
43299 44
43300 20
43301 21
43302 36
43303 21
43304 23
43305 45
43306 33
43307 28
43308 49
43309 13
43310 28
43311 60
43312 25
43313 22
43314 34
43315 16
43316 37
43317 39
43318 35
43319 24
43320 21
43321 17
43322 23
43323 29
43324 20
43325 18
43326 39
43327 21
43328 22
43329 32
43330 28
43331 42
43332 42
43333 28
43334 26
43335 29
43336 34
43337 30
43338 33
43339 28
43340 21
43341 30
43342 25
43343 18
43344 32
43345 17
43346 20
43347 29
43348 17
43349 24
43350 40
43351 27
43352 19
43353 49
43354 33
43355 20
43356 45
43357 27
43358 19
43359 37
43360 23
43361 21
43362 37
43363 16
43364 28
43365 21
43366 11
43367 16
43368 38
43369 14
43370 18
43371 37
43372 24
43373 28
43374 36
43375 14
43376 21
43377 35
43378 26
43379 22
43380 37
43381 11
43382 35
43383 25
43384 28
43385 22
43386 41
43387 17
43388 26
43389 33
43390 14
43391 30
43392 22
43393 27
43394 16
43395 26
43396 20
43397 13
43398 42
43399 27
43400 17
43401 26
43402 33
43403 15
43404 44
43405 18
43406 39
43407 33
43408 34
43409 26
43410 19
43411 31
43412 23
43413 49
43414 8
43415 24
43416 33
43417 41
43418 20
43419 33
43420 15
43421 15
43422 48
43423 15
43424 24
43425 30
43426 32
43427 21
43428 49
43429 20
43430 31
43431 42
43432 29
43433 45
43434 31
43435 28
43436 30
43437 58
43438 17
43439 31
43440 24
43441 13
43442 22
43443 33
43444 12
43445 18
43446 43
43447 21
43448 21
43449 28
43450 29
43451 29
43452 33
43453 31
43454 32
43455 33
43456 28
43457 24
43458 28
43459 38
43460 25
43461 38
43462 23
43463 17
43464 38
43465 14
43466 22
43467 29
43468 21
43469 22
43470 35
43471 32
43472 17
43473 48
43474 25
43475 18
43476 37
43477 25
43478 34
43479 33
43480 27
43481 19
43482 24
43483 20
43484 31
43485 35
43486 27
43487 9
43488 39
43489 17
43490 9
43491 43
43492 20
43493 37
43494 38
43495 17
43496 16
43497 32
43498 28
43499 25
43500 33
43501 12
43502 36
43503 26
43504 35
43505 19
43506 35
43507 23
43508 43
43509 34
43510 13
43511 33
43512 34
43513 29
43514 15
43515 37
43516 20
43517 29
43518 38
43519 21
43520 11
43521 30
43522 29
43523 15
43524 37
43525 13
43526 27
43527 36
43528 27
43529 20
43530 27
43531 33
43532 40
43533 55
43534 32
43535 22
43536 32
43537 29
43538 23
43539 45
43540 14
43541 32
43542 38
43543 19
43544 15
43545 37
43546 35
43547 23
43548 46
43549 8
43550 26
43551 57
43552 23
43553 40
43554 41
43555 19
43556 28
43557 45
43558 28
43559 35
43560 37
43561 20
43562 19
43563 30
43564 17
43565 26
43566 42
43567 20
43568 14
43569 35
43570 23
43571 27
43572 40
43573 26
43574 24
43575 25
43576 21
43577 32
43578 34
43579 22
43580 31
43581 31
43582 13
43583 23
43584 41
43585 13
43586 26
43587 30
43588 25
43589 20
43590 29
43591 33
43592 15
43593 50
43594 24
43595 17
43596 38
43597 17
43598 38
43599 29
43600 14
43601 21
43602 33
43603 15
43604 43
43605 26
43606 18
43607 19
43608 34
43609 8
43610 16
43611 40
43612 18
43613 21
43614 30
43615 23
43616 27
43617 39
43618 25
43619 28
43620 27
43621 18
43622 38
43623 28
43624 27
43625 16
43626 36
43627 24
43628 32
43629 33
43630 7
43631 38
43632 38
43633 32
43634 21
43635 35
43636 21
43637 27
43638 39
43639 27
43640 17
43641 35
43642 32
43643 24
43644 32
43645 20
43646 38
43647 30
43648 25
43649 20
43650 24
43651 37
43652 36
43653 44
43654 22
43655 20
43656 28
43657 18
43658 20
43659 45
43660 28
43661 25
43662 32
43663 21
43664 18
43665 32
43666 26
43667 21
43668 31
43669 22
43670 25
43671 43
43672 19
43673 30
43674 30
43675 15
43676 30
43677 43
43678 21
43679 30
43680 26
43681 18
43682 19
43683 25
43684 18
43685 22
43686 41
43687 17
43688 22
43689 37
43690 21
43691 25
43692 42
43693 32
43694 28
43695 31
43696 31
43697 32
43698 30
43699 27
43700 30
43701 31
43702 13
43703 27
43704 41
43705 12
43706 14
43707 35
43708 25
43709 21
43710 28
43711 31
43712 17
43713 44
43714 25
43715 23
43716 41
43717 25
43718 40
43719 51
43720 18
43721 22
43722 31
43723 26
43724 28
43725 35
43726 19
43727 24
43728 37
43729 17
43730 6
43731 34
43732 24
43733 29
43734 55
43735 16
43736 16
43737 48
43738 29
43739 29
43740 34
43741 15
43742 36
43743 33
43744 20
43745 23
43746 31
43747 26
43748 28
43749 36
43750 13
43751 35
43752 30
43753 39
43754 20
43755 30
43756 17
43757 16
43758 50
43759 35
43760 16
43761 24
43762 23
43763 15
43764 37
43765 13
43766 26
43767 26
43768 16
43769 28
43770 23
43771 25
43772 25
43773 53
43774 13
43775 20
43776 35
43777 39
43778 19
43779 47
43780 11
43781 23
43782 31
43783 20
43784 22
43785 31
43786 18
43787 22
43788 41
43789 15
43790 18
43791 48
43792 24
43793 40
43794 29
43795 20
43796 30
43797 43
43798 15
43799 27
43800 26
43801 18
43802 13
43803 27
43804 23
43805 21
43806 33
43807 25
43808 24
43809 41
43810 19
43811 28
43812 51
43813 28
43814 40
43815 31
43816 47
43817 23
43818 42
43819 21
43820 27
43821 25
43822 19
43823 19
43824 34
43825 16
43826 18
43827 32
43828 18
43829 20
43830 24
43831 50
43832 24
43833 53
43834 23
43835 27
43836 51
43837 21
43838 46
43839 38
43840 21
43841 15
43842 49
43843 17
43844 35
43845 26
43846 21
43847 18
43848 25
43849 22
43850 19
43851 38
43852 14
43853 38
43854 46
43855 21
43856 20
43857 47
43858 45
43859 29
43860 29
43861 20
43862 38
43863 28
43864 25
43865 14
43866 32
43867 15
43868 33
43869 23
43870 16
43871 30
43872 33
43873 21
43874 12
43875 30
43876 28
43877 44
43878 41
43879 33
43880 6
43881 34
43882 22
43883 26
43884 39
43885 24
43886 28
43887 27
43888 28
43889 15
43890 32
43891 29
43892 34
43893 39
43894 28
43895 17
43896 42
43897 24
43898 20
43899 38
43900 11
43901 34
43902 31
43903 29
43904 10
43905 48
43906 15
43907 22
43908 34
43909 24
43910 24
43911 53
43912 36
43913 19
43914 34
43915 27
43916 43
43917 32
43918 18
43919 24
43920 23
43921 15
43922 12
43923 23
43924 21
43925 20
43926 35
43927 14
43928 19
43929 36
43930 24
43931 34
43932 43
43933 30
43934 39
43935 31
43936 40
43937 20
43938 39
43939 29
43940 27
43941 29
43942 29
43943 15
43944 29
43945 15
43946 26
43947 19
43948 28
43949 14
43950 39
43951 28
43952 22
43953 36
43954 32
43955 27
43956 47
43957 22
43958 33
43959 43
43960 19
43961 22
43962 34
43963 20
43964 26
43965 31
43966 30
43967 25
43968 50
43969 16
43970 13
43971 37
43972 26
43973 26
43974 40
43975 22
43976 20
43977 39
43978 31
43979 32
43980 34
43981 16
43982 25
43983 22
43984 24
43985 22
43986 27
43987 12
43988 25
43989 31
43990 13
43991 21
43992 32
43993 35
43994 19
43995 27
43996 22
43997 31
43998 42
43999 26
44000 17
44001 34
44002 31
44003 23
44004 37
44005 21
44006 30
44007 35
44008 25
44009 23
44010 23
44011 45
44012 17
44013 43
44014 11
44015 15
44016 26
44017 12
44018 18
44019 44
44020 26
44021 24
44022 47
44023 19
44024 21
44025 37
44026 38
44027 21
44028 37
44029 24
44030 23
44031 43
44032 30
44033 44
44034 33
44035 16
44036 19
44037 46
44038 11
44039 28
44040 26
44041 14
44042 13
44043 24
44044 25
44045 23
44046 59
44047 20
44048 18
44049 32
44050 28
44051 32
44052 42
44053 21
44054 40
44055 28
44056 28
44057 33
44058 47
44059 33
44060 30
44061 28
44062 9
44063 19
44064 30
44065 16
44066 23
44067 33
44068 15
44069 21
44070 45
44071 21
44072 19
44073 37
44074 27
44075 20
44076 36
44077 24
44078 39
44079 36
44080 17
44081 18
44082 28
44083 22
44084 33
44085 28
44086 15
44087 21
44088 44
44089 19
44090 10
44091 45
44092 21
44093 32
44094 30
44095 14
44096 17
44097 39
44098 30
44099 24
44100 38
44101 15
44102 30
44103 22
44104 38
44105 15
44106 31
44107 13
44108 35
44109 27
44110 19
44111 27
44112 26
44113 29
44114 17
44115 25
44116 8
44117 40
44118 41
44119 26
44120 13
44121 35
44122 36
44123 16
44124 47
44125 18
44126 41
44127 33
44128 39
44129 19
44130 31
44131 32
44132 43
44133 49
44134 19
44135 23
44136 35
44137 22
44138 8
44139 37
44140 16
44141 26
44142 32
44143 22
44144 26
44145 38
44146 26
44147 19
44148 49
44149 18
44150 34
44151 36
44152 28
44153 33
44154 30
44155 25
44156 39
44157 43
44158 15
44159 26
44160 21
44161 15
44162 8
44163 33
44164 16
44165 23
44166 27
44167 22
44168 21
44169 33
44170 26
44171 31
44172 30
44173 30
44174 27
44175 28
44176 33
44177 24
44178 35
44179 30
44180 20
44181 26
44182 25
44183 23
44184 29
44185 16
44186 22
44187 32
44188 27
44189 26
44190 36
44191 27
44192 17
44193 43
44194 30
44195 22
44196 30
44197 17
44198 27
44199 43
44200 16
44201 25
44202 39
44203 21
44204 34
44205 27
44206 24
44207 25
44208 48
44209 23
44210 20
44211 44
44212 19
44213 39
44214 40
44215 19
44216 15
44217 44
44218 29
44219 26
44220 31
44221 23
44222 31
44223 32
44224 24
44225 23
44226 34
44227 28
44228 41
44229 30
44230 9
44231 38
44232 34
44233 31
44234 28
44235 35
44236 21
44237 27
44238 40
44239 27
44240 14
44241 29
44242 31
44243 22
44244 35
44245 29
44246 31
44247 28
44248 23
44249 31
44250 34
44251 36
44252 38
44253 68
44254 22
44255 24
44256 40
44257 20
44258 9
44259 44
44260 11
44261 19
44262 56
44263 12
44264 23
44265 22
44266 32
44267 24
44268 35
44269 17
44270 33
44271 40
44272 20
44273 35
44274 34
44275 19
44276 26
44277 39
44278 7
44279 34
44280 32
44281 14
44282 20
44283 33
44284 16
44285 17
44286 53
44287 20
44288 23
44289 22
44290 18
44291 39
44292 31
44293 31
44294 29
44295 30
44296 18
44297 26
44298 26
44299 32
44300 28
44301 29
44302 15
44303 19
44304 25
44305 8
44306 19
44307 32
44308 23
44309 29
44310 23
44311 33
44312 22
44313 50
44314 17
44315 18
44316 33
44317 26
44318 33
44319 35
44320 18
44321 14
44322 22
44323 20
44324 27
44325 29
44326 22
44327 19
44328 34
44329 18
44330 17
44331 55
44332 14
44333 41
44334 47
44335 18
44336 16
44337 49
44338 34
44339 26
44340 29
44341 16
44342 29
44343 27
44344 31
44345 20
44346 33
44347 19
44348 31
44349 32
44350 7
44351 36
44352 29
44353 37
44354 16
44355 32
44356 16
44357 35
44358 53
44359 33
44360 17
44361 31
44362 39
44363 23
44364 50
44365 12
44366 29
44367 30
44368 26
44369 28
44370 31
44371 39
44372 28
44373 49
44374 20
44375 18
44376 26
44377 33
44378 12
44379 46
44380 22
44381 17
44382 42
44383 20
44384 23
44385 36
44386 35
44387 25
44388 38
44389 16
44390 26
44391 44
44392 19
44393 25
44394 28
44395 17
44396 29
44397 48
44398 24
44399 22
44400 25
44401 18
44402 15
44403 29
44404 22
44405 15
44406 34
44407 21
44408 15
44409 29
44410 21
44411 33
44412 42
44413 22
44414 33
44415 27
44416 31
44417 24
44418 31
44419 16
44420 22
44421 32
44422 18
44423 22
44424 36
44425 22
44426 21
44427 26
44428 23
44429 22
44430 31
44431 41
44432 20
44433 49
44434 25
44435 22
44436 58
44437 21
44438 42
44439 33
44440 27
44441 15
44442 41
44443 18
44444 33
44445 25
44446 15
44447 18
44448 37
44449 17
44450 15
44451 57
44452 26
44453 34
44454 45
44455 18
44456 17
44457 32
44458 34
44459 30
44460 37
44461 19
44462 51
44463 32
44464 22
44465 21
44466 37
44467 16
44468 36
44469 31
44470 13
44471 28
44472 24
44473 26
44474 12
44475 30
44476 20
44477 38
44478 39
44479 38
44480 15
44481 27
44482 26
44483 15
44484 40
44485 19
44486 33
44487 31
44488 23
44489 18
44490 27
44491 26
44492 23
44493 48
44494 11
44495 18
44496 31
44497 30
44498 14
44499 32
44500 12
44501 23
44502 40
44503 23
44504 28
44505 27
44506 34
44507 30
44508 40
44509 19
44510 21
44511 44
44512 22
44513 24
44514 32
44515 21
44516 28
44517 33
44518 17
44519 20
44520 19
44521 14
44522 15
44523 22
44524 18
44525 24
44526 38
44527 18
44528 33
44529 37
44530 18
44531 37
44532 51
44533 34
44534 31
44535 37
44536 36
44537 25
44538 34
44539 24
44540 33
44541 25
44542 13
44543 14
44544 36
44545 15
44546 18
44547 21
44548 16
44549 20
44550 29
44551 39
44552 23
44553 68
44554 23
44555 22
44556 45
44557 23
44558 35
44559 49
44560 27
44561 18
44562 48
44563 22
44564 30
44565 28
44566 21
44567 16
44568 34
44569 16
44570 14
44571 22
44572 24
44573 26
44574 44
44575 21
44576 18
44577 50
44578 32
44579 28
44580 33
44581 11
44582 28
44583 36
44584 26
44585 27
44586 40
44587 33
44588 33
44589 36
44590 12
44591 32
44592 29
44593 43
44594 17
44595 23
44596 20
44597 19
44598 41
44599 28
44600 23
44601 28
44602 28
44603 20
44604 48
44605 15
44606 34
44607 31
44608 21
44609 19
44610 27
44611 32
44612 37
44613 57
44614 26
44615 15
44616 40
44617 32
44618 20
44619 33
44620 9
44621 17
44622 31
44623 18
44624 14
44625 25
44626 32
44627 23
44628 42
44629 9
44630 26
44631 52
44632 23
44633 35
44634 35
44635 17
44636 34
44637 42
44638 21
44639 26
44640 27
44641 16
44642 17
44643 32
44644 17
44645 21
44646 36
44647 22
44648 18
44649 34
44650 31
44651 20
44652 47
44653 31
44654 34
44655 30
44656 40
44657 32
44658 29
44659 31
44660 23
44661 30
44662 10
44663 20
44664 30
44665 17
44666 16
44667 37
44668 28
44669 23
44670 46
44671 32
44672 16
44673 40
44674 35
44675 18
44676 44
44677 30
44678 38
44679 24
44680 23
44681 22
44682 32
44683 15
44684 24
44685 26
44686 24
44687 25
44688 35
44689 10
44690 17
44691 38
44692 19
44693 35
44694 51
44695 15
44696 24
44697 40
44698 29
44699 21
44700 36
44701 14
44702 28
44703 18
44704 33
44705 17
44706 27
44707 21
44708 37
44709 38
44710 10
44711 37
44712 38
44713 32
44714 18
44715 27
44716 20
44717 29
44718 45
44719 23
44720 15
44721 24
44722 33
44723 22
44724 47
44725 16
44726 31
44727 37
44728 30
44729 19
44730 26
44731 42
44732 18
44733 51
44734 20
44735 27
44736 27
44737 28
44738 14
44739 42
44740 10
44741 21
44742 37
44743 18
44744 16
44745 25
44746 19
44747 23
44748 52
44749 27
44750 32
44751 48
44752 35
44753 42
44754 30
44755 21
44756 32
44757 45
44758 13
44759 36
44760 28
44761 14
44762 12
44763 31
44764 9
44765 19
44766 35
44767 18
44768 33
44769 37
44770 27
44771 22
44772 48
44773 30
44774 44
44775 25
44776 38
44777 36
44778 45
44779 20
44780 34
44781 33
44782 14
44783 19
44784 24
44785 17
44786 16
44787 36
44788 13
44789 30
44790 33
44791 32
44792 15
44793 59
44794 25
44795 22
44796 33
44797 22
44798 38
44799 40
44800 14
44801 21
44802 32
44803 15
44804 39
44805 22
44806 18
44807 22
44808 37
44809 12
44810 10
44811 51
44812 25
44813 40
44814 33
44815 22
44816 22
44817 48
44818 29
44819 34
44820 29
44821 19
44822 36
44823 33
44824 28
44825 17
44826 36
44827 15
44828 43
44829 25
44830 19
44831 34
44832 33
44833 26
44834 20
44835 25
44836 19
44837 30
44838 38
44839 22
44840 15
44841 33
44842 24
44843 25
44844 36
44845 21
44846 19
44847 30
44848 27
44849 16
44850 24
44851 39
44852 40
44853 36
44854 11
44855 27
44856 24
44857 21
44858 22
44859 39
44860 11
44861 18
44862 40
44863 23
44864 7
44865 37
44866 20
44867 23
44868 32
44869 26
44870 30
44871 47
44872 24
44873 37
44874 24
44875 21
44876 33
44877 36
44878 14
44879 27
44880 29
44881 14
44882 10
44883 23
44884 22
44885 19
44886 40
44887 17
44888 15
44889 34
44890 32
44891 31
44892 37
44893 31
44894 27
44895 34
44896 27
44897 26
44898 39
44899 22
44900 25
44901 25
44902 22
44903 18
44904 41
44905 13
44906 17
44907 25
44908 21
44909 25
44910 38
44911 37
44912 21
44913 59
44914 25
44915 19
44916 38
44917 24
44918 31
44919 45
44920 21
44921 15
44922 31
44923 19
44924 29
44925 27
44926 11
44927 18
44928 38
44929 12
44930 12
44931 48
44932 19
44933 24
44934 42
44935 22
44936 18
44937 39
44938 39
44939 20
44940 29
44941 14
44942 34
44943 24
44944 31
44945 11
44946 34
44947 36
44948 29
44949 37
44950 17
44951 36
44952 37
44953 22
44954 23
44955 41
44956 19
44957 26
44958 46
44959 22
44960 12
44961 22
44962 33
44963 23
44964 34
44965 25
44966 33
44967 27
44968 33
44969 32
44970 27
44971 34
44972 30
44973 58
44974 14
44975 25
44976 28
44977 21
44978 11
44979 58
44980 7
44981 24
44982 37
44983 16
44984 22
44985 28
44986 32
44987 23
44988 40
44989 22
44990 36
44991 37
44992 22
44993 47
44994 34
44995 22
44996 30
44997 48
44998 16
44999 21
45000 20
45001 20
45002 13
45003 35
45004 21
45005 24
45006 46
45007 16
45008 29
45009 31
45010 24
45011 39
45012 44
45013 30
45014 38
45015 24
45016 31
45017 23
45018 33
45019 31
45020 19
45021 33
45022 18
45023 19
45024 25
45025 16
45026 18
45027 30
45028 26
45029 26
45030 27
45031 34
45032 26
45033 52
45034 26
45035 21
45036 43
45037 21
45038 31
45039 41
45040 20
45041 20
45042 31
45043 18
45044 27
45045 29
45046 29
45047 24
45048 26
45049 13
45050 19
45051 45
45052 26
45053 37
45054 40
45055 22
45056 18
45057 37
45058 33
45059 31
45060 43
45061 14
45062 48
45063 30
45064 32
45065 24
45066 42
45067 17
45068 32
45069 33
45070 17
45071 29
45072 34
45073 31
45074 18
45075 28
45076 21
45077 17
45078 42
45079 37
45080 6
45081 23
45082 33
45083 18
45084 39
45085 18
45086 50
45087 26
45088 18
45089 31
45090 37
45091 24
45092 27
45093 48
45094 18
45095 17
45096 28
45097 25
45098 10
45099 32
45100 26
45101 15
45102 35
45103 21
45104 17
45105 36
45106 26
45107 20
45108 34
45109 22
45110 26
45111 52
45112 24
45113 34
45114 28
45115 12
45116 32
45117 33
45118 24
45119 18
45120 20
45121 24
45122 11
45123 32
45124 16
45125 22
45126 34
45127 29
45128 28
45129 32
45130 16
45131 32
45132 42
45133 18
45134 34
45135 27
45136 31
45137 22
45138 34
45139 21
45140 22
45141 31
45142 22
45143 19
45144 38
45145 22
45146 22
45147 32
45148 20
45149 23
45150 36
45151 46
45152 24
45153 65
45154 27
45155 26
45156 42
45157 29
45158 41
45159 44
45160 19
45161 19
45162 35
45163 29
45164 32
45165 30
45166 28
45167 23
45168 39
45169 15
45170 17
45171 25
45172 21
45173 24
45174 40
45175 17
45176 22
45177 54
45178 36
45179 27
45180 28
45181 32
45182 28
45183 34
45184 34
45185 20
45186 34
45187 14
45188 30
45189 32
45190 21
45191 17
45192 30
45193 28
45194 17
45195 24
45196 16
45197 24
45198 32
45199 32
45200 14
45201 28
45202 35
45203 24
45204 37
45205 15
45206 31
45207 32
45208 22
45209 28
45210 37
45211 28
45212 35
45213 53
45214 21
45215 19
45216 31
45217 21
45218 6
45219 30
45220 12
45221 19
45222 38
45223 23
45224 24
45225 23
45226 32
45227 20
45228 47
45229 9
45230 34
45231 41
45232 25
45233 31
45234 43
45235 26
45236 40
45237 54
45238 13
45239 19
45240 23
45241 19
45242 12
45243 24
45244 14
45245 14
45246 32
45247 19
45248 27
45249 31
45250 16
45251 19
45252 48
45253 26
45254 44
45255 29
45256 39
45257 22
45258 37
45259 30
45260 29
45261 29
45262 13
45263 23
45264 31
45265 19
45266 18
45267 27
45268 24
45269 13
45270 30
45271 26
45272 21
45273 46
45274 33
45275 15
45276 61
45277 23
45278 37
45279 43
45280 25
45281 24
45282 30
45283 14
45284 26
45285 22
45286 20
45287 29
45288 32
45289 17
45290 19
45291 43
45292 17
45293 28
45294 49
45295 17
45296 16
45297 32
45298 42
45299 19
45300 34
45301 16
45302 37
45303 25
45304 21
45305 22
45306 41
45307 23
45308 31
45309 35
45310 13
45311 32
45312 36
45313 32
45314 19
45315 39
45316 26
45317 30
45318 41
45319 29
45320 25
45321 25
45322 20
45323 15
45324 38
45325 13
45326 37
45327 30
45328 29
45329 22
45330 24
45331 35
45332 23
45333 66
45334 16
45335 24
45336 31
45337 30
45338 8
45339 45
45340 11
45341 17
45342 30
45343 24
45344 18
45345 24
45346 24
45347 18
45348 35
45349 13
45350 19
45351 47
45352 24
45353 32
45354 37
45355 18
45356 25
45357 52
45358 10
45359 32
45360 21
45361 26
45362 18
45363 20
45364 8
45365 25
45366 26
45367 14
45368 23
45369 31
45370 21
45371 31
45372 46
45373 24
45374 23
45375 36
45376 44
45377 36
45378 42
45379 27
45380 28
45381 29
45382 12
45383 20
45384 47
45385 13
45386 21
45387 43
45388 24
45389 32
45390 36
45391 31
45392 12
45393 54
45394 24
45395 25
45396 44
45397 27
45398 50
45399 28
45400 24
45401 23
45402 40
45403 10
45404 36
45405 24
45406 23
45407 26
45408 39
45409 23
45410 19
45411 60
45412 17
45413 38
45414 32
45415 23
45416 14
45417 35
45418 33
45419 31
45420 30
45421 12
45422 42
45423 25
45424 27
45425 18
45426 29
45427 16
45428 31
45429 24
45430 17
45431 39
45432 26
45433 36
45434 12
45435 28
45436 18
45437 34
45438 33
45439 31
45440 17
45441 29
45442 22
45443 19
45444 42
45445 9
45446 31
45447 25
45448 22
45449 25
45450 23
45451 30
45452 42
45453 45
45454 17
45455 27
45456 47
45457 31
45458 10
45459 43
45460 18
45461 16
45462 33
45463 24
45464 17
45465 32
45466 28
45467 20
45468 42
45469 14
45470 28
45471 44
45472 18
45473 27
45474 27
45475 27
45476 37
45477 51
45478 32
45479 41
45480 27
45481 18
45482 20
45483 26
45484 14
45485 21
45486 34
45487 25
45488 26
45489 45
45490 19
45491 28
45492 47
45493 30
45494 35
45495 36
45496 33
45497 27
45498 28
45499 26
45500 24
45501 30
45502 17
45503 16
45504 34
45505 17
45506 18
45507 32
45508 22
45509 23
45510 34
45511 36
45512 18
45513 49
45514 30
45515 29
45516 39
45517 26
45518 38
45519 37
45520 13
45521 17
45522 30
45523 17
45524 32
45525 24
45526 15
45527 21
45528 32
45529 13
45530 20
45531 32
45532 24
45533 37
45534 42
45535 16
45536 20
45537 37
45538 24
45539 26
45540 36
45541 19
45542 24
45543 31
45544 27
45545 18
45546 34
45547 28
45548 28
45549 32
45550 11
45551 31
45552 33
45553 19
45554 18
45555 29
45556 27
45557 19
45558 51
45559 25
45560 13
45561 27
45562 32
45563 17
45564 37
45565 17
45566 24
45567 37
45568 24
45569 21
45570 22
45571 48
45572 29
45573 66
45574 8
45575 22
45576 33
45577 25
45578 18
45579 55
45580 17
45581 14
45582 39
45583 14
45584 15
45585 27
45586 28
45587 19
45588 30
45589 20
45590 18
45591 39
45592 24
45593 46
45594 21
45595 34
45596 29
45597 51
45598 17
45599 32
45600 25
45601 12
45602 24
45603 20
45604 25
45605 17
45606 51
45607 12
45608 19
45609 26
45610 22
45611 32
45612 37
45613 36
45614 33
45615 22
45616 28
45617 39
45618 44
45619 25
45620 25
45621 39
45622 12
45623 15
45624 30
45625 20
45626 21
45627 37
45628 27
45629 25
45630 34
45631 34
45632 23
45633 42
45634 35
45635 21
45636 40
45637 24
45638 39
45639 49
45640 28
45641 23
45642 31
45643 20
45644 31
45645 39
45646 16
45647 28
45648 31
45649 21
45650 10
45651 64
45652 22
45653 45
45654 31
45655 15
45656 27
45657 40
45658 31
45659 27
45660 36
45661 15
45662 29
45663 22
45664 34
45665 21
45666 34
45667 25
45668 20
45669 36
45670 17
45671 26
45672 34
45673 32
45674 12
45675 31
45676 33
45677 26
45678 43
45679 23
45680 19
45681 25
45682 31
45683 15
45684 45
45685 12
45686 33
45687 20
45688 21
45689 22
45690 30
45691 32
45692 19
45693 41
45694 22
45695 27
45696 31
45697 21
45698 13
45699 47
45700 16
45701 16
45702 44
45703 19
45704 15
45705 29
45706 39
45707 25
45708 48
45709 14
45710 36
45711 33
45712 27
45713 33
45714 31
45715 13
45716 30
45717 39
45718 16
45719 21
45720 28
45721 17
45722 11
45723 35
45724 22
45725 27
45726 36
45727 22
45728 23
45729 36
45730 30
45731 37
45732 47
45733 22
45734 44
45735 19
45736 25
45737 27
45738 46
45739 20
45740 26
45741 31
45742 14
45743 16
45744 29
45745 18
45746 10
45747 32
45748 19
45749 32
45750 33
45751 33
45752 16
45753 46
45754 29
45755 14
45756 47
45757 19
45758 43
45759 40
45760 21
45761 17
45762 35
45763 11
45764 33
45765 26
45766 22
45767 23
45768 37
45769 18
45770 10
45771 45
45772 19
45773 25
45774 47
45775 22
45776 19
45777 34
45778 31
45779 31
45780 34
45781 17
45782 35
45783 21
45784 30
45785 19
45786 41
45787 22
45788 38
45789 28
45790 16
45791 27
45792 33
45793 25
45794 20
45795 32
45796 13
45797 26
45798 45
45799 23
45800 16
45801 30
45802 33
45803 22
45804 37
45805 25
45806 32
45807 24
45808 23
45809 23
45810 28
45811 31
45812 38
45813 58
45814 21
45815 22
45816 32
45817 19
45818 20
45819 34
45820 17
45821 22
45822 26
45823 22
45824 14
45825 29
45826 32
45827 20
45828 39
45829 19
45830 32
45831 42
45832 26
45833 37
45834 32
45835 14
45836 30
45837 45
45838 29
45839 21
45840 22
45841 14
45842 14
45843 23
45844 12
45845 18
45846 38
45847 31
45848 21
45849 33
45850 23
45851 32
45852 37
45853 23
45854 36
45855 25
45856 32
45857 25
45858 38
45859 25
45860 21
45861 26
45862 18
45863 13
45864 32
45865 17
45866 18
45867 26
45868 25
45869 22
45870 34
45871 28
45872 18
45873 50
45874 30
45875 22
45876 36
45877 17
45878 35
45879 44
45880 17
45881 21
45882 34
45883 23
45884 36
45885 27
45886 26
45887 28
45888 31
45889 16
45890 15
45891 38
45892 27
45893 34
45894 44
45895 19
45896 20
45897 35
45898 34
45899 21
45900 40
45901 13
45902 36
45903 35
45904 39
45905 26
45906 39
45907 19
45908 29
45909 32
45910 16
45911 41
45912 34
45913 22
45914 15
45915 28
45916 22
45917 25
45918 56
45919 29
45920 12
45921 36
45922 25
45923 20
45924 46
45925 21
45926 35
45927 35
45928 28
45929 29
45930 33
45931 32
45932 19
45933 66
45934 12
45935 26
45936 38
45937 46
45938 20
45939 41
45940 11
45941 22
45942 36
45943 27
45944 22
45945 28
45946 24
45947 17
45948 39
45949 18
45950 33
45951 41
45952 15
45953 31
45954 27
45955 16
45956 36
45957 44
45958 10
45959 21
45960 23
45961 19
45962 20
45963 27
45964 16
45965 19
45966 38
45967 17
45968 25
45969 32
45970 24
45971 28
45972 34
45973 27
45974 35
45975 29
45976 26
45977 25
45978 38
45979 25
45980 30
45981 30
45982 21
45983 25
45984 34
45985 17
45986 14
45987 25
45988 14
45989 23
45990 29
45991 37
45992 24
45993 53
45994 29
45995 24
45996 60
45997 21
45998 40
45999 43
46000 30
46001 18
46002 55
46003 25
46004 41
46005 25
46006 12
46007 21
46008 43
46009 26
46010 11
46011 48
46012 9
46013 45
46014 28
46015 22
46016 20
46017 44
46018 31
46019 27
46020 33
46021 20
46022 43
46023 25
46024 30
46025 16
46026 36
46027 20
46028 32
46029 30
46030 14
46031 29
46032 29
46033 27
46034 7
46035 35
46036 17
46037 35
46038 33
46039 25
46040 10
46041 33
46042 31
46043 19
46044 34
46045 20
46046 42
46047 38
46048 26
46049 23
46050 31
46051 38
46052 19
46053 36
46054 29
46055 28
46056 28
46057 23
46058 17
46059 46
46060 14
46061 28
46062 34
46063 17
46064 14
46065 31
46066 21
46067 22
46068 41
46069 17
46070 20
46071 46
46072 26
46073 32
46074 29
46075 17
46076 30
46077 40
46078 18
46079 33
46080 33
46081 19
46082 11
46083 26
46084 19
46085 21
46086 35
46087 23
46088 17
46089 35
46090 17
46091 32
46092 34
46093 30
46094 22
46095 34
46096 26
46097 26
46098 32
46099 32
46100 28
46101 28
46102 23
46103 20
46104 41
46105 12
46106 13
46107 24
46108 30
46109 13
46110 32
46111 25
46112 28
46113 43
46114 22
46115 23
46116 34
46117 31
46118 30
46119 38
46120 21
46121 19
46122 31
46123 17
46124 39
46125 25
46126 38
46127 32
46128 49
46129 19
46130 20
46131 39
46132 27
46133 31
46134 47
46135 26
46136 15
46137 40
46138 28
46139 35
46140 27
46141 16
46142 27
46143 22
46144 14
46145 28
46146 34
46147 18
46148 23
46149 30
46150 12
46151 33
46152 37
46153 31
46154 18
46155 26
46156 20
46157 26
46158 35
46159 34
46160 12
46161 32
46162 21
46163 14
46164 26
46165 25
46166 34
46167 35
46168 24
46169 18
46170 23
46171 47
46172 30
46173 45
46174 13
46175 17
46176 26
46177 24
46178 18
46179 45
46180 21
46181 19
46182 31
46183 17
46184 23
46185 40
46186 26
46187 21
46188 34
46189 23
46190 24
46191 51
46192 25
46193 27
46194 31
46195 21
46196 23
46197 44
46198 12
46199 26
46200 20
46201 12
46202 10
46203 27
46204 19
46205 19
46206 39
46207 25
46208 31
46209 33
46210 24
46211 30
46212 45
46213 30
46214 25
46215 30
46216 29
46217 35
46218 28
46219 28
46220 25
46221 26
46222 9
46223 20
46224 30
46225 10
46226 23
46227 33
46228 27
46229 20
46230 36
46231 30
46232 22
46233 51
46234 36
46235 18
46236 51
46237 19
46238 42
46239 37
46240 22
46241 27
46242 39
46243 24
46244 29
46245 41
46246 20
46247 21
46248 35
46249 19
46250 20
46251 53
46252 27
46253 37
46254 42
46255 21
46256 14
46257 29
46258 25
46259 30
46260 39
46261 12
46262 39
46263 23
46264 26
46265 20
46266 36
46267 25
46268 29
46269 41
46270 8
46271 24
46272 25
46273 28
46274 15
46275 31
46276 18
46277 32
46278 45
46279 16
46280 15
46281 23
46282 30
46283 14
46284 52
46285 15
46286 42
46287 26
46288 43
46289 25
46290 24
46291 30
46292 35
46293 53
46294 14
46295 28
46296 29
46297 22
46298 15
46299 51
46300 15
46301 23
46302 39
46303 18
46304 17
46305 22
46306 23
46307 22
46308 55
46309 11
46310 28
46311 49
46312 29
46313 33
46314 34
46315 22
46316 24
46317 43
46318 13
46319 30
46320 21
46321 20
46322 8
46323 30
46324 17
46325 13
46326 38
46327 23
46328 26
46329 36
46330 22
46331 35
46332 52
46333 46
46334 46
46335 16
46336 42
46337 28
46338 42
46339 27
46340 32
46341 32
46342 24
46343 18
46344 31
46345 10
46346 18
46347 36
46348 18
46349 18
46350 28
46351 34
46352 19
46353 55
46354 32
46355 21
46356 45
46357 25
46358 53
46359 35
46360 23
46361 14
46362 43
46363 15
46364 34
46365 25
46366 25
46367 16
46368 33
46369 25
46370 11
46371 38
46372 17
46373 31
46374 39
46375 23
46376 25
46377 45
46378 32
46379 27
46380 30
46381 12
46382 27
46383 27
46384 23
46385 17
46386 36
46387 17
46388 40
46389 27
46390 11
46391 25
46392 37
46393 34
46394 13
46395 34
46396 19
46397 25
46398 49
46399 25
46400 15
46401 31
46402 33
46403 22
46404 41
46405 20
46406 37
46407 35
46408 33
46409 26
46410 33
46411 34
46412 44
46413 50
46414 20
46415 19
46416 42
46417 28
46418 13
46419 37
46420 13
46421 26
46422 42
46423 23
46424 17
46425 28
46426 32
46427 16
46428 40
46429 19
46430 22
46431 45
46432 32
46433 35
46434 35
46435 15
46436 41
46437 44
46438 11
46439 22
46440 21
46441 14
46442 23
46443 21
46444 8
46445 12
46446 35
46447 17
46448 16
46449 29
46450 21
46451 32
46452 41
46453 39
46454 28
46455 29
46456 35
46457 34
46458 41
46459 22
46460 30
46461 27
46462 18
46463 15
46464 37
46465 11
46466 20
46467 24
46468 14
46469 21
46470 25
46471 28
46472 15
46473 46
46474 20
46475 28
46476 46
46477 35
46478 41
46479 35
46480 25
46481 22
46482 30
46483 13
46484 31
46485 27
46486 25
46487 22
46488 29
46489 16
46490 16
46491 35
46492 11
46493 39
46494 32
46495 25
46496 20
46497 35
46498 32
46499 25
46500 26
46501 11
46502 32
46503 25
46504 28
46505 20
46506 36
46507 19
46508 27
46509 35
46510 12
46511 33
46512 27
46513 27
46514 15
46515 29
46516 22
46517 31
46518 40
46519 29
46520 16
46521 25
46522 33
46523 23
46524 43
46525 10
46526 24
46527 35
46528 33
46529 28
46530 29
46531 42
46532 25
46533 54
46534 17
46535 25
46536 24
46537 35
46538 8
46539 31
46540 22
46541 26
46542 49
46543 16
46544 23
46545 33
46546 29
46547 20
46548 46
46549 16
46550 32
46551 43
46552 23
46553 38
46554 37
46555 21
46556 26
46557 47
46558 24
46559 31
46560 23
46561 15
46562 13
46563 35
46564 13
46565 18
46566 39
46567 25
46568 15
46569 32
46570 25
46571 25
46572 35
46573 23
46574 40
46575 33
46576 26
46577 26
46578 44
46579 18
46580 23
46581 39
46582 17
46583 17
46584 37
46585 19
46586 35
46587 30
46588 24
46589 19
46590 30
46591 24
46592 11
46593 38
46594 27
46595 16
46596 47
46597 15
46598 42
46599 33
46600 26
46601 18
46602 33
46603 16
46604 36
46605 25
46606 16
46607 24
46608 45
46609 16
46610 13
46611 38
46612 28
46613 24
46614 44
46615 18
46616 17
46617 31
46618 32
46619 27
46620 48
46621 11
46622 34
46623 28
46624 22
46625 19
46626 30
46627 21
46628 40
46629 37
46630 17
46631 37
46632 38
46633 37
46634 12
46635 36
46636 13
46637 36
46638 28
46639 31
46640 15
46641 32
46642 25
46643 25
46644 37
46645 15
46646 32
46647 32
46648 31
46649 18
46650 21
46651 42
46652 30
46653 53
46654 12
46655 21
46656 23
46657 28
46658 17
46659 50
46660 12
46661 23
46662 35
46663 30
46664 18
46665 43
46666 36
46667 31
46668 36
46669 23
46670 28
46671 51
46672 19
46673 27
46674 32
46675 22
46676 16
46677 41
46678 20
46679 26
46680 25
46681 18
46682 17
46683 30
46684 22
46685 29
46686 51
46687 26
46688 19
46689 41
46690 19
46691 37
46692 36
46693 39
46694 31
46695 30
46696 24
46697 21
46698 43
46699 27
46700 23
46701 26
46702 21
46703 16
46704 27
46705 13
46706 23
46707 33
46708 16
46709 25
46710 37
46711 35
46712 28
46713 45
46714 28
46715 19
46716 29
46717 26
46718 32
46719 46
46720 27
46721 17
46722 39
46723 21
46724 36
46725 25
46726 24
46727 16
46728 42
46729 15
46730 11
46731 46
46732 26
46733 28
46734 45
46735 19
46736 18
46737 47
46738 26
46739 33
46740 30
46741 14
46742 23
46743 41
46744 24
46745 24
46746 32
46747 24
46748 37
46749 36
46750 15
46751 41
46752 41
46753 35
46754 13
46755 24
46756 15
46757 14
46758 44
46759 32
46760 13
46761 39
46762 26
46763 17
46764 32
46765 21
46766 28
46767 30
46768 21
46769 27
46770 22
46771 26
46772 27
46773 41
46774 19
46775 22
46776 29
46777 34
46778 17
46779 36
46780 16
46781 14
46782 40
46783 28
46784 19
46785 35
46786 31
46787 26
46788 34
46789 13
46790 30
46791 44
46792 19
46793 32
46794 29
46795 15
46796 28
46797 33
46798 9
46799 23
46800 25
46801 20
46802 19
46803 29
46804 12
46805 27
46806 36
46807 19
46808 21
46809 34
46810 17
46811 28
46812 34
46813 16
46814 39
46815 30
46816 20
46817 27
46818 32
46819 36
46820 27
46821 30
46822 15
46823 20
46824 30
46825 13
46826 23
46827 41
46828 37
46829 31
46830 35
46831 33
46832 26
46833 48
46834 35
46835 18
46836 48
46837 24
46838 29
46839 43
46840 26
46841 22
46842 29
46843 22
46844 27
46845 31
46846 22
46847 18
46848 40
46849 18
46850 11
46851 34
46852 25
46853 43
46854 47
46855 23
46856 25
46857 35
46858 40
46859 29
46860 44
46861 17
46862 29
46863 28
46864 24
46865 18
46866 28
46867 17
46868 26
46869 35
46870 8
46871 23
46872 27
46873 25
46874 18
46875 21
46876 24
46877 18
46878 49
46879 24
46880 18
46881 22
46882 37
46883 18
46884 44
46885 21
46886 37
46887 33
46888 26
46889 16
46890 24
46891 29
46892 28
46893 52
46894 16
46895 22
46896 32
46897 23
46898 16
46899 41
46900 20
46901 20
46902 40
46903 19
46904 20
46905 37
46906 26
46907 24
46908 44
46909 25
46910 24
46911 45
46912 25
46913 36
46914 36
46915 23
46916 32
46917 42
46918 17
46919 30
46920 26
46921 22
46922 19
46923 22
46924 13
46925 18
46926 44
46927 21
46928 24
46929 40
46930 17
46931 24
46932 38
46933 28
46934 38
46935 28
46936 36
46937 37
46938 44
46939 28
46940 26
46941 36
46942 18
46943 19
46944 32
46945 19
46946 18
46947 30
46948 20
46949 21
46950 39
46951 40
46952 30
46953 61
46954 31
46955 18
46956 50
46957 21
46958 53
46959 40
46960 24
46961 18
46962 40
46963 16
46964 45
46965 29
46966 23
46967 16
46968 31
46969 15
46970 19
46971 48
46972 17
46973 35
46974 31
46975 20
46976 24
46977 54
46978 29
46979 32
46980 32
46981 18
46982 38
46983 22
46984 23
46985 15
46986 30
46987 11
46988 40
46989 19
46990 21
46991 27
46992 24
46993 26
46994 16
46995 29
46996 16
46997 31
46998 33
46999 24
47000 12
47001 29
47002 26
47003 25
47004 41
47005 20
47006 33
47007 29
47008 35
47009 18
47010 21
47011 32
47012 42
47013 31
47014 26
47015 17
47016 35
47017 22
47018 21
47019 43
47020 12
47021 27
47022 34
47023 21
47024 13
47025 35
47026 24
47027 28
47028 36
47029 24
47030 19
47031 44
47032 21
47033 21
47034 32
47035 22
47036 40
47037 44
47038 8
47039 17
47040 23
47041 17
47042 16
47043 26
47044 21
47045 25
47046 27
47047 16
47048 17
47049 37
47050 24
47051 26
47052 28
47053 32
47054 22
47055 32
47056 29
47057 19
47058 39
47059 23
47060 32
47061 26
47062 31
47063 18
47064 40
47065 11
47066 26
47067 25
47068 26
47069 29
47070 35
47071 31
47072 20
47073 56
47074 30
47075 17
47076 38
47077 21
47078 34
47079 31
47080 20
47081 18
47082 33
47083 20
47084 41
47085 25
47086 28
47087 15
47088 43
47089 12
47090 13
47091 41
47092 23
47093 27
47094 47
47095 19
47096 22
47097 43
47098 34
47099 22
47100 42
47101 20
47102 36
47103 25
47104 29
47105 14
47106 31
47107 19
47108 26
47109 28
47110 9
47111 28
47112 34
47113 22
47114 19
47115 24
47116 18
47117 22
47118 51
47119 24
47120 17
47121 25
47122 28
47123 24
47124 39
47125 21
47126 29
47127 40
47128 26
47129 31
47130 17
47131 37
47132 27
47133 59
47134 27
47135 33
47136 33
47137 25
47138 17
47139 39
47140 11
47141 19
47142 45
47143 19
47144 25
47145 24
47146 30
47147 20
47148 41
47149 15
47150 22
47151 50
47152 19
47153 53
47154 26
47155 21
47156 30
47157 55
47158 11
47159 38
47160 29
47161 18
47162 7
47163 26
47164 21
47165 20
47166 38
47167 16
47168 28
47169 32
47170 22
47171 27
47172 40
47173 23
47174 33
47175 30
47176 28
47177 33
47178 36
47179 37
47180 28
47181 29
47182 15
47183 16
47184 35
47185 13
47186 25
47187 36
47188 25
47189 27
47190 36
47191 30
47192 27
47193 46
47194 25
47195 21
47196 34
47197 25
47198 48
47199 30
47200 19
47201 13
47202 31
47203 13
47204 26
47205 23
47206 21
47207 29
47208 31
47209 18
47210 10
47211 43
47212 26
47213 34
47214 39
47215 24
47216 20
47217 37
47218 32
47219 27
47220 41
47221 9
47222 34
47223 31
47224 40
47225 20
47226 32
47227 13
47228 24
47229 27
47230 13
47231 47
47232 26
47233 35
47234 17
47235 36
47236 17
47237 30
47238 45
47239 27
47240 10
47241 26
47242 35
47243 30
47244 49
47245 20
47246 26
47247 27
47248 33
47249 27
47250 32
47251 39
47252 29
47253 58
47254 10
47255 21
47256 46
47257 27
47258 15
47259 47
47260 20
47261 23
47262 34
47263 20
47264 15
47265 28
47266 25
47267 24
47268 45
47269 20
47270 28
47271 37
47272 26
47273 26
47274 29
47275 22
47276 34
47277 50
47278 12
47279 27
47280 29
47281 18
47282 11
47283 35
47284 14
47285 22
47286 36
47287 27
47288 12
47289 37
47290 21
47291 42
47292 32
47293 26
47294 29
47295 25
47296 29
47297 17
47298 24
47299 24
47300 28
47301 30
47302 9
47303 17
47304 37
47305 18
47306 18
47307 35
47308 19
47309 34
47310 27
47311 38
47312 25
47313 56
47314 27
47315 30
47316 35
47317 23
47318 44
47319 38
47320 16
47321 15
47322 38
47323 25
47324 22
47325 32
47326 23
47327 16
47328 37
47329 12
47330 17
47331 51
47332 14
47333 48
47334 47
47335 18
47336 20
47337 50
47338 29
47339 26
47340 34
47341 20
47342 34
47343 31
47344 32
47345 19
47346 32
47347 17
47348 36
47349 30
47350 14
47351 28
47352 30
47353 32
47354 21
47355 36
47356 12
47357 23
47358 39
47359 40
47360 13
47361 33
47362 40
47363 18
47364 29
47365 14
47366 33
47367 38
47368 23
47369 30
47370 30
47371 32
47372 29
47373 51
47374 18
47375 15
47376 26
47377 32
47378 5
47379 40
47380 15
47381 21
47382 38
47383 11
47384 18
47385 29
47386 37
47387 24
47388 43
47389 13
47390 22
47391 45
47392 23
47393 46
47394 28
47395 25
47396 29
47397 36
47398 15
47399 29
47400 36
47401 20
47402 15
47403 26
47404 23
47405 13
47406 47
47407 19
47408 15
47409 29
47410 23
47411 37
47412 43
47413 27
47414 29
47415 36
47416 20
47417 18
47418 27
47419 29
47420 28
47421 30
47422 21
47423 18
47424 31
47425 16
47426 20
47427 27
47428 21
47429 15
47430 27
47431 32
47432 11
47433 45
47434 22
47435 12
47436 33
47437 20
47438 35
47439 41
47440 19
47441 25
47442 35
47443 22
47444 26
47445 31
47446 20
47447 31
47448 29
47449 19
47450 18
47451 40
47452 31
47453 24
47454 60
47455 10
47456 17
47457 31
47458 40
47459 17
47460 41
47461 10
47462 33
47463 26
47464 31
47465 34
47466 34
47467 20
47468 32
47469 29
47470 14
47471 36
47472 32
47473 24
47474 22
47475 20
47476 35
47477 32
47478 52
47479 36
47480 20
47481 29
47482 31
47483 13
47484 42
47485 17
47486 29
47487 30
47488 26
47489 18
47490 28
47491 34
47492 27
47493 57
47494 16
47495 20
47496 29
47497 26
47498 15
47499 31
47500 14
47501 22
47502 35
47503 25
47504 22
47505 31
47506 27
47507 19
47508 34
47509 19
47510 27
47511 44
47512 22
47513 29
47514 28
47515 18
47516 35
47517 55
47518 9
47519 27
47520 26
47521 21
47522 20
47523 32
47524 18
47525 22
47526 30
47527 14
47528 20
47529 27
47530 31
47531 33
47532 40
47533 30
47534 31
47535 29
47536 39
47537 32
47538 37
47539 21
47540 23
47541 30
47542 17
47543 23
47544 21
47545 14
47546 19
47547 30
47548 25
47549 26
47550 39
47551 34
47552 19
47553 52
47554 31
47555 25
47556 45
47557 21
47558 44
47559 46
47560 27
47561 27
47562 50
47563 25
47564 34
47565 37
47566 25
47567 15
47568 43
47569 13
47570 16
47571 48
47572 18
47573 41
47574 38
47575 16
47576 20
47577 42
47578 32
47579 28
47580 33
47581 10
47582 44
47583 23
47584 34
47585 20
47586 51
47587 16
47588 41
47589 29
47590 13
47591 24
47592 33
47593 27
47594 20
47595 24
47596 16
47597 34
47598 33
47599 16
47600 19
47601 30
47602 30
47603 14
47604 39
47605 14
47606 30
47607 23
47608 26
47609 22
47610 23
47611 35
47612 33
47613 35
47614 15
47615 27
47616 27
47617 26
47618 9
47619 36
47620 26
47621 14
47622 33
47623 22
47624 16
47625 25
47626 30
47627 17
47628 44
47629 14
47630 23
47631 43
47632 14
47633 36
47634 36
47635 17
47636 30
47637 37
47638 24
47639 25
47640 27
47641 19
47642 23
47643 29
47644 17
47645 17
47646 48
47647 18
47648 14
47649 31
47650 23
47651 35
47652 41
47653 33
47654 32
47655 37
47656 38
47657 26
47658 30
47659 30
47660 29
47661 31
47662 17
47663 21
47664 42
47665 17
47666 19
47667 23
47668 17
47669 22
47670 25
47671 32
47672 20
47673 62
47674 26
47675 24
47676 39
47677 32
47678 38
47679 62
47680 24
47681 22
47682 40
47683 21
47684 45
47685 35
47686 31
47687 12
47688 43
47689 9
47690 15
47691 30
47692 29
47693 33
47694 43
47695 14
47696 16
47697 53
47698 26
47699 26
47700 27
47701 25
47702 39
47703 23
47704 24
47705 14
47706 42
47707 21
47708 37
47709 23
47710 24
47711 27
47712 37
47713 20
47714 24
47715 24
47716 17
47717 24
47718 53
47719 24
47720 19
47721 34
47722 25
47723 19
47724 31
47725 21
47726 31
47727 27
47728 28
47729 12
47730 21
47731 36
47732 29
47733 39
47734 24
47735 12
47736 34
47737 19
47738 19
47739 29
47740 11
47741 20
47742 37
47743 18
47744 14
47745 28
47746 31
47747 25
47748 36
47749 16
47750 19
47751 58
47752 25
47753 31
47754 30
47755 25
47756 29
47757 50
47758 16
47759 29
47760 25
47761 10
47762 16
47763 34
47764 20
47765 18
47766 44
47767 18
47768 12
47769 34
47770 26
47771 32
47772 45
47773 38
47774 29
47775 41
47776 33
47777 49
47778 29
47779 38
47780 22
47781 35
47782 19
47783 21
47784 38
47785 21
47786 20
47787 30
47788 17
47789 18
47790 37
47791 35
47792 20
47793 45
47794 26
47795 19
47796 47
47797 28
47798 38
47799 34
47800 21
47801 20
47802 38
47803 13
47804 40
47805 31
47806 24
47807 15
47808 46
47809 21
47810 9
47811 49
47812 23
47813 38
47814 43
47815 13
47816 19
47817 40
47818 32
47819 27
47820 35
47821 16
47822 36
47823 28
47824 23
47825 20
47826 31
47827 28
47828 28
47829 39
47830 13
47831 38
47832 26
47833 26
47834 13
47835 39
47836 15
47837 26
47838 30
47839 29
47840 18
47841 26
47842 21
47843 19
47844 34
47845 17
47846 28
47847 30
47848 23
47849 22
47850 20
47851 37
47852 26
47853 52
47854 17
47855 32
47856 20
47857 26
47858 13
47859 49
47860 12
47861 14
47862 45
47863 26
47864 15
47865 33
47866 26
47867 26
47868 40
47869 14
47870 27
47871 30
47872 25
47873 28
47874 27
47875 21
47876 28
47877 42
47878 9
47879 35
47880 24
47881 22
47882 13
47883 29
47884 14
47885 26
47886 39
47887 26
47888 23
47889 31
47890 26
47891 31
47892 47
47893 40
47894 33
47895 32
47896 36
47897 22
47898 40
47899 29
47900 31
47901 29
47902 13
47903 18
47904 37
47905 18
47906 18
47907 35
47908 22
47909 26
47910 38
47911 35
47912 19
47913 61
47914 27
47915 25
47916 47
47917 25
47918 41
47919 38
47920 23
47921 17
47922 35
47923 18
47924 32
47925 26
47926 9
47927 22
47928 34
47929 16
47930 6
47931 39
47932 18
47933 39
47934 36
47935 25
47936 20
47937 44
47938 31
47939 24
47940 36
47941 20
47942 32
47943 25
47944 31
47945 14
47946 29
47947 19
47948 27
47949 27
47950 9
47951 23
47952 34
47953 28
47954 17
47955 30
47956 16
47957 21
47958 45
47959 24
47960 18
47961 19
47962 22
47963 25
47964 41
47965 22
47966 22
47967 29
47968 24
47969 19
47970 25
47971 37
47972 38
47973 43
47974 19
47975 23
47976 40
47977 17
47978 14
47979 48
47980 13
47981 21
47982 34
47983 13
47984 11
47985 20
47986 26
47987 25
47988 37
47989 28
47990 21
47991 47
47992 22
47993 50
47994 34
47995 23
47996 34
47997 43
47998 18
47999 23
48000 19
48001 14
48002 12
48003 29
48004 15
48005 19
48006 25
48007 24
48008 18
48009 30
48010 26
48011 28
48012 52
48013 34
48014 30
48015 35
48016 34
48017 37
48018 34
48019 32
48020 23
48021 27
48022 21
48023 16
48024 38
48025 15
48026 17
48027 29
48028 26
48029 19
48030 34
48031 23
48032 14
48033 52
48034 29
48035 27
48036 38
48037 25
48038 31
48039 34
48040 24
48041 20
48042 33
48043 24
48044 30
48045 19
48046 19
48047 26
48048 42
48049 12
48050 15
48051 45
48052 24
48053 32
48054 37
48055 19
48056 25
48057 38
48058 36
48059 33
48060 28
48061 21
48062 30
48063 30
48064 24
48065 30
48066 36
48067 18
48068 35
48069 32
48070 29
48071 42
48072 35
48073 24
48074 22
48075 30
48076 28
48077 30
48078 46
48079 29
48080 13
48081 32
48082 25
48083 16
48084 40
48085 14
48086 33
48087 24
48088 29
48089 34
48090 29
48091 26
48092 31
48093 46
48094 22
48095 23
48096 36
48097 25
48098 17
48099 32
48100 17
48101 23
48102 48
48103 19
48104 21
48105 32
48106 36
48107 19
48108 51
48109 20
48110 30
48111 47
48112 20
48113 33
48114 37
48115 26
48116 26
48117 47
48118 6
48119 31
48120 19
48121 25
48122 15
48123 30
48124 18
48125 20
48126 45
48127 19
48128 38
48129 27
48130 19
48131 24
48132 41
48133 31
48134 48
48135 19
48136 35
48137 32
48138 33
48139 30
48140 18
48141 41
48142 14
48143 21
48144 24
48145 14
48146 10
48147 38
48148 15
48149 18
48150 34
48151 42
48152 28
48153 53
48154 24
48155 24
48156 50
48157 29
48158 42
48159 36
48160 20
48161 16
48162 28
48163 22
48164 24
48165 33
48166 24
48167 28
48168 29
48169 18
48170 18
48171 43
48172 18
48173 25
48174 38
48175 17
48176 28
48177 49
48178 32
48179 24
48180 51
48181 24
48182 48
48183 25
48184 39
48185 17
48186 56
48187 23
48188 37
48189 38
48190 10
48191 29
48192 32
48193 19
48194 17
48195 26
48196 21
48197 25
48198 36
48199 21
48200 12
48201 24
48202 36
48203 20
48204 44
48205 25
48206 58
48207 26
48208 22
48209 18
48210 31
48211 20
48212 31
48213 35
48214 30
48215 9
48216 25
48217 14
48218 20
48219 26
48220 16
48221 19
48222 28
48223 22
48224 23
48225 32
48226 24
48227 20
48228 41
48229 19
48230 23
48231 55
48232 25
48233 36
48234 31
48235 19
48236 27
48237 24
48238 19
48239 25
48240 22
48241 13
48242 11
48243 34
48244 18
48245 25
48246 38
48247 17
48248 15
48249 34
48250 25
48251 35
48252 42
48253 24
48254 26
48255 27
48256 35
48257 33
48258 46
48259 31
48260 29
48261 28
48262 15
48263 22
48264 40
48265 16
48266 19
48267 20
48268 21
48269 25
48270 32
48271 29
48272 15
48273 50
48274 24
48275 18
48276 35
48277 32
48278 38
48279 56
48280 17
48281 25
48282 36
48283 22
48284 43
48285 31
48286 29
48287 23
48288 32
48289 18
48290 20
48291 32
48292 16
48293 31
48294 34
48295 17
48296 16
48297 38
48298 31
48299 27
48300 29
48301 17
48302 44
48303 30
48304 34
48305 28
48306 41
48307 11
48308 35
48309 32
48310 12
48311 29
48312 41
48313 42
48314 19
48315 23
48316 16
48317 29
48318 35
48319 18
48320 14
48321 23
48322 21
48323 21
48324 25
48325 9
48326 37
48327 30
48328 29
48329 25
48330 27
48331 23
48332 29
48333 40
48334 21
48335 20
48336 39
48337 22
48338 17
48339 29
48340 15
48341 19
48342 30
48343 20
48344 18
48345 29
48346 29
48347 18
48348 48
48349 18
48350 26
48351 43
48352 26
48353 29
48354 30
48355 11
48356 27
48357 40
48358 15
48359 23
48360 20
48361 15
48362 11
48363 24
48364 11
48365 19
48366 31
48367 28
48368 33
48369 34
48370 20
48371 38
48372 37
48373 33
48374 22
48375 32
48376 33
48377 18
48378 34
48379 38
48380 13
48381 34
48382 8
48383 21
48384 32
48385 14
48386 9
48387 32
48388 9
48389 22
48390 30
48391 26
48392 20
48393 60
48394 25
48395 19
48396 47
48397 26
48398 32
48399 51
48400 26
48401 28
48402 36
48403 17
48404 36
48405 36
48406 21
48407 27
48408 33
48409 14
48410 19
48411 44
48412 22
48413 29
48414 53
48415 16
48416 12
48417 41
48418 40
48419 23
48420 40
48421 10
48422 45
48423 27
48424 18
48425 23
48426 41
48427 30
48428 38
48429 46
48430 20
48431 40
48432 25
48433 47
48434 24
48435 34
48436 16
48437 31
48438 51
48439 35
48440 16
48441 24
48442 20
48443 13
48444 43
48445 12
48446 39
48447 36
48448 36
48449 23
48450 29
48451 44
48452 27
48453 58
48454 14
48455 24
48456 31
48457 30
48458 9
48459 49
48460 19
48461 12
48462 43
48463 12
48464 15
48465 29
48466 28
48467 25
48468 45
48469 12
48470 35
48471 43
48472 28
48473 29
48474 33
48475 13
48476 29
48477 54
48478 20
48479 33
48480 22
48481 22
48482 14
48483 27
48484 14
48485 19
48486 37
48487 25
48488 19
48489 30
48490 20
48491 27
48492 37
48493 26
48494 34
48495 28
48496 28
48497 22
48498 30
48499 33
48500 28
48501 29
48502 25
48503 22
48504 33
48505 20
48506 22
48507 46
48508 25
48509 18
48510 26
48511 55
48512 13
48513 59
48514 25
48515 23
48516 40
48517 21
48518 44
48519 41
48520 22
48521 18
48522 45
48523 11
48524 40
48525 31
48526 18
48527 19
48528 34
48529 30
48530 23
48531 52
48532 19
48533 40
48534 39
48535 21
48536 11
48537 44
48538 28
48539 28
48540 28
48541 13
48542 31
48543 26
48544 19
48545 11
48546 34
48547 27
48548 29
48549 24
48550 14
48551 25
48552 31
48553 23
48554 23
48555 38
48556 28
48557 34
48558 43
48559 26
48560 14
48561 26
48562 27
48563 20
48564 30
48565 12
48566 16
48567 25
48568 28
48569 23
48570 26
48571 22
48572 29
48573 36
48574 9
48575 18
48576 41
48577 24
48578 15
48579 34
48580 19
48581 26
48582 37
48583 22
48584 20
48585 25
48586 28
48587 32
48588 38
48589 20
48590 24
48591 53
48592 27
48593 25
48594 33
48595 32
48596 35
48597 38
48598 12
48599 19
48600 22
48601 18
48602 24
48603 26
48604 11
48605 11
48606 35
48607 28
48608 22
48609 39
48610 18
48611 33
48612 41
48613 42
48614 31
48615 33
48616 30
48617 30
48618 38
48619 28
48620 28
48621 33
48622 19
48623 22
48624 39
48625 13
48626 20
48627 34
48628 20
48629 21
48630 36
48631 29
48632 16
48633 61
48634 32
48635 25
48636 49
48637 25
48638 36
48639 39
48640 20
48641 27
48642 35
48643 16
48644 36
48645 26
48646 19
48647 16
48648 37
48649 16
48650 14
48651 41
48652 14
48653 42
48654 39
48655 20
48656 20
48657 34
48658 23
48659 20
48660 32
48661 11
48662 28
48663 25
48664 24
48665 28
48666 26
48667 26
48668 33
48669 34
48670 18
48671 25
48672 31
48673 29
48674 16
48675 28
48676 26
48677 33
48678 41
48679 19
48680 18
48681 28
48682 36
48683 17
48684 42
48685 11
48686 38
48687 30
48688 24
48689 32
48690 26
48691 38
48692 32
48693 58
48694 13
48695 25
48696 31
48697 22
48698 11
48699 43
48700 25
48701 15
48702 40
48703 17
48704 25
48705 24
48706 31
48707 26
48708 50
48709 20
48710 24
48711 38
48712 26
48713 25
48714 29
48715 22
48716 25
48717 37
48718 20
48719 35
48720 22
48721 18
48722 9
48723 22
48724 22
48725 17
48726 43
48727 15
48728 26
48729 32
48730 29
48731 32
48732 38
48733 36
48734 33
48735 28
48736 28
48737 28
48738 34
48739 28
48740 13
48741 38
48742 13
48743 27
48744 35
48745 24
48746 17
48747 24
48748 25
48749 25
48750 38
48751 39
48752 24
48753 62
48754 34
48755 24
48756 47
48757 24
48758 36
48759 52
48760 18
48761 21
48762 25
48763 25
48764 27
48765 31
48766 10
48767 18
48768 37
48769 20
48770 14
48771 40
48772 30
48773 29
48774 40
48775 23
48776 18
48777 47
48778 27
48779 20
48780 36
48781 15
48782 27
48783 21
48784 26
48785 21
48786 33
48787 21
48788 30
48789 39
48790 11
48791 30
48792 35
48793 20
48794 10
48795 27
48796 21
48797 22
48798 43
48799 22
48800 20
48801 20
48802 28
48803 16
48804 45
48805 10
48806 51
48807 19
48808 31
48809 15
48810 36
48811 29
48812 42
48813 47
48814 16
48815 15
48816 33
48817 20
48818 21
48819 28
48820 13
48821 9
48822 27
48823 22
48824 24
48825 26
48826 35
48827 17
48828 41
48829 23
48830 45
48831 46
48832 28
48833 20
48834 40
48835 13
48836 40
48837 34
48838 23
48839 20
48840 24
48841 12
48842 9
48843 32
48844 21
48845 26
48846 24
48847 21
48848 23
48849 47
48850 23
48851 32
48852 42
48853 26
48854 49
48855 30
48856 29
48857 23
48858 40
48859 18
48860 23
48861 21
48862 17
48863 12
48864 38
48865 16
48866 14
48867 39
48868 19
48869 46
48870 35
48871 35
48872 20
48873 67
48874 28
48875 29
48876 37
48877 24
48878 42
48879 48
48880 24
48881 24
48882 29
48883 22
48884 39
48885 29
48886 18
48887 21
48888 29
48889 15
48890 17
48891 39
48892 21
48893 50
48894 34
48895 18
48896 17
48897 42
48898 32
48899 26
48900 30
48901 17
48902 28
48903 27
48904 30
48905 22
48906 40
48907 22
48908 37
48909 26
48910 16
48911 29
48912 36
48913 19
48914 11
48915 24
48916 22
48917 26
48918 42
48919 27
48920 14
48921 32
48922 24
48923 23
48924 38
48925 22
48926 35
48927 36
48928 29
48929 18
48930 30
48931 27
48932 32
48933 51
48934 32
48935 15
48936 44
48937 39
48938 17
48939 22
48940 19
48941 14
48942 39
48943 19
48944 8
48945 29
48946 31
48947 29
48948 36
48949 19
48950 26
48951 45
48952 27
48953 22
48954 32
48955 13
48956 27
48957 28
48958 17
48959 26
48960 22
48961 23
48962 21
48963 24
48964 16
48965 19
48966 42
48967 24
48968 26
48969 35
48970 23
48971 40
48972 40
48973 27
48974 31
48975 29
48976 21
48977 17
48978 38
48979 28
48980 18
48981 30
48982 8
48983 13
48984 32
48985 15
48986 21
48987 34
48988 28
48989 31
48990 31
48991 36
48992 22
48993 66
48994 24
48995 23
48996 30
48997 27
48998 25
48999 49
49000 18
49001 20
49002 25
49003 17
49004 24
49005 37
49006 29
49007 24
49008 37
49009 12
49010 15
49011 50
49012 23
49013 36
49014 37
49015 24
49016 30
49017 46
49018 33
49019 28
49020 38
49021 15
49022 25
49023 23
49024 34
49025 23
49026 31
49027 23
49028 33
49029 39
49030 10
49031 29
49032 29
49033 27
49034 10
49035 29
49036 17
49037 27
49038 59
49039 32
49040 22
49041 25
49042 43
49043 22
49044 42
49045 22
49046 32
49047 36
49048 28
49049 24
49050 32
49051 42
49052 29
49053 46
49054 23
49055 26
49056 27
49057 26
49058 17
49059 37
49060 17
49061 21
49062 53
49063 16
49064 20
49065 29
49066 31
49067 25
49068 51
49069 18
49070 24
49071 52
49072 25
49073 32
49074 28
49075 14
49076 24
49077 38
49078 25
49079 28
49080 26
49081 15
49082 20
49083 27
49084 14
49085 21
49086 43
49087 17
49088 17
49089 34
49090 20
49091 31
49092 44
49093 23
49094 39
49095 28
49096 33
49097 29
49098 39
49099 25
49100 22
49101 20
49102 20
49103 18
49104 33
49105 15
49106 8
49107 29
49108 18
49109 23
49110 24
49111 33
49112 12
49113 53
49114 16
49115 20
49116 46
49117 22
49118 43
49119 43
49120 28
49121 18
49122 35
49123 25
49124 41
49125 29
49126 24
49127 26
49128 40
49129 16
49130 18
49131 51
49132 20
49133 35
49134 36
49135 20
49136 24
49137 52
49138 29
49139 24
49140 36
49141 18
49142 44
49143 22
49144 21
49145 18
49146 34
49147 16
49148 28
49149 31
49150 20
49151 39
49152 30
49153 28
49154 20
49155 38
49156 15
49157 30
49158 33
49159 40
49160 12
49161 27
49162 35
49163 24
49164 33
49165 8
49166 28
49167 35
49168 25
49169 22
49170 29
49171 34
49172 23
49173 40
49174 16
49175 25
49176 30
49177 28
49178 22
49179 50
49180 15
49181 27
49182 31
49183 11
49184 11
49185 28
49186 24
49187 17
49188 33
49189 19
49190 29
49191 36
49192 28
49193 29
49194 24
49195 21
49196 36
49197 36
49198 13
49199 15
49200 25
49201 14
49202 20
49203 27
49204 25
49205 25
49206 27
49207 26
49208 23
49209 39
49210 24
49211 32
49212 41
49213 34
49214 27
49215 37
49216 29
49217 19
49218 28
49219 30
49220 21
49221 28
49222 12
49223 18
49224 25
49225 9
49226 17
49227 30
49228 21
49229 25
49230 30
49231 30
49232 16
49233 60
49234 27
49235 18
49236 41
49237 29
49238 18
49239 48
49240 18
49241 24
49242 26
49243 19
49244 29
49245 27
49246 14
49247 27
49248 35
49249 18
49250 17
49251 49
49252 23
49253 33
49254 48
49255 21
49256 20
49257 42
49258 42
49259 39
49260 29
49261 17
49262 26
49263 27
49264 20
49265 21
49266 30
49267 26
49268 24
49269 39
49270 17
49271 29
49272 25
49273 26
49274 17
49275 29
49276 18
49277 36
49278 51
49279 19
49280 8
49281 33
49282 30
49283 21
49284 44
49285 26
49286 26
49287 38
49288 25
49289 27
49290 27
49291 40
49292 26
49293 49
49294 15
49295 21
49296 35
49297 23
49298 17
49299 26
49300 14
49301 16
49302 46
49303 19
49304 20
49305 28
49306 30
49307 11
49308 53
49309 16
49310 35
49311 38
49312 24
49313 44
49314 39
49315 17
49316 34
49317 39
49318 19
49319 22
49320 24
49321 18
49322 14
49323 28
49324 23
49325 16
49326 45
49327 19
49328 36
49329 25
49330 30
49331 34
49332 43
49333 27
49334 44
49335 30
49336 38
49337 40
49338 27
49339 33
49340 23
49341 29
49342 13
49343 25
49344 28
49345 13
49346 10
49347 28
49348 19
49349 15
49350 35
49351 24
49352 28
49353 52
49354 22
49355 19
49356 37
49357 27
49358 51
49359 38
49360 17
49361 15
49362 35
49363 19
49364 31
49365 26
49366 28
49367 25
49368 36
49369 21
49370 17
49371 39
49372 19
49373 38
49374 39
49375 30
49376 27
49377 37
49378 39
49379 32
49380 26
49381 11
49382 33
49383 31
49384 27
49385 17
49386 38
49387 22
49388 22
49389 30
49390 17
49391 27
49392 28
49393 42
49394 13
49395 29
49396 17
49397 30
49398 40
49399 14
49400 13
49401 33
49402 41
49403 14
49404 34
49405 15
49406 39
49407 23
49408 31
49409 30
49410 29
49411 33
49412 39
49413 56
49414 15
49415 23
49416 38
49417 19
49418 14
49419 44
49420 24
49421 23
49422 33
49423 21
49424 20
49425 20
49426 32
49427 16
49428 53
49429 15
49430 29
49431 29
49432 30
49433 37
49434 48
49435 21
49436 47
49437 51
49438 18
49439 25
49440 26
49441 18
49442 11
49443 29
49444 13
49445 17
49446 33
49447 30
49448 15
49449 32
49450 19
49451 26
49452 53
49453 36
49454 41
49455 23
49456 35
49457 22
49458 44
49459 26
49460 29
49461 33
49462 10
49463 19
49464 35
49465 17
49466 17
49467 36
49468 16
49469 26
49470 27
49471 23
49472 16
49473 36
49474 20
49475 31
49476 44
49477 28
49478 48
49479 46
49480 23
49481 21
49482 41
49483 19
49484 32
49485 25
49486 24
49487 28
49488 39
49489 16
49490 18
49491 52
49492 21
49493 57
49494 39
49495 20
49496 21
49497 38
49498 37
49499 27
49500 39
49501 17
49502 32
49503 24
49504 20
49505 26
49506 44
49507 14
49508 35
49509 34
49510 13
49511 33
49512 44
49513 23
49514 14
49515 31
49516 18
49517 39
49518 35
49519 28
49520 12
49521 31
49522 23
49523 16
49524 37
49525 15
49526 39
49527 25
49528 25
49529 16
49530 22
49531 39
49532 41
49533 49
49534 18
49535 15
49536 40
49537 27
49538 9
49539 33
49540 12
49541 16
49542 34
49543 18
49544 25
49545 38
49546 22
49547 25
49548 41
49549 18
49550 25
49551 37
49552 26
49553 18
49554 31
49555 22
49556 32
49557 36
49558 22
49559 17
49560 24
49561 13
49562 12
49563 20
49564 24
49565 18
49566 43
49567 20
49568 25
49569 29
49570 16
49571 38
49572 31
49573 27
49574 27
49575 38
49576 26
49577 22
49578 37
49579 15
49580 29
49581 28
49582 23
49583 19
49584 42
49585 13
49586 22
49587 24
49588 22
49589 14
49590 31
49591 26
49592 16
49593 39
49594 20
49595 27
49596 36
49597 16
49598 34
49599 44
49600 27
49601 22
49602 29
49603 18
49604 30
49605 31
49606 21
49607 21
49608 38
49609 22
49610 19
49611 52
49612 19
49613 28
49614 33
49615 22
49616 23
49617 43
49618 33
49619 26
49620 27
49621 15
49622 29
49623 35
49624 23
49625 29
49626 39
49627 24
49628 33
49629 41
49630 13
49631 24
49632 29
49633 28
49634 19
49635 31
49636 34
49637 22
49638 51
49639 26
49640 19
49641 28
49642 36
49643 21
49644 39
49645 17
49646 35
49647 30
49648 28
49649 30
49650 27
49651 34
49652 33
49653 53
49654 28
49655 20
49656 26
49657 19
49658 16
49659 40
49660 10
49661 16
49662 46
49663 19
49664 19
49665 34
49666 31
49667 20
49668 52
49669 22
49670 28
49671 41
49672 24
49673 32
49674 39
49675 18
49676 30
49677 46
49678 18
49679 25
49680 17
49681 23
49682 10
49683 20
49684 11
49685 16
49686 32
49687 26
49688 20
49689 34
49690 23
49691 25
49692 42
49693 25
49694 31
49695 34
49696 27
49697 25
49698 40
49699 25
49700 20
49701 33
49702 18
49703 19
49704 30
49705 13
49706 17
49707 37
49708 23
49709 28
49710 28
49711 25
49712 14
49713 42
49714 26
49715 24
49716 43
49717 19
49718 34
49719 32
49720 25
49721 17
49722 37
49723 25
49724 25
49725 29
49726 19
49727 25
49728 27
49729 22
49730 12
49731 51
49732 15
49733 43
49734 37
49735 25
49736 18
49737 41
49738 34
49739 27
49740 43
49741 16
49742 31
49743 34
49744 34
49745 18
49746 37
49747 21
49748 28
49749 28
49750 13
49751 43
49752 34
49753 42
49754 11
49755 32
49756 24
49757 36
49758 43
49759 39
49760 14
49761 34
49762 24
49763 22
49764 47
49765 16
49766 33
49767 36
49768 25
49769 22
49770 32
49771 35
49772 29
49773 43
49774 17
49775 24
49776 32
49777 29
49778 15
49779 45
49780 13
49781 23
49782 35
49783 19
49784 15
49785 27
49786 30
49787 22
49788 28
49789 18
49790 25
49791 47
49792 22
49793 31
49794 22
49795 21
49796 23
49797 48
49798 18
49799 35
49800 24
49801 24
49802 14
49803 23
49804 14
49805 15
49806 31
49807 25
49808 20
49809 30
49810 22
49811 29
49812 44
49813 18
49814 24
49815 18
49816 29
49817 34
49818 37
49819 23
49820 35
49821 32
49822 15
49823 20
49824 28
49825 20
49826 19
49827 33
49828 16
49829 24
49830 41
49831 42
49832 15
49833 48
49834 27
49835 22
49836 46
49837 28
49838 31
49839 53
49840 20
49841 24
49842 37
49843 20
49844 38
49845 28
49846 13
49847 19
49848 30
49849 12
49850 15
49851 50
49852 30
49853 38
49854 37
49855 18
49856 24
49857 56
49858 36
49859 39
49860 33
49861 24
49862 34
49863 29
49864 39
49865 21
49866 32
49867 19
49868 29
49869 29
49870 16
49871 33
49872 31
49873 22
49874 9
49875 37
49876 27
49877 37
49878 46
49879 37
49880 16
49881 33
49882 26
49883 24
49884 42
49885 29
49886 30
49887 24
49888 29
49889 13
49890 29
49891 27
49892 22
49893 49
49894 11
49895 22
49896 29
49897 22
49898 11
49899 39
49900 10
49901 25
49902 45
49903 14
49904 18
49905 30
49906 25
49907 26
49908 43
49909 16
49910 25
49911 46
49912 25
49913 18
49914 30
49915 19
49916 23
49917 29
49918 14
49919 31
49920 29
49921 19
49922 9
49923 21
49924 14
49925 20
49926 40
49927 18
49928 19
49929 33
49930 24
49931 30
49932 41
49933 25
49934 38
49935 32
49936 35
49937 35
49938 38
49939 32
49940 25
49941 35
49942 13
49943 16
49944 36
49945 18
49946 18
49947 25
49948 20
49949 21
49950 40
49951 38
49952 31
49953 52
49954 34
49955 12
49956 47
49957 28
49958 43
49959 37
49960 27
49961 21
49962 39
49963 18
49964 36
49965 32
49966 18
49967 16
49968 35
49969 23
49970 13
49971 25
49972 21
49973 24
49974 50
49975 14
49976 24
49977 39
49978 34
49979 28
49980 44
49981 14
49982 41
49983 21
49984 31
49985 22
49986 29
49987 25
49988 38
49989 26
49990 15
49991 33
49992 31
49993 34
49994 17
49995 35
49996 12
49997 19
49998 47
49999 31
50000 13
50001 27
50002 24
50003 20
50004 36
50005 21
50006 38
50007 36
50008 20
50009 30
50010 26
50011 40
50012 29
50013 62
50014 25
50015 25
50016 29
50017 26
50018 17
50019 40
50020 12
50021 15
50022 37
50023 16
50024 25
50025 35
50026 34
50027 13
50028 48
50029 17
50030 32
50031 50
50032 32
50033 47
50034 33
50035 19
50036 32
50037 44
50038 17
50039 26
50040 21
50041 21
50042 17
50043 24
50044 16
50045 18
50046 36
50047 13
50048 25
50049 30
50050 35
50051 25
50052 49
50053 27
50054 40
50055 23
50056 30
50057 25
50058 38
50059 27
50060 29
50061 34
50062 11
50063 18
50064 26
50065 17
50066 17
50067 25
50068 19
50069 21
50070 33
50071 28
50072 23
50073 47
50074 29
50075 11
50076 45
50077 29
50078 38
50079 36
50080 23
50081 21
50082 39
50083 19
50084 32
50085 25
50086 23
50087 22
50088 32
50089 6
50090 10
50091 45
50092 13
50093 33
50094 45
50095 22
50096 12
50097 39
50098 33
50099 31
50100 38
50101 15
50102 37
50103 37
50104 33
50105 19
50106 42
50107 15
50108 31
50109 38
50110 6
50111 40
50112 28
50113 25
50114 20
50115 30
50116 17
50117 25
50118 43
50119 21
50120 12
50121 29
50122 20
50123 23
50124 35
50125 18
50126 31
50127 31
50128 22
50129 22
50130 16
50131 35
50132 35
50133 49
50134 19
50135 23
50136 34
50137 20
50138 16
50139 38
50140 15
50141 19
50142 44
50143 16
50144 16
50145 22
50146 24
50147 14
50148 29
50149 25
50150 28
50151 36
50152 26
50153 36
50154 37
50155 14
50156 37
50157 35
50158 19
50159 24
50160 29
50161 18
50162 22
50163 30
50164 8
50165 22
50166 29
50167 16
50168 21
50169 25
50170 14
50171 30
50172 32
50173 27
50174 35
50175 23
50176 24
50177 29
50178 30
50179 24
50180 29
50181 24
50182 21
50183 17
50184 41
50185 14
50186 29
50187 32
50188 27
50189 17
50190 34
50191 21
50192 18
50193 39
50194 36
50195 25
50196 37
50197 23
50198 41
50199 24
50200 20
50201 17
50202 32
50203 19
50204 47
50205 22
50206 23
50207 24
50208 46
50209 11
50210 12
50211 38
50212 36
50213 22
50214 41
50215 24
50216 29
50217 31
50218 32
50219 33
50220 37
50221 19
50222 30
50223 33
50224 29
50225 18
50226 38
50227 23
50228 35
50229 35
50230 21
50231 31
50232 28
50233 35
50234 22
50235 25
50236 26
50237 25
50238 38
50239 22
50240 16
50241 35
50242 30
50243 18
50244 35
50245 20
50246 28
50247 31
50248 25
50249 30
50250 19
50251 43
50252 27
50253 72
50254 16
50255 21
50256 43
50257 25
50258 18
50259 58
50260 20
50261 17
50262 52
50263 22
50264 24
50265 29
50266 42
50267 18
50268 46
50269 11
50270 27
50271 46
50272 25
50273 54
50274 36
50275 22
50276 31
50277 59
50278 12
50279 30
50280 25
50281 17
50282 17
50283 28
50284 24
50285 16
50286 41
50287 22
50288 22
50289 32
50290 20
50291 25
50292 48
50293 30
50294 32
50295 35
50296 26
50297 40
50298 35
50299 25
50300 15
50301 35
50302 12
50303 26
50304 31
50305 19
50306 13
50307 35
50308 19
50309 15
50310 32
50311 44
50312 31
50313 45
50314 30
50315 13
50316 33
50317 21
50318 39
50319 30
50320 15
50321 14
50322 37
50323 21
50324 22
50325 46
50326 11
50327 22
50328 25
50329 22
50330 18
50331 67
50332 10
50333 36
50334 32
50335 21
50336 25
50337 48
50338 24
50339 23
50340 27
50341 12
50342 37
50343 32
50344 25
50345 17
50346 29
50347 20
50348 34
50349 44
50350 12
50351 46
50352 24
50353 33
50354 19
50355 33
50356 16
50357 26
50358 36
50359 38
50360 12
50361 31
50362 35
50363 16
50364 40
50365 22
50366 39
50367 35
50368 30
50369 22
50370 33
50371 33
50372 34
50373 45
50374 21
50375 22
50376 38
50377 31
50378 11
50379 44
50380 15
50381 23
50382 32
50383 27
50384 17
50385 30
50386 23
50387 18
50388 33
50389 15
50390 33
50391 51
50392 33
50393 30
50394 37
50395 19
50396 29
50397 27
50398 10
50399 27
50400 22
50401 19
50402 17
50403 28
50404 15
50405 17
50406 36
50407 24
50408 16
50409 31
50410 22
50411 36
50412 30
50413 26
50414 23
50415 35
50416 20
50417 30
50418 32
50419 28
50420 27
50421 29
50422 14
50423 16
50424 38
50425 22
50426 15
50427 29
50428 26
50429 24
50430 25
50431 43
50432 14
50433 54
50434 20
50435 30
50436 44
50437 29
50438 37
50439 38
50440 18
50441 18
50442 38
50443 19
50444 39
50445 25
50446 35
50447 12
50448 45
50449 22
50450 16
50451 36
50452 15
50453 28
50454 43
50455 30
50456 13
50457 49
50458 34
50459 28
50460 34
50461 13
50462 40
50463 28
50464 27
50465 18
50466 28
50467 17
50468 41
50469 30
50470 13
50471 29
50472 37
50473 32
50474 22
50475 29
50476 28
50477 24
50478 47
50479 39
50480 18
50481 26
50482 31
50483 16
50484 46
50485 12
50486 29
50487 23
50488 23
50489 20
50490 28
50491 35
50492 29
50493 61
50494 14
50495 16
50496 23
50497 24
50498 12
50499 41
50500 17
50501 25
50502 41
50503 19
50504 17
50505 28
50506 35
50507 21
50508 37
50509 14
50510 30
50511 36
50512 25
50513 39
50514 31
50515 17
50516 14
50517 35
50518 14
50519 32
50520 24
50521 13
50522 16
50523 33
50524 23
50525 22
50526 50
50527 21
50528 26
50529 25
50530 18
50531 25
50532 35
50533 26
50534 28
50535 24
50536 25
50537 22
50538 26
50539 24
50540 18
50541 31
50542 8
50543 15
50544 31
50545 17
50546 18
50547 25
50548 20
50549 17
50550 29
50551 23
50552 21
50553 36
50554 22
50555 20
50556 39
50557 27
50558 30
50559 44
50560 18
50561 19
50562 24
50563 28
50564 27
50565 41
50566 22
50567 22
50568 38
50569 10
50570 14
50571 38
50572 25
50573 26
50574 40
50575 9
50576 23
50577 37
50578 45
50579 38
50580 37
50581 16
50582 30
50583 28
50584 40
50585 30
50586 32
50587 16
50588 33
50589 31
50590 20
50591 27
50592 35
50593 27
50594 16
50595 25
50596 19
50597 23
50598 57
50599 20
50600 19
50601 27
50602 40
50603 22
50604 53
50605 13
50606 32
50607 27
50608 35
50609 31
50610 22
50611 36
50612 32
50613 55
50614 15
50615 26
50616 22
50617 39
50618 7
50619 40
50620 13
50621 17
50622 44
50623 26
50624 12
50625 34
50626 30
50627 18
50628 31
50629 14
50630 25
50631 38
50632 14
50633 54
50634 31
50635 26
50636 36
50637 68
50638 16
50639 35
50640 27
50641 24
50642 10
50643 35
50644 19
50645 13
50646 43
50647 20
50648 22
50649 27
50650 21
50651 28
50652 53
50653 29
50654 35
50655 28
50656 43
50657 30
50658 34
50659 23
50660 32
50661 32
50662 33
50663 27
50664 33
50665 23
50666 24
50667 28
50668 18
50669 25
50670 31
50671 23
50672 14
50673 41
50674 23
50675 21
50676 50
50677 18
50678 39
50679 44
50680 19
50681 18
50682 37
50683 14
50684 34
50685 30
50686 24
50687 25
50688 55
50689 27
50690 16
50691 40
50692 24
50693 36
50694 40
50695 22
50696 16
50697 43
50698 29
50699 17
50700 44
50701 16
50702 38
50703 25
50704 30
50705 13
50706 38
50707 24
50708 37
50709 30
50710 9
50711 31
50712 37
50713 29
50714 23
50715 36
50716 27
50717 26
50718 42
50719 19
50720 17
50721 29
50722 34
50723 19
50724 36
50725 15
50726 30
50727 29
50728 33
50729 13
50730 31
50731 31
50732 34
50733 54
50734 22
50735 25
50736 27
50737 19
50738 11
50739 40
50740 17
50741 30
50742 36
50743 27
50744 18
50745 28
50746 33
50747 23
50748 37
50749 12
50750 24
50751 48
50752 19
50753 31
50754 40
50755 14
50756 37
50757 38
50758 15
50759 36
50760 31
50761 16
50762 26
50763 29
50764 23
50765 23
50766 44
50767 14
50768 19
50769 29
50770 20
50771 24
50772 33
50773 26
50774 29
50775 25
50776 34
50777 28
50778 33
50779 34
50780 33
50781 30
50782 16
50783 18
50784 38
50785 16
50786 34
50787 32
50788 22
50789 17
50790 22
50791 25
50792 10
50793 41
50794 15
50795 16
50796 42
50797 25
50798 34
50799 27
50800 28
50801 24
50802 39
50803 18
50804 40
50805 37
50806 20
50807 23
50808 40
50809 20
50810 20
50811 49
50812 21
50813 28
50814 45
50815 20
50816 18
50817 37
50818 33
50819 26
50820 36
50821 18
50822 34
50823 25
50824 27
50825 25
50826 31
50827 19
50828 36
50829 26
50830 16
50831 34
50832 39
50833 22
50834 22
50835 31
50836 19
50837 31
50838 42
50839 20
50840 16
50841 31
50842 26
50843 24
50844 27
50845 20
50846 28
50847 30
50848 22
50849 22
50850 15
50851 38
50852 25
50853 48
50854 24
50855 21
50856 31
50857 22
50858 17
50859 37
50860 18
50861 15
50862 31
50863 18
50864 17
50865 34
50866 21
50867 17
50868 34
50869 21
50870 20
50871 45
50872 23
50873 35
50874 26
50875 22
50876 30
50877 49
50878 26
50879 29
50880 30
50881 19
50882 19
50883 34
50884 23
50885 24
50886 41
50887 31
50888 10
50889 33
50890 22
50891 37
50892 37
50893 30
50894 30
50895 31
50896 29
50897 32
50898 34
50899 22
50900 22
50901 27
50902 19
50903 18
50904 36
50905 23
50906 22
50907 29
50908 24
50909 31
50910 42
50911 38
50912 17
50913 43
50914 30
50915 24
50916 33
50917 24
50918 33
50919 33
50920 19
50921 25
50922 34
50923 18
50924 26
50925 26
50926 16
50927 19
50928 36
50929 20
50930 14
50931 46
50932 29
50933 40
50934 45
50935 21
50936 21
50937 49
50938 33
50939 23
50940 25
50941 19
50942 25
50943 28
50944 23
50945 14
50946 30
50947 24
50948 31
50949 40
50950 14
50951 26
50952 30
50953 30
50954 12
50955 37
50956 18
50957 24
50958 41
50959 33
50960 16
50961 24
50962 25
50963 22
50964 35
50965 16
50966 27
50967 31
50968 19
50969 17
50970 28
50971 27
50972 31
50973 49
50974 15
50975 25
50976 26
50977 24
50978 12
50979 49
50980 10
50981 17
50982 41
50983 21
50984 21
50985 30
50986 39
50987 24
50988 50
50989 17
50990 38
50991 33
50992 27
50993 30
50994 46
50995 18
50996 40
50997 32
50998 9
50999 32
51000 31
51001 17
51002 15
51003 29
51004 14
51005 21
51006 35
51007 27
51008 21
51009 31
51010 22
51011 37
51012 45
51013 24
51014 50
51015 35
51016 23
51017 17
51018 40
51019 31
51020 31
51021 28
51022 19
51023 20
51024 29
51025 15
51026 14
51027 38
51028 11
51029 31
51030 24
51031 45
51032 22
51033 66
51034 25
51035 25
51036 36
51037 21
51038 52
51039 42
51040 26
51041 20
51042 32
51043 13
51044 24
51045 22
51046 15
51047 13
51048 29
51049 21
51050 9
51051 46
51052 19
51053 49
51054 29
51055 20
51056 23
51057 50
51058 37
51059 33
51060 31
51061 14
51062 37
51063 20
51064 25
51065 14
51066 37
51067 15
51068 33
51069 22
51070 11
51071 12
51072 28
51073 26
51074 15
51075 24
51076 23
51077 38
51078 40
51079 25
51080 21
51081 27
51082 24
51083 18
51084 43
51085 17
51086 38
51087 40
51088 30
51089 19
51090 22
51091 40
51092 39
51093 44
51094 30
51095 23
51096 42
51097 14
51098 17
51099 41
51100 19
51101 18
51102 37
51103 23
51104 14
51105 36
51106 28
51107 24
51108 41
51109 16
51110 26
51111 59
51112 39
51113 37
51114 31
51115 14
51116 22
51117 47
51118 18
51119 25
51120 30
51121 18
51122 21
51123 28
51124 18
51125 25
51126 40
51127 21
51128 13
51129 39
51130 21
51131 31
51132 38
51133 27
51134 41
51135 30
51136 27
51137 23
51138 42
51139 34
51140 19
51141 23
51142 11
51143 20
51144 37
51145 12
51146 20
51147 30
51148 30
51149 24
51150 30
51151 43
51152 18
51153 57
51154 18
51155 20
51156 39
51157 24
51158 37
51159 49
51160 16
51161 20
51162 32
51163 11
51164 24
51165 29
51166 25
51167 19
51168 37
51169 12
51170 14
51171 40
51172 13
51173 37
51174 34
51175 15
51176 22
51177 52
51178 20
51179 29
51180 23
51181 23
51182 23
51183 31
51184 27
51185 21
51186 32
51187 23
51188 34
51189 39
51190 12
51191 24
51192 29
51193 23
51194 18
51195 29
51196 12
51197 29
51198 30
51199 24
51200 17
51201 29
51202 36
51203 22
51204 48
51205 22
51206 33
51207 29
51208 39
51209 25
51210 27
51211 34
51212 25
51213 48
51214 26
51215 14
51216 31
51217 28
51218 16
51219 33
51220 21
51221 20
51222 48
51223 17
51224 16
51225 29
51226 36
51227 27
51228 63
51229 25
51230 33
51231 49
51232 22
51233 35
51234 45
51235 17
51236 25
51237 50
51238 20
51239 25
51240 17
51241 17
51242 19
51243 36
51244 12
51245 21
51246 48
51247 12
51248 28
51249 30
51250 23
51251 31
51252 47
51253 30
51254 40
51255 20
51256 39
51257 34
51258 36
51259 30
51260 34
51261 26
51262 16
51263 18
51264 26
51265 15
51266 8
51267 33
51268 19
51269 31
51270 20
51271 37
51272 20
51273 47
51274 30
51275 22
51276 48
51277 23
51278 36
51279 36
51280 18
51281 15
51282 42
51283 23
51284 27
51285 23
51286 31
51287 23
51288 29
51289 19
51290 13
51291 42
51292 17
51293 34
51294 40
51295 16
51296 16
51297 40
51298 25
51299 19
51300 42
51301 17
51302 44
51303 25
51304 36
51305 16
51306 51
51307 16
51308 29
51309 25
51310 13
51311 48
51312 38
51313 26
51314 14
51315 29
51316 15
51317 25
51318 42
51319 20
51320 15
51321 22
51322 26
51323 22
51324 44
51325 11
51326 42
51327 30
51328 30
51329 32
51330 29
51331 32
51332 29
51333 55
51334 16
51335 26
51336 35
51337 32
51338 25
51339 35
51340 16
51341 20
51342 32
51343 27
51344 11
51345 30
51346 26
51347 23
51348 38
51349 14
51350 27
51351 51
51352 20
51353 36
51354 35
51355 22
51356 35
51357 41
51358 18
51359 34
51360 30
51361 10
51362 21
51363 31
51364 20
51365 22
51366 31
51367 17
51368 21
51369 34
51370 22
51371 35
51372 42
51373 29
51374 31
51375 22
51376 36
51377 26
51378 45
51379 26
51380 31
51381 32
51382 15
51383 21
51384 42
51385 16
51386 18
51387 19
51388 19
51389 26
51390 30
51391 28
51392 15
51393 62
51394 21
51395 18
51396 39
51397 24
51398 31
51399 24
51400 17
51401 14
51402 32
51403 16
51404 37
51405 25
51406 17
51407 21
51408 30
51409 13
51410 16
51411 38
51412 13
51413 29
51414 44
51415 18
51416 17
51417 36
51418 30
51419 23
51420 35
51421 19
51422 23
51423 31
51424 30
51425 20
51426 30
51427 28
51428 28
51429 32
51430 19
51431 30
51432 29
51433 24
51434 19
51435 33
51436 32
51437 39
51438 43
51439 18
51440 17
51441 32
51442 27
51443 24
51444 46
51445 21
51446 23
51447 31
51448 34
51449 25
51450 31
51451 32
51452 30
51453 56
51454 17
51455 17
51456 35
51457 18
51458 19
51459 41
51460 17
51461 19
51462 44
51463 20
51464 9
51465 26
51466 21
51467 15
51468 49
51469 19
51470 26
51471 42
51472 26
51473 33
51474 21
51475 12
51476 33
51477 39
51478 21
51479 27
51480 30
51481 19
51482 16
51483 20
51484 17
51485 14
51486 37
51487 18
51488 23
51489 32
51490 20
51491 32
51492 44
51493 30
51494 29
51495 25
51496 30
51497 24
51498 30
51499 34
51500 29
51501 31
51502 23
51503 17
51504 28
51505 18
51506 19
51507 51
51508 24
51509 23
51510 28
51511 26
51512 24
51513 42
51514 25
51515 20
51516 36
51517 24
51518 31
51519 31
51520 24
51521 23
51522 26
51523 14
51524 37
51525 31
51526 23
51527 33
51528 43
51529 20
51530 16
51531 49
51532 15
51533 26
51534 41
51535 28
51536 18
51537 36
51538 34
51539 26
51540 32
51541 14
51542 31
51543 27
51544 25
51545 21
51546 34
51547 30
51548 32
51549 35
51550 15
51551 33
51552 28
51553 49
51554 14
51555 36
51556 17
51557 31
51558 46
51559 35
51560 19
51561 35
51562 38
51563 16
51564 34
51565 17
51566 32
51567 29
51568 32
51569 21
51570 28
51571 35
51572 26
51573 55
51574 17
51575 22
51576 17
51577 32
51578 14
51579 44
51580 27
51581 15
51582 43
51583 14
51584 26
51585 23
51586 34
51587 23
51588 39
51589 18
51590 25
51591 42
51592 26
51593 34
51594 37
51595 14
51596 31
51597 39
51598 22
51599 28
51600 27
51601 15
51602 15
51603 24
51604 18
51605 19
51606 46
51607 28
51608 20
51609 29
51610 26
51611 30
51612 61
51613 26
51614 28
51615 35
51616 36
51617 22
51618 42
51619 27
51620 37
51621 32
51622 22
51623 25
51624 42
51625 20
51626 23
51627 37
51628 17
51629 15
51630 39
51631 44
51632 14
51633 39
51634 28
51635 20
51636 37
51637 19
51638 42
51639 38
51640 19
51641 18
51642 31
51643 21
51644 31
51645 28
51646 19
51647 24
51648 40
51649 13
51650 10
51651 45
51652 21
51653 42
51654 39
51655 28
51656 16
51657 39
51658 25
51659 31
51660 32
51661 20
51662 39
51663 28
51664 21
51665 20
51666 25
51667 21
51668 22
51669 32
51670 17
51671 24
51672 31
51673 36
51674 20
51675 29
51676 12
51677 40
51678 48
51679 32
51680 17
51681 28
51682 28
51683 20
51684 39
51685 10
51686 33
51687 25
51688 21
51689 26
51690 25
51691 20
51692 31
51693 51
51694 14
51695 20
51696 30
51697 24
51698 5
51699 35
51700 19
51701 23
51702 37
51703 21
51704 21
51705 29
51706 33
51707 25
51708 39
51709 16
51710 25
51711 54
51712 21
51713 27
51714 30
51715 28
51716 42
51717 35
51718 23
51719 20
51720 30
51721 17
51722 15
51723 28
51724 20
51725 22
51726 37
51727 31
51728 19
51729 50
51730 22
51731 36
51732 27
51733 49
51734 26
51735 38
51736 36
51737 17
51738 29
51739 27
51740 25
51741 28
51742 29
51743 18
51744 37
51745 13
51746 29
51747 22
51748 20
51749 29
51750 28
51751 41
51752 16
51753 58
51754 32
51755 28
51756 39
51757 12
51758 33
51759 48
51760 21
51761 22
51762 34
51763 13
51764 31
51765 23
51766 20
51767 21
51768 38
51769 18
51770 13
51771 38
51772 19
51773 29
51774 30
51775 24
51776 10
51777 49
51778 29
51779 28
51780 33
51781 14
51782 34
51783 29
51784 27
51785 22
51786 32
51787 18
51788 29
51789 41
51790 10
51791 21
51792 26
51793 36
51794 16
51795 21
51796 17
51797 24
51798 34
51799 20
51800 15
51801 32
51802 25
51803 17
51804 32
51805 11
51806 32
51807 39
51808 26
51809 34
51810 32
51811 34
51812 28
51813 58
51814 16
51815 27
51816 34
51817 24
51818 9
51819 43
51820 17
51821 19
51822 31
51823 19
51824 24
51825 28
51826 31
51827 19
51828 44
51829 21
51830 25
51831 50
51832 27
51833 43
51834 33
51835 20
51836 29
51837 48
51838 9
51839 26
51840 25
51841 14
51842 14
51843 26
51844 13
51845 18
51846 39
51847 14
51848 22
51849 31
51850 30
51851 32
51852 44
51853 34
51854 46
51855 31
51856 27
51857 29
51858 37
51859 26
51860 28
51861 29
51862 21
51863 19
51864 33
51865 16
51866 21
51867 33
51868 30
51869 23
51870 39
51871 30
51872 21
51873 46
51874 25
51875 21
51876 50
51877 25
51878 59
51879 46
51880 21
51881 17
51882 30
51883 21
51884 31
51885 36
51886 15
51887 27
51888 37
51889 19
51890 10
51891 56
51892 18
51893 34
51894 38
51895 17
51896 26
51897 35
51898 35
51899 23
51900 29
51901 16
51902 36
51903 21
51904 25
51905 8
51906 37
51907 20
51908 22
51909 35
51910 11
51911 32
51912 26
51913 40
51914 10
51915 24
51916 16
51917 28
51918 36
51919 21
51920 17
51921 23
51922 20
51923 20
51924 39
51925 12
51926 33
51927 26
51928 23
51929 19
51930 32
51931 32
51932 35
51933 41
51934 23
51935 21
51936 41
51937 29
51938 11
51939 35
51940 17
51941 15
51942 39
51943 16
51944 17
51945 30
51946 31
51947 21
51948 35
51949 26
51950 38
51951 33
51952 26
51953 32
51954 44
51955 19
51956 44
51957 36
51958 23
51959 24
51960 26
51961 13
51962 20
51963 27
51964 16
51965 17
51966 36
51967 22
51968 20
51969 37
51970 22
51971 27
51972 37
51973 18
51974 32
51975 28
51976 32
51977 26
51978 46
51979 26
51980 30
51981 30
51982 14
51983 14
51984 36
51985 22
51986 21
51987 31
51988 20
51989 19
51990 31
51991 36
51992 19
51993 51
51994 32
51995 27
51996 43
51997 22
51998 40
51999 40
52000 18
52001 21
52002 44
52003 23
52004 37
52005 34
52006 19
52007 22
52008 36
52009 19
52010 17
52011 39
52012 23
52013 37
52014 41
52015 20
52016 24
52017 45
52018 28
52019 23
52020 28
52021 20
52022 32
52023 25
52024 22
52025 24
52026 37
52027 27
52028 36
52029 27
52030 13
52031 33
52032 31
52033 22
52034 15
52035 30
52036 19
52037 33
52038 29
52039 34
52040 18
52041 37
52042 25
52043 20
52044 32
52045 26
52046 25
52047 35
52048 33
52049 24
52050 29
52051 24
52052 33
52053 49
52054 13
52055 19
52056 35
52057 23
52058 20
52059 36
52060 14
52061 24
52062 41
52063 17
52064 16
52065 34
52066 36
52067 29
52068 41
52069 29
52070 25
52071 40
52072 23
52073 30
52074 32
52075 26
52076 26
52077 30
52078 17
52079 30
52080 20
52081 15
52082 21
52083 22
52084 17
52085 21
52086 45
52087 14
52088 23
52089 26
52090 24
52091 24
52092 36
52093 32
52094 32
52095 25
52096 30
52097 32
52098 32
52099 29
52100 20
52101 24
52102 17
52103 13
52104 36
52105 16
52106 22
52107 37
52108 24
52109 26
52110 41
52111 30
52112 27
52113 46
52114 24
52115 18
52116 51
52117 20
52118 50
52119 48
52120 23
52121 24
52122 34
52123 16
52124 29
52125 31
52126 27
52127 23
52128 47
52129 15
52130 20
52131 44
52132 22
52133 31
52134 53
52135 13
52136 26
52137 41
52138 36
52139 33
52140 43
52141 12
52142 25
52143 22
52144 26
52145 20
52146 27
52147 30
52148 30
52149 25
52150 10
52151 46
52152 32
52153 25
52154 12
52155 28
52156 33
52157 18
52158 47
52159 34
52160 17
52161 25
52162 33
52163 15
52164 46
52165 19
52166 37
52167 22
52168 24
52169 21
52170 26
52171 34
52172 28
52173 52
52174 22
52175 21
52176 30
52177 31
52178 12
52179 48
52180 15
52181 13
52182 48
52183 15
52184 22
52185 31
52186 34
52187 21
52188 48
52189 17
52190 25
52191 46
52192 22
52193 32
52194 26
52195 20
52196 25
52197 54
52198 13
52199 27
52200 21
52201 15
52202 19
52203 29
52204 20
52205 14
52206 49
52207 25
52208 32
52209 37
52210 27
52211 32
52212 43
52213 25
52214 30
52215 27
52216 31
52217 32
52218 41
52219 25
52220 17
52221 35
52222 12
52223 17
52224 21
52225 11
52226 14
52227 31
52228 29
52229 26
52230 29
52231 39
52232 20
52233 59
52234 24
52235 23
52236 50
52237 32
52238 31
52239 41
52240 28
52241 14
52242 32
52243 12
52244 33
52245 20
52246 18
52247 20
52248 31
52249 14
52250 11
52251 44
52252 19
52253 27
52254 42
52255 28
52256 19
52257 48
52258 30
52259 29
52260 37
52261 19
52262 35
52263 29
52264 36
52265 13
52266 35
52267 19
52268 46
52269 27
52270 9
52271 26
52272 33
52273 23
52274 18
52275 41
52276 12
52277 31
52278 31
52279 34
52280 16
52281 40
52282 28
52283 26
52284 43
52285 19
52286 36
52287 34
52288 20
52289 21
52290 33
52291 33
52292 33
52293 43
52294 14
52295 20
52296 28
52297 25
52298 14
52299 38
52300 10
52301 24
52302 33
52303 22
52304 9
52305 32
52306 22
52307 22
52308 38
52309 31
52310 33
52311 48
52312 24
52313 43
52314 22
52315 19
52316 26
52317 38
52318 19
52319 23
52320 28
52321 20
52322 13
52323 20
52324 5
52325 21
52326 35
52327 25
52328 21
52329 31
52330 20
52331 32
52332 30
52333 32
52334 30
52335 30
52336 27
52337 31
52338 32
52339 27
52340 38
52341 28
52342 13
52343 20
52344 36
52345 13
52346 17
52347 32
52348 15
52349 24
52350 32
52351 29
52352 16
52353 49
52354 25
52355 22
52356 26
52357 20
52358 36
52359 41
52360 18
52361 25
52362 26
52363 24
52364 40
52365 30
52366 25
52367 24
52368 39
52369 12
52370 6
52371 43
52372 24
52373 31
52374 34
52375 22
52376 20
52377 37
52378 36
52379 27
52380 28
52381 14
52382 35
52383 36
52384 29
52385 23
52386 31
52387 18
52388 24
52389 26
52390 22
52391 32
52392 33
52393 32
52394 15
52395 27
52396 21
52397 20
52398 44
52399 27
52400 10
52401 31
52402 29
52403 20
52404 35
52405 17
52406 26
52407 26
52408 25
52409 25
52410 27
52411 26
52412 22
52413 45
52414 12
52415 21
52416 31
52417 22
52418 17
52419 28
52420 15
52421 18
52422 34
52423 10
52424 16
52425 21
52426 27
52427 20
52428 38
52429 15
52430 21
52431 49
52432 20
52433 51
52434 30
52435 28
52436 28
52437 60
52438 12
52439 32
52440 28
52441 12
52442 12
52443 28
52444 32
52445 19
52446 46
52447 19
52448 25
52449 38
52450 22
52451 34
52452 55
52453 29
52454 30
52455 41
52456 26
52457 46
52458 42
52459 28
52460 22
52461 37
52462 12
52463 28
52464 39
52465 18
52466 13
52467 26
52468 27
52469 20
52470 38
52471 28
52472 16
52473 52
52474 29
52475 17
52476 49
52477 26
52478 46
52479 46
52480 16
52481 27
52482 44
52483 23
52484 34
52485 33
52486 12
52487 25
52488 39
52489 17
52490 19
52491 44
52492 23
52493 25
52494 51
52495 19
52496 27
52497 38
52498 40
52499 25
52500 28
52501 14
52502 44
52503 25
52504 21
52505 17
52506 40
52507 20
52508 35
52509 45
52510 14
52511 39
52512 27
52513 29
52514 19
52515 39
52516 24
52517 30
52518 49
52519 22
52520 14
52521 26
52522 31
52523 15
52524 38
52525 19
52526 41
52527 31
52528 27
52529 21
52530 30
52531 32
52532 29
52533 60
52534 20
52535 27
52536 32
52537 30
52538 12
52539 39
52540 12
52541 22
52542 23
52543 17
52544 17
52545 27
52546 23
52547 23
52548 49
52549 19
52550 30
52551 38
52552 35
52553 28
52554 42
52555 23
52556 37
52557 36
52558 17
52559 26
52560 25
52561 21
52562 14
52563 33
52564 16
52565 19
52566 42
52567 27
52568 24
52569 42
52570 29
52571 30
52572 36
52573 27
52574 39
52575 27
52576 31
52577 23
52578 34
52579 28
52580 33
52581 29
52582 14
52583 17
52584 28
52585 19
52586 12
52587 31
52588 21
52589 16
52590 29
52591 31
52592 21
52593 54
52594 28
52595 17
52596 39
52597 27
52598 32
52599 39
52600 20
52601 14
52602 36
52603 19
52604 33
52605 32
52606 29
52607 16
52608 34
52609 20
52610 9
52611 52
52612 17
52613 40
52614 44
52615 18
52616 27
52617 44
52618 38
52619 32
52620 42
52621 6
52622 29
52623 20
52624 29
52625 24
52626 49
52627 17
52628 33
52629 31
52630 10
52631 27
52632 35
52633 27
52634 21
52635 32
52636 20
52637 30
52638 36
52639 27
52640 11
52641 26
52642 25
52643 13
52644 32
52645 20
52646 33
52647 40
52648 28
52649 24
52650 25
52651 49
52652 36
52653 42
52654 19
52655 19
52656 30
52657 21
52658 18
52659 38
52660 24
52661 18
52662 39
52663 14
52664 25
52665 26
52666 28
52667 19
52668 49
52669 22
52670 29
52671 37
52672 30
52673 29
52674 30
52675 12
52676 30
52677 38
52678 20
52679 19
52680 26
52681 10
52682 16
52683 23
52684 21
52685 26
52686 47
52687 22
52688 32
52689 29
52690 30
52691 33
52692 37
52693 27
52694 36
52695 28
52696 20
52697 21
52698 32
52699 24
52700 20
52701 29
52702 13
52703 15
52704 36
52705 12
52706 18
52707 26
52708 19
52709 16
52710 35
52711 33
52712 29
52713 44
52714 25
52715 21
52716 40
52717 28
52718 33
52719 40
52720 20
52721 18
52722 24
52723 31
52724 24
52725 30
52726 22
52727 20
52728 33
52729 14
52730 17
52731 43
52732 24
52733 30
52734 42
52735 16
52736 25
52737 37
52738 37
52739 29
52740 27
52741 24
52742 28
52743 26
52744 28
52745 21
52746 31
52747 23
52748 26
52749 35
52750 17
52751 25
52752 25
52753 28
52754 24
52755 24
52756 21
52757 26
52758 47
52759 24
52760 16
52761 20
52762 35
52763 15
52764 42
52765 16
52766 28
52767 39
52768 40
52769 28
52770 28
52771 39
52772 20
52773 41
52774 26
52775 22
52776 30
52777 19
52778 18
52779 34
52780 14
52781 22
52782 46
52783 15
52784 19
52785 24
52786 28
52787 18
52788 42
52789 15
52790 24
52791 41
52792 28
52793 42
52794 30
52795 23
52796 30
52797 47
52798 10
52799 30
52800 23
52801 24
52802 16
52803 26
52804 20
52805 15
52806 39
52807 17
52808 24
52809 33
52810 20
52811 32
52812 49
52813 32
52814 32
52815 16
52816 28
52817 34
52818 27
52819 17
52820 25
52821 35
52822 19
52823 23
52824 22
52825 22
52826 17
52827 29
52828 20
52829 20
52830 35
52831 28
52832 18
52833 46
52834 27
52835 20
52836 47
52837 16
52838 38
52839 33
52840 22
52841 22
52842 34
52843 15
52844 31
52845 29
52846 21
52847 29
52848 33
52849 18
52850 16
52851 49
52852 18
52853 46
52854 38
52855 23
52856 16
52857 34
52858 33
52859 43
52860 40
52861 17
52862 36
52863 25
52864 27
52865 21
52866 35
52867 27
52868 39
52869 33
52870 7
52871 28
52872 32
52873 26
52874 19
52875 34
52876 18
52877 40
52878 31
52879 32
52880 12
52881 37
52882 29
52883 18
52884 47
52885 20
52886 37
52887 26
52888 33
52889 18
52890 28
52891 38
52892 50
52893 60
52894 27
52895 18
52896 31
52897 18
52898 15
52899 58
52900 9
52901 31
52902 43
52903 27
52904 17
52905 30
52906 32
52907 22
52908 40
52909 9
52910 39
52911 40
52912 27
52913 19
52914 28
52915 17
52916 32
52917 44
52918 16
52919 25
52920 22
52921 21
52922 13
52923 27
52924 10
52925 25
52926 37
52927 20
52928 24
52929 42
52930 23
52931 35
52932 41
52933 41
52934 26
52935 41
52936 38
52937 32
52938 30
52939 28
52940 23
52941 26
52942 12
52943 19
52944 36
52945 15
52946 17
52947 29
52948 13
52949 21
52950 29
52951 39
52952 15
52953 55
52954 28
52955 34
52956 30
52957 29
52958 30
52959 52
52960 19
52961 20
52962 36
52963 18
52964 37
52965 30
52966 34
52967 16
52968 35
52969 14
52970 21
52971 37
52972 16
52973 24
52974 37
52975 27
52976 19
52977 48
52978 25
52979 27
52980 26
52981 21
52982 27
52983 38
52984 31
52985 21
52986 39
52987 20
52988 36
52989 28
52990 14
52991 32
52992 33
52993 32
52994 8
52995 26
52996 22
52997 18
52998 43
52999 29
53000 11
53001 35
53002 31
53003 20
53004 42
53005 18
53006 29
53007 36
53008 32
53009 26
53010 34
53011 39
53012 28
53013 41
53014 16
53015 26
53016 39
53017 20
53018 19
53019 38
53020 15
53021 27
53022 41
53023 21
53024 17
53025 35
53026 26
53027 23
53028 34
53029 13
53030 26
53031 48
53032 28
53033 29
53034 29
53035 22
53036 29
53037 35
53038 22
53039 26
53040 23
53041 13
53042 12
53043 22
53044 18
53045 20
53046 30
53047 17
53048 12
53049 35
53050 24
53051 32
53052 35
53053 30
53054 29
53055 31
53056 32
53057 27
53058 32
53059 30
53060 19
53061 29
53062 13
53063 25
53064 30
53065 22
53066 19
53067 27
53068 26
53069 27
53070 36
53071 31
53072 17
53073 46
53074 26
53075 23
53076 44
53077 30
53078 34
53079 44
53080 19
53081 20
53082 32
53083 18
53084 32
53085 29
53086 18
53087 22
53088 35
53089 12
53090 15
53091 34
53092 26
53093 38
53094 45
53095 12
53096 17
53097 42
53098 39
53099 23
53100 35
53101 20
53102 28
53103 33
53104 24
53105 19
53106 32
53107 14
53108 38
53109 31
53110 11
53111 36
53112 32
53113 23
53114 11
53115 32
53116 19
53117 24
53118 45
53119 28
53120 16
53121 26
53122 24
53123 18
53124 34
53125 18
53126 37
53127 28
53128 23
53129 19
53130 27
53131 43
53132 38
53133 62
53134 14
53135 27
53136 31
53137 27
53138 20
53139 42
53140 12
53141 25
53142 44
53143 13
53144 19
53145 35
53146 38
53147 19
53148 51
53149 20
53150 29
53151 36
53152 38
53153 33
53154 36
53155 21
53156 27
53157 43
53158 16
53159 35
53160 23
53161 16
53162 20
53163 29
53164 21
53165 14
53166 41
53167 13
53168 16
53169 33
53170 21
53171 22
53172 55
53173 34
53174 41
53175 23
53176 26
53177 27
53178 41
53179 24
53180 29
53181 26
53182 15
53183 22
53184 33
53185 22
53186 17
53187 33
53188 11
53189 19
53190 29
53191 27
53192 23
53193 46
53194 24
53195 13
53196 42
53197 27
53198 49
53199 34
53200 24
53201 20
53202 34
53203 25
53204 34
53205 29
53206 19
53207 23
53208 26
53209 19
53210 6
53211 62
53212 21
53213 36
53214 29
53215 15
53216 20
53217 45
53218 40
53219 31
53220 40
53221 16
53222 44
53223 35
53224 34
53225 18
53226 34
53227 27
53228 23
53229 34
53230 13
53231 26
53232 25
53233 27
53234 12
53235 28
53236 20
53237 41
53238 43
53239 22
53240 18
53241 27
53242 28
53243 21
53244 43
53245 13
53246 24
53247 27
53248 15
53249 22
53250 28
53251 33
53252 26
53253 47
53254 22
53255 19
53256 34
53257 13
53258 14
53259 42
53260 11
53261 25
53262 43
53263 27
53264 19
53265 33
53266 27
53267 23
53268 36
53269 15
53270 24
53271 39
53272 24
53273 34
53274 34
53275 19
53276 33
53277 48
53278 18
53279 20
53280 26
53281 16
53282 23
53283 30
53284 21
53285 17
53286 41
53287 23
53288 21
53289 36
53290 22
53291 20
53292 46
53293 29
53294 36
53295 40
53296 34
53297 25
53298 46
53299 25
53300 29
53301 25
53302 14
53303 15
53304 45
53305 14
53306 27
53307 27
53308 34
53309 22
53310 34
53311 35
53312 16
53313 53
53314 32
53315 13
53316 35
53317 21
53318 43
53319 36
53320 20
53321 20
53322 35
53323 10
53324 24
53325 26
53326 22
53327 18
53328 50
53329 12
53330 8
53331 36
53332 26
53333 25
53334 45
53335 21
53336 25
53337 52
53338 22
53339 29
53340 35
53341 14
53342 29
53343 35
53344 29
53345 24
53346 26
53347 17
53348 28
53349 24
53350 12
53351 26
53352 33
53353 27
53354 23
53355 28
53356 14
53357 23
53358 37
53359 27
53360 13
53361 33
53362 35
53363 22
53364 34
53365 18
53366 32
53367 39
53368 25
53369 31
53370 19
53371 27
53372 23
53373 54
53374 23
53375 26
53376 35
53377 17
53378 14
53379 43
53380 25
53381 21
53382 44
53383 21
53384 27
53385 29
53386 35
53387 27
53388 49
53389 23
53390 32
53391 46
53392 37
53393 40
53394 36
53395 20
53396 26
53397 37
53398 19
53399 24
53400 19
53401 16
53402 17
53403 21
53404 23
53405 21
53406 52
53407 14
53408 35
53409 22
53410 23
53411 28
53412 53
53413 23
53414 40
53415 21
53416 34
53417 26
53418 43
53419 26
53420 22
53421 24
53422 15
53423 15
53424 21
53425 19
53426 13
53427 17
53428 22
53429 26
53430 33
53431 29
53432 26
53433 45
53434 26
53435 16
53436 44
53437 28
53438 45
53439 33
53440 15
53441 16
53442 35
53443 20
53444 23
53445 28
53446 16
53447 24
53448 21
53449 22
53450 8
53451 44
53452 27
53453 36
53454 39
53455 18
53456 20
53457 40
53458 28
53459 28
53460 39
53461 17
53462 39
53463 29
53464 27
53465 18
53466 28
53467 29
53468 22
53469 40
53470 18
53471 42
53472 27
53473 31
53474 16
53475 34
53476 18
53477 28
53478 38
53479 37
53480 14
53481 26
53482 29
53483 21
53484 46
53485 14
53486 39
53487 31
53488 30
53489 26
53490 30
53491 39
53492 24
53493 67
53494 14
53495 22
53496 33
53497 37
53498 13
53499 46
53500 10
53501 24
53502 34
53503 22
53504 25
53505 31
53506 29
53507 28
53508 51
53509 18
53510 32
53511 47
53512 22
53513 34
53514 33
53515 23
53516 40
53517 43
53518 16
53519 23
53520 22
53521 17
53522 16
53523 28
53524 16
53525 21
53526 28
53527 14
53528 17
53529 31
53530 20
53531 42
53532 41
53533 27
53534 41
53535 24
53536 31
53537 30
53538 41
53539 19
53540 29
53541 28
53542 22
53543 18
53544 41
53545 9
53546 14
53547 26
53548 27
53549 31
53550 18
53551 50
53552 16
53553 64
53554 19
53555 23
53556 42
53557 28
53558 35
53559 47
53560 29
53561 12
53562 33
53563 21
53564 32
53565 17
53566 16
53567 14
53568 41
53569 16
53570 13
53571 43
53572 9
53573 28
53574 35
53575 24
53576 21
53577 51
53578 35
53579 45
53580 28
53581 19
53582 31
53583 32
53584 28
53585 11
53586 35
53587 24
53588 28
53589 19
53590 20
53591 25
53592 34
53593 25
53594 23
53595 30
53596 17
53597 30
53598 35
53599 24
53600 12
53601 36
53602 27
53603 30
53604 33
53605 24
53606 22
53607 32
53608 33
53609 21
53610 28
53611 26
53612 35
53613 37
53614 28
53615 15
53616 33
53617 26
53618 21
53619 31
53620 8
53621 22
53622 39
53623 24
53624 14
53625 38
53626 32
53627 24
53628 41
53629 19
53630 23
53631 57
53632 18
53633 32
53634 38
53635 17
53636 40
53637 35
53638 19
53639 16
53640 25
53641 13
53642 10
53643 24
53644 20
53645 23
53646 37
53647 19
53648 19
53649 30
53650 15
53651 29
53652 43
53653 22
53654 36
53655 36
53656 34
53657 21
53658 40
53659 39
53660 23
53661 29
53662 14
53663 21
53664 34
53665 19
53666 16
53667 27
53668 26
53669 16
53670 33
53671 27
53672 18
53673 43
53674 23
53675 19
53676 43
53677 28
53678 38
53679 46
53680 18
53681 21
53682 26
53683 23
53684 36
53685 37
53686 12
53687 29
53688 32
53689 16
53690 15
53691 41
53692 16
53693 36
53694 33
53695 25
53696 16
53697 33
53698 25
53699 27
53700 29
53701 11
53702 38
53703 38
53704 24
53705 31
53706 29
53707 17
53708 24
53709 40
53710 13
53711 40
53712 26
53713 34
53714 18
53715 29
53716 16
53717 29
53718 43
53719 20
53720 15
53721 34
53722 34
53723 17
53724 40
53725 22
53726 28
53727 26
53728 22
53729 24
53730 32
53731 29
53732 36
53733 50
53734 11
53735 20
53736 40
53737 33
53738 22
53739 34
53740 16
53741 24
53742 39
53743 25
53744 18
53745 34
53746 29
53747 28
53748 34
53749 19
53750 26
53751 47
53752 24
53753 32
53754 33
53755 17
53756 36
53757 40
53758 16
53759 32
53760 21
53761 18
53762 9
53763 31
53764 13
53765 29
53766 36
53767 23
53768 24
53769 40
53770 23
53771 29
53772 38
53773 32
53774 27
53775 29
53776 35
53777 28
53778 31
53779 32
53780 22
53781 23
53782 14
53783 24
53784 35
53785 15
53786 25
53787 28
53788 21
53789 23
53790 40
53791 28
53792 18
53793 60
53794 31
53795 26
53796 42
53797 19
53798 44
53799 35
53800 27
53801 16
53802 43
53803 19
53804 31
53805 31
53806 16
53807 10
53808 45
53809 14
53810 15
53811 43
53812 30
53813 26
53814 29
53815 20
53816 11
53817 42
53818 26
53819 17
53820 40
53821 19
53822 44
53823 31
53824 32
53825 18
53826 34
53827 17
53828 36
53829 30
53830 15
53831 32
53832 37
53833 34
53834 20
53835 33
53836 14
53837 30
53838 42
53839 26
53840 16
53841 36
53842 27
53843 28
53844 42
53845 20
53846 35
53847 31
53848 21
53849 17
53850 30
53851 36
53852 34
53853 33
53854 22
53855 22
53856 37
53857 30
53858 11
53859 52
53860 11
53861 36
53862 34
53863 17
53864 16
53865 26
53866 27
53867 31
53868 37
53869 12
53870 28
53871 41
53872 23
53873 27
53874 33
53875 17
53876 37
53877 32
53878 25
53879 27
53880 24
53881 18
53882 15
53883 25
53884 19
53885 21
53886 34
53887 27
53888 26
53889 46
53890 29
53891 22
53892 38
53893 37
53894 34
53895 32
53896 28
53897 20
53898 39
53899 19
53900 33
53901 21
53902 25
53903 16
53904 34
53905 21
53906 23
53907 31
53908 20
53909 28
53910 34
53911 38
53912 13
53913 54
53914 27
53915 22
53916 47
53917 21
53918 42
53919 30
53920 23
53921 18
53922 43
53923 13
53924 32
53925 31
53926 33
53927 22
53928 37
53929 26
53930 20
53931 38
53932 21
53933 40
53934 46
53935 18
53936 16
53937 46
53938 32
53939 30
53940 35
53941 18
53942 30
53943 26
53944 32
53945 25
53946 34
53947 21
53948 27
53949 22
53950 13
53951 24
53952 41
53953 20
53954 13
53955 22
53956 34
53957 26
53958 46
53959 24
53960 18
53961 30
53962 24
53963 16
53964 42
53965 14
53966 27
53967 31
53968 22
53969 20
53970 24
53971 30
53972 28
53973 38
53974 14
53975 17
53976 29
53977 25
53978 12
53979 42
53980 16
53981 17
53982 37
53983 25
53984 15
53985 31
53986 19
53987 18
53988 29
53989 17
53990 29
53991 37
53992 18
53993 41
53994 31
53995 21
53996 32
53997 44
53998 13
53999 35
54000 30
54001 16
54002 28
54003 27
54004 18
54005 16
54006 52
54007 19
54008 20
54009 32
54010 34
54011 27
54012 37
54013 31
54014 31
54015 30
54016 28
54017 31
54018 32
54019 22
54020 33
54021 32
54022 21
54023 22
54024 47
54025 14
54026 24
54027 24
54028 33
54029 26
54030 44
54031 28
54032 20
54033 48
54034 38
54035 22
54036 39
54037 29
54038 37
54039 41
54040 17
54041 16
54042 31
54043 21
54044 32
54045 27
54046 24
54047 17
54048 39
54049 16
54050 14
54051 42
54052 23
54053 36
54054 41
54055 25
54056 23
54057 42
54058 31
54059 25
54060 35
54061 17
54062 40
54063 25
54064 26
54065 14
54066 28
54067 18
54068 22
54069 36
54070 9
54071 26
54072 33
54073 30
54074 11
54075 30
54076 22
54077 37
54078 35
54079 19
54080 20
54081 23
54082 30
54083 21
54084 44
54085 11
54086 26
54087 31
54088 27
54089 19
54090 34
54091 37
54092 26
54093 53
54094 21
54095 34
54096 22
54097 20
54098 9
54099 32
54100 13
54101 16
54102 38
54103 22
54104 20
54105 29
54106 36
54107 19
54108 51
54109 23
54110 30
54111 49
54112 29
54113 27
54114 38
54115 23
54116 25
54117 35
54118 25
54119 24
54120 32
54121 24
54122 18
54123 30
54124 12
54125 10
54126 42
54127 23
54128 21
54129 37
54130 24
54131 50
54132 43
54133 28
54134 42
54135 31
54136 21
54137 23
54138 44
54139 25
54140 25
54141 27
54142 15
54143 17
54144 31
54145 17
54146 17
54147 21
54148 18
54149 22
54150 22
54151 36
54152 15
54153 59
54154 24
54155 22
54156 39
54157 24
54158 49
54159 40
54160 17
54161 20
54162 40
54163 18
54164 31
54165 26
54166 14
54167 20
54168 35
54169 19
54170 9
54171 45
54172 31
54173 43
54174 31
54175 23
54176 22
54177 45
54178 22
54179 27
54180 40
54181 23
54182 37
54183 25
54184 27
54185 14
54186 44
54187 12
54188 32
54189 28
54190 16
54191 24
54192 37
54193 22
54194 16
54195 36
54196 11
54197 31
54198 34
54199 29
54200 16
54201 27
54202 25
54203 22
54204 30
54205 18
54206 36
54207 37
54208 27
54209 21
54210 29
54211 51
54212 40
54213 47
54214 15
54215 23
54216 36
54217 17
54218 22
54219 46
54220 10
54221 16
54222 24
54223 14
54224 17
54225 37
54226 31
54227 29
54228 38
54229 28
54230 29
54231 65
54232 26
54233 35
54234 33
54235 27
54236 41
54237 42
54238 19
54239 22
54240 23
54241 14
54242 18
54243 27
54244 18
54245 20
54246 36
54247 13
54248 16
54249 22
54250 19
54251 40
54252 36
54253 39
54254 27
54255 22
54256 28
54257 30
54258 34
54259 35
54260 17
54261 19
54262 20
54263 14
54264 29
54265 13
54266 23
54267 23
54268 19
54269 21
54270 25
54271 26
54272 11
54273 40
54274 26
54275 19
54276 38
54277 26
54278 28
54279 51
54280 17
54281 20
54282 29
54283 16
54284 29
54285 25
54286 21
54287 15
54288 43
54289 19
54290 10
54291 34
54292 28
54293 41
54294 46
54295 13
54296 24
54297 47
54298 24
54299 26
54300 37
54301 13
54302 32
54303 34
54304 28
54305 29
54306 31
54307 29
54308 27
54309 31
54310 20
54311 43
54312 37
54313 28
54314 12
54315 28
54316 22
54317 27
54318 53
54319 34
54320 20
54321 25
54322 31
54323 16
54324 47
54325 18
54326 25
54327 36
54328 30
54329 39
54330 29
54331 45
54332 28
54333 66
54334 17
54335 25
54336 33
54337 36
54338 14
54339 32
54340 19
54341 10
54342 46
54343 23
54344 20
54345 32
54346 30
54347 17
54348 47
54349 11
54350 28
54351 48
54352 20
54353 46
54354 37
54355 16
54356 33
54357 54
54358 9
54359 32
54360 22
54361 23
54362 16
54363 30
54364 10
54365 18
54366 43
54367 21
54368 19
54369 28
54370 19
54371 26
54372 36
54373 21
54374 40
54375 24
54376 31
54377 33
54378 30
54379 29
54380 28
54381 38
54382 6
54383 20
54384 30
54385 16
54386 11
54387 40
54388 22
54389 28
54390 29
54391 36
54392 19
54393 62
54394 20
54395 23
54396 37
54397 21
54398 42
54399 36
54400 17
54401 10
54402 30
54403 18
54404 36
54405 32
54406 20
54407 26
54408 25
54409 14
54410 10
54411 49
54412 16
54413 38
54414 34
54415 20
54416 22
54417 51
54418 32
54419 25
54420 33
54421 12
54422 32
54423 27
54424 34
54425 12
54426 38
54427 19
54428 37
54429 31
54430 12
54431 28
54432 33
54433 21
54434 17
54435 34
54436 14
54437 26
54438 33
54439 26
54440 18
54441 32
54442 34
54443 25
54444 44
54445 18
54446 34
54447 30
54448 26
54449 22
54450 32
54451 37
54452 40
54453 63
54454 16
54455 15
54456 39
54457 14
54458 13
54459 44
54460 22
54461 28
54462 35
54463 16
54464 13
54465 27
54466 28
54467 28
54468 37
54469 22
54470 29
54471 46
54472 30
54473 36
54474 27
54475 17
54476 30
54477 46
54478 18
54479 33
54480 26
54481 22
54482 13
54483 30
54484 12
54485 21
54486 30
54487 24
54488 14
54489 25
54490 21
54491 25
54492 39
54493 29
54494 37
54495 30
54496 37
54497 22
54498 37
54499 24
54500 22
54501 29
54502 15
54503 13
54504 34
54505 26
54506 20
54507 27
54508 26
54509 19
54510 41
54511 22
54512 17
54513 51
54514 28
54515 19
54516 49
54517 28
54518 41
54519 35
54520 21
54521 15
54522 29
54523 22
54524 31
54525 25
54526 27
54527 21
54528 46
54529 17
54530 13
54531 45
54532 25
54533 23
54534 48
54535 19
54536 28
54537 46
54538 32
54539 20
54540 36
54541 17
54542 32
54543 25
54544 26
54545 20
54546 31
54547 19
54548 27
54549 32
54550 26
54551 37
54552 38
54553 31
54554 17
54555 25
54556 26
54557 17
54558 48
54559 30
54560 21
54561 33
54562 26
54563 22
54564 43
54565 16
54566 30
54567 29
54568 27
54569 30
54570 32
54571 36
54572 25
54573 50
54574 21
54575 17
54576 35
54577 24
54578 19
54579 38
54580 20
54581 17
54582 42
54583 17
54584 18
54585 26
54586 30
54587 29
54588 40
54589 23
54590 26
54591 40
54592 21
54593 29
54594 30
54595 25
54596 31
54597 38
54598 10
54599 17
54600 24
54601 17
54602 18
54603 23
54604 32
54605 22
54606 48
54607 21
54608 29
54609 22
54610 24
54611 24
54612 31
54613 25
54614 32
54615 34
54616 29
54617 28
54618 39
54619 29
54620 32
54621 38
54622 24
54623 22
54624 26
54625 10
54626 19
54627 33
54628 23
54629 25
54630 41
54631 30
54632 19
54633 45
54634 26
54635 19
54636 34
54637 26
54638 29
54639 32
54640 25
54641 24
54642 27
54643 17
54644 34
54645 34
54646 17
54647 20
54648 38
54649 13
54650 16
54651 33
54652 16
54653 29
54654 49
54655 20
54656 25
54657 36
54658 37
54659 22
54660 39
54661 15
54662 36
54663 18
54664 28
54665 20
54666 38
54667 31
54668 34
54669 37
54670 10
54671 35
54672 30
54673 29
54674 17
54675 35
54676 19
54677 27
54678 45
54679 30
54680 18
54681 26
54682 35
54683 19
54684 42
54685 17
54686 37
54687 21
54688 25
54689 20
54690 19
54691 35
54692 30
54693 66
54694 22
54695 15
54696 23
54697 33
54698 18
54699 49
54700 13
54701 23
54702 32
54703 19
54704 21
54705 17
54706 34
54707 14
54708 42
54709 11
54710 18
54711 46
54712 27
54713 32
54714 31
54715 20
54716 24
54717 44
54718 19
54719 31
54720 22
54721 22
54722 14
54723 31
54724 11
54725 20
54726 37
54727 19
54728 24
54729 26
54730 24
54731 21
54732 46
54733 20
54734 35
54735 24
54736 37
54737 22
54738 34
54739 30
54740 37
54741 33
54742 19
54743 15
54744 40
54745 15
54746 18
54747 34
54748 26
54749 12
54750 31
54751 36
54752 22
54753 53
54754 29
54755 24
54756 33
54757 24
54758 49
54759 39
54760 17
54761 15
54762 36
54763 20
54764 28
54765 29
54766 24
54767 22
54768 27
54769 19
54770 13
54771 35
54772 18
54773 32
54774 40
54775 26
54776 17
54777 46
54778 37
54779 32
54780 29
54781 13
54782 29
54783 32
54784 32
54785 23
54786 36
54787 12
54788 29
54789 31
54790 11
54791 41
54792 33
54793 34
54794 18
54795 26
54796 19
54797 34
54798 43
54799 29
54800 14
54801 36
54802 37
54803 21
54804 39
54805 15
54806 31
54807 31
54808 23
54809 28
54810 33
54811 33
54812 36
54813 55
54814 16
54815 25
54816 30
54817 30
54818 20
54819 45
54820 22
54821 22
54822 39
54823 17
54824 15
54825 33
54826 28
54827 16
54828 32
54829 26
54830 29
54831 50
54832 19
54833 39
54834 35
54835 19
54836 40
54837 41
54838 17
54839 32
54840 30
54841 13
54842 22
54843 25
54844 16
54845 23
54846 37
54847 30
54848 30
54849 31
54850 19
54851 34
54852 37
54853 33
54854 39
54855 30
54856 36
54857 25
54858 33
54859 24
54860 33
54861 31
54862 17
54863 20
54864 36
54865 15
54866 22
54867 27
54868 17
54869 15
54870 28
54871 26
54872 21
54873 34
54874 29
54875 24
54876 41
54877 26
54878 24
54879 42
54880 23
54881 18
54882 31
54883 22
54884 32
54885 29
54886 23
54887 21
54888 34
54889 12
54890 15
54891 44
54892 13
54893 27
54894 36
54895 16
54896 7
54897 30
54898 24
54899 30
54900 31
54901 18
54902 40
54903 23
54904 24
54905 17
54906 36
54907 17
54908 31
54909 38
54910 20
54911 26
54912 29
54913 35
54914 19
54915 26
54916 17
54917 32
54918 36
54919 28
54920 18
54921 28
54922 24
54923 23
54924 37
54925 15
54926 36
54927 41
54928 30
54929 24
54930 29
54931 41
54932 25
54933 64
54934 23
54935 26
54936 26
54937 26
54938 11
54939 52
54940 18
54941 20
54942 40
54943 10
54944 19
54945 33
54946 33
54947 26
54948 39
54949 19
54950 20
54951 49
54952 32
54953 56
54954 32
54955 21
54956 37
54957 45
54958 11
54959 36
54960 27
54961 11
54962 18
54963 30
54964 17
54965 24
54966 44
54967 26
54968 19
54969 37
54970 26
54971 29
54972 42
54973 20
54974 29
54975 25
54976 28
54977 39
54978 42
54979 28
54980 20
54981 30
54982 24
54983 19
54984 29
54985 18
54986 19
54987 40
54988 22
54989 23
54990 31
54991 41
54992 9
54993 38
54994 25
54995 24
54996 28
54997 16
54998 30
54999 37
55000 22
55001 20
55002 29
55003 19
55004 30
55005 31
55006 19
55007 29
55008 29
55009 31
55010 11
55011 60
55012 14
55013 35
55014 32
55015 16
55016 14
55017 34
55018 32
55019 25
55020 31
55021 12
55022 33
55023 24
55024 25
55025 18
55026 43
55027 21
55028 36
55029 32
55030 10
55031 29
55032 21
55033 33
55034 21
55035 22
55036 17
55037 38
55038 32
55039 22
55040 15
55041 25
55042 21
55043 21
55044 50
55045 18
55046 27
55047 37
55048 33
55049 24
55050 23
55051 28
55052 38
55053 49
55054 12
55055 29
55056 45
55057 16
55058 5
55059 46
55060 10
55061 23
55062 36
55063 28
55064 24
55065 29
55066 40
55067 23
55068 57
55069 21
55070 40
55071 43
55072 23
55073 29
55074 36
55075 14
55076 34
55077 47
55078 12
55079 21
55080 25
55081 20
55082 15
55083 26
55084 15
55085 22
55086 43
55087 25
55088 27
55089 36
55090 24
55091 32
55092 42
55093 25
55094 39
55095 25
55096 26
55097 20
55098 27
55099 22
55100 18
55101 25
55102 14
55103 18
55104 30
55105 12
55106 24
55107 27
55108 18
55109 26
55110 32
55111 25
55112 17
55113 49
55114 27
55115 26
55116 34
55117 23
55118 29
55119 43
55120 16
55121 26
55122 28
55123 14
55124 31
55125 27
55126 27
55127 23
55128 45
55129 17
55130 20
55131 33
55132 18
55133 39
55134 43
55135 21
55136 20
55137 49
55138 28
55139 21
55140 33
55141 19
55142 26
55143 30
55144 31
55145 20
55146 42
55147 27
55148 43
55149 27
55150 17
55151 24
55152 35
55153 33
55154 24
55155 30
55156 26
55157 21
55158 50
55159 22
55160 10
55161 38
55162 29
55163 13
55164 40
55165 17
55166 33
55167 31
55168 35
55169 23
55170 25
55171 26
55172 35
55173 50
55174 20
55175 18
55176 36
55177 22
55178 10
55179 43
55180 20
55181 15
55182 37
55183 18
55184 20
55185 31
55186 29
55187 25
55188 45
55189 13
55190 24
55191 40
55192 23
55193 41
55194 33
55195 16
55196 34
55197 35
55198 24
55199 39
55200 28
55201 18
55202 13
55203 26
55204 19
55205 25
55206 50
55207 27
55208 19
55209 40
55210 26
55211 33
55212 44
55213 23
55214 31
55215 33
55216 28
55217 27
55218 36
55219 31
55220 24
55221 41
55222 10
55223 17
55224 27
55225 19
55226 18
55227 34
55228 25
55229 19
55230 30
55231 32
55232 21
55233 49
55234 24
55235 15
55236 39
55237 26
55238 41
55239 42
55240 17
55241 19
55242 32
55243 21
55244 35
55245 35
55246 15
55247 16
55248 35
55249 16
55250 11
55251 46
55252 29
55253 37
55254 56
55255 20
55256 33
55257 41
55258 45
55259 23
55260 32
55261 18
55262 26
55263 21
55264 35
55265 17
55266 26
55267 21
55268 29
55269 27
55270 11
55271 34
55272 22
55273 15
55274 10
55275 27
55276 32
55277 21
55278 70
55279 25
55280 17
55281 21
55282 42
55283 8
55284 50
55285 16
55286 29
55287 25
55288 20
55289 30
55290 30
55291 34
55292 22
55293 44
55294 7
55295 19
55296 27
55297 27
55298 15
55299 48
55300 13
55301 15
55302 48
55303 19
55304 20
55305 23
55306 26
55307 25
55308 54
55309 15
55310 28
55311 52
55312 27
55313 35
55314 22
55315 28
55316 27
55317 51
55318 15
55319 24
55320 29
55321 17
55322 14
55323 31
55324 16
55325 19
55326 36
55327 20
55328 21
55329 33
55330 18
55331 33
55332 42
55333 42
55334 30
55335 32
55336 33
55337 32
55338 32
55339 30
55340 27
55341 33
55342 13
55343 17
55344 23
55345 20
55346 19
55347 32
55348 15
55349 16
55350 29
55351 26
55352 26
55353 42
55354 19
55355 12
55356 55
55357 29
55358 43
55359 27
55360 27
55361 26
55362 35
55363 15
55364 38
55365 21
55366 21
55367 23
55368 43
55369 18
55370 13
55371 36
55372 16
55373 31
55374 38
55375 21
55376 29
55377 38
55378 37
55379 23
55380 29
55381 16
55382 42
55383 27
55384 34
55385 21
55386 38
55387 17
55388 38
55389 31
55390 19
55391 23
55392 35
55393 26
55394 17
55395 30
55396 28
55397 27
55398 39
55399 31
55400 16
55401 28
55402 38
55403 23
55404 40
55405 14
55406 38
55407 37
55408 29
55409 21
55410 33
55411 33
55412 29
55413 44
55414 27
55415 21
55416 22
55417 14
55418 20
55419 40
55420 18
55421 26
55422 38
55423 21
55424 6
55425 29
55426 22
55427 32
55428 35
55429 13
55430 26
55431 42
55432 30
55433 37
55434 33
55435 18
55436 33
55437 42
55438 19
55439 31
55440 33
55441 24
55442 17
55443 21
55444 12
55445 25
55446 34
55447 21
55448 16
55449 40
55450 16
55451 35
55452 40
55453 30
55454 28
55455 35
55456 25
55457 25
55458 34
55459 21
55460 38
55461 27
55462 15
55463 16
55464 38
55465 17
55466 21
55467 29
55468 23
55469 23
55470 28
55471 31
55472 16
55473 65
55474 27
55475 22
55476 44
55477 23
55478 40
55479 42
55480 20
55481 19
55482 40
55483 22
55484 39
55485 36
55486 27
55487 19
55488 38
55489 15
55490 13
55491 39
55492 20
55493 32
55494 38
55495 27
55496 13
55497 46
55498 34
55499 27
55500 37
55501 14
55502 29
55503 32
55504 25
55505 19
55506 32
55507 22
55508 27
55509 39
55510 11
55511 28
55512 41
55513 33
55514 19
55515 27
55516 18
55517 17
55518 52
55519 30
55520 12
55521 24
55522 30
55523 15
55524 28
55525 7
55526 32
55527 38
55528 21
55529 26
55530 22
55531 27
55532 20
55533 48
55534 17
55535 23
55536 29
55537 21
55538 19
55539 37
55540 17
55541 17
55542 28
55543 10
55544 11
55545 21
55546 22
55547 24
55548 28
55549 18
55550 25
55551 57
55552 25
55553 44
55554 31
55555 27
55556 24
55557 43
55558 24
55559 42
55560 23
55561 18
55562 16
55563 35
55564 11
55565 18
55566 35
55567 25
55568 30
55569 38
55570 19
55571 33
55572 42
55573 39
55574 31
55575 31
55576 41
55577 40
55578 35
55579 26
55580 26
55581 30
55582 13
55583 20
55584 35
55585 20
55586 11
55587 39
55588 17
55589 30
55590 37
55591 36
55592 26
55593 44
55594 33
55595 25
55596 45
55597 27
55598 37
55599 31
55600 22
55601 19
55602 36
55603 24
55604 23
55605 29
55606 22
55607 22
55608 31
55609 22
55610 12
55611 47
55612 24
55613 26
55614 43
55615 17
55616 24
55617 35
55618 37
55619 18
55620 28
55621 11
55622 26
55623 19
55624 21
55625 16
55626 35
55627 22
55628 27
55629 36
55630 26
55631 44
55632 31
55633 34
55634 19
55635 35
55636 22
55637 30
55638 45
55639 30
55640 17
55641 28
55642 28
55643 20
55644 35
55645 9
55646 31
55647 26
55648 31
55649 21
55650 27
55651 33
55652 28
55653 59
55654 23
55655 22
55656 30
55657 31
55658 18
55659 40
55660 14
55661 22
55662 36
55663 12
55664 17
55665 24
55666 19
55667 23
55668 51
55669 22
55670 25
55671 46
55672 25
55673 31
55674 29
55675 24
55676 36
55677 49
55678 10
55679 33
55680 24
55681 15
55682 11
55683 32
55684 19
55685 24
55686 38
55687 21
55688 26
55689 30
55690 25
55691 32
55692 42
55693 30
55694 40
55695 25
55696 31
55697 29
55698 37
55699 13
55700 25
55701 27
55702 17
55703 20
55704 33
55705 17
55706 16
55707 39
55708 16
55709 28
55710 33
55711 52
55712 17
55713 48
55714 28
55715 29
55716 36
55717 30
55718 41
55719 36
55720 20
55721 16
55722 32
55723 22
55724 22
55725 28
55726 18
55727 17
55728 37
55729 20
55730 10
55731 49
55732 15
55733 34
55734 24
55735 19
55736 20
55737 58
55738 30
55739 27
55740 27
55741 14
55742 32
55743 18
55744 21
55745 15
55746 29
55747 22
55748 33
55749 35
55750 13
55751 32
55752 31
55753 29
55754 19
55755 27
55756 20
55757 25
55758 34
55759 25
55760 10
55761 34
55762 30
55763 19
55764 39
55765 18
55766 31
55767 28
55768 34
55769 16
55770 35
55771 34
55772 31
55773 37
55774 16
55775 18
55776 30
55777 26
55778 20
55779 32
55780 8
55781 16
55782 45
55783 23
55784 25
55785 32
55786 32
55787 19
55788 50
55789 15
55790 24
55791 45
55792 31
55793 34
55794 39
55795 15
55796 37
55797 28
55798 21
55799 27
55800 30
55801 19
55802 13
55803 30
55804 23
55805 24
55806 44
55807 17
55808 24
55809 40
55810 29
55811 37
55812 47
55813 27
55814 37
55815 32
55816 27
55817 28
55818 38
55819 27
55820 23
55821 28
55822 18
55823 26
55824 29
55825 20
55826 13
55827 29
55828 19
55829 25
55830 39
55831 34
55832 17
55833 54
55834 23
55835 21
55836 46
55837 33
55838 39
55839 40
55840 17
55841 20
55842 40
55843 25
55844 27
55845 32
55846 21
55847 30
55848 41
55849 20
55850 22
55851 32
55852 19
55853 29
55854 40
55855 22
55856 28
55857 32
55858 28
55859 27
55860 38
55861 16
55862 42
55863 30
55864 27
55865 24
55866 42
55867 21
55868 35
55869 43
55870 9
55871 29
55872 24
55873 42
55874 24
55875 26
55876 22
55877 29
55878 49
55879 24
55880 16
55881 24
55882 40
55883 15
55884 39
55885 13
55886 36
55887 23
55888 27
55889 26
55890 21
55891 33
55892 27
55893 46
55894 18
55895 21
55896 30
55897 16
55898 15
55899 35
55900 21
55901 19
55902 58
55903 18
55904 19
55905 21
55906 24
55907 12
55908 35
55909 16
55910 29
55911 37
55912 17
55913 30
55914 27
55915 18
55916 24
55917 36
55918 19
55919 23
55920 27
55921 16
55922 14
55923 24
55924 16
55925 22
55926 35
55927 32
55928 27
55929 38
55930 22
55931 32
55932 33
55933 29
55934 32
55935 37
55936 36
55937 28
55938 33
55939 24
55940 24
55941 24
55942 7
55943 19
55944 30
55945 19
55946 20
55947 36
55948 19
55949 27
55950 24
55951 27
55952 18
55953 55
55954 26
55955 22
55956 41
55957 29
55958 35
55959 38
55960 25
55961 20
55962 37
55963 14
55964 29
55965 28
55966 27
55967 22
55968 48
55969 9
55970 13
55971 44
55972 24
55973 32
55974 43
55975 18
55976 18
55977 46
55978 28
55979 27
55980 53
55981 18
55982 37
55983 33
55984 40
55985 20
55986 48
55987 23
55988 34
55989 35
55990 10
55991 31
55992 35
55993 37
55994 19
55995 34
55996 17
55997 26
55998 42
55999 29
56000 10
56001 31
56002 35
56003 13
56004 61
56005 14
56006 32
56007 23
56008 28
56009 20
56010 24
56011 27
56012 35
56013 57
56014 12
56015 24
56016 28
56017 23
56018 17
56019 35
56020 16
56021 21
56022 44
56023 17
56024 19
56025 25
56026 33
56027 25
56028 45
56029 14
56030 32
56031 30
56032 21
56033 26
56034 41
56035 24
56036 34
56037 35
56038 21
56039 23
56040 32
56041 15
56042 13
56043 26
56044 25
56045 28
56046 37
56047 16
56048 21
56049 30
56050 15
56051 40
56052 46
56053 31
56054 36
56055 31
56056 23
56057 18
56058 36
56059 34
56060 34
56061 27
56062 17
56063 23
56064 30
56065 21
56066 22
56067 35
56068 21
56069 19
56070 25
56071 31
56072 16
56073 45
56074 19
56075 25
56076 40
56077 31
56078 41
56079 35
56080 23
56081 17
56082 27
56083 17
56084 40
56085 27
56086 15
56087 15
56088 30
56089 26
56090 21
56091 37
56092 19
56093 38
56094 38
56095 15
56096 15
56097 33
56098 30
56099 22
56100 26
56101 20
56102 31
56103 29
56104 35
56105 21
56106 33
56107 23
56108 39
56109 31
56110 15
56111 21
56112 37
56113 30
56114 16
56115 31
56116 29
56117 19
56118 41
56119 23
56120 15
56121 21
56122 33
56123 17
56124 35
56125 16
56126 25
56127 32
56128 26
56129 30
56130 23
56131 31
56132 28
56133 56
56134 30
56135 27
56136 35
56137 22
56138 17
56139 42
56140 19
56141 13
56142 37
56143 20
56144 19
56145 33
56146 29
56147 21
56148 31
56149 14
56150 21
56151 43
56152 26
56153 30
56154 32
56155 24
56156 28
56157 43
56158 17
56159 31
56160 29
56161 20
56162 20
56163 25
56164 16
56165 12
56166 35
56167 17
56168 9
56169 29
56170 27
56171 24
56172 30
56173 25
56174 26
56175 34
56176 29
56177 38
56178 32
56179 29
56180 30
56181 37
56182 14
56183 28
56184 39
56185 19
56186 24
56187 39
56188 29
56189 22
56190 37
56191 33
56192 18
56193 40
56194 24
56195 18
56196 41
56197 26
56198 40
56199 45
56200 25
56201 35
56202 37
56203 21
56204 40
56205 29
56206 26
56207 25
56208 41
56209 16
56210 15
56211 61
56212 15
56213 42
56214 47
56215 19
56216 11
56217 38
56218 37
56219 26
56220 28
56221 16
56222 35
56223 29
56224 17
56225 29
56226 30
56227 16
56228 25
56229 35
56230 15
56231 37
56232 39
56233 30
56234 10
56235 36
56236 19
56237 38
56238 30
56239 36
56240 13
56241 24
56242 20
56243 18
56244 30
56245 11
56246 24
56247 24
56248 19
56249 17
56250 24
56251 42
56252 32
56253 63
56254 22
56255 23
56256 33
56257 27
56258 15
56259 58
56260 16
56261 19
56262 32
56263 19
56264 20
56265 28
56266 30
56267 18
56268 48
56269 18
56270 30
56271 29
56272 30
56273 16
56274 28
56275 13
56276 31
56277 62
56278 25
56279 34
56280 20
56281 19
56282 19
56283 32
56284 18
56285 18
56286 39
56287 31
56288 20
56289 31
56290 20
56291 35
56292 50
56293 22
56294 33
56295 26
56296 32
56297 20
56298 41
56299 29
56300 30
56301 31
56302 10
56303 24
56304 36
56305 24
56306 19
56307 35
56308 19
56309 33
56310 24
56311 44
56312 13
56313 46
56314 20
56315 24
56316 39
56317 24
56318 45
56319 35
56320 20
56321 21
56322 41
56323 21
56324 35
56325 32
56326 14
56327 20
56328 27
56329 15
56330 10
56331 66
56332 26
56333 37
56334 35
56335 24
56336 14
56337 49
56338 27
56339 23
56340 21
56341 13
56342 50
56343 28
56344 22
56345 19
56346 35
56347 9
56348 28
56349 34
56350 17
56351 33
56352 28
56353 36
56354 15
56355 32
56356 13
56357 25
56358 36
56359 41
56360 16
56361 33
56362 23
56363 17
56364 35
56365 8
56366 37
56367 20
56368 31
56369 19
56370 28
56371 20
56372 35
56373 42
56374 11
56375 14
56376 41
56377 28
56378 16
56379 42
56380 10
56381 16
56382 27
56383 20
56384 17
56385 28
56386 28
56387 23
56388 46
56389 17
56390 30
56391 36
56392 29
56393 25
56394 32
56395 22
56396 42
56397 41
56398 21
56399 22
56400 29
56401 11
56402 11
56403 26
56404 17
56405 25
56406 31
56407 20
56408 18
56409 41
56410 17
56411 44
56412 43
56413 35
56414 36
56415 30
56416 36
56417 21
56418 36
56419 30
56420 32
56421 32
56422 18
56423 9
56424 37
56425 17
56426 20
56427 32
56428 18
56429 36
56430 36
56431 47
56432 13
56433 70
56434 32
56435 32
56436 35
56437 29
56438 35
56439 49
56440 16
56441 18
56442 36
56443 21
56444 25
56445 28
56446 18
56447 15
56448 34
56449 14
56450 5
56451 34
56452 24
56453 39
56454 42
56455 16
56456 20
56457 47
56458 27
56459 29
56460 32
56461 19
56462 30
56463 36
56464 23
56465 20
56466 35
56467 21
56468 38
56469 25
56470 14
56471 22
56472 30
56473 24
56474 17
56475 23
56476 19
56477 22
56478 40
56479 31
56480 12
56481 28
56482 23
56483 25
56484 41
56485 23
56486 34
56487 35
56488 21
56489 26
56490 31
56491 31
56492 28
56493 55
56494 24
56495 15
56496 37
56497 24
56498 20
56499 35
56500 17
56501 19
56502 42
56503 15
56504 29
56505 27
56506 36
56507 24
56508 56
56509 13
56510 29
56511 59
56512 33
56513 43
56514 34
56515 17
56516 22
56517 39
56518 13
56519 26
56520 27
56521 20
56522 19
56523 19
56524 21
56525 22
56526 53
56527 15
56528 27
56529 33
56530 33
56531 27
56532 48
56533 23
56534 44
56535 24
56536 27
56537 34
56538 40
56539 26
56540 26
56541 33
56542 13
56543 19
56544 27
56545 21
56546 26
56547 24
56548 19
56549 28
56550 32
56551 36
56552 28
56553 48
56554 24
56555 18
56556 27
56557 21
56558 45
56559 46
56560 16
56561 17
56562 37
56563 28
56564 24
56565 28
56566 19
56567 21
56568 27
56569 15
56570 8
56571 30
56572 13
56573 31
56574 22
56575 21
56576 26
56577 50
56578 29
56579 20
56580 36
56581 16
56582 46
56583 24
56584 46
56585 12
56586 37
56587 17
56588 28
56589 26
56590 13
56591 36
56592 25
56593 29
56594 13
56595 33
56596 19
56597 25
56598 30
56599 25
56600 16
56601 25
56602 34
56603 28
56604 61
56605 15
56606 39
56607 25
56608 33
56609 12
56610 36
56611 32
56612 31
56613 42
56614 22
56615 22
56616 34
56617 19
56618 19
56619 28
56620 18
56621 28
56622 44
56623 17
56624 18
56625 34
56626 30
56627 14
56628 49
56629 25
56630 23
56631 47
56632 28
56633 27
56634 31
56635 17
56636 29
56637 40
56638 20
56639 19
56640 25
56641 12
56642 20
56643 24
56644 15
56645 25
56646 38
56647 15
56648 16
56649 35
56650 27
56651 22
56652 41
56653 24
56654 36
56655 34
56656 32
56657 25
56658 39
56659 26
56660 25
56661 36
56662 24
56663 20
56664 33
56665 16
56666 17
56667 30
56668 21
56669 30
56670 32
56671 28
56672 25
56673 58
56674 22
56675 27
56676 46
56677 23
56678 32
56679 37
56680 27
56681 22
56682 37
56683 30
56684 29
56685 30
56686 22
56687 26
56688 38
56689 16
56690 12
56691 30
56692 29
56693 17
56694 55
56695 18
56696 22
56697 40
56698 22
56699 25
56700 33
56701 26
56702 33
56703 31
56704 29
56705 25
56706 39
56707 19
56708 41
56709 29
56710 21
56711 28
56712 36
56713 23
56714 25
56715 28
56716 17
56717 13
56718 37
56719 27
56720 10
56721 35
56722 23
56723 19
56724 31
56725 18
56726 25
56727 31
56728 18
56729 22
56730 24
56731 22
56732 33
56733 36
56734 17
56735 19
56736 40
56737 19
56738 23
56739 37
56740 15
56741 18
56742 42
56743 18
56744 25
56745 37
56746 39
56747 22
56748 47
56749 26
56750 28
56751 33
56752 26
56753 36
56754 41
56755 23
56756 31
56757 34
56758 14
56759 23
56760 23
56761 10
56762 24
56763 27
56764 21
56765 21
56766 45
56767 16
56768 33
56769 25
56770 24
56771 22
56772 40
56773 39
56774 30
56775 26
56776 31
56777 24
56778 35
56779 34
56780 26
56781 27
56782 20
56783 21
56784 20
56785 15
56786 18
56787 32
56788 14
56789 23
56790 32
56791 34
56792 21
56793 53
56794 29
56795 25
56796 41
56797 30
56798 30
56799 46
56800 23
56801 23
56802 23
56803 22
56804 28
56805 33
56806 19
56807 27
56808 38
56809 15
56810 12
56811 64
56812 14
56813 28
56814 33
56815 19
56816 17
56817 33
56818 26
56819 31
56820 31
56821 17
56822 23
56823 31
56824 25
56825 33
56826 35
56827 22
56828 24
56829 30
56830 10
56831 45
56832 31
56833 26
56834 15
56835 34
56836 14
56837 37
56838 44
56839 23
56840 8
56841 28
56842 26
56843 14
56844 40
56845 21
56846 40
56847 27
56848 25
56849 28
56850 32
56851 44
56852 23
56853 50
56854 23
56855 26
56856 31
56857 32
56858 11
56859 58
56860 13
56861 20
56862 45
56863 29
56864 20
56865 27
56866 33
56867 19
56868 55
56869 13
56870 37
56871 48
56872 32
56873 34
56874 25
56875 19
56876 34
56877 60
56878 19
56879 38
56880 24
56881 19
56882 12
56883 40
56884 13
56885 18
56886 38
56887 17
56888 23
56889 27
56890 23
56891 30
56892 41
56893 19
56894 31
56895 24
56896 21
56897 41
56898 33
56899 24
56900 28
56901 34
56902 15
56903 31
56904 36
56905 17
56906 22
56907 31
56908 20
56909 21
56910 25
56911 36
56912 21
56913 35
56914 31
56915 20
56916 44
56917 17
56918 41
56919 30
56920 31
56921 19
56922 35
56923 18
56924 43
56925 36
56926 32
56927 23
56928 39
56929 15
56930 13
56931 48
56932 18
56933 24
56934 44
56935 26
56936 11
56937 38
56938 24
56939 28
56940 29
56941 21
56942 36
56943 28
56944 26
56945 16
56946 23
56947 16
56948 36
56949 27
56950 12
56951 37
56952 26
56953 31
56954 17
56955 35
56956 14
56957 30
56958 39
56959 37
56960 9
56961 49
56962 27
56963 21
56964 27
56965 16
56966 30
56967 36
56968 27
56969 23
56970 25
56971 31
56972 27
56973 42
56974 12
56975 20
56976 24
56977 26
56978 14
56979 55
56980 22
56981 23
56982 34
56983 23
56984 21
56985 33
56986 27
56987 23
56988 41
56989 17
56990 27
56991 37
56992 26
56993 39
56994 35
56995 16
56996 31
56997 43
56998 22
56999 20
57000 27
57001 15
57002 16
57003 27
57004 15
57005 18
57006 40
57007 26
57008 23
57009 29
57010 18
57011 25
57012 40
57013 34
57014 27
57015 31
57016 30
57017 29
57018 34
57019 25
57020 31
57021 29
57022 8
57023 10
57024 41
57025 22
57026 20
57027 30
57028 14
57029 21
57030 25
57031 37
57032 21
57033 63
57034 30
57035 24
57036 43
57037 27
57038 40
57039 46
57040 24
57041 21
57042 32
57043 12
57044 33
57045 26
57046 26
57047 16
57048 30
57049 13
57050 13
57051 40
57052 20
57053 46
57054 33
57055 18
57056 13
57057 45
57058 35
57059 39
57060 20
57061 19
57062 39
57063 28
57064 22
57065 23
57066 27
57067 17
57068 26
57069 33
57070 13
57071 27
57072 30
57073 24
57074 14
57075 35
57076 18
57077 39
57078 41
57079 34
57080 19
57081 28
57082 24
57083 19
57084 34
57085 15
57086 32
57087 27
57088 32
57089 20
57090 24
57091 30
57092 23
57093 57
57094 15
57095 16
57096 27
57097 32
57098 8
57099 32
57100 17
57101 26
57102 41
57103 16
57104 23
57105 28
57106 35
57107 13
57108 33
57109 11
57110 25
57111 39
57112 24
57113 41
57114 34
57115 17
57116 29
57117 45
57118 21
57119 18
57120 20
57121 15
57122 7
57123 27
57124 25
57125 19
57126 51
57127 17
57128 25
57129 26
57130 34
57131 42
57132 52
57133 28
57134 31
57135 32
57136 34
57137 32
57138 28
57139 28
57140 25
57141 23
57142 19
57143 16
57144 39
57145 17
57146 19
57147 27
57148 36
57149 21
57150 47
57151 25
57152 15
57153 48
57154 35
57155 30
57156 57
57157 26
57158 34
57159 49
57160 26
57161 20
57162 41
57163 27
57164 30
57165 36
57166 16
57167 24
57168 33
57169 23
57170 13
57171 45
57172 26
57173 25
57174 35
57175 30
57176 10
57177 39
57178 27
57179 16
57180 36
57181 18
57182 35
57183 29
57184 17
57185 17
57186 33
57187 17
57188 27
57189 42
57190 10
57191 36
57192 29
57193 33
57194 20
57195 26
57196 30
57197 26
57198 32
57199 19
57200 16
57201 32
57202 28
57203 20
57204 48
57205 14
57206 30
57207 23
57208 28
57209 20
57210 28
57211 39
57212 34
57213 45
57214 23
57215 20
57216 32
57217 13
57218 7
57219 41
57220 14
57221 25
57222 39
57223 19
57224 18
57225 19
57226 37
57227 21
57228 41
57229 13
57230 34
57231 42
57232 20
57233 35
57234 44
57235 13
57236 35
57237 43
57238 12
57239 35
57240 33
57241 15
57242 18
57243 22
57244 17
57245 17
57246 37
57247 19
57248 29
57249 37
57250 29
57251 33
57252 51
57253 32
57254 51
57255 31
57256 35
57257 22
57258 46
57259 27
57260 31
57261 17
57262 27
57263 12
57264 36
57265 10
57266 24
57267 24
57268 27
57269 23
57270 26
57271 27
57272 23
57273 53
57274 28
57275 26
57276 40
57277 32
57278 43
57279 40
57280 27
57281 16
57282 36
57283 20
57284 28
57285 18
57286 22
57287 17
57288 32
57289 18
57290 13
57291 43
57292 26
57293 44
57294 35
57295 17
57296 22
57297 42
57298 23
57299 22
57300 31
57301 19
57302 28
57303 27
57304 29
57305 22
57306 37
57307 16
57308 31
57309 27
57310 18
57311 37
57312 42
57313 31
57314 21
57315 22
57316 24
57317 28
57318 47
57319 29
57320 11
57321 37
57322 38
57323 25
57324 45
57325 18
57326 21
57327 32
57328 28
57329 20
57330 30
57331 45
57332 43
57333 55
57334 16
57335 18
57336 44
57337 28
57338 17
57339 35
57340 24
57341 14
57342 30
57343 20
57344 18
57345 36
57346 24
57347 20
57348 38
57349 13
57350 23
57351 52
57352 18
57353 28
57354 39
57355 18
57356 34
57357 42
57358 19
57359 30
57360 28
57361 15
57362 16
57363 22
57364 21
57365 18
57366 42
57367 17
57368 18
57369 32
57370 23
57371 23
57372 45
57373 19
57374 36
57375 23
57376 33
57377 32
57378 41
57379 18
57380 21
57381 23
57382 16
57383 17
57384 34
57385 16
57386 20
57387 30
57388 26
57389 15
57390 39
57391 30
57392 21
57393 43
57394 24
57395 14
57396 38
57397 21
57398 46
57399 42
57400 15
57401 23
57402 29
57403 25
57404 21
57405 37
57406 14
57407 24
57408 32
57409 13
57410 15
57411 51
57412 25
57413 29
57414 37
57415 15
57416 29
57417 46
57418 28
57419 17
57420 35
57421 15
57422 31
57423 35
57424 31
57425 24
57426 24
57427 23
57428 22
57429 33
57430 17
57431 43
57432 29
57433 30
57434 13
57435 27
57436 22
57437 29
57438 45
57439 31
57440 15
57441 25
57442 43
57443 23
57444 32
57445 19
57446 21
57447 35
57448 25
57449 21
57450 24
57451 36
57452 23
57453 59
57454 12
57455 22
57456 39
57457 27
57458 11
57459 35
57460 12
57461 17
57462 60
57463 14
57464 27
57465 24
57466 36
57467 24
57468 42
57469 19
57470 28
57471 40
57472 15
57473 33
57474 32
57475 29
57476 24
57477 42
57478 13
57479 37
57480 28
57481 19
57482 11
57483 30
57484 17
57485 16
57486 44
57487 25
57488 25
57489 29
57490 24
57491 25
57492 36
57493 41
57494 35
57495 31
57496 32
57497 33
57498 46
57499 29
57500 27
57501 33
57502 14
57503 24
57504 32
57505 23
57506 11
57507 32
57508 14
57509 24
57510 26
57511 38
57512 20
57513 52
57514 14
57515 17
57516 39
57517 28
57518 34
57519 36
57520 26
57521 25
57522 30
57523 23
57524 33
57525 33
57526 17
57527 29
57528 32
57529 20
57530 6
57531 48
57532 12
57533 32
57534 40
57535 19
57536 18
57537 30
57538 25
57539 28
57540 32
57541 13
57542 38
57543 20
57544 22
57545 21
57546 35
57547 26
57548 35
57549 31
57550 14
57551 30
57552 42
57553 32
57554 10
57555 31
57556 16
57557 23
57558 41
57559 30
57560 12
57561 31
57562 28
57563 18
57564 35
57565 16
57566 39
57567 32
57568 21
57569 23
57570 30
57571 30
57572 38
57573 59
57574 30
57575 26
57576 32
57577 18
57578 19
57579 53
57580 13
57581 20
57582 31
57583 19
57584 15
57585 31
57586 33
57587 25
57588 42
57589 12
57590 33
57591 46
57592 27
57593 40
57594 34
57595 14
57596 29
57597 34
57598 17
57599 32
57600 24
57601 15
57602 13
57603 28
57604 19
57605 21
57606 34
57607 24
57608 16
57609 32
57610 25
57611 42
57612 39
57613 38
57614 30
57615 17
57616 24
57617 24
57618 36
57619 28
57620 26
57621 22
57622 6
57623 17
57624 25
57625 14
57626 21
57627 33
57628 26
57629 29
57630 28
57631 25
57632 19
57633 60
57634 23
57635 18
57636 31
57637 31
57638 32
57639 35
57640 27
57641 23
57642 34
57643 17
57644 46
57645 29
57646 19
57647 27
57648 29
57649 13
57650 12
57651 57
57652 22
57653 44
57654 32
57655 18
57656 22
57657 48
57658 40
57659 27
57660 34
57661 11
57662 36
57663 31
57664 24
57665 18
57666 39
57667 20
57668 28
57669 33
57670 13
57671 23
57672 29
57673 29
57674 20
57675 25
57676 22
57677 28
57678 50
57679 22
57680 10
57681 28
57682 29
57683 28
57684 32
57685 21
57686 26
57687 37
57688 23
57689 22
57690 25
57691 42
57692 23
57693 50
57694 22
57695 26
57696 40
57697 23
57698 24
57699 33
57700 23
57701 17
57702 45
57703 18
57704 25
57705 25
57706 36
57707 29
57708 36
57709 32
57710 24
57711 49
57712 22
57713 37
57714 27
57715 15
57716 24
57717 36
57718 14
57719 24
57720 24
57721 21
57722 21
57723 31
57724 14
57725 18
57726 41
57727 20
57728 31
57729 28
57730 18
57731 33
57732 34
57733 30
57734 32
57735 35
57736 19
57737 42
57738 26
57739 31
57740 24
57741 36
57742 15
57743 19
57744 26
57745 18
57746 10
57747 31
57748 20
57749 22
57750 35
57751 34
57752 23
57753 50
57754 29
57755 23
57756 41
57757 25
57758 33
57759 46
57760 19
57761 26
57762 33
57763 23
57764 27
57765 38
57766 22
57767 16
57768 32
57769 21
57770 8
57771 35
57772 26
57773 32
57774 46
57775 20
57776 29
57777 46
57778 43
57779 30
57780 41
57781 11
57782 31
57783 29
57784 30
57785 16
57786 34
57787 18
57788 21
57789 36
57790 17
57791 32
57792 24
57793 29
57794 17
57795 31
57796 24
57797 23
57798 44
57799 31
57800 19
57801 28
57802 36
57803 27
57804 41
57805 10
57806 39
57807 35
57808 26
57809 28
57810 24
57811 32
57812 28
57813 49
57814 22
57815 24
57816 34
57817 31
57818 19
57819 31
57820 23
57821 18
57822 37
57823 22
57824 18
57825 22
57826 36
57827 24
57828 57
57829 16
57830 28
57831 46
57832 26
57833 41
57834 37
57835 14
57836 28
57837 33
57838 13
57839 20
57840 28
57841 18
57842 14
57843 24
57844 20
57845 16
57846 39
57847 17
57848 16
57849 24
57850 22
57851 24
57852 51
57853 32
57854 40
57855 25
57856 35
57857 28
57858 40
57859 24
57860 34
57861 29
57862 12
57863 19
57864 41
57865 10
57866 11
57867 20
57868 16
57869 21
57870 29
57871 28
57872 21
57873 36
57874 31
57875 22
57876 51
57877 22
57878 54
57879 29
57880 16
57881 15
57882 47
57883 18
57884 53
57885 28
57886 19
57887 21
57888 26
57889 20
57890 17
57891 41
57892 14
57893 37
57894 42
57895 23
57896 24
57897 43
57898 40
57899 18
57900 36
57901 15
57902 38
57903 27
57904 27
57905 12
57906 35
57907 21
57908 28
57909 34
57910 13
57911 30
57912 32
57913 16
57914 15
57915 36
57916 23
57917 34
57918 41
57919 23
57920 17
57921 41
57922 26
57923 27
57924 40
57925 21
57926 36
57927 24
57928 28
57929 19
57930 33
57931 39
57932 32
57933 58
57934 28
57935 16
57936 36
57937 32
57938 20
57939 50
57940 12
57941 29
57942 42
57943 17
57944 21
57945 30
57946 25
57947 20
57948 46
57949 20
57950 27
57951 32
57952 32
57953 24
57954 35
57955 16
57956 40
57957 38
57958 17
57959 24
57960 16
57961 16
57962 20
57963 16
57964 19
57965 23
57966 41
57967 20
57968 30
57969 37
57970 23
57971 32
57972 39
57973 25
57974 27
57975 37
57976 34
57977 29
57978 30
57979 30
57980 24
57981 27
57982 18
57983 12
57984 43
57985 16
57986 8
57987 32
57988 23
57989 25
57990 29
57991 27
57992 22
57993 53
57994 19
57995 27
57996 33
57997 19
57998 28
57999 40
58000 18
58001 18
58002 37
58003 19
58004 30
58005 27
58006 30
58007 20
58008 40
58009 18
58010 22
58011 45
58012 17
58013 22
58014 42
58015 24
58016 14
58017 41
58018 31
58019 25
58020 25
58021 16
58022 27
58023 25
58024 23
58025 20
58026 42
58027 18
58028 33
58029 26
58030 14
58031 26
58032 26
58033 38
58034 26
58035 26
58036 20
58037 27
58038 43
58039 28
58040 14
58041 32
58042 23
58043 13
58044 39
58045 16
58046 25
58047 38
58048 28
58049 20
58050 24
58051 32
58052 36
58053 48
58054 17
58055 20
58056 35
58057 30
58058 16
58059 49
58060 20
58061 16
58062 41
58063 14
58064 14
58065 21
58066 19
58067 25
58068 36
58069 21
58070 23
58071 38
58072 22
58073 33
58074 26
58075 13
58076 21
58077 42
58078 10
58079 31
58080 26
58081 13
58082 10
58083 19
58084 13
58085 19
58086 40
58087 35
58088 27
58089 37
58090 24
58091 30
58092 37
58093 27
58094 38
58095 34
58096 30
58097 19
58098 36
58099 31
58100 31
58101 30
58102 11
58103 20
58104 31
58105 18
58106 23
58107 40
58108 20
58109 24
58110 30
58111 47
58112 20
58113 54
58114 25
58115 15
58116 43
58117 24
58118 42
58119 37
58120 19
58121 12
58122 24
58123 18
58124 33
58125 33
58126 21
58127 18
58128 38
58129 15
58130 14
58131 45
58132 17
58133 44
58134 43
58135 19
58136 16
58137 45
58138 33
58139 26
58140 53
58141 16
58142 35
58143 33
58144 36
58145 26
58146 32
58147 27
58148 25
58149 37
58150 21
58151 33
58152 38
58153 23
58154 14
58155 31
58156 12
58157 33
58158 49
58159 27
58160 15
58161 31
58162 26
58163 14
58164 51
58165 15
58166 37
58167 33
58168 44
58169 30
58170 28
58171 31
58172 39
58173 64
58174 12
58175 21
58176 34
58177 27
58178 8
58179 51
58180 13
58181 20
58182 36
58183 21
58184 18
58185 29
58186 26
58187 17
58188 49
58189 12
58190 40
58191 44
58192 13
58193 34
58194 40
58195 23
58196 40
58197 38
58198 17
58199 30
58200 20
58201 16
58202 13
58203 28
58204 18
58205 14
58206 50
58207 24
58208 29
58209 32
58210 21
58211 28
58212 42
58213 22
58214 41
58215 31
58216 31
58217 19
58218 36
58219 18
58220 24
58221 23
58222 19
58223 33
58224 37
58225 19
58226 19
58227 44
58228 16
58229 31
58230 26
58231 41
58232 14
58233 57
58234 20
58235 29
58236 26
58237 18
58238 32
58239 31
58240 17
58241 13
58242 20
58243 13
58244 35
58245 27
58246 15
58247 20
58248 37
58249 25
58250 14
58251 47
58252 22
58253 52
58254 37
58255 19
58256 18
58257 46
58258 35
58259 31
58260 28
58261 25
58262 30
58263 29
58264 31
58265 19
58266 29
58267 30
58268 46
58269 31
58270 6
58271 30
58272 27
58273 27
58274 17
58275 22
58276 28
58277 24
58278 53
58279 32
58280 13
58281 32
58282 32
58283 18
58284 38
58285 22
58286 24
58287 41
58288 27
58289 23
58290 28
58291 18
58292 28
58293 39
58294 14
58295 19
58296 34
58297 22
58298 14
58299 29
58300 14
58301 14
58302 32
58303 23
58304 19
58305 41
58306 24
58307 33
58308 25
58309 21
58310 22
58311 51
58312 25
58313 27
58314 35
58315 26
58316 29
58317 36
58318 10
58319 24
58320 29
58321 16
58322 16
58323 30
58324 18
58325 21
58326 41
58327 22
58328 25
58329 44
58330 30
58331 41
58332 32
58333 38
58334 29
58335 35
58336 31
58337 27
58338 38
58339 36
58340 21
58341 34
58342 12
58343 23
58344 29
58345 25
58346 23
58347 28
58348 20
58349 23
58350 34
58351 36
58352 12
58353 49
58354 24
58355 20
58356 37
58357 27
58358 34
58359 50
58360 13
58361 24
58362 28
58363 17
58364 19
58365 31
58366 13
58367 31
58368 41
58369 19
58370 14
58371 36
58372 17
58373 23
58374 42
58375 16
58376 29
58377 40
58378 49
58379 26
58380 34
58381 15
58382 36
58383 25
58384 35
58385 33
58386 30
58387 27
58388 26
58389 45
58390 12
58391 23
58392 34
58393 21
58394 13
58395 33
58396 23
58397 26
58398 56
58399 20
58400 20
58401 18
58402 46
58403 20
58404 48
58405 10
58406 41
58407 26
58408 25
58409 23
58410 34
58411 43
58412 30
58413 55
58414 14
58415 22
58416 24
58417 24
58418 8
58419 34
58420 11
58421 19
58422 25
58423 24
58424 19
58425 27
58426 27
58427 19
58428 53
58429 17
58430 34
58431 42
58432 21
58433 32
58434 30
58435 25
58436 39
58437 55
58438 22
58439 17
58440 26
58441 18
58442 13
58443 32
58444 12
58445 18
58446 33
58447 22
58448 26
58449 33
58450 23
58451 29
58452 44
58453 21
58454 31
58455 24
58456 33
58457 18
58458 34
58459 24
58460 19
58461 29
58462 14
58463 17
58464 19
58465 22
58466 19
58467 28
58468 15
58469 27
58470 25
58471 18
58472 13
58473 43
58474 23
58475 17
58476 50
58477 27
58478 37
58479 35
58480 22
58481 19
58482 42
58483 21
58484 43
58485 31
58486 14
58487 18
58488 30
58489 12
58490 14
58491 37
58492 27
58493 33
58494 29
58495 20
58496 19
58497 32
58498 36
58499 22
58500 46
58501 20
58502 55
58503 28
58504 39
58505 21
58506 40
58507 21
58508 33
58509 36
58510 17
58511 25
58512 30
58513 29
58514 13
58515 29
58516 16
58517 22
58518 43
58519 24
58520 16
58521 34
58522 29
58523 11
58524 40
58525 10
58526 47
58527 32
58528 34
58529 25
58530 34
58531 33
58532 27
58533 45
58534 22
58535 20
58536 26
58537 27
58538 17
58539 33
58540 13
58541 21
58542 35
58543 17
58544 19
58545 29
58546 26
58547 23
58548 39
58549 14
58550 31
58551 34
58552 31
58553 32
58554 41
58555 21
58556 36
58557 37
58558 22
58559 32
58560 33
58561 12
58562 19
58563 26
58564 15
58565 24
58566 38
58567 25
58568 17
58569 38
58570 16
58571 34
58572 41
58573 42
58574 35
58575 37
58576 32
58577 27
58578 29
58579 37
58580 29
58581 23
58582 28
58583 17
58584 39
58585 15
58586 25
58587 32
58588 17
58589 25
58590 29
58591 37
58592 14
58593 74
58594 15
58595 22
58596 33
58597 38
58598 34
58599 48
58600 27
58601 21
58602 36
58603 18
58604 32
58605 29
58606 29
58607 18
58608 47
58609 19
58610 15
58611 36
58612 22
58613 34
58614 39
58615 14
58616 18
58617 54
58618 38
58619 33
58620 21
58621 18
58622 26
58623 20
58624 24
58625 14
58626 46
58627 22
58628 36
58629 30
58630 15
58631 33
58632 27
58633 30
58634 19
58635 24
58636 25
58637 26
58638 46
58639 23
58640 19
58641 24
58642 25
58643 20
58644 33
58645 18
58646 36
58647 36
58648 21
58649 23
58650 30
58651 38
58652 48
58653 39
58654 30
58655 22
58656 28
58657 21
58658 16
58659 41
58660 11
58661 17
58662 35
58663 13
58664 8
58665 28
58666 26
58667 26
58668 47
58669 17
58670 26
58671 53
58672 20
58673 34
58674 38
58675 19
58676 28
58677 44
58678 10
58679 35
58680 26
58681 13
58682 17
58683 24
58684 19
58685 15
58686 42
58687 21
58688 21
58689 34
58690 25
58691 37
58692 48
58693 39
58694 32
58695 35
58696 40
58697 37
58698 27
58699 30
58700 20
58701 22
58702 7
58703 16
58704 27
58705 12
58706 24
58707 18
58708 33
58709 15
58710 42
58711 34
58712 24
58713 33
58714 31
58715 17
58716 51
58717 35
58718 44
58719 33
58720 21
58721 21
58722 35
58723 17
58724 26
58725 28
58726 21
58727 23
58728 28
58729 19
58730 17
58731 52
58732 18
58733 33
58734 45
58735 19
58736 20
58737 37
58738 34
58739 22
58740 38
58741 20
58742 31
58743 21
58744 17
58745 12
58746 30
58747 16
58748 25
58749 31
58750 15
58751 35
58752 31
58753 31
58754 22
58755 31
58756 9
58757 22
58758 36
58759 26
58760 22
58761 30
58762 32
58763 14
58764 49
58765 11
58766 34
58767 40
58768 37
58769 22
58770 31
58771 38
58772 23
58773 50
58774 21
58775 17
58776 30
58777 22
58778 16
58779 36
58780 17
58781 26
58782 41
58783 15
58784 17
58785 31
58786 30
58787 20
58788 56
58789 21
58790 26
58791 43
58792 27
58793 33
58794 31
58795 23
58796 29
58797 35
58798 24
58799 22
58800 25
58801 14
58802 17
58803 23
58804 10
58805 20
58806 35
58807 22
58808 24
58809 37
58810 27
58811 27
58812 36
58813 32
58814 33
58815 35
58816 34
58817 31
58818 32
58819 18
58820 30
58821 23
58822 21
58823 14
58824 33
58825 9
58826 17
58827 32
58828 22
58829 25
58830 32
58831 36
58832 20
58833 56
58834 25
58835 32
58836 42
58837 17
58838 37
58839 46
58840 19
58841 21
58842 38
58843 24
58844 34
58845 29
58846 22
58847 21
58848 35
58849 18
58850 13
58851 53
58852 20
58853 49
58854 41
58855 21
58856 13
58857 35
58858 25
58859 35
58860 26
58861 24
58862 28
58863 26
58864 20
58865 17
58866 21
58867 21
58868 36
58869 33
58870 14
58871 40
58872 36
58873 35
58874 9
58875 38
58876 21
58877 30
58878 38
58879 25
58880 11
58881 30
58882 27
58883 20
58884 34
58885 13
58886 32
58887 31
58888 37
58889 27
58890 26
58891 25
58892 34
58893 50
58894 17
58895 23
58896 36
58897 18
58898 21
58899 39
58900 17
58901 22
58902 37
58903 19
58904 16
58905 39
58906 30
58907 23
58908 38
58909 16
58910 24
58911 50
58912 23
58913 31
58914 25
58915 22
58916 38
58917 39
58918 11
58919 22
58920 27
58921 12
58922 22
58923 30
58924 30
58925 23
58926 37
58927 25
58928 27
58929 37
58930 30
58931 35
58932 33
58933 38
58934 34
58935 31
58936 29
58937 32
58938 36
58939 18
58940 22
58941 26
58942 18
58943 21
58944 27
58945 13
58946 10
58947 28
58948 25
58949 22
58950 35
58951 39
58952 19
58953 47
58954 30
58955 32
58956 41
58957 26
58958 29
58959 45
58960 19
58961 14
58962 27
58963 21
58964 13
58965 29
58966 17
58967 19
58968 27
58969 22
58970 15
58971 39
58972 17
58973 38
58974 48
58975 14
58976 20
58977 43
58978 29
58979 37
58980 34
58981 21
58982 28
58983 30
58984 29
58985 23
58986 30
58987 26
58988 20
58989 29
58990 12
58991 38
58992 38
58993 29
58994 15
58995 33
58996 24
58997 34
58998 44
58999 25
59000 16
59001 34
59002 28
59003 17
59004 55
59005 19
59006 36
59007 37
59008 28
59009 33
59010 28
59011 31
59012 34
59013 47
59014 14
59015 27
59016 35
59017 20
59018 20
59019 28
59020 13
59021 17
59022 43
59023 14
59024 16
59025 23
59026 31
59027 13
59028 45
59029 14
59030 30
59031 48
59032 16
59033 38
59034 30
59035 22
59036 29
59037 51
59038 13
59039 21
59040 25
59041 16
59042 11
59043 26
59044 19
59045 12
59046 47
59047 15
59048 31
59049 28
59050 29
59051 37
59052 48
59053 21
59054 35
59055 32
59056 30
59057 34
59058 42
59059 43
59060 29
59061 29
59062 15
59063 23
59064 32
59065 16
59066 22
59067 33
59068 26
59069 21
59070 35
59071 33
59072 25
59073 44
59074 31
59075 23
59076 45
59077 27
59078 34
59079 47
59080 19
59081 21
59082 33
59083 16
59084 29
59085 33
59086 30
59087 21
59088 36
59089 19
59090 15
59091 45
59092 20
59093 39
59094 26
59095 29
59096 17
59097 38
59098 22
59099 31
59100 40
59101 18
59102 30
59103 28
59104 46
59105 19
59106 33
59107 26
59108 29
59109 34
59110 15
59111 25
59112 40
59113 29
59114 21
59115 45
59116 16
59117 31
59118 37
59119 25
59120 8
59121 37
59122 32
59123 17
59124 41
59125 21
59126 42
59127 29
59128 35
59129 16
59130 31
59131 33
59132 28
59133 45
59134 17
59135 18
59136 30
59137 23
59138 16
59139 39
59140 21
59141 26
59142 34
59143 19
59144 20
59145 36
59146 39
59147 23
59148 45
59149 15
59150 27
59151 43
59152 27
59153 28
59154 40
59155 16
59156 25
59157 29
59158 23
59159 26
59160 22
59161 12
59162 9
59163 35
59164 21
59165 30
59166 38
59167 18
59168 24
59169 32
59170 23
59171 41
59172 44
59173 24
59174 33
59175 33
59176 38
59177 27
59178 39
59179 34
59180 42
59181 31
59182 16
59183 22
59184 36
59185 20
59186 25
59187 36
59188 16
59189 20
59190 30
59191 47
59192 21
59193 63
59194 26
59195 23
59196 43
59197 28
59198 33
59199 46
59200 25
59201 14
59202 39
59203 29
59204 43
59205 27
59206 28
59207 25
59208 42
59209 16
59210 18
59211 42
59212 24
59213 30
59214 40
59215 20
59216 17
59217 60
59218 23
59219 30
59220 35
59221 22
59222 45
59223 32
59224 29
59225 18
59226 44
59227 21
59228 37
59229 25
59230 20
59231 22
59232 41
59233 22
59234 24
59235 27
59236 21
59237 33
59238 40
59239 28
59240 15
59241 34
59242 21
59243 24
59244 34
59245 15
59246 43
59247 40
59248 24
59249 31
59250 33
59251 35
59252 43
59253 51
59254 30
59255 28
59256 33
59257 22
59258 15
59259 48
59260 16
59261 22
59262 33
59263 21
59264 15
59265 28
59266 26
59267 17
59268 34
59269 19
59270 27
59271 54
59272 29
59273 41
59274 30
59275 28
59276 40
59277 41
59278 17
59279 40
59280 32
59281 20
59282 14
59283 27
59284 23
59285 15
59286 39
59287 18
59288 21
59289 28
59290 26
59291 27
59292 35
59293 30
59294 33
59295 40
59296 29
59297 25
59298 35
59299 36
59300 29
59301 33
59302 31
59303 22
59304 44
59305 15
59306 28
59307 29
59308 33
59309 25
59310 48
59311 32
59312 20
59313 50
59314 30
59315 27
59316 45
59317 19
59318 32
59319 56
59320 24
59321 24
59322 34
59323 24
59324 25
59325 30
59326 23
59327 37
59328 38
59329 17
59330 14
59331 48
59332 32
59333 36
59334 62
59335 21
59336 16
59337 40
59338 37
59339 31
59340 36
59341 17
59342 40
59343 28
59344 26
59345 22
59346 40
59347 21
59348 22
59349 46
59350 16
59351 31
59352 33
59353 32
59354 27
59355 23
59356 25
59357 22
59358 54
59359 37
59360 12
59361 30
59362 21
59363 19
59364 30
59365 11
59366 22
59367 25
59368 28
59369 18
59370 28
59371 23
59372 29
59373 42
59374 27
59375 26
59376 42
59377 26
59378 23
59379 47
59380 18
59381 20
59382 43
59383 17
59384 23
59385 24
59386 29
59387 24
59388 46
59389 19
59390 24
59391 34
59392 32
59393 22
59394 37
59395 18
59396 36
59397 42
59398 15
59399 30
59400 35
59401 17
59402 19
59403 33
59404 6
59405 27
59406 32
59407 21
59408 28
59409 29
59410 17
59411 42
59412 54
59413 19
59414 35
59415 32
59416 32
59417 20
59418 40
59419 35
59420 38
59421 23
59422 18
59423 17
59424 40
59425 13
59426 20
59427 35
59428 15
59429 23
59430 28
59431 35
59432 14
59433 66
59434 32
59435 17
59436 50
59437 27
59438 50
59439 43
59440 20
59441 13
59442 45
59443 16
59444 42
59445 23
59446 23
59447 17
59448 34
59449 17
59450 16
59451 64
59452 18
59453 44
59454 41
59455 38
59456 24
59457 48
59458 35
59459 46
59460 32
59461 12
59462 44
59463 35
59464 34
59465 16
59466 47
59467 16
59468 31
59469 30
59470 19
59471 21
59472 26
59473 28
59474 16
59475 35
59476 17
59477 43
59478 57
59479 29
59480 11
59481 31
59482 30
59483 24
59484 39
59485 12
59486 25
59487 35
59488 23
59489 26
59490 30
59491 28
59492 33
59493 46
59494 17
59495 23
59496 44
59497 17
59498 20
59499 49
59500 24
59501 27
59502 39
59503 16
59504 15
59505 35
59506 16
59507 26
59508 43
59509 15
59510 29
59511 52
59512 21
59513 27
59514 31
59515 16
59516 38
59517 38
59518 25
59519 28
59520 29
59521 19
59522 18
59523 24
59524 16
59525 24
59526 24
59527 27
59528 11
59529 33
59530 16
59531 43
59532 40
59533 27
59534 29
59535 38
59536 39
59537 31
59538 43
59539 30
59540 22
59541 28
59542 18
59543 27
59544 46
59545 21
59546 23
59547 28
59548 27
59549 19
59550 37
59551 37
59552 7
59553 50
59554 32
59555 33
59556 36
59557 28
59558 43
59559 54
59560 14
59561 22
59562 44
59563 25
59564 31
59565 29
59566 25
59567 22
59568 44
59569 17
59570 20
59571 39
59572 22
59573 24
59574 54
59575 20
59576 25
59577 43
59578 35
59579 46
59580 22
59581 14
59582 27
59583 39
59584 29
59585 21
59586 31
59587 26
59588 29
59589 35
59590 13
59591 28
59592 32
59593 26
59594 10
59595 35
59596 16
59597 23
59598 36
59599 37
59600 18
59601 35
59602 32
59603 19
59604 41
59605 18
59606 29
59607 34
59608 27
59609 23
59610 26
59611 38
59612 37
59613 45
59614 17
59615 24
59616 36
59617 29
59618 22
59619 42
59620 13
59621 23
59622 38
59623 25
59624 26
59625 32
59626 34
59627 29
59628 53
59629 20
59630 25
59631 62
59632 37
59633 28
59634 30
59635 25
59636 29
59637 39
59638 14
59639 31
59640 17
59641 15
59642 23
59643 32
59644 16
59645 24
59646 46
59647 12
59648 18
59649 29
59650 32
59651 29
59652 47
59653 38
59654 35
59655 34
59656 36
59657 32
59658 42
59659 35
59660 23
59661 32
59662 21
59663 28
59664 37
59665 20
59666 23
59667 35
59668 19
59669 18
59670 41
59671 32
59672 22
59673 42
59674 29
59675 24
59676 49
59677 18
59678 45
59679 55
59680 18
59681 26
59682 41
59683 30
59684 37
59685 38
59686 31
59687 27
59688 38
59689 28
59690 15
59691 48
59692 19
59693 31
59694 42
59695 13
59696 14
59697 37
59698 29
59699 32
59700 35
59701 14
59702 33
59703 28
59704 35
59705 18
59706 39
59707 32
59708 41
59709 42
59710 15
59711 42
59712 31
59713 28
59714 12
59715 31
59716 17
59717 24
59718 35
59719 34
59720 14
59721 20
59722 28
59723 18
59724 52
59725 12
59726 39
59727 24
59728 25
59729 14
59730 37
59731 32
59732 34
59733 48
59734 27
59735 26
59736 40
59737 32
59738 25
59739 48
59740 16
59741 21
59742 41
59743 25
59744 17
59745 26
59746 29
59747 17
59748 41
59749 15
59750 41
59751 38
59752 31
59753 36
59754 31
59755 23
59756 42
59757 41
59758 17
59759 41
59760 23
59761 20
59762 23
59763 40
59764 21
59765 23
59766 33
59767 21
59768 12
59769 30
59770 29
59771 28
59772 40
59773 33
59774 36
59775 38
59776 27
59777 39
59778 33
59779 40
59780 28
59781 32
59782 14
59783 27
59784 33
59785 24
59786 18
59787 33
59788 31
59789 23
59790 25
59791 36
59792 17
59793 56
59794 30
59795 23
59796 40
59797 33
59798 21
59799 40
59800 23
59801 23
59802 32
59803 22
59804 39
59805 33
59806 26
59807 20
59808 50
59809 19
59810 9
59811 45
59812 23
59813 32
59814 45
59815 31
59816 23
59817 40
59818 37
59819 30
59820 28
59821 22
59822 26
59823 38
59824 29
59825 20
59826 33
59827 28
59828 41
59829 32
59830 10
59831 35
59832 34
59833 28
59834 23
59835 36
59836 20
59837 25
59838 37
59839 28
59840 16
59841 36
59842 30
59843 28
59844 41
59845 19
59846 29
59847 39
59848 26
59849 24
59850 28
59851 41
59852 38
59853 47
59854 26
59855 25
59856 37
59857 20
59858 14
59859 49
59860 20
59861 20
59862 57
59863 23
59864 15
59865 30
59866 44
59867 17
59868 45
59869 27
59870 34
59871 49
59872 29
59873 50
59874 43
59875 22
59876 26
59877 44
59878 16
59879 30
59880 31
59881 15
59882 13
59883 23
59884 18
59885 18
59886 56
59887 18
59888 24
59889 22
59890 16
59891 24
59892 46
59893 22
59894 37
59895 36
59896 32
59897 33
59898 36
59899 32
59900 37
59901 34
59902 13
59903 24
59904 34
59905 21
59906 23
59907 37
59908 23
59909 27
59910 30
59911 31
59912 30
59913 44
59914 26
59915 29
59916 37
59917 20
59918 45
59919 54
59920 24
59921 26
59922 30
59923 28
59924 40
59925 38
59926 20
59927 28
59928 33
59929 16
59930 13
59931 57
59932 24
59933 38
59934 43
59935 19
59936 22
59937 39
59938 23
59939 32
59940 40
59941 12
59942 41
59943 30
59944 30
59945 11
59946 33
59947 21
59948 27
59949 35
59950 22
59951 41
59952 27
59953 30
59954 24
59955 28
59956 18
59957 24
59958 52
59959 30
59960 12
59961 28
59962 40
59963 26
59964 45
59965 16
59966 39
59967 26
59968 33
59969 15
59970 27
59971 24
59972 32
59973 39
59974 19
59975 30
59976 27
59977 33
59978 14
59979 42
59980 17
59981 19
59982 42
59983 29
59984 22
59985 26
59986 38
59987 23
59988 41
59989 15
59990 29
59991 34
59992 30
59993 28
59994 37
59995 22
59996 36
59997 32
59998 21
59999 30
60000 30
60001 22
60002 15
60003 37
60004 28
60005 22
60006 31
60007 22
60008 20
60009 37
60010 17
60011 34
60012 53
60013 19
60014 38
60015 27
60016 38
60017 24
60018 45
60019 20
60020 33
60021 35
60022 22
60023 22
60024 47
60025 18
60026 18
60027 41
60028 23
60029 21
60030 29
60031 40
60032 19
60033 42
60034 29
60035 25
60036 61
60037 19
60038 55
60039 42
60040 32
60041 13
60042 45
60043 22
60044 38
60045 28
60046 13
60047 22
60048 41
60049 17
60050 14
60051 48
60052 14
60053 24
60054 42
60055 21
60056 22
60057 31
60058 33
60059 38
60060 52
60061 19
60062 54
60063 32
60064 33
60065 15
60066 30
60067 25
60068 36
60069 31
60070 14
60071 27
60072 30
60073 25
60074 22
60075 48
60076 20
60077 33
60078 45
60079 34
60080 8
60081 24
60082 34
60083 31
60084 44
60085 23
60086 32
60087 44
60088 22
60089 29
60090 27
60091 35
60092 25
60093 67
60094 25
60095 23
60096 33
60097 23
60098 16
60099 45
60100 7
60101 29
60102 47
60103 20
60104 25
60105 30
60106 23
60107 22
60108 40
60109 14
60110 36
60111 51
60112 34
60113 41
60114 41
60115 15
60116 41
60117 46
60118 19
60119 17
60120 30
60121 15
60122 10
60123 26
60124 13
60125 22
60126 38
60127 28
60128 29
60129 34
60130 13
60131 37
60132 30
60133 30
60134 39
60135 34
60136 31
60137 25
60138 42
60139 38
60140 37
60141 26
60142 21
60143 21
60144 37
60145 15
60146 21
60147 27
60148 25
60149 21
60150 29
60151 44
60152 30
60153 69
60154 24
60155 26
60156 43
60157 28
60158 33
60159 67
60160 27
60161 19
60162 41
60163 18
60164 41
60165 27
60166 26
60167 27
60168 32
60169 12
60170 24
60171 31
60172 23
60173 21
60174 48
60175 26
60176 8
60177 48
60178 33
60179 40
60180 32
60181 10
60182 25
60183 33
60184 31
60185 19
60186 34
60187 15
60188 35
60189 26
60190 17
60191 34
60192 37
60193 38
60194 21
60195 30
60196 18
60197 19
60198 47
60199 34
60200 11
60201 29
60202 24
60203 23
60204 42
60205 14
60206 30
60207 46
60208 21
60209 26
60210 29
60211 51
60212 43
60213 52
60214 11
60215 22
60216 39
60217 28
60218 17
60219 44
60220 19
60221 12
60222 32
60223 20
60224 23
60225 33
60226 32
60227 19
60228 41
60229 16
60230 29
60231 54
60232 24
60233 28
60234 42
60235 16
60236 45
60237 51
60238 19
60239 29
60240 28
60241 15
60242 11
60243 32
60244 12
60245 16
60246 33
60247 24
60248 22
60249 28
60250 29
60251 38
60252 46
60253 34
60254 32
60255 37
60256 31
60257 27
60258 41
60259 45
60260 30
60261 27
60262 12
60263 32
60264 42
60265 13
60266 21
60267 33
60268 18
60269 23
60270 46
60271 31
60272 29
60273 46
60274 35
60275 26
60276 46
60277 38
60278 50
60279 56
60280 26
60281 26
60282 35
60283 28
60284 25
60285 35
60286 11
60287 28
60288 29
60289 20
60290 21
60291 60
60292 20
60293 33
60294 42
60295 23
60296 15
60297 36
60298 35
60299 34
60300 29
60301 24
60302 47
60303 33
60304 32
60305 20
60306 33
60307 21
60308 37
60309 42
60310 18
60311 36
60312 33
60313 30
60314 25
60315 32
60316 22
60317 30
60318 51
60319 20
60320 19
60321 27
60322 33
60323 18
60324 51
60325 17
60326 30
60327 32
60328 32
60329 26
60330 37
60331 45
60332 33
60333 52
60334 23
60335 25
60336 41
60337 16
60338 9
60339 37
60340 19
60341 15
60342 41
60343 16
60344 18
60345 27
60346 35
60347 26
60348 47
60349 12
60350 28
60351 48
60352 25
60353 31
60354 48
60355 32
60356 32
60357 45
60358 17
60359 37
60360 28
60361 14
60362 13
60363 37
60364 18
60365 14
60366 33
60367 17
60368 23
60369 34
60370 18
60371 27
60372 40
60373 31
60374 33
60375 36
60376 29
60377 32
60378 43
60379 35
60380 31
60381 32
60382 18
60383 22
60384 37
60385 20
60386 21
60387 38
60388 21
60389 18
60390 39
60391 41
60392 17
60393 60
60394 33
60395 28
60396 42
60397 18
60398 39
60399 47
60400 22
60401 24
60402 46
60403 21
60404 34
60405 29
60406 23
60407 22
60408 32
60409 23
60410 22
60411 51
60412 19
60413 50
60414 38
60415 23
60416 13
60417 48
60418 27
60419 38
60420 27
60421 18
60422 28
60423 35
60424 26
60425 18
60426 33
60427 21
60428 32
60429 30
60430 11
60431 29
60432 31
60433 34
60434 16
60435 35
60436 20
60437 40
60438 33
60439 38
60440 16
60441 35
60442 34
60443 20
60444 39
60445 26
60446 33
60447 30
60448 29
60449 17
60450 29
60451 34
60452 36
60453 45
60454 22
60455 21
60456 42
60457 23
60458 11
60459 47
60460 12
60461 14
60462 41
60463 31
60464 20
60465 42
60466 21
60467 29
60468 40
60469 22
60470 22
60471 48
60472 22
60473 25
60474 31
60475 24
60476 33
60477 30
60478 8
60479 37
60480 25
60481 13
60482 14
60483 28
60484 11
60485 14
60486 42
60487 20
60488 24
60489 38
60490 24
60491 30
60492 36
60493 40
60494 33
60495 32
60496 25
60497 28
60498 40
60499 32
60500 25
60501 31
60502 17
60503 27
60504 35
60505 16
60506 13
60507 30
60508 27
60509 21
60510 41
60511 33
60512 25
60513 37
60514 30
60515 25
60516 38
60517 30
60518 36
60519 50
60520 22
60521 25
60522 37
60523 29
60524 37
60525 31
60526 31
60527 17
60528 36
60529 24
60530 20
60531 41
60532 20
60533 37
60534 52
60535 25
60536 20
60537 44
60538 22
60539 20
60540 36
60541 16
60542 29
60543 37
60544 33
60545 23
60546 25
60547 25
60548 33
60549 31
60550 14
60551 39
60552 37
60553 34
60554 28
60555 37
60556 32
60557 17
60558 54
60559 25
60560 21
60561 17
60562 47
60563 18
60564 52
60565 16
60566 35
60567 28
60568 28
60569 27
60570 32
60571 41
60572 33
60573 50
60574 22
60575 33
60576 32
60577 21
60578 11
60579 47
60580 21
60581 11
60582 59
60583 24
60584 26
60585 24
60586 45
60587 27
60588 60
60589 22
60590 35
60591 43
60592 24
60593 40
60594 36
60595 25
60596 29
60597 41
60598 20
60599 40
60600 27
60601 16
60602 17
60603 38
60604 18
60605 15
60606 49
60607 24
60608 25
60609 25
60610 25
60611 40
60612 46
60613 28
60614 41
60615 22
60616 24
60617 26
60618 32
60619 24
60620 28
60621 38
60622 14
60623 24
60624 32
60625 19
60626 17
60627 42
60628 23
60629 30
60630 26
60631 32
60632 24
60633 51
60634 35
60635 27
60636 46
60637 23
60638 38
60639 38
60640 24
60641 21
60642 39
60643 22
60644 34
60645 30
60646 22
60647 28
60648 27
60649 15
60650 23
60651 58
60652 30
60653 48
60654 42
60655 21
60656 19
60657 33
60658 35
60659 30
60660 48
60661 15
60662 43
60663 30
60664 28
60665 24
60666 52
60667 17
60668 27
60669 30
60670 21
60671 25
60672 35
60673 21
60674 16
60675 33
60676 29
60677 27
60678 40
60679 29
60680 15
60681 23
60682 34
60683 21
60684 62
60685 19
60686 48
60687 32
60688 44
60689 18
60690 35
60691 41
60692 28
60693 56
60694 23
60695 27
60696 30
60697 20
60698 22
60699 50
60700 8
60701 12
60702 35
60703 20
60704 17
60705 23
60706 38
60707 30
60708 38
60709 12
60710 31
60711 56
60712 35
60713 37
60714 44
60715 19
60716 32
60717 50
60718 15
60719 20
60720 26
60721 11
60722 17
60723 36
60724 21
60725 18
60726 34
60727 24
60728 17
60729 22
60730 20
60731 45
60732 44
60733 34
60734 38
60735 30
60736 23
60737 32
60738 35
60739 20
60740 37
60741 31
60742 25
60743 21
60744 43
60745 18
60746 22
60747 42
60748 10
60749 26
60750 37
60751 44
60752 20
60753 59
60754 25
60755 19
60756 38
60757 28
60758 44
60759 48
60760 26
60761 25
60762 37
60763 19
60764 53
60765 31
60766 29
60767 30
60768 50
60769 19
60770 13
60771 54
60772 21
60773 29
60774 38
60775 18
60776 23
60777 62
60778 31
60779 27
60780 28
60781 16
60782 27
60783 24
60784 32
60785 24
60786 41
60787 33
60788 36
60789 29
60790 20
60791 30
60792 32
60793 23
60794 17
60795 35
60796 17
60797 21
60798 47
60799 25
60800 15
60801 27
60802 26
60803 25
60804 45
60805 17
60806 27
60807 28
60808 32
60809 17
60810 19
60811 35
60812 34
60813 40
60814 24
60815 33
60816 28
60817 21
60818 22
60819 52
60820 13
60821 15
60822 38
60823 29
60824 20
60825 22
60826 30
60827 28
60828 54
60829 13
60830 35
60831 59
60832 22
60833 39
60834 33
60835 19
60836 34
60837 47
60838 15
60839 32
60840 24
60841 23
60842 22
60843 27
60844 21
60845 22
60846 41
60847 22
60848 26
60849 28
60850 26
60851 22
60852 42
60853 23
60854 42
60855 42
60856 32
60857 27
60858 32
60859 31
60860 29
60861 29
60862 7
60863 20
60864 32
60865 16
60866 21
60867 25
60868 29
60869 23
60870 39
60871 27
60872 19
60873 40
60874 38
60875 20
60876 50
60877 25
60878 42
60879 52
60880 21
60881 25
60882 29
60883 16
60884 38
60885 29
60886 17
60887 32
60888 30
60889 12
60890 10
60891 45
60892 25
60893 29
60894 52
60895 23
60896 25
60897 37
60898 37
60899 27
60900 43
60901 18
60902 36
60903 29
60904 29
60905 19
60906 37
60907 24
60908 30
60909 36
60910 8
60911 34
60912 25
60913 33
60914 16
60915 41
60916 12
60917 26
60918 54
60919 40
60920 19
60921 20
60922 32
60923 25
60924 42
60925 13
60926 40
60927 38
60928 34
60929 28
60930 25
60931 34
60932 30
60933 74
60934 17
60935 29
60936 35
60937 22
60938 17
60939 61
60940 20
60941 20
60942 29
60943 22
60944 20
60945 30
60946 30
60947 22
60948 48
60949 15
60950 27
60951 51
60952 33
60953 32
60954 34
60955 19
60956 39
60957 44
60958 22
60959 30
60960 24
60961 16
60962 20
60963 28
60964 11
60965 29
60966 41
60967 15
60968 23
60969 31
60970 24
60971 30
60972 43
60973 22
60974 32
60975 35
60976 38
60977 28
60978 43
60979 36
60980 32
60981 29
60982 16
60983 21
60984 45
60985 20
60986 17
60987 36
60988 17
60989 27
60990 30
60991 23
60992 21
60993 48
60994 29
60995 28
60996 47
60997 17
60998 31
60999 45
61000 25
61001 22
61002 43
61003 23
61004 40
61005 25
61006 29
61007 26
61008 40
61009 14
61010 12
61011 68
61012 25
61013 35
61014 42
61015 31
61016 18
61017 48
61018 39
61019 45
61020 40
61021 21
61022 34
61023 31
61024 31
61025 14
61026 43
61027 22
61028 35
61029 36
61030 24
61031 36
61032 41
61033 36
61034 20
61035 30
61036 16
61037 45
61038 26
61039 44
61040 10
61041 39
61042 19
61043 25
61044 42
61045 15
61046 33
61047 40
61048 24
61049 24
61050 34
61051 36
61052 21
61053 56
61054 20
61055 23
61056 32
61057 37
61058 16
61059 48
61060 12
61061 22
61062 38
61063 20
61064 15
61065 33
61066 27
61067 18
61068 42
61069 17
61070 31
61071 43
61072 28
61073 33
61074 30
61075 27
61076 39
61077 45
61078 14
61079 39
61080 24
61081 20
61082 22
61083 39
61084 23
61085 24
61086 46
61087 23
61088 25
61089 37
61090 23
61091 32
61092 35
61093 19
61094 31
61095 44
61096 29
61097 32
61098 36
61099 29
61100 31
61101 27
61102 24
61103 27
61104 32
61105 10
61106 15
61107 35
61108 24
61109 26
61110 29
61111 42
61112 19
61113 50
61114 21
61115 26
61116 42
61117 23
61118 42
61119 51
61120 21
61121 18
61122 23
61123 21
61124 37
61125 23
61126 21
61127 17
61128 39
61129 10
61130 14
61131 46
61132 22
61133 30
61134 54
61135 28
61136 21
61137 50
61138 34
61139 41
61140 33
61141 25
61142 27
61143 33
61144 31
61145 12
61146 29
61147 31
61148 24
61149 32
61150 17
61151 29
61152 30
61153 22
61154 18
61155 29
61156 27
61157 30
61158 40
61159 25
61160 19
61161 30
61162 28
61163 24
61164 41
61165 25
61166 23
61167 38
61168 28
61169 28
61170 27
61171 36
61172 32
61173 51
61174 26
61175 27
61176 27
61177 28
61178 20
61179 49
61180 25
61181 18
61182 54
61183 18
61184 22
61185 29
61186 29
61187 18
61188 43
61189 10
61190 28
61191 47
61192 22
61193 45
61194 28
61195 21
61196 34
61197 38
61198 19
61199 37
61200 30
61201 15
61202 13
61203 28
61204 22
61205 14
61206 55
61207 22
61208 25
61209 30
61210 22
61211 26
61212 41
61213 25
61214 32
61215 39
61216 34
61217 30
61218 45
61219 37
61220 31
61221 27
61222 20
61223 26
61224 40
61225 19
61226 22
61227 35
61228 30
61229 10
61230 38
61231 45
61232 22
61233 49
61234 29
61235 21
61236 39
61237 27
61238 38
61239 31
61240 26
61241 25
61242 33
61243 20
61244 33
61245 36
61246 20
61247 33
61248 39
61249 25
61250 20
61251 60
61252 22
61253 32
61254 44
61255 24
61256 16
61257 37
61258 35
61259 34
61260 46
61261 18
61262 33
61263 22
61264 37
61265 19
61266 31
61267 21
61268 26
61269 33
61270 16
61271 43
61272 35
61273 40
61274 21
61275 32
61276 23
61277 33
61278 43
61279 35
61280 14
61281 30
61282 36
61283 11
61284 53
61285 21
61286 45
61287 29
61288 36
61289 19
61290 33
61291 26
61292 27
61293 54
61294 19
61295 20
61296 45
61297 25
61298 17
61299 53
61300 27
61301 16
61302 40
61303 24
61304 26
61305 25
61306 39
61307 15
61308 47
61309 19
61310 34
61311 40
61312 23
61313 31
61314 46
61315 21
61316 23
61317 30
61318 21
61319 31
61320 27
61321 11
61322 19
61323 38
61324 21
61325 24
61326 42
61327 29
61328 28
61329 31
61330 23
61331 41
61332 44
61333 21
61334 44
61335 32
61336 34
61337 27
61338 35
61339 26
61340 29
61341 24
61342 14
61343 24
61344 28
61345 18
61346 15
61347 45
61348 14
61349 36
61350 33
61351 38
61352 22
61353 47
61354 36
61355 33
61356 51
61357 17
61358 47
61359 41
61360 25
61361 15
61362 41
61363 17
61364 43
61365 28
61366 16
61367 26
61368 41
61369 17
61370 18
61371 47
61372 20
61373 37
61374 49
61375 13
61376 16
61377 46
61378 38
61379 37
61380 41
61381 34
61382 40
61383 30
61384 36
61385 23
61386 43
61387 29
61388 38
61389 27
61390 13
61391 38
61392 36
61393 21
61394 15
61395 29
61396 11
61397 24
61398 40
61399 30
61400 21
61401 35
61402 28
61403 27
61404 43
61405 22
61406 40
61407 32
61408 26
61409 26
61410 31
61411 28
61412 29
61413 46
61414 17
61415 21
61416 31
61417 20
61418 13
61419 49
61420 17
61421 20
61422 41
61423 22
61424 19
61425 34
61426 31
61427 33
61428 42
61429 16
61430 20
61431 36
61432 15
61433 39
61434 35
61435 27
61436 36
61437 43
61438 20
61439 30
61440 29
61441 12
61442 20
61443 34
61444 18
61445 19
61446 35
61447 25
61448 26
61449 45
61450 19
61451 33
61452 41
61453 22
61454 39
61455 38
61456 30
61457 24
61458 41
61459 29
61460 31
61461 23
61462 18
61463 15
61464 34
61465 22
61466 21
61467 29
61468 26
61469 22
61470 30
61471 32
61472 17
61473 44
61474 36
61475 30
61476 39
61477 14
61478 42
61479 62
61480 25
61481 20
61482 43
61483 17
61484 37
61485 28
61486 24
61487 31
61488 33
61489 16
61490 21
61491 46
61492 23
61493 38
61494 52
61495 18
61496 14
61497 35
61498 44
61499 30
61500 39
61501 21
61502 34
61503 38
61504 33
61505 28
61506 42
61507 21
61508 29
61509 27
61510 10
61511 37
61512 41
61513 25
61514 19
61515 33
61516 25
61517 26
61518 63
61519 29
61520 14
61521 28
61522 32
61523 28
61524 44
61525 11
61526 36
61527 42
61528 27
61529 22
61530 33
61531 28
61532 33
61533 52
61534 18
61535 21
61536 36
61537 27
61538 10
61539 46
61540 14
61541 18
61542 42
61543 30
61544 24
61545 32
61546 33
61547 24
61548 46
61549 14
61550 37
61551 39
61552 31
61553 30
61554 33
61555 20
61556 32
61557 43
61558 12
61559 27
61560 25
61561 17
61562 16
61563 31
61564 13
61565 19
61566 38
61567 22
61568 37
61569 32
61570 24
61571 29
61572 49
61573 18
61574 34
61575 33
61576 35
61577 20
61578 34
61579 31
61580 26
61581 31
61582 16
61583 27
61584 27
61585 17
61586 23
61587 25
61588 8
61589 36
61590 30
61591 25
61592 16
61593 45
61594 25
61595 29
61596 48
61597 20
61598 36
61599 45
61600 29
61601 16
61602 37
61603 19
61604 35
61605 25
61606 23
61607 27
61608 32
61609 15
61610 14
61611 54
61612 15
61613 41
61614 39
61615 26
61616 23
61617 43
61618 33
61619 34
61620 46
61621 18
61622 43
61623 29
61624 36
61625 14
61626 48
61627 26
61628 37
61629 35
61630 11
61631 35
61632 27
61633 43
61634 16
61635 43
61636 23
61637 45
61638 37
61639 35
61640 15
61641 35
61642 36
61643 15
61644 45
61645 15
61646 38
61647 33
61648 26
61649 20
61650 32
61651 38
61652 33
61653 57
61654 26
61655 29
61656 27
61657 25
61658 9
61659 50
61660 21
61661 25
61662 36
61663 22
61664 21
61665 34
61666 26
61667 27
61668 34
61669 17
61670 27
61671 53
61672 19
61673 28
61674 49
61675 24
61676 26
61677 43
61678 34
61679 35
61680 35
61681 15
61682 21
61683 25
61684 20
61685 25
61686 44
61687 31
61688 14
61689 41
61690 21
61691 46
61692 39
61693 26
61694 29
61695 41
61696 31
61697 23
61698 37
61699 40
61700 33
61701 23
61702 22
61703 16
61704 33
61705 14
61706 34
61707 36
61708 28
61709 22
61710 36
61711 44
61712 8
61713 63
61714 29
61715 23
61716 35
61717 39
61718 32
61719 52
61720 18
61721 20
61722 27
61723 17
61724 40
61725 22
61726 20
61727 20
61728 41
61729 15
61730 16
61731 47
61732 38
61733 32
61734 52
61735 18
61736 24
61737 51
61738 36
61739 35
61740 33
61741 18
61742 23
61743 34
61744 30
61745 22
61746 33
61747 22
61748 35
61749 31
61750 14
61751 45
61752 42
61753 31
61754 16
61755 42
61756 18
61757 29
61758 45
61759 47
61760 14
61761 31
61762 32
61763 21
61764 33
61765 15
61766 30
61767 46
61768 27
61769 20
61770 32
61771 38
61772 22
61773 48
61774 15
61775 25
61776 30
61777 32
61778 18
61779 55
61780 13
61781 16
61782 31
61783 15
61784 26
61785 34
61786 29
61787 24
61788 47
61789 19
61790 35
61791 52
61792 24
61793 28
61794 35
61795 31
61796 28
61797 36
61798 22
61799 38
61800 21
61801 7
61802 15
61803 30
61804 21
61805 19
61806 46
61807 19
61808 33
61809 34
61810 28
61811 37
61812 53
61813 38
61814 30
61815 29
61816 50
61817 30
61818 23
61819 31
61820 24
61821 29
61822 12
61823 19
61824 27
61825 12
61826 19
61827 34
61828 19
61829 23
61830 37
61831 37
61832 22
61833 48
61834 35
61835 20
61836 57
61837 28
61838 27
61839 44
61840 21
61841 25
61842 39
61843 20
61844 26
61845 31
61846 17
61847 25
61848 31
61849 22
61850 14
61851 49
61852 26
61853 37
61854 52
61855 14
61856 30
61857 34
61858 34
61859 28
61860 39
61861 14
61862 39
61863 33
61864 28
61865 25
61866 30
61867 35
61868 37
61869 42
61870 15
61871 35
61872 30
61873 35
61874 15
61875 37
61876 26
61877 18
61878 48
61879 31
61880 12
61881 29
61882 26
61883 14
61884 50
61885 12
61886 47
61887 37
61888 33
61889 16
61890 24
61891 34
61892 30
61893 46
61894 23
61895 31
61896 26
61897 32
61898 18
61899 41
61900 17
61901 10
61902 44
61903 18
61904 10
61905 23
61906 33
61907 17
61908 59
61909 14
61910 37
61911 39
61912 37
61913 36
61914 37
61915 19
61916 32
61917 40
61918 14
61919 41
61920 34
61921 22
61922 23
61923 33
61924 16
61925 12
61926 39
61927 22
61928 19
61929 30
61930 33
61931 24
61932 45
61933 34
61934 49
61935 35
61936 33
61937 29
61938 30
61939 22
61940 30
61941 33
61942 16
61943 21
61944 37
61945 16
61946 23
61947 40
61948 26
61949 22
61950 28
61951 49
61952 17
61953 61
61954 31
61955 22
61956 56
61957 23
61958 45
61959 49
61960 22
61961 17
61962 31
61963 21
61964 40
61965 28
61966 29
61967 24
61968 29
61969 19
61970 14
61971 44
61972 18
61973 37
61974 38
61975 28
61976 20
61977 49
61978 35
61979 41
61980 47
61981 24
61982 26
61983 27
61984 30
61985 8
61986 38
61987 25
61988 34
61989 31
61990 13
61991 30
61992 37
61993 41
61994 15
61995 25
61996 12
61997 21
61998 46
61999 35
62000 14
62001 32
62002 26
62003 15
62004 40
62005 18
62006 26
62007 37
62008 24
62009 22
62010 31
62011 28
62012 50
62013 39
62014 15
62015 23
62016 36
62017 16
62018 20
62019 45
62020 16
62021 20
62022 33
62023 15
62024 18
62025 27
62026 24
62027 34
62028 37
62029 24
62030 33
62031 57
62032 23
62033 38
62034 44
62035 24
62036 39
62037 52
62038 25
62039 30
62040 32
62041 23
62042 20
62043 36
62044 15
62045 20
62046 36
62047 37
62048 22
62049 34
62050 24
62051 38
62052 38
62053 30
62054 35
62055 36
62056 30
62057 30
62058 45
62059 30
62060 30
62061 28
62062 17
62063 21
62064 36
62065 23
62066 14
62067 34
62068 18
62069 22
62070 29
62071 42
62072 19
62073 48
62074 24
62075 27
62076 48
62077 17
62078 48
62079 42
62080 22
62081 22
62082 27
62083 16
62084 53
62085 30
62086 19
62087 22
62088 33
62089 21
62090 18
62091 37
62092 22
62093 36
62094 32
62095 15
62096 26
62097 36
62098 29
62099 36
62100 43
62101 16
62102 43
62103 28
62104 34
62105 19
62106 42
62107 32
62108 40
62109 40
62110 22
62111 43
62112 35
62113 23
62114 20
62115 49
62116 16
62117 25
62118 56
62119 28
62120 15
62121 21
62122 34
62123 21
62124 46
62125 13
62126 35
62127 33
62128 40
62129 30
62130 33
62131 36
62132 33
62133 51
62134 13
62135 25
62136 42
62137 23
62138 18
62139 49
62140 15
62141 21
62142 43
62143 21
62144 16
62145 19
62146 26
62147 29
62148 54
62149 17
62150 35
62151 46
62152 21
62153 30
62154 37
62155 20
62156 31
62157 32
62158 12
62159 22
62160 27
62161 21
62162 17
62163 31
62164 23
62165 18
62166 46
62167 20
62168 28
62169 27
62170 25
62171 34
62172 43
62173 29
62174 42
62175 36
62176 32
62177 19
62178 39
62179 30
62180 32
62181 33
62182 15
62183 27
62184 46
62185 19
62186 25
62187 44
62188 23
62189 30
62190 36
62191 34
62192 21
62193 54
62194 24
62195 27
62196 45
62197 18
62198 38
62199 41
62200 30
62201 18
62202 47
62203 20
62204 32
62205 40
62206 19
62207 25
62208 46
62209 23
62210 18
62211 46
62212 14
62213 37
62214 41
62215 22
62216 20
62217 34
62218 22
62219 34
62220 42
62221 15
62222 41
62223 31
62224 34
62225 17
62226 38
62227 27
62228 28
62229 26
62230 12
62231 35
62232 36
62233 23
62234 20
62235 32
62236 18
62237 24
62238 47
62239 31
62240 13
62241 24
62242 31
62243 20
62244 44
62245 18
62246 45
62247 21
62248 35
62249 25
62250 43
62251 30
62252 36
62253 52
62254 23
62255 18
62256 35
62257 17
62258 18
62259 50
62260 9
62261 27
62262 43
62263 31
62264 17
62265 28
62266 33
62267 26
62268 42
62269 14
62270 32
62271 50
62272 25
62273 31
62274 36
62275 23
62276 30
62277 44
62278 21
62279 28
62280 29
62281 20
62282 11
62283 44
62284 19
62285 31
62286 41
62287 19
62288 17
62289 39
62290 19
62291 43
62292 32
62293 34
62294 37
62295 36
62296 27
62297 22
62298 38
62299 31
62300 36
62301 23
62302 25
62303 21
62304 48
62305 18
62306 17
62307 38
62308 23
62309 29
62310 24
62311 49
62312 23
62313 56
62314 24
62315 31
62316 42
62317 37
62318 42
62319 55
62320 31
62321 12
62322 52
62323 25
62324 40
62325 24
62326 33
62327 22
62328 31
62329 21
62330 18
62331 51
62332 19
62333 34
62334 47
62335 29
62336 19
62337 62
62338 31
62339 45
62340 36
62341 23
62342 26
62343 39
62344 31
62345 23
62346 39
62347 19
62348 40
62349 38
62350 13
62351 30
62352 42
62353 24
62354 23
62355 36
62356 23
62357 24
62358 47
62359 42
62360 13
62361 26
62362 29
62363 30
62364 36
62365 15
62366 30
62367 38
62368 24
62369 28
62370 29
62371 48
62372 32
62373 49
62374 19
62375 24
62376 41
62377 22
62378 20
62379 55
62380 24
62381 19
62382 43
62383 17
62384 19
62385 28
62386 29
62387 22
62388 35
62389 26
62390 24
62391 45
62392 25
62393 31
62394 27
62395 33
62396 26
62397 51
62398 8
62399 34
62400 29
62401 14
62402 15
62403 33
62404 16
62405 14
62406 42
62407 29
62408 30
62409 31
62410 24
62411 33
62412 48
62413 30
62414 46
62415 43
62416 31
62417 25
62418 42
62419 37
62420 22
62421 28
62422 15
62423 24
62424 35
62425 14
62426 26
62427 34
62428 26
62429 18
62430 38
62431 28
62432 18
62433 39
62434 41
62435 19
62436 49
62437 27
62438 37
62439 46
62440 27
62441 28
62442 33
62443 28
62444 23
62445 37
62446 25
62447 32
62448 36
62449 16
62450 13
62451 53
62452 26
62453 37
62454 56
62455 21
62456 25
62457 38
62458 39
62459 32
62460 33
62461 17
62462 36
62463 33
62464 29
62465 26
62466 28
62467 21
62468 22
62469 38
62470 18
62471 21
62472 25
62473 27
62474 20
62475 32
62476 17
62477 29
62478 50
62479 38
62480 26
62481 29
62482 30
62483 18
62484 37
62485 11
62486 26
62487 39
62488 27
62489 14
62490 25
62491 26
62492 31
62493 39
62494 21
62495 30
62496 27
62497 19
62498 16
62499 48
62500 16
62501 15
62502 51
62503 12
62504 24
62505 26
62506 35
62507 21
62508 50
62509 16
62510 28
62511 44
62512 27
62513 30
62514 40
62515 22
62516 30
62517 36
62518 19
62519 38
62520 31
62521 10
62522 6
62523 31
62524 18
62525 19
62526 36
62527 23
62528 23
62529 32
62530 21
62531 37
62532 59
62533 33
62534 44
62535 45
62536 49
62537 33
62538 53
62539 37
62540 34
62541 30
62542 23
62543 27
62544 38
62545 17
62546 19
62547 32
62548 17
62549 17
62550 29
62551 42
62552 12
62553 53
62554 28
62555 19
62556 50
62557 27
62558 60
62559 47
62560 23
62561 26
62562 51
62563 16
62564 34
62565 37
62566 11
62567 31
62568 28
62569 32
62570 20
62571 49
62572 12
62573 37
62574 39
62575 27
62576 20
62577 51
62578 37
62579 35
62580 35
62581 12
62582 43
62583 34
62584 30
62585 20
62586 43
62587 21
62588 31
62589 32
62590 18
62591 26
62592 23
62593 30
62594 18
62595 38
62596 15
62597 41
62598 35
62599 37
62600 11
62601 37
62602 36
62603 17
62604 49
62605 22
62606 32
62607 32
62608 30
62609 24
62610 31
62611 35
62612 40
62613 51
62614 28
62615 24
62616 31
62617 21
62618 14
62619 41
62620 9
62621 22
62622 28
62623 28
62624 18
62625 29
62626 21
62627 22
62628 46
62629 19
62630 21
62631 45
62632 30
62633 22
62634 40
62635 22
62636 45
62637 40
62638 18
62639 21
62640 22
62641 17
62642 20
62643 40
62644 10
62645 21
62646 20
62647 26
62648 19
62649 37
62650 18
62651 42
62652 32
62653 32
62654 35
62655 35
62656 44
62657 24
62658 48
62659 36
62660 26
62661 41
62662 25
62663 25
62664 34
62665 13
62666 24
62667 47
62668 26
62669 20
62670 35
62671 34
62672 12
62673 46
62674 32
62675 33
62676 34
62677 27
62678 34
62679 63
62680 17
62681 23
62682 41
62683 24
62684 31
62685 29
62686 39
62687 23
62688 40
62689 22
62690 22
62691 46
62692 19
62693 36
62694 44
62695 22
62696 20
62697 39
62698 30
62699 32
62700 38
62701 14
62702 33
62703 35
62704 34
62705 22
62706 36
62707 28
62708 38
62709 32
62710 20
62711 30
62712 41
62713 28
62714 16
62715 34
62716 24
62717 21
62718 46
62719 35
62720 17
62721 20
62722 26
62723 23
62724 45
62725 12
62726 32
62727 34
62728 31
62729 33
62730 23
62731 40
62732 36
62733 58
62734 24
62735 33
62736 44
62737 27
62738 19
62739 49
62740 25
62741 12
62742 55
62743 17
62744 31
62745 20
62746 28
62747 23
62748 58
62749 16
62750 32
62751 50
62752 37
62753 51
62754 34
62755 22
62756 45
62757 43
62758 33
62759 47
62760 36
62761 18
62762 28
62763 30
62764 23
62765 8
62766 57
62767 27
62768 24
62769 29
62770 25
62771 29
62772 49
62773 26
62774 36
62775 37
62776 27
62777 40
62778 45
62779 28
62780 40
62781 30
62782 19
62783 22
62784 37
62785 16
62786 25
62787 40
62788 21
62789 22
62790 29
62791 45
62792 22
62793 50
62794 24
62795 27
62796 34
62797 18
62798 36
62799 51
62800 21
62801 14
62802 31
62803 25
62804 49
62805 28
62806 18
62807 25
62808 38
62809 20
62810 19
62811 67
62812 32
62813 43
62814 40
62815 22
62816 18
62817 44
62818 26
62819 30
62820 32
62821 19
62822 42
62823 25
62824 32
62825 22
62826 35
62827 15
62828 33
62829 31
62830 19
62831 44
62832 33
62833 26
62834 19
62835 34
62836 21
62837 31
62838 39
62839 26
62840 15
62841 20
62842 28
62843 21
62844 45
62845 10
62846 38
62847 21
62848 36
62849 20
62850 32
62851 30
62852 39
62853 46
62854 13
62855 26
62856 40
62857 27
62858 23
62859 56
62860 15
62861 15
62862 44
62863 22
62864 22
62865 19
62866 41
62867 24
62868 48
62869 15
62870 38
62871 37
62872 31
62873 27
62874 36
62875 31
62876 40
62877 56
62878 15
62879 25
62880 29
62881 17
62882 20
62883 31
62884 18
62885 21
62886 43
62887 21
62888 6
62889 28
62890 20
62891 30
62892 34
62893 31
62894 30
62895 36
62896 23
62897 24
62898 31
62899 37
62900 30
62901 34
62902 22
62903 26
62904 48
62905 18
62906 28
62907 33
62908 27
62909 23
62910 33
62911 39
62912 15
62913 46
62914 32
62915 23
62916 28
62917 20
62918 37
62919 39
62920 21
62921 27
62922 26
62923 19
62924 42
62925 32
62926 27
62927 22
62928 56
62929 19
62930 9
62931 53
62932 20
62933 35
62934 46
62935 21
62936 19
62937 46
62938 27
62939 31
62940 33
62941 11
62942 31
62943 38
62944 26
62945 28
62946 36
62947 20
62948 40
62949 33
62950 18
62951 29
62952 48
62953 31
62954 19
62955 31
62956 19
62957 22
62958 41
62959 30
62960 18
62961 27
62962 25
62963 22
62964 39
62965 16
62966 20
62967 38
62968 27
62969 28
62970 26
62971 39
62972 34
62973 57
62974 30
62975 27
62976 40
62977 25
62978 15
62979 55
62980 15
62981 17
62982 35
62983 22
62984 21
62985 19
62986 43
62987 30
62988 40
62989 16
62990 26
62991 47
62992 24
62993 42
62994 35
62995 24
62996 24
62997 45
62998 20
62999 31
63000 24
63001 25
63002 12
63003 24
63004 25
63005 18
63006 43
63007 22
63008 18
63009 30
63010 24
63011 33
63012 42
63013 29
63014 26
63015 44
63016 27
63017 28
63018 35
63019 44
63020 30
63021 31
63022 16
63023 35
63024 47
63025 18
63026 26
63027 34
63028 37
63029 24
63030 39
63031 35
63032 18
63033 49
63034 34
63035 28
63036 41
63037 21
63038 37
63039 56
63040 17
63041 27
63042 43
63043 35
63044 30
63045 35
63046 20
63047 32
63048 41
63049 16
63050 14
63051 54
63052 31
63053 23
63054 52
63055 30
63056 21
63057 29
63058 35
63059 29
63060 37
63061 14
63062 40
63063 35
63064 43
63065 30
63066 38
63067 28
63068 36
63069 32
63070 11
63071 36
63072 36
63073 24
63074 23
63075 27
63076 22
63077 14
63078 58
63079 23
63080 16
63081 19
63082 37
63083 24
63084 49
63085 17
63086 39
63087 25
63088 24
63089 19
63090 27
63091 31
63092 35
63093 45
63094 21
63095 21
63096 31
63097 19
63098 24
63099 55
63100 21
63101 22
63102 50
63103 22
63104 21
63105 24
63106 26
63107 28
63108 41
63109 18
63110 28
63111 43
63112 25
63113 20
63114 26
63115 21
63116 26
63117 48
63118 18
63119 32
63120 24
63121 17
63122 13
63123 37
63124 19
63125 21
63126 28
63127 26
63128 23
63129 41
63130 20
63131 20
63132 43
63133 31
63134 27
63135 34
63136 51
63137 30
63138 38
63139 29
63140 28
63141 31
63142 23
63143 32
63144 44
63145 18
63146 16
63147 38
63148 28
63149 25
63150 30
63151 49
63152 25
63153 66
63154 34
63155 29
63156 66
63157 27
63158 33
63159 55
63160 27
63161 20
63162 47
63163 25
63164 30
63165 29
63166 15
63167 24
63168 37
63169 18
63170 12
63171 44
63172 26
63173 34
63174 40
63175 24
63176 29
63177 48
63178 34
63179 40
63180 33
63181 9
63182 43
63183 36
63184 40
63185 26
63186 35
63187 22
63188 29
63189 33
63190 21
63191 29
63192 31
63193 31
63194 19
63195 38
63196 21
63197 37
63198 40
63199 34
63200 7
63201 34
63202 37
63203 25
63204 44
63205 16
63206 36
63207 44
63208 22
63209 24
63210 38
63211 31
63212 27
63213 51
63214 21
63215 26
63216 33
63217 32
63218 18
63219 45
63220 12
63221 26
63222 40
63223 18
63224 18
63225 33
63226 32
63227 25
63228 53
63229 19
63230 32
63231 55
63232 25
63233 41
63234 49
63235 28
63236 31
63237 41
63238 15
63239 33
63240 30
63241 18
63242 18
63243 35
63244 20
63245 21
63246 46
63247 19
63248 19
63249 24
63250 19
63251 37
63252 42
63253 39
63254 35
63255 34
63256 30
63257 32
63258 32
63259 42
63260 29
63261 37
63262 27
63263 22
63264 43
63265 19
63266 24
63267 32
63268 18
63269 25
63270 35
63271 33
63272 27
63273 39
63274 24
63275 28
63276 29
63277 29
63278 36
63279 64
63280 16
63281 24
63282 24
63283 21
63284 37
63285 38
63286 17
63287 20
63288 34
63289 12
63290 20
63291 42
63292 15
63293 24
63294 41
63295 22
63296 24
63297 39
63298 42
63299 38
63300 35
63301 16
63302 42
63303 35
63304 34
63305 22
63306 43
63307 25
63308 38
63309 34
63310 20
63311 35
63312 37
63313 19
63314 23
63315 29
63316 22
63317 22
63318 50
63319 29
63320 13
63321 34
63322 24
63323 25
63324 39
63325 26
63326 37
63327 37
63328 26
63329 22
63330 30
63331 51
63332 29
63333 40
63334 27
63335 21
63336 25
63337 14
63338 17
63339 49
63340 8
63341 19
63342 34
63343 21
63344 16
63345 33
63346 24
63347 26
63348 30
63349 18
63350 17
63351 53
63352 27
63353 44
63354 30
63355 28
63356 31
63357 42
63358 18
63359 34
63360 26
63361 14
63362 6
63363 39
63364 23
63365 16
63366 42
63367 19
63368 15
63369 35
63370 31
63371 35
63372 41
63373 21
63374 29
63375 37
63376 27
63377 36
63378 41
63379 39
63380 33
63381 35
63382 21
63383 25
63384 41
63385 21
63386 22
63387 29
63388 19
63389 15
63390 45
63391 34
63392 19
63393 65
63394 30
63395 17
63396 47
63397 20
63398 40
63399 49
63400 23
63401 20
63402 49
63403 23
63404 48
63405 34
63406 25
63407 34
63408 45
63409 28
63410 22
63411 58
63412 23
63413 27
63414 51
63415 29
63416 20
63417 37
63418 39
63419 25
63420 46
63421 13
63422 33
63423 33
63424 33
63425 19
63426 44
63427 18
63428 37
63429 38
63430 16
63431 47
63432 37
63433 41
63434 25
63435 44
63436 23
63437 33
63438 46
63439 27
63440 14
63441 27
63442 35
63443 20
63444 41
63445 16
63446 42
63447 25
63448 27
63449 23
63450 34
63451 27
63452 30
63453 46
63454 24
63455 31
63456 33
63457 13
63458 17
63459 53
63460 26
63461 15
63462 38
63463 23
63464 20
63465 26
63466 28
63467 13
63468 45
63469 18
63470 42
63471 38
63472 32
63473 31
63474 41
63475 19
63476 36
63477 39
63478 11
63479 42
63480 30
63481 16
63482 14
63483 29
63484 19
63485 13
63486 46
63487 30
63488 25
63489 28
63490 27
63491 21
63492 46
63493 32
63494 35
63495 34
63496 30
63497 22
63498 25
63499 30
63500 28
63501 26
63502 9
63503 19
63504 32
63505 20
63506 24
63507 33
63508 11
63509 26
63510 39
63511 36
63512 26
63513 56
63514 39
63515 32
63516 36
63517 21
63518 31
63519 60
63520 26
63521 15
63522 34
63523 23
63524 34
63525 25
63526 39
63527 27
63528 48
63529 19
63530 19
63531 42
63532 27
63533 42
63534 58
63535 24
63536 16
63537 52
63538 34
63539 34
63540 36
63541 20
63542 27
63543 38
63544 30
63545 20
63546 37
63547 20
63548 39
63549 16
63550 18
63551 29
63552 38
63553 23
63554 26
63555 38
63556 14
63557 34
63558 48
63559 34
63560 10
63561 35
63562 29
63563 17
63564 42
63565 26
63566 30
63567 32
63568 35
63569 25
63570 35
63571 25
63572 39
63573 40
63574 27
63575 17
63576 37
63577 14
63578 12
63579 43
63580 17
63581 22
63582 27
63583 19
63584 15
63585 34
63586 20
63587 28
63588 42
63589 20
63590 24
63591 59
63592 31
63593 38
63594 40
63595 26
63596 39
63597 37
63598 23
63599 32
63600 25
63601 11
63602 9
63603 29
63604 16
63605 16
63606 35
63607 22
63608 17
63609 26
63610 24
63611 42
63612 37
63613 30
63614 28
63615 34
63616 24
63617 25
63618 29
63619 29
63620 25
63621 28
63622 23
63623 28
63624 45
63625 18
63626 18
63627 39
63628 27
63629 20
63630 37
63631 38
63632 20
63633 53
63634 42
63635 35
63636 42
63637 22
63638 39
63639 52
63640 18
63641 21
63642 32
63643 33
63644 39
63645 26
63646 27
63647 25
63648 42
63649 21
63650 20
63651 53
63652 27
63653 41
63654 59
63655 26
63656 15
63657 47
63658 43
63659 35
63660 34
63661 17
63662 39
63663 33
63664 27
63665 19
63666 33
63667 16
63668 41
63669 25
63670 10
63671 30
63672 38
63673 12
63674 26
63675 29
63676 35
63677 37
63678 44
63679 36
63680 23
63681 43
63682 35
63683 21
63684 48
63685 22
63686 35
63687 35
63688 41
63689 27
63690 36
63691 37
63692 38
63693 41
63694 20
63695 25
63696 33
63697 13
63698 9
63699 51
63700 12
63701 25
63702 46
63703 22
63704 18
63705 35
63706 35
63707 25
63708 52
63709 13
63710 40
63711 44
63712 36
63713 23
63714 48
63715 24
63716 37
63717 38
63718 15
63719 29
63720 31
63721 20
63722 15
63723 39
63724 18
63725 17
63726 50
63727 25
63728 32
63729 28
63730 30
63731 36
63732 46
63733 23
63734 42
63735 39
63736 26
63737 20
63738 35
63739 36
63740 20
63741 38
63742 17
63743 28
63744 33
63745 16
63746 20
63747 35
63748 25
63749 16
63750 32
63751 37
63752 29
63753 52
63754 36
63755 24
63756 54
63757 29
63758 34
63759 49
63760 29
63761 16
63762 32
63763 24
63764 28
63765 29
63766 17
63767 25
63768 37
63769 21
63770 13
63771 59
63772 14
63773 36
63774 44
63775 23
63776 20
63777 54
63778 32
63779 32
63780 38
63781 15
63782 31
63783 31
63784 38
63785 16
63786 43
63787 22
63788 37
63789 30
63790 14
63791 34
63792 29
63793 25
63794 17
63795 37
63796 19
63797 39
63798 40
63799 32
63800 20
63801 32
63802 25
63803 22
63804 53
63805 18
63806 48
63807 29
63808 32
63809 21
63810 35
63811 43
63812 45
63813 49
63814 24
63815 15
63816 36
63817 29
63818 15
63819 42
63820 19
63821 17
63822 40
63823 19
63824 23
63825 31
63826 27
63827 28
63828 27
63829 21
63830 33
63831 52
63832 27
63833 29
63834 40
63835 18
63836 31
63837 38
63838 32
63839 24
63840 22
63841 18
63842 21
63843 26
63844 23
63845 24
63846 36
63847 32
63848 17
63849 29
63850 23
63851 44
63852 45
63853 28
63854 33
63855 43
63856 40
63857 27
63858 37
63859 30
63860 24
63861 22
63862 20
63863 25
63864 41
63865 23
63866 19
63867 39
63868 18
63869 31
63870 38
63871 44
63872 16
63873 63
63874 28
63875 30
63876 40
63877 36
63878 38
63879 65
63880 23
63881 20
63882 34
63883 27
63884 50
63885 31
63886 19
63887 16
63888 48
63889 15
63890 14
63891 55
63892 25
63893 44
63894 33
63895 19
63896 18
63897 51
63898 19
63899 45
63900 37
63901 27
63902 35
63903 32
63904 34
63905 19
63906 38
63907 19
63908 38
63909 27
63910 18
63911 32
63912 30
63913 27
63914 15
63915 22
63916 19
63917 29
63918 48
63919 42
63920 15
63921 29
63922 34
63923 23
63924 41
63925 18
63926 31
63927 32
63928 24
63929 17
63930 30
63931 31
63932 31
63933 56
63934 11
63935 27
63936 40
63937 37
63938 16
63939 44
63940 8
63941 19
63942 36
63943 24
63944 21
63945 25
63946 24
63947 26
63948 41
63949 15
63950 31
63951 58
63952 19
63953 36
63954 36
63955 28
63956 31
63957 38
63958 16
63959 39
63960 25
63961 9
63962 13
63963 34
63964 10
63965 27
63966 29
63967 17
63968 26
63969 32
63970 17
63971 39
63972 34
63973 33
63974 37
63975 29
63976 38
63977 33
63978 28
63979 38
63980 25
63981 28
63982 10
63983 18
63984 32
63985 11
63986 13
63987 36
63988 8
63989 19
63990 35
63991 41
63992 18
63993 51
63994 32
63995 23
63996 34
63997 28
63998 29
63999 47
64000 28
64001 14
64002 33
64003 24
64004 33
64005 25
64006 16
64007 19
64008 31
64009 15
64010 11
64011 47
64012 21
64013 33
64014 50
64015 19
64016 29
64017 38
64018 33
64019 22
64020 50
64021 16
64022 33
64023 35
64024 33
64025 24
64026 35
64027 34
64028 45
64029 40
64030 16
64031 53
64032 32
64033 41
64034 18
64035 38
64036 21
64037 24
64038 50
64039 37
64040 22
64041 26
64042 32
64043 21
64044 48
64045 11
64046 38
64047 34
64048 27
64049 18
64050 33
64051 39
64052 32
64053 67
64054 28
64055 33
64056 33
64057 31
64058 21
64059 57
64060 15
64061 17
64062 41
64063 20
64064 11
64065 28
64066 24
64067 18
64068 49
64069 10
64070 30
64071 42
64072 31
64073 26
64074 36
64075 25
64076 24
64077 39
64078 17
64079 39
64080 26
64081 22
64082 22
64083 31
64084 20
64085 17
64086 52
64087 22
64088 13
64089 28
64090 27
64091 24
64092 58
64093 22
64094 49
64095 27
64096 39
64097 26
64098 45
64099 24
64100 35
64101 25
64102 10
64103 11
64104 45
64105 18
64106 27
64107 43
64108 25
64109 23
64110 39
64111 43
64112 17
64113 40
64114 26
64115 23
64116 56
64117 22
64118 54
64119 45
64120 26
64121 16
64122 41
64123 21
64124 51
64125 29
64126 28
64127 28
64128 40
64129 12
64130 15
64131 66
64132 20
64133 51
64134 41
64135 31
64136 28
64137 54
64138 27
64139 37
64140 44
64141 22
64142 43
64143 30
64144 43
64145 14
64146 36
64147 24
64148 33
64149 34
64150 11
64151 37
64152 38
64153 40
64154 20
64155 40
64156 14
64157 37
64158 40
64159 33
64160 16
64161 29
64162 37
64163 30
64164 38
64165 20
64166 25
64167 32
64168 28
64169 17
64170 34
64171 37
64172 39
64173 39
64174 33
64175 28
64176 35
64177 32
64178 23
64179 50
64180 10
64181 29
64182 41
64183 14
64184 14
64185 32
64186 32
64187 26
64188 35
64189 17
64190 28
64191 47
64192 22
64193 39
64194 31
64195 23
64196 41
64197 34
64198 15
64199 34
64200 24
64201 8
64202 22
64203 29
64204 3
64205 23
64206 31
64207 30
64208 31
64209 36
64210 27
64211 37
64212 40
64213 26
64214 36
64215 47
64216 43
64217 23
64218 52
64219 28
64220 26
64221 26
64222 18
64223 16
64224 37
64225 20
64226 16
64227 28
64228 16
64229 15
64230 30
64231 34
64232 14
64233 59
64234 28
64235 33
64236 50
64237 27
64238 39
64239 54
64240 28
64241 26
64242 43
64243 37
64244 34
64245 30
64246 18
64247 32
64248 36
64249 15
64250 15
64251 42
64252 26
64253 16
64254 59
64255 23
64256 22
64257 40
64258 39
64259 37
64260 44
64261 21
64262 46
64263 38
64264 34
64265 23
64266 28
64267 22
64268 35
64269 37
64270 23
64271 30
64272 31
64273 37
64274 24
64275 24
64276 16
64277 26
64278 45
64279 24
64280 15
64281 23
64282 36
64283 21
64284 43
64285 11
64286 37
64287 38
64288 21
64289 25
64290 30
64291 33
64292 33
64293 56
64294 22
64295 29
64296 42
64297 21
64298 27
64299 53
64300 17
64301 23
64302 36
64303 21
64304 14
64305 25
64306 36
64307 26
64308 49
64309 17
64310 34
64311 47
64312 26
64313 27
64314 29
64315 34
64316 40
64317 39
64318 10
64319 30
64320 26
64321 15
64322 15
64323 33
64324 30
64325 20
64326 46
64327 16
64328 24
64329 28
64330 26
64331 28
64332 51
64333 34
64334 40
64335 25
64336 35
64337 14
64338 36
64339 39
64340 25
64341 35
64342 17
64343 24
64344 28
64345 19
64346 14
64347 32
64348 22
64349 24
64350 51
64351 40
64352 31
64353 34
64354 32
64355 27
64356 40
64357 25
64358 39
64359 54
64360 27
64361 16
64362 46
64363 22
64364 31
64365 40
64366 18
64367 19
64368 45
64369 19
64370 19
64371 47
64372 26
64373 33
64374 56
64375 22
64376 25
64377 38
64378 50
64379 43
64380 36
64381 19
64382 20
64383 39
64384 45
64385 14
64386 42
64387 28
64388 32
64389 32
64390 12
64391 30
64392 36
64393 29
64394 23
64395 30
64396 23
64397 34
64398 44
64399 21
64400 10
64401 27
64402 29
64403 19
64404 45
64405 17
64406 35
64407 28
64408 30
64409 24
64410 30
64411 25
64412 39
64413 42
64414 14
64415 21
64416 39
64417 28
64418 14
64419 51
64420 7
64421 16
64422 41
64423 29
64424 25
64425 26
64426 30
64427 21
64428 42
64429 11
64430 44
64431 32
64432 24
64433 30
64434 45
64435 21
64436 44
64437 36
64438 14
64439 25
64440 20
64441 20
64442 21
64443 35
64444 17
64445 25
64446 37
64447 22
64448 21
64449 40
64450 27
64451 33
64452 43
64453 16
64454 44
64455 35
64456 36
64457 21
64458 46
64459 23
64460 28
64461 24
64462 20
64463 17
64464 39
64465 17
64466 10
64467 42
64468 23
64469 37
64470 26
64471 42
64472 21
64473 57
64474 26
64475 26
64476 47
64477 22
64478 42
64479 54
64480 22
64481 19
64482 34
64483 23
64484 39
64485 21
64486 29
64487 22
64488 31
64489 20
64490 15
64491 49
64492 19
64493 52
64494 45
64495 34
64496 14
64497 53
64498 38
64499 44
64500 33
64501 23
64502 32
64503 36
64504 33
64505 23
64506 38
64507 21
64508 29
64509 25
64510 11
64511 25
64512 29
64513 27
64514 17
64515 34
64516 21
64517 35
64518 36
64519 35
64520 11
64521 37
64522 27
64523 26
64524 38
64525 18
64526 31
64527 53
64528 19
64529 23
64530 35
64531 28
64532 29
64533 53
64534 19
64535 22
64536 42
64537 25
64538 17
64539 46
64540 30
64541 19
64542 49
64543 22
64544 14
64545 39
64546 32
64547 32
64548 36
64549 26
64550 24
64551 52
64552 28
64553 37
64554 34
64555 21
64556 31
64557 51
64558 25
64559 31
64560 31
64561 12
64562 19
64563 28
64564 18
64565 21
64566 44
64567 40
64568 20
64569 33
64570 21
64571 41
64572 38
64573 27
64574 24
64575 47
64576 28
64577 23
64578 34
64579 43
64580 23
64581 37
64582 12
64583 22
64584 45
64585 20
64586 27
64587 31
64588 18
64589 16
64590 34
64591 29
64592 21
64593 53
64594 24
64595 23
64596 34
64597 23
64598 27
64599 59
64600 22
64601 21
64602 30
64603 25
64604 31
64605 30
64606 23
64607 26
64608 40
64609 11
64610 21
64611 53
64612 17
64613 29
64614 51
64615 26
64616 13
64617 34
64618 40
64619 40
64620 34
64621 18
64622 27
64623 37
64624 29
64625 25
64626 34
64627 24
64628 35
64629 35
64630 23
64631 32
64632 29
64633 27
64634 17
64635 29
64636 23
64637 31
64638 48
64639 36
64640 22
64641 28
64642 31
64643 19
64644 48
64645 16
64646 36
64647 48
64648 31
64649 25
64650 36
64651 48
64652 31
64653 49
64654 20
64655 21
64656 30
64657 24
64658 16
64659 53
64660 18
64661 22
64662 47
64663 24
64664 34
64665 25
64666 39
64667 27
64668 60
64669 15
64670 31
64671 43
64672 28
64673 22
64674 37
64675 24
64676 33
64677 49
64678 21
64679 35
64680 23
64681 18
64682 13
64683 28
64684 23
64685 20
64686 43
64687 18
64688 35
64689 31
64690 20
64691 38
64692 52
64693 22
64694 30
64695 34
64696 30
64697 21
64698 27
64699 38
64700 26
64701 23
64702 24
64703 28
64704 33
64705 11
64706 19
64707 32
64708 22
64709 21
64710 29
64711 30
64712 14
64713 61
64714 22
64715 22
64716 56
64717 25
64718 53
64719 49
64720 21
64721 21
64722 42
64723 23
64724 43
64725 26
64726 19
64727 22
64728 34
64729 21
64730 16
64731 60
64732 15
64733 32
64734 43
64735 25
64736 14
64737 49
64738 37
64739 21
64740 40
64741 14
64742 52
64743 36
64744 36
64745 24
64746 42
64747 25
64748 29
64749 36
64750 13
64751 37
64752 24
64753 31
64754 19
64755 46
64756 26
64757 34
64758 43
64759 37
64760 17
64761 40
64762 31
64763 25
64764 49
64765 17
64766 32
64767 36
64768 34
64769 33
64770 30
64771 28
64772 27
64773 44
64774 19
64775 29
64776 37
64777 25
64778 9
64779 50
64780 18
64781 29
64782 39
64783 20
64784 20
64785 31
64786 30
64787 36
64788 42
64789 19
64790 23
64791 54
64792 22
64793 30
64794 35
64795 21
64796 37
64797 34
64798 10
64799 35
64800 34
64801 19
64802 22
64803 26
64804 9
64805 23
64806 34
64807 21
64808 28
64809 37
64810 26
64811 44
64812 52
64813 39
64814 37
64815 32
64816 34
64817 15
64818 40
64819 41
64820 36
64821 24
64822 16
64823 17
64824 44
64825 11
64826 22
64827 30
64828 27
64829 23
64830 34
64831 39
64832 21
64833 62
64834 34
64835 31
64836 46
64837 42
64838 37
64839 58
64840 22
64841 16
64842 32
64843 22
64844 37
64845 30
64846 23
64847 24
64848 38
64849 17
64850 22
64851 32
64852 22
64853 25
64854 45
64855 17
64856 25
64857 45
64858 38
64859 36
64860 33
64861 18
64862 34
64863 39
64864 36
64865 28
64866 34
64867 36
64868 31
64869 27
64870 20
64871 29
64872 34
64873 19
64874 19
64875 40
64876 23
64877 21
64878 58
64879 39
64880 14
64881 36
64882 30
64883 32
64884 49
64885 17
64886 33
64887 46
64888 31
64889 25
64890 34
64891 46
64892 24
64893 55
64894 21
64895 19
64896 28
64897 26
64898 12
64899 39
64900 23
64901 15
64902 37
64903 16
64904 20
64905 27
64906 24
64907 21
64908 52
64909 18
64910 31
64911 57
64912 34
64913 29
64914 36
64915 23
64916 25
64917 39
64918 22
64919 32
64920 20
64921 17
64922 21
64923 33
64924 18
64925 12
64926 41
64927 25
64928 28
64929 24
64930 24
64931 29
64932 42
64933 32
64934 43
64935 32
64936 43
64937 35
64938 34
64939 26
64940 28
64941 24
64942 17
64943 23
64944 44
64945 18
64946 21
64947 32
64948 21
64949 16
64950 38
64951 31
64952 23
64953 48
64954 32
64955 20
64956 48
64957 23
64958 43
64959 48
64960 14
64961 19
64962 32
64963 25
64964 38
64965 27
64966 19
64967 21
64968 33
64969 13
64970 23
64971 39
64972 24
64973 30
64974 44
64975 19
64976 27
64977 44
64978 34
64979 25
64980 37
64981 17
64982 32
64983 30
64984 41
64985 17
64986 32
64987 28
64988 36
64989 41
64990 18
64991 33
64992 39
64993 29
64994 17
64995 37
64996 19
64997 28
64998 52
64999 40
65000 18
65001 26
65002 33
65003 20
65004 45
65005 12
65006 37
65007 31
65008 33
65009 25
65010 38
65011 35
65012 28
65013 48
65014 20
65015 19
65016 19
65017 23
65018 18
65019 41
65020 13
65021 16
65022 40
65023 14
65024 19
65025 18
65026 30
65027 21
65028 44
65029 16
65030 33
65031 40
65032 40
65033 41
65034 41
65035 32
65036 41
65037 39
65038 16
65039 37
65040 27
65041 15
65042 15
65043 41
65044 23
65045 18
65046 38
65047 22
65048 22
65049 24
65050 26
65051 34
65052 56
65053 43
65054 55
65055 31
65056 37
65057 27
65058 43
65059 34
65060 33
65061 32
65062 26
65063 18
65064 36
65065 17
65066 18
65067 43
65068 23
65069 26
65070 33
65071 38
65072 9
65073 45
65074 21
65075 22
65076 49
65077 25
65078 46
65079 43
65080 26
65081 24
65082 26
65083 13
65084 33
65085 22
65086 30
65087 22
65088 39
65089 16
65090 13
65091 42
65092 23
65093 37
65094 37
65095 6
65096 16
65097 33
65098 30
65099 32
65100 37
65101 14
65102 32
65103 22
65104 39
65105 21
65106 39
65107 28
65108 36
65109 35
65110 16
65111 41
65112 50
65113 34
65114 20
65115 35
65116 27
65117 28
65118 43
65119 36
65120 18
65121 28
65122 24
65123 21
65124 33
65125 12
65126 36
65127 39
65128 20
65129 27
65130 25
65131 51
65132 43
65133 48
65134 31
65135 25
65136 41
65137 26
65138 18
65139 42
65140 17
65141 14
65142 38
65143 29
65144 15
65145 29
65146 24
65147 29
65148 30
65149 20
65150 28
65151 63
65152 27
65153 45
65154 42
65155 15
65156 33
65157 50
65158 20
65159 38
65160 36
65161 25
65162 22
65163 34
65164 17
65165 21
65166 44
65167 32
65168 29
65169 38
65170 29
65171 42
65172 32
65173 31
65174 32
65175 38
65176 32
65177 35
65178 39
65179 27
65180 27
65181 24
65182 11
65183 15
65184 38
65185 15
65186 29
65187 32
65188 22
65189 24
65190 37
65191 36
65192 17
65193 46
65194 29
65195 30
65196 34
65197 27
65198 26
65199 52
65200 26
65201 23
65202 37
65203 13
65204 41
65205 26
65206 26
65207 28
65208 48
65209 15
65210 14
65211 48
65212 21
65213 29
65214 38
65215 26
65216 21
65217 37
65218 29
65219 34
65220 33
65221 11
65222 28
65223 40
65224 30
65225 24
65226 39
65227 33
65228 36
65229 50
65230 15
65231 47
65232 40
65233 30
65234 17
65235 43
65236 18
65237 17
65238 56
65239 34
65240 16
65241 31
65242 38
65243 23
65244 47
65245 17
65246 36
65247 46
65248 34
65249 34
65250 32
65251 47
65252 29
65253 69
65254 15
65255 37
65256 40
65257 16
65258 24
65259 50
65260 22
65261 17
65262 52
65263 22
65264 17
65265 23
65266 38
65267 23
65268 52
65269 25
65270 33
65271 46
65272 20
65273 39
65274 46
65275 21
65276 30
65277 38
65278 32
65279 32
65280 22
65281 15
65282 20
65283 32
65284 9
65285 22
65286 43
65287 26
65288 23
65289 32
65290 19
65291 30
65292 37
65293 29
65294 40
65295 40
65296 24
65297 23
65298 29
65299 34
65300 22
65301 28
65302 19
65303 28
65304 37
65305 20
65306 9
65307 46
65308 27
65309 28
65310 32
65311 38
65312 19
65313 53
65314 33
65315 22
65316 44
65317 18
65318 38
65319 49
65320 34
65321 19
65322 41
65323 22
65324 30
65325 27
65326 26
65327 27
65328 36
65329 20
65330 12
65331 47
65332 26
65333 40
65334 31
65335 21
65336 24
65337 46
65338 27
65339 30
65340 42
65341 13
65342 43
65343 30
65344 30
65345 13
65346 48
65347 22
65348 25
65349 33
65350 15
65351 39
65352 32
65353 32
65354 18
65355 34
65356 25
65357 27
65358 44
65359 35
65360 18
65361 25
65362 35
65363 22
65364 44
65365 14
65366 32
65367 35
65368 32
65369 25
65370 31
65371 24
65372 26
65373 49
65374 18
65375 26
65376 37
65377 29
65378 18
65379 53
65380 17
65381 29
65382 39
65383 21
65384 17
65385 35
65386 36
65387 31
65388 37
65389 15
65390 27
65391 57
65392 18
65393 43
65394 39
65395 27
65396 36
65397 34
65398 13
65399 29
65400 27
65401 16
65402 19
65403 29
65404 20
65405 25
65406 41
65407 25
65408 21
65409 30
65410 18
65411 34
65412 36
65413 24
65414 33
65415 31
65416 25
65417 32
65418 44
65419 28
65420 30
65421 32
65422 14
65423 16
65424 37
65425 15
65426 17
65427 35
65428 22
65429 22
65430 36
65431 38
65432 21
65433 45
65434 30
65435 25
65436 45
65437 26
65438 37
65439 54
65440 34
65441 16
65442 32
65443 21
65444 47
65445 26
65446 21
65447 25
65448 37
65449 13
65450 29
65451 51
65452 16
65453 36
65454 44
65455 26
65456 20
65457 47
65458 26
65459 50
65460 33
65461 19
65462 32
65463 42
65464 23
65465 21
65466 29
65467 20
65468 28
65469 41
65470 19
65471 34
65472 33
65473 24
65474 21
65475 39
65476 28
65477 31
65478 35
65479 40
65480 14
65481 37
65482 27
65483 32
65484 51
65485 21
65486 33
65487 42
65488 32
65489 26
65490 24
65491 31
65492 27
65493 41
65494 23
65495 25
65496 32
65497 14
65498 20
65499 49
65500 12
65501 22
65502 36
65503 16
65504 19
65505 41
65506 34
65507 25
65508 48
65509 17
65510 28
65511 52
65512 27
65513 34
65514 35
65515 24
65516 26
65517 39
65518 19
65519 22
65520 27
65521 11
65522 13
65523 25
65524 18
65525 20
65526 30
65527 15
65528 20
65529 36
65530 29
65531 39
65532 41
65533 24
65534 28
65535 47
65536 28
65537 34
65538 38
65539 42
65540 24
65541 28
65542 21
65543 21
65544 34
65545 12
65546 15
65547 30
65548 30
65549 23
65550 51
65551 35
65552 19
65553 49
65554 41
65555 24
65556 49
65557 16
65558 42
65559 57
65560 28
65561 19
65562 38
65563 20
65564 35
65565 29
65566 22
65567 24
65568 44
65569 17
65570 17
65571 43
65572 25
65573 25
65574 60
65575 18
65576 14
65577 41
65578 33
65579 27
65580 47
65581 11
65582 40
65583 31
65584 27
65585 22
65586 34
65587 26
65588 32
65589 37
65590 9
65591 32
65592 31
65593 38
65594 19
65595 30
65596 13
65597 20
65598 51
65599 28
65600 16
65601 25
65602 34
65603 20
65604 54
65605 24
65606 38
65607 36
65608 34
65609 29
65610 25
65611 49
65612 34
65613 53
65614 18
65615 30
65616 31
65617 20
65618 18
65619 52
65620 15
65621 18
65622 41
65623 20
65624 22
65625 27
65626 44
65627 21
65628 49
65629 20
65630 29
65631 47
65632 32
65633 42
65634 44
65635 23
65636 26
65637 49
65638 21
65639 29
65640 29
65641 9
65642 13
65643 33
65644 15
65645 9
65646 45
65647 21
65648 27
65649 30
65650 21
65651 36
65652 64
65653 37
65654 48
65655 33
65656 41
65657 26
65658 43
65659 47
65660 40
65661 29
65662 11
65663 22
65664 42
65665 13
65666 14
65667 40
65668 23
65669 20
65670 35
65671 36
65672 24
65673 48
65674 28
65675 25
65676 44
65677 28
65678 56
65679 43
65680 26
65681 18
65682 55
65683 21
65684 37
65685 27
65686 26
65687 24
65688 29
65689 14
65690 12
65691 38
65692 28
65693 34
65694 38
65695 16
65696 19
65697 47
65698 32
65699 26
65700 34
65701 19
65702 42
65703 33
65704 36
65705 19
65706 53
65707 22
65708 29
65709 26
65710 22
65711 37
65712 36
65713 33
65714 23
65715 38
65716 19
65717 24
65718 35
65719 34
65720 12
65721 39
65722 24
65723 22
65724 43
65725 15
65726 44
65727 29
65728 42
65729 28
65730 37
65731 37
65732 49
65733 50
65734 33
65735 23
65736 49
65737 23
65738 15
65739 41
65740 16
65741 25
65742 30
65743 22
65744 15
65745 29
65746 21
65747 23
65748 31
65749 17
65750 25
65751 52
65752 32
65753 34
65754 31
65755 33
65756 48
65757 33
65758 20
65759 38
65760 31
65761 13
65762 17
65763 34
65764 20
65765 13
65766 41
65767 28
65768 18
65769 40
65770 23
65771 21
65772 32
65773 33
65774 35
65775 44
65776 25
65777 41
65778 44
65779 32
65780 38
65781 28
65782 26
65783 27
65784 39
65785 12
65786 31
65787 37
65788 24
65789 20
65790 28
65791 31
65792 15
65793 44
65794 31
65795 27
65796 36
65797 20
65798 36
65799 44
65800 17
65801 23
65802 36
65803 23
65804 37
65805 30
65806 27
65807 33
65808 35
65809 24
65810 21
65811 47
65812 20
65813 26
65814 42
65815 19
65816 26
65817 32
65818 31
65819 23
65820 39
65821 21
65822 33
65823 26
65824 30
65825 17
65826 30
65827 27
65828 36
65829 39
65830 14
65831 34
65832 31
65833 30
65834 25
65835 39
65836 33
65837 29
65838 39
65839 36
65840 23
65841 27
65842 27
65843 19
65844 42
65845 17
65846 27
65847 36
65848 25
65849 20
65850 26
65851 27
65852 26
65853 63
65854 21
65855 38
65856 37
65857 20
65858 15
65859 52
65860 26
65861 15
65862 48
65863 17
65864 35
65865 33
65866 38
65867 21
65868 60
65869 19
65870 25
65871 45
65872 28
65873 36
65874 37
65875 26
65876 29
65877 44
65878 13
65879 47
65880 33
65881 12
65882 20
65883 30
65884 20
65885 15
65886 55
65887 23
65888 31
65889 22
65890 31
65891 35
65892 55
65893 34
65894 45
65895 33
65896 28
65897 28
65898 43
65899 38
65900 18
65901 37
65902 23
65903 21
65904 41
65905 15
65906 16
65907 44
65908 19
65909 21
65910 35
65911 44
65912 19
65913 48
65914 24
65915 28
65916 35
65917 28
65918 39
65919 49
65920 19
65921 20
65922 28
65923 29
65924 26
65925 45
65926 19
65927 29
65928 36
65929 28
65930 14
65931 64
65932 8
65933 34
65934 49
65935 27
65936 19
65937 45
65938 27
65939 28
65940 43
65941 14
65942 37
65943 29
65944 37
65945 16
65946 45
65947 16
65948 39
65949 36
65950 14
65951 31
65952 28
65953 35
65954 13
65955 37
65956 16
65957 35
65958 34
65959 31
65960 24
65961 23
65962 29
65963 22
65964 50
65965 9
65966 35
65967 27
65968 40
65969 17
65970 37
65971 35
65972 34
65973 47
65974 20
65975 26
65976 33
65977 32
65978 11
65979 65
65980 17
65981 20
65982 28
65983 28
65984 22
65985 29
65986 28
65987 22
65988 49
65989 18
65990 29
65991 52
65992 25
65993 24
65994 37
65995 16
65996 35
65997 38
65998 23
65999 29
66000 24
66001 20
66002 14
66003 37
66004 18
66005 24
66006 40
66007 34
66008 19
66009 34
66010 22
66011 49
66012 45
66013 20
66014 36
66015 33
66016 26
66017 18
66018 41
66019 22
66020 26
66021 25
66022 20
66023 23
66024 33
66025 27
66026 26
66027 31
66028 25
66029 25
66030 42
66031 29
66032 16
66033 34
66034 37
66035 30
66036 34
66037 28
66038 35
66039 37
66040 16
66041 20
66042 36
66043 21
66044 40
66045 27
66046 18
66047 15
66048 43
66049 19
66050 15
66051 47
66052 28
66053 33
66054 40
66055 24
66056 16
66057 38
66058 33
66059 37
66060 36
66061 13
66062 32
66063 33
66064 32
66065 11
66066 42
66067 21
66068 41
66069 36
66070 12
66071 24
66072 35
66073 30
66074 20
66075 32
66076 21
66077 40
66078 45
66079 45
66080 19
66081 34
66082 19
66083 27
66084 37
66085 14
66086 27
66087 33
66088 38
66089 23
66090 16
66091 38
66092 32
66093 54
66094 10
66095 27
66096 28
66097 30
66098 24
66099 53
66100 11
66101 13
66102 46
66103 28
66104 23
66105 30
66106 38
66107 32
66108 50
66109 17
66110 25
66111 46
66112 19
66113 35
66114 23
66115 25
66116 20
66117 38
66118 18
66119 37
66120 24
66121 15
66122 26
66123 37
66124 14
66125 27
66126 51
66127 21
66128 21
66129 33
66130 22
66131 35
66132 40
66133 38
66134 37
66135 43
66136 34
66137 39
66138 36
66139 38
66140 28
66141 33
66142 17
66143 30
66144 39
66145 17
66146 25
66147 42
66148 9
66149 26
66150 29
66151 36
66152 28
66153 45
66154 31
66155 24
66156 41
66157 27
66158 37
66159 60
66160 21
66161 21
66162 34
66163 28
66164 29
66165 36
66166 23
66167 21
66168 35
66169 24
66170 16
66171 41
66172 21
66173 34
66174 40
66175 19
66176 27
66177 39
66178 39
66179 45
66180 40
66181 19
66182 27
66183 40
66184 33
66185 21
66186 37
66187 35
66188 34
66189 30
66190 13
66191 36
66192 32
66193 25
66194 12
66195 34
66196 19
66197 22
66198 54
66199 31
66200 17
66201 31
66202 41
66203 24
66204 45
66205 18
66206 29
66207 42
66208 24
66209 29
66210 27
66211 32
66212 31
66213 49
66214 25
66215 32
66216 33
66217 28
66218 15
66219 48
66220 18
66221 22
66222 53
66223 22
66224 16
66225 33
66226 36
66227 25
66228 50
66229 13
66230 26
66231 49
66232 29
66233 40
66234 30
66235 25
66236 37
66237 49
66238 15
66239 36
66240 26
66241 16
66242 17
66243 37
66244 13
66245 20
66246 43
66247 17
66248 13
66249 25
66250 22
66251 32
66252 50
66253 32
66254 37
66255 30
66256 46
66257 34
66258 36
66259 38
66260 34
66261 23
66262 20
66263 23
66264 43
66265 15
66266 15
66267 35
66268 32
66269 23
66270 44
66271 37
66272 22
66273 36
66274 28
66275 32
66276 59
66277 30
66278 51
66279 50
66280 24
66281 13
66282 50
66283 17
66284 50
66285 22
66286 29
66287 24
66288 47
66289 13
66290 16
66291 43
66292 17
66293 39
66294 44
66295 25
66296 23
66297 39
66298 31
66299 25
66300 41
66301 14
66302 59
66303 24
66304 30
66305 11
66306 36
66307 27
66308 41
66309 40
66310 12
66311 44
66312 35
66313 31
66314 20
66315 45
66316 22
66317 26
66318 32
66319 34
66320 14
66321 39
66322 33
66323 19
66324 39
66325 22
66326 34
66327 28
66328 26
66329 12
66330 25
66331 50
66332 31
66333 60
66334 30
66335 25
66336 29
66337 23
66338 12
66339 54
66340 19
66341 33
66342 37
66343 15
66344 21
66345 38
66346 32
66347 22
66348 42
66349 24
66350 31
66351 43
66352 39
66353 29
66354 52
66355 26
66356 40
66357 41
66358 14
66359 23
66360 29
66361 14
66362 14
66363 27
66364 16
66365 26
66366 42
66367 25
66368 19
66369 39
66370 28
66371 28
66372 42
66373 28
66374 40
66375 40
66376 33
66377 29
66378 43
66379 38
66380 42
66381 25
66382 21
66383 25
66384 46
66385 23
66386 27
66387 29
66388 23
66389 20
66390 35
66391 32
66392 16
66393 57
66394 25
66395 23
66396 44
66397 22
66398 33
66399 58
66400 25
66401 23
66402 49
66403 24
66404 42
66405 25
66406 23
66407 23
66408 47
66409 15
66410 13
66411 44
66412 21
66413 14
66414 43
66415 22
66416 17
66417 42
66418 41
66419 14
66420 37
66421 22
66422 34
66423 27
66424 30
66425 25
66426 45
66427 20
66428 26
66429 32
66430 26
66431 40
66432 31
66433 36
66434 22
66435 34
66436 20
66437 15
66438 51
66439 38
66440 12
66441 27
66442 29
66443 21
66444 39
66445 13
66446 30
66447 39
66448 22
66449 22
66450 26
66451 32
66452 32
66453 41
66454 27
66455 28
66456 34
66457 24
66458 18
66459 44
66460 18
66461 16
66462 41
66463 29
66464 16
66465 35
66466 24
66467 21
66468 27
66469 14
66470 23
66471 57
66472 20
66473 36
66474 34
66475 24
66476 33
66477 47
66478 13
66479 38
66480 32
66481 14
66482 12
66483 28
66484 29
66485 21
66486 33
66487 17
66488 26
66489 33
66490 29
66491 27
66492 39
66493 36
66494 39
66495 36
66496 40
66497 25
66498 35
66499 23
66500 29
66501 30
66502 29
66503 22
66504 46
66505 14
66506 16
66507 35
66508 17
66509 30
66510 39
66511 40
66512 24
66513 40
66514 34
66515 25
66516 36
66517 27
66518 46
66519 33
66520 25
66521 13
66522 37
66523 26
66524 32
66525 31
66526 23
66527 22
66528 41
66529 23
66530 15
66531 49
66532 12
66533 31
66534 48
66535 25
66536 27
66537 35
66538 44
66539 30
66540 30
66541 21
66542 31
66543 33
66544 30
66545 15
66546 30
66547 20
66548 29
66549 29
66550 15
66551 29
66552 29
66553 23
66554 17
66555 42
66556 21
66557 26
66558 43
66559 31
66560 13
66561 30
66562 42
66563 23
66564 47
66565 15
66566 30
66567 32
66568 31
66569 18
66570 27
66571 27
66572 35
66573 49
66574 29
66575 25
66576 36
66577 27
66578 13
66579 56
66580 15
66581 18
66582 32
66583 26
66584 15
66585 20
66586 32
66587 20
66588 61
66589 12
66590 34
66591 32
66592 34
66593 27
66594 56
66595 28
66596 38
66597 35
66598 16
66599 27
66600 33
66601 25
66602 11
66603 33
66604 23
66605 21
66606 39
66607 14
66608 26
66609 30
66610 26
66611 30
66612 55
66613 20
66614 45
66615 30
66616 43
66617 22
66618 38
66619 37
66620 39
66621 34
66622 15
66623 29
66624 39
66625 22
66626 17
66627 56
66628 22
66629 32
66630 28
66631 44
66632 26
66633 58
66634 28
66635 43
66636 39
66637 17
66638 55
66639 59
66640 15
66641 20
66642 43
66643 25
66644 29
66645 23
66646 31
66647 29
66648 29
66649 14
66650 16
66651 62
66652 18
66653 47
66654 40
66655 32
66656 15
66657 49
66658 32
66659 46
66660 32
66661 13
66662 41
66663 29
66664 27
66665 18
66666 37
66667 13
66668 33
66669 24
66670 14
66671 25
66672 41
66673 30
66674 26
66675 32
66676 22
66677 40
66678 46
66679 37
66680 12
66681 35
66682 29
66683 17
66684 30
66685 18
66686 36
66687 32
66688 32
66689 19
66690 25
66691 33
66692 41
66693 47
66694 17
66695 15
66696 36
66697 16
66698 19
66699 49
66700 28
66701 20
66702 43
66703 22
66704 18
66705 37
66706 25
66707 29
66708 40
66709 12
66710 17
66711 64
66712 31
66713 36
66714 38
66715 16
66716 36
66717 40
66718 21
66719 31
66720 39
66721 11
66722 13
66723 32
66724 27
66725 27
66726 57
66727 31
66728 22
66729 42
66730 26
66731 46
66732 35
66733 29
66734 35
66735 40
66736 33
66737 30
66738 41
66739 39
66740 28
66741 28
66742 7
66743 21
66744 40
66745 17
66746 26
66747 26
66748 19
66749 21
66750 35
66751 49
66752 15
66753 65
66754 26
66755 23
66756 44
66757 34
66758 46
66759 70
66760 24
66761 14
66762 35
66763 28
66764 32
66765 31
66766 19
66767 26
66768 34
66769 12
66770 22
66771 55
66772 14
66773 27
66774 41
66775 15
66776 12
66777 51
66778 29
66779 34
66780 36
66781 20
66782 38
66783 29
66784 26
66785 21
66786 33
66787 16
66788 29
66789 33
66790 17
66791 27
66792 37
66793 25
66794 25
66795 36
66796 9
66797 31
66798 37
66799 35
66800 21
66801 33
66802 17
66803 23
66804 43
66805 16
66806 28
66807 47
66808 29
66809 31
66810 25
66811 49
66812 33
66813 48
66814 19
66815 29
66816 32
66817 23
66818 10
66819 51
66820 12
66821 27
66822 38
66823 27
66824 27
66825 36
66826 37
66827 25
66828 48
66829 17
66830 30
66831 54
66832 29
66833 32
66834 45
66835 28
66836 42
66837 53
66838 14
66839 38
66840 28
66841 27
66842 14
66843 41
66844 28
66845 21
66846 42
66847 32
66848 34
66849 30
66850 26
66851 43
66852 44
66853 31
66854 48
66855 30
66856 22
66857 19
66858 45
66859 43
66860 34
66861 32
66862 25
66863 22
66864 29
66865 20
66866 17
66867 32
66868 17
66869 28
66870 30
66871 28
66872 25
66873 48
66874 25
66875 23
66876 47
66877 31
66878 38
66879 45
66880 28
66881 19
66882 35
66883 25
66884 37
66885 20
66886 18
66887 20
66888 37
66889 16
66890 18
66891 50
66892 17
66893 41
66894 41
66895 17
66896 15
66897 40
66898 33
66899 36
66900 46
66901 13
66902 49
66903 32
66904 36
66905 20
66906 47
66907 25
66908 36
66909 26
66910 8
66911 32
66912 32
66913 27
66914 22
66915 37
66916 15
66917 35
66918 43
66919 37
66920 11
66921 25
66922 28
66923 18
66924 50
66925 16
66926 33
66927 39
66928 20
66929 26
66930 28
66931 38
66932 27
66933 54
66934 14
66935 34
66936 36
66937 23
66938 14
66939 42
66940 10
66941 24
66942 42
66943 20
66944 23
66945 28
66946 29
66947 23
66948 38
66949 15
66950 23
66951 51
66952 22
66953 38
66954 39
66955 18
66956 33
66957 35
66958 13
66959 33
66960 32
66961 16
66962 19
66963 28
66964 14
66965 26
66966 38
66967 23
66968 23
66969 34
66970 21
66971 45
66972 47
66973 36
66974 33
66975 29
66976 31
66977 23
66978 41
66979 37
66980 40
66981 20
66982 24
66983 23
66984 50
66985 13
66986 18
66987 31
66988 22
66989 24
66990 38
66991 35
66992 20
66993 65
66994 27
66995 32
66996 43
66997 36
66998 41
66999 54
67000 24
67001 19
67002 39
67003 27
67004 46
67005 30
67006 24
67007 19
67008 43
67009 12
67010 16
67011 36
67012 22
67013 34
67014 42
67015 21
67016 24
67017 49
67018 23
67019 25
67020 37
67021 15
67022 36
67023 35
67024 40
67025 15
67026 28
67027 17
67028 32
67029 24
67030 21
67031 28
67032 25
67033 28
67034 16
67035 33
67036 20
67037 24
67038 47
67039 25
67040 11
67041 34
67042 33
67043 25
67044 39
67045 14
67046 21
67047 26
67048 22
67049 18
67050 27
67051 36
67052 32
67053 47
67054 28
67055 17
67056 36
67057 24
67058 10
67059 46
67060 28
67061 22
67062 55
67063 22
67064 21
67065 32
67066 22
67067 24
67068 38
67069 17
67070 25
67071 47
67072 21
67073 23
67074 41
67075 23
67076 44
67077 38
67078 26
67079 32
67080 32
67081 22
67082 20
67083 30
67084 25
67085 16
67086 42
67087 32
67088 14
67089 32
67090 23
67091 29
67092 29
67093 28
67094 24
67095 44
67096 32
67097 26
67098 32
67099 28
67100 32
67101 34
67102 19
67103 26
67104 48
67105 20
67106 23
67107 36
67108 23
67109 21
67110 43
67111 39
67112 24
67113 40
67114 35
67115 23
67116 61
67117 21
67118 40
67119 43
67120 28
67121 33
67122 42
67123 26
67124 38
67125 33
67126 17
67127 31
67128 37
67129 15
67130 23
67131 51
67132 31
67133 32
67134 52
67135 19
67136 24
67137 29
67138 42
67139 17
67140 46
67141 14
67142 33
67143 30
67144 36
67145 27
67146 32
67147 21
67148 31
67149 32
67150 22
67151 39
67152 30
67153 28
67154 19
67155 45
67156 23
67157 24
67158 50
67159 46
67160 19
67161 34
67162 38
67163 26
67164 42
67165 14
67166 35
67167 33
67168 31
67169 20
67170 25
67171 27
67172 27
67173 52
67174 23
67175 26
67176 31
67177 36
67178 18
67179 59
67180 11
67181 16
67182 41
67183 21
67184 21
67185 27
67186 34
67187 27
67188 49
67189 18
67190 20
67191 40
67192 32
67193 26
67194 25
67195 26
67196 23
67197 35
67198 12
67199 48
67200 22
67201 13
67202 17
67203 28
67204 21
67205 15
67206 43
67207 20
67208 18
67209 22
67210 35
67211 36
67212 55
67213 32
67214 40
67215 33
67216 42
67217 33
67218 49
67219 28
67220 27
67221 28
67222 27
67223 23
67224 48
67225 22
67226 19
67227 36
67228 24
67229 26
67230 40
67231 48
67232 23
67233 57
67234 30
67235 22
67236 49
67237 29
67238 43
67239 41
67240 31
67241 18
67242 43
67243 22
67244 43
67245 29
67246 31
67247 20
67248 47
67249 14
67250 16
67251 64
67252 23
67253 38
67254 48
67255 23
67256 20
67257 40
67258 36
67259 35
67260 29
67261 10
67262 31
67263 29
67264 41
67265 19
67266 39
67267 24
67268 35
67269 21
67270 13
67271 32
67272 36
67273 21
67274 24
67275 28
67276 26
67277 35
67278 42
67279 38
67280 17
67281 26
67282 34
67283 26
67284 37
67285 14
67286 35
67287 33
67288 26
67289 16
67290 31
67291 25
67292 37
67293 44
67294 30
67295 27
67296 35
67297 31
67298 25
67299 64
67300 18
67301 21
67302 49
67303 26
67304 13
67305 27
67306 32
67307 29
67308 41
67309 12
67310 30
67311 51
67312 30
67313 35
67314 35
67315 16
67316 39
67317 39
67318 17
67319 32
67320 31
67321 14
67322 22
67323 37
67324 18
67325 27
67326 42
67327 22
67328 17
67329 42
67330 24
67331 33
67332 43
67333 29
67334 35
67335 32
67336 36
67337 33
67338 40
67339 31
67340 38
67341 29
67342 11
67343 19
67344 34
67345 20
67346 23
67347 34
67348 30
67349 27
67350 37
67351 43
67352 21
67353 66
67354 30
67355 33
67356 43
67357 29
67358 39
67359 60
67360 22
67361 24
67362 35
67363 18
67364 33
67365 32
67366 26
67367 26
67368 36
67369 11
67370 15
67371 40
67372 20
67373 27
67374 47
67375 27
67376 25
67377 46
67378 32
67379 40
67380 32
67381 19
67382 27
67383 39
67384 37
67385 20
67386 38
67387 25
67388 34
67389 30
67390 7
67391 30
67392 29
67393 26
67394 24
67395 27
67396 9
67397 21
67398 38
67399 23
67400 18
67401 30
67402 34
67403 22
67404 42
67405 15
67406 37
67407 43
67408 32
67409 27
67410 26
67411 39
67412 28
67413 60
67414 17
67415 28
67416 33
67417 23
67418 20
67419 54
67420 14
67421 17
67422 33
67423 28
67424 9
67425 27
67426 35
67427 20
67428 45
67429 23
67430 22
67431 62
67432 30
67433 56
67434 35
67435 19
67436 26
67437 47
67438 13
67439 43
67440 25
67441 21
67442 20
67443 28
67444 14
67445 15
67446 46
67447 11
67448 25
67449 33
67450 29
67451 21
67452 54
67453 26
67454 39
67455 37
67456 35
67457 37
67458 36
67459 42
67460 28
67461 34
67462 13
67463 25
67464 35
67465 23
67466 18
67467 34
67468 26
67469 16
67470 34
67471 33
67472 26
67473 42
67474 36
67475 21
67476 34
67477 14
67478 42
67479 61
67480 14
67481 22
67482 28
67483 25
67484 38
67485 35
67486 26
67487 33
67488 40
67489 18
67490 8
67491 55
67492 22
67493 27
67494 41
67495 22
67496 23
67497 42
67498 35
67499 32
67500 35
67501 20
67502 35
67503 31
67504 36
67505 20
67506 35
67507 23
67508 30
67509 33
67510 12
67511 39
67512 30
67513 25
67514 17
67515 27
67516 17
67517 24
67518 45
67519 27
67520 12
67521 26
67522 29
67523 26
67524 44
67525 16
67526 36
67527 40
67528 30
67529 23
67530 30
67531 34
67532 23
67533 48
67534 11
67535 30
67536 27
67537 30
67538 12
67539 57
67540 11
67541 30
67542 38
67543 34
67544 14
67545 30
67546 29
67547 29
67548 37
67549 19
67550 33
67551 55
67552 22
67553 39
67554 45
67555 23
67556 33
67557 38
67558 12
67559 26
67560 21
67561 17
67562 26
67563 35
67564 14
67565 24
67566 53
67567 29
67568 13
67569 44
67570 22
67571 29
67572 34
67573 31
67574 42
67575 40
67576 37
67577 29
67578 39
67579 32
67580 26
67581 23
67582 15
67583 15
67584 38
67585 16
67586 15
67587 28
67588 13
67589 16
67590 30
67591 34
67592 16
67593 52
67594 19
67595 25
67596 45
67597 14
67598 44
67599 39
67600 16
67601 15
67602 40
67603 19
67604 54
67605 29
67606 22
67607 27
67608 33
67609 15
67610 17
67611 55
67612 20
67613 25
67614 48
67615 30
67616 27
67617 41
67618 35
67619 41
67620 35
67621 19
67622 41
67623 29
67624 35
67625 17
67626 37
67627 28
67628 50
67629 30
67630 22
67631 33
67632 36
67633 17
67634 24
67635 38
67636 24
67637 40
67638 34
67639 30
67640 20
67641 31
67642 29
67643 28
67644 33
67645 21
67646 25
67647 40
67648 24
67649 22
67650 26
67651 41
67652 36
67653 64
67654 29
67655 27
67656 32
67657 25
67658 22
67659 57
67660 21
67661 29
67662 37
67663 20
67664 17
67665 32
67666 30
67667 27
67668 36
67669 19
67670 25
67671 32
67672 25
67673 36
67674 35
67675 21
67676 33
67677 48
67678 22
67679 19
67680 23
67681 12
67682 19
67683 30
67684 23
67685 26
67686 49
67687 24
67688 14
67689 29
67690 26
67691 46
67692 35
67693 33
67694 25
67695 41
67696 31
67697 17
67698 27
67699 42
67700 28
67701 26
67702 21
67703 17
67704 39
67705 16
67706 24
67707 33
67708 34
67709 24
67710 47
67711 29
67712 21
67713 45
67714 29
67715 30
67716 47
67717 29
67718 29
67719 47
67720 19
67721 28
67722 32
67723 21
67724 32
67725 27
67726 27
67727 30
67728 59
67729 16
67730 14
67731 56
67732 34
67733 29
67734 59
67735 27
67736 16
67737 39
67738 47
67739 32
67740 48
67741 15
67742 33
67743 36
67744 35
67745 25
67746 31
67747 27
67748 25
67749 39
67750 22
67751 30
67752 43
67753 29
67754 27
67755 36
67756 28
67757 24
67758 68
67759 34
67760 21
67761 25
67762 30
67763 23
67764 55
67765 15
67766 35
67767 37
67768 27
67769 28
67770 30
67771 44
67772 26
67773 57
67774 19
67775 25
67776 35
67777 33
67778 22
67779 48
67780 20
67781 17
67782 51
67783 32
67784 24
67785 29
67786 35
67787 17
67788 52
67789 22
67790 37
67791 33
67792 28
67793 33
67794 31
67795 19
67796 26
67797 52
67798 15
67799 38
67800 25
67801 15
67802 13
67803 40
67804 16
67805 16
67806 44
67807 21
67808 34
67809 30
67810 21
67811 39
67812 64
67813 25
67814 25
67815 38
67816 36
67817 22
67818 33
67819 30
67820 24
67821 33
67822 13
67823 25
67824 38
67825 11
67826 20
67827 39
67828 16
67829 21
67830 29
67831 37
67832 32
67833 45
67834 29
67835 24
67836 46
67837 34
67838 53
67839 38
67840 25
67841 20
67842 42
67843 25
67844 38
67845 31
67846 23
67847 26
67848 48
67849 16
67850 15
67851 55
67852 20
67853 37
67854 34
67855 27
67856 15
67857 43
67858 43
67859 29
67860 33
67861 23
67862 42
67863 25
67864 38
67865 13
67866 52
67867 19
67868 49
67869 29
67870 28
67871 27
67872 28
67873 26
67874 27
67875 36
67876 11
67877 24
67878 36
67879 38
67880 14
67881 31
67882 27
67883 21
67884 49
67885 12
67886 43
67887 38
67888 42
67889 15
67890 31
67891 28
67892 41
67893 47
67894 28
67895 26
67896 35
67897 29
67898 5
67899 56
67900 23
67901 19
67902 31
67903 26
67904 18
67905 31
67906 32
67907 30
67908 44
67909 14
67910 28
67911 41
67912 38
67913 24
67914 38
67915 32
67916 29
67917 41
67918 22
67919 37
67920 27
67921 21
67922 15
67923 29
67924 12
67925 22
67926 41
67927 19
67928 15
67929 29
67930 19
67931 26
67932 48
67933 34
67934 37
67935 29
67936 38
67937 27
67938 41
67939 36
67940 32
67941 26
67942 17
67943 27
67944 44
67945 21
67946 23
67947 31
67948 23
67949 16
67950 40
67951 35
67952 20
67953 42
67954 28
67955 23
67956 45
67957 12
67958 43
67959 49
67960 25
67961 28
67962 35
67963 17
67964 38
67965 36
67966 19
67967 24
67968 39
67969 25
67970 19
67971 43
67972 15
67973 26
67974 48
67975 19
67976 14
67977 29
67978 28
67979 32
67980 38
67981 19
67982 33
67983 36
67984 33
67985 25
67986 44
67987 25
67988 33
67989 37
67990 11
67991 33
67992 35
67993 25
67994 26
67995 36
67996 21
67997 20
67998 38
67999 41
68000 17
68001 25
68002 28
68003 24
68004 43
68005 13
68006 43
68007 42
68008 40
68009 22
68010 35
68011 29
68012 36
68013 49
68014 26
68015 17
68016 30
68017 28
68018 12
68019 40
68020 14
68021 20
68022 28
68023 25
68024 21
68025 30
68026 27
68027 21
68028 49
68029 12
68030 26
68031 46
68032 32
68033 31
68034 32
68035 20
68036 29
68037 43
68038 13
68039 32
68040 21
68041 12
68042 18
68043 31
68044 12
68045 15
68046 46
68047 13
68048 21
68049 26
68050 31
68051 29
68052 44
68053 31
68054 31
68055 38
68056 30
68057 40
68058 37
68059 31
68060 27
68061 28
68062 20
68063 31
68064 40
68065 8
68066 22
68067 32
68068 23
68069 25
68070 38
68071 27
68072 15
68073 41
68074 27
68075 25
68076 44
68077 20
68078 41
68079 58
68080 25
68081 26
68082 40
68083 16
68084 43
68085 36
68086 20
68087 24
68088 36
68089 25
68090 16
68091 47
68092 9
68093 34
68094 37
68095 21
68096 14
68097 34
68098 26
68099 28
68100 29
68101 17
68102 37
68103 29
68104 43
68105 17
68106 33
68107 28
68108 35
68109 48
68110 12
68111 42
68112 31
68113 53
68114 14
68115 39
68116 21
68117 26
68118 38
68119 34
68120 15
68121 28
68122 25
68123 20
68124 52
68125 13
68126 44
68127 28
68128 37
68129 25
68130 40
68131 43
68132 32
68133 64
68134 35
68135 42
68136 27
68137 35
68138 12
68139 55
68140 14
68141 18
68142 35
68143 26
68144 11
68145 24
68146 24
68147 29
68148 49
68149 18
68150 24
68151 52
68152 39
68153 36
68154 40
68155 18
68156 32
68157 44
68158 19
68159 43
68160 34
68161 22
68162 12
68163 39
68164 18
68165 21
68166 33
68167 38
68168 23
68169 36
68170 32
68171 35
68172 50
68173 19
68174 48
68175 32
68176 39
68177 28
68178 50
68179 27
68180 29
68181 30
68182 13
68183 14
68184 40
68185 23
68186 24
68187 51
68188 17
68189 30
68190 40
68191 51
68192 10
68193 56
68194 31
68195 18
68196 43
68197 18
68198 42
68199 47
68200 21
68201 8
68202 35
68203 19
68204 35
68205 20
68206 17
68207 23
68208 31
68209 16
68210 14
68211 60
68212 26
68213 42
68214 38
68215 18
68216 21
68217 32
68218 14
68219 32
68220 30
68221 16
68222 30
68223 27
68224 26
68225 18
68226 34
68227 25
68228 43
68229 33
68230 14
68231 46
68232 37
68233 28
68234 21
68235 36
68236 25
68237 41
68238 40
68239 34
68240 19
68241 30
68242 28
68243 31
68244 48
68245 17
68246 22
68247 50
68248 31
68249 20
68250 31
68251 53
68252 43
68253 53
68254 17
68255 27
68256 41
68257 28
68258 21
68259 54
68260 20
68261 14
68262 36
68263 25
68264 15
68265 37
68266 35
68267 34
68268 42
68269 29
68270 29
68271 66
68272 24
68273 37
68274 28
68275 29
68276 33
68277 52
68278 23
68279 29
68280 30
68281 14
68282 15
68283 19
68284 26
68285 18
68286 45
68287 16
68288 25
68289 34
68290 24
68291 40
68292 36
68293 35
68294 39
68295 36
68296 27
68297 36
68298 37
68299 31
68300 27
68301 23
68302 22
68303 16
68304 46
68305 13
68306 20
68307 31
68308 14
68309 27
68310 43
68311 46
68312 23
68313 42
68314 30
68315 24
68316 37
68317 19
68318 38
68319 41
68320 20
68321 26
68322 40
68323 14
68324 33
68325 28
68326 20
68327 26
68328 41
68329 19
68330 23
68331 45
68332 25
68333 29
68334 47
68335 20
68336 22
68337 38
68338 27
68339 29
68340 34
68341 16
68342 32
68343 41
68344 26
68345 19
68346 31
68347 37
68348 31
68349 37
68350 14
68351 33
68352 32
68353 33
68354 20
68355 43
68356 32
68357 18
68358 53
68359 30
68360 21
68361 30
68362 38
68363 30
68364 41
68365 27
68366 35
68367 30
68368 39
68369 27
68370 29
68371 44
68372 20
68373 58
68374 32
68375 22
68376 33
68377 25
68378 20
68379 54
68380 19
68381 24
68382 45
68383 18
68384 11
68385 26
68386 33
68387 25
68388 36
68389 20
68390 28
68391 51
68392 22
68393 47
68394 43
68395 23
68396 24
68397 40
68398 17
68399 38
68400 17
68401 13
68402 29
68403 37
68404 18
68405 21
68406 35
68407 21
68408 16
68409 35
68410 32
68411 28
68412 46
68413 20
68414 33
68415 33
68416 25
68417 33
68418 38
68419 27
68420 27
68421 30
68422 11
68423 15
68424 35
68425 13
68426 18
68427 33
68428 25
68429 29
68430 34
68431 31
68432 24
68433 52
68434 29
68435 20
68436 50
68437 25
68438 40
68439 43
68440 32
68441 19
68442 40
68443 26
68444 32
68445 26
68446 24
68447 33
68448 30
68449 11
68450 14
68451 48
68452 19
68453 40
68454 48
68455 22
68456 31
68457 36
68458 26
68459 29
68460 47
68461 14
68462 45
68463 32
68464 32
68465 16
68466 43
68467 17
68468 42
68469 31
68470 13
68471 37
68472 33
68473 32
68474 17
68475 51
68476 14
68477 30
68478 42
68479 44
68480 24
68481 28
68482 32
68483 26
68484 44
68485 18
68486 51
68487 30
68488 29
68489 18
68490 30
68491 33
68492 36
68493 59
68494 27
68495 23
68496 32
68497 21
68498 15
68499 61
68500 14
68501 17
68502 37
68503 19
68504 22
68505 36
68506 32
68507 27
68508 51
68509 19
68510 37
68511 52
68512 31
68513 26
68514 42
68515 22
68516 33
68517 41
68518 28
68519 30
68520 30
68521 10
68522 17
68523 37
68524 16
68525 24
68526 38
68527 27
68528 23
68529 33
68530 28
68531 34
68532 49
68533 22
68534 40
68535 29
68536 27
68537 23
68538 42
68539 28
68540 27
68541 17
68542 15
68543 14
68544 39
68545 13
68546 14
68547 25
68548 13
68549 30
68550 40
68551 36
68552 17
68553 62
68554 25
68555 24
68556 35
68557 20
68558 29
68559 53
68560 22
68561 17
68562 27
68563 30
68564 37
68565 24
68566 23
68567 22
68568 34
68569 19
68570 20
68571 53
68572 29
68573 24
68574 53
68575 23
68576 29
68577 46
68578 29
68579 38
68580 35
68581 18
68582 28
68583 35
68584 31
68585 16
68586 40
68587 23
68588 36
68589 37
68590 30
68591 24
68592 37
68593 30
68594 25
68595 28
68596 29
68597 17
68598 46
68599 42
68600 7
68601 31
68602 31
68603 21
68604 39
68605 20
68606 28
68607 44
68608 37
68609 17
68610 38
68611 29
68612 33
68613 45
68614 17
68615 21
68616 42
68617 23
68618 21
68619 42
68620 18
68621 14
68622 41
68623 20
68624 13
68625 29
68626 26
68627 24
68628 47
68629 18
68630 28
68631 51
68632 26
68633 36
68634 37
68635 23
68636 35
68637 42
68638 14
68639 19
68640 32
68641 12
68642 18
68643 31
68644 25
68645 21
68646 32
68647 26
68648 21
68649 34
68650 24
68651 36
68652 47
68653 32
68654 30
68655 31
68656 28
68657 31
68658 37
68659 36
68660 26
68661 23
68662 16
68663 24
68664 43
68665 4
68666 19
68667 39
68668 23
68669 22
68670 40
68671 29
68672 20
68673 47
68674 40
68675 16
68676 42
68677 29
68678 42
68679 39
68680 33
68681 21
68682 43
68683 22
68684 49
68685 30
68686 19
68687 29
68688 41
68689 23
68690 19
68691 35
68692 18
68693 31
68694 57
68695 23
68696 28
68697 33
68698 44
68699 29
68700 44
68701 18
68702 40
68703 29
68704 30
68705 12
68706 49
68707 32
68708 36
68709 35
68710 14
68711 34
68712 32
68713 37
68714 26
68715 30
68716 16
68717 29
68718 50
68719 27
68720 17
68721 34
68722 31
68723 25
68724 40
68725 22
68726 32
68727 37
68728 31
68729 23
68730 34
68731 41
68732 26
68733 58
68734 24
68735 31
68736 38
68737 25
68738 16
68739 52
68740 13
68741 20
68742 33
68743 18
68744 19
68745 25
68746 28
68747 21
68748 44
68749 13
68750 31
68751 55
68752 33
68753 46
68754 42
68755 26
68756 35
68757 41
68758 22
68759 44
68760 24
68761 18
68762 15
68763 31
68764 20
68765 19
68766 45
68767 27
68768 20
68769 30
68770 23
68771 34
68772 55
68773 27
68774 34
68775 37
68776 34
68777 34
68778 43
68779 38
68780 37
68781 32
68782 17
68783 26
68784 50
68785 13
68786 17
68787 35
68788 17
68789 15
68790 31
68791 32
68792 19
68793 52
68794 23
68795 24
68796 45
68797 25
68798 56
68799 44
68800 19
68801 18
68802 42
68803 15
68804 40
68805 36
68806 28
68807 20
68808 40
68809 21
68810 15
68811 46
68812 13
68813 39
68814 38
68815 19
68816 26
68817 38
68818 37
68819 28
68820 30
68821 15
68822 34
68823 33
68824 25
68825 25
68826 27
68827 27
68828 28
68829 32
68830 14
68831 45
68832 32
68833 29
68834 25
68835 38
68836 18
68837 34
68838 29
68839 37
68840 10
68841 31
68842 27
68843 27
68844 39
68845 17
68846 27
68847 42
68848 20
68849 30
68850 32
68851 46
68852 39
68853 45
68854 25
68855 31
68856 43
68857 18
68858 23
68859 55
68860 26
68861 23
68862 36
68863 28
68864 21
68865 29
68866 26
68867 35
68868 43
68869 23
68870 27
68871 55
68872 27
68873 29
68874 39
68875 32
68876 43
68877 41
68878 23
68879 44
68880 32
68881 12
68882 17
68883 35
68884 16
68885 19
68886 37
68887 29
68888 18
68889 40
68890 26
68891 39
68892 39
68893 41
68894 31
68895 41
68896 29
68897 31
68898 38
68899 34
68900 27
68901 30
68902 23
68903 19
68904 53
68905 13
68906 26
68907 31
68908 23
68909 18
68910 42
68911 28
68912 19
68913 44
68914 33
68915 32
68916 44
68917 28
68918 37
68919 37
68920 20
68921 21
68922 32
68923 22
68924 39
68925 32
68926 26
68927 23
68928 49
68929 23
68930 15
68931 50
68932 27
68933 30
68934 49
68935 18
68936 20
68937 49
68938 28
68939 32
68940 36
68941 20
68942 35
68943 28
68944 22
68945 24
68946 25
68947 30
68948 25
68949 32
68950 9
68951 27
68952 36
68953 26
68954 17
68955 34
68956 21
68957 23
68958 40
68959 32
68960 18
68961 26
68962 20
68963 18
68964 36
68965 17
68966 32
68967 37
68968 28
68969 25
68970 34
68971 38
68972 29
68973 46
68974 21
68975 35
68976 36
68977 21
68978 13
68979 71
68980 12
68981 23
68982 47
68983 20
68984 25
68985 33
68986 38
68987 19
68988 48
68989 13
68990 39
68991 46
68992 27
68993 47
68994 42
68995 25
68996 37
68997 42
68998 18
68999 43
69000 22
69001 15
69002 13
69003 33
69004 24
69005 20
69006 43
69007 26
69008 31
69009 36
69010 24
69011 29
69012 53
69013 29
69014 42
69015 35
69016 26
69017 23
69018 34
69019 33
69020 29
69021 31
69022 18
69023 27
69024 33
69025 26
69026 14
69027 25
69028 19
69029 18
69030 34
69031 39
69032 25
69033 45
69034 28
69035 24
69036 48
69037 29
69038 38
69039 44
69040 19
69041 15
69042 25
69043 14
69044 28
69045 28
69046 13
69047 27
69048 31
69049 27
69050 19
69051 47
69052 20
69053 30
69054 32
69055 24
69056 26
69057 43
69058 34
69059 27
69060 35
69061 19
69062 35
69063 32
69064 31
69065 18
69066 36
69067 20
69068 30
69069 28
69070 17
69071 36
69072 24
69073 24
69074 14
69075 36
69076 31
69077 34
69078 49
69079 29
69080 19
69081 25
69082 22
69083 19
69084 49
69085 11
69086 38
69087 38
69088 36
69089 26
69090 38
69091 43
69092 37
69093 54
69094 27
69095 31
69096 39
69097 26
69098 17
69099 60
69100 9
69101 18
69102 44
69103 35
69104 19
69105 31
69106 24
69107 18
69108 51
69109 18
69110 36
69111 51
69112 21
69113 36
69114 35
69115 15
69116 37
69117 43
69118 14
69119 36
69120 24
69121 23
69122 16
69123 38
69124 10
69125 18
69126 24
69127 30
69128 23
69129 31
69130 20
69131 49
69132 38
69133 29
69134 32
69135 45
69136 32
69137 29
69138 39
69139 25
69140 26
69141 20
69142 17
69143 23
69144 44
69145 14
69146 18
69147 29
69148 17
69149 34
69150 32
69151 26
69152 11
69153 34
69154 24
69155 28
69156 41
69157 26
69158 41
69159 37
69160 21
69161 20
69162 31
69163 16
69164 40
69165 20
69166 26
69167 24
69168 55
69169 23
69170 18
69171 52
69172 15
69173 41
69174 37
69175 43
69176 21
69177 46
69178 31
69179 39
69180 42
69181 21
69182 33
69183 36
69184 32
69185 13
69186 34
69187 23
69188 38
69189 24
69190 19
69191 26
69192 37
69193 34
69194 12
69195 37
69196 25
69197 29
69198 44
69199 45
69200 15
69201 45
69202 32
69203 26
69204 37
69205 14
69206 31
69207 40
69208 31
69209 14
69210 28
69211 39
69212 32
69213 55
69214 22
69215 18
69216 36
69217 26
69218 20
69219 50
69220 21
69221 19
69222 46
69223 20
69224 20
69225 33
69226 42
69227 22
69228 47
69229 15
69230 30
69231 41
69232 27
69233 24
69234 41
69235 18
69236 39
69237 41
69238 36
69239 30
69240 28
69241 12
69242 21
69243 23
69244 18
69245 17
69246 42
69247 26
69248 19
69249 33
69250 24
69251 34
69252 49
69253 14
69254 36
69255 47
69256 38
69257 27
69258 37
69259 38
69260 25
69261 28
69262 19
69263 14
69264 36
69265 23
69266 19
69267 39
69268 28
69269 21
69270 39
69271 35
69272 10
69273 48
69274 26
69275 23
69276 50
69277 20
69278 46
69279 60
69280 20
69281 20
69282 43
69283 26
69284 33
69285 36
69286 17
69287 27
69288 27
69289 22
69290 23
69291 52
69292 42
69293 29
69294 57
69295 25
69296 34
69297 38
69298 46
69299 29
69300 42
69301 21
69302 37
69303 33
69304 41
69305 33
69306 37
69307 25
69308 36
69309 39
69310 12
69311 46
69312 36
69313 25
69314 19
69315 37
69316 29
69317 25
69318 63
69319 33
69320 17
69321 29
69322 37
69323 23
69324 48
69325 23
69326 31
69327 33
69328 26
69329 24
69330 25
69331 30
69332 34
69333 60
69334 17
69335 19
69336 37
69337 31
69338 16
69339 41
69340 12
69341 20
69342 37
69343 16
69344 22
69345 33
69346 35
69347 22
69348 34
69349 16
69350 32
69351 39
69352 31
69353 21
69354 39
69355 30
69356 35
69357 35
69358 18
69359 31
69360 24
69361 14
69362 21
69363 33
69364 12
69365 21
69366 38
69367 20
69368 12
69369 31
69370 26
69371 30
69372 41
69373 26
69374 30
69375 35
69376 43
69377 24
69378 38
69379 34
69380 28
69381 23
69382 19
69383 30
69384 38
69385 12
69386 22
69387 34
69388 18
69389 29
69390 40
69391 34
69392 20
69393 48
69394 32
69395 21
69396 42
69397 21
69398 34
69399 52
69400 32
69401 19
69402 43
69403 24
69404 42
69405 27
69406 27
69407 23
69408 38
69409 29
69410 14
69411 46
69412 22
69413 34
69414 47
69415 28
69416 31
69417 47
69418 46
69419 26
69420 43
69421 17
69422 43
69423 25
69424 41
69425 25
69426 46
69427 25
69428 39
69429 36
69430 14
69431 23
69432 44
69433 43
69434 15
69435 32
69436 19
69437 24
69438 39
69439 33
69440 11
69441 36
69442 34
69443 20
69444 41
69445 16
69446 33
69447 37
69448 25
69449 22
69450 27
69451 29
69452 30
69453 48
69454 31
69455 31
69456 30
69457 26
69458 14
69459 50
69460 12
69461 24
69462 44
69463 23
69464 16
69465 32
69466 39
69467 30
69468 36
69469 12
69470 24
69471 44
69472 31
69473 31
69474 36
69475 24
69476 36
69477 38
69478 17
69479 47
69480 31
69481 23
69482 18
69483 43
69484 19
69485 30
69486 48
69487 28
69488 15
69489 27
69490 33
69491 34
69492 36
69493 25
69494 41
69495 38
69496 24
69497 21
69498 40
69499 35
69500 32
69501 34
69502 15
69503 24
69504 35
69505 10
69506 17
69507 40
69508 26
69509 28
69510 34
69511 35
69512 22
69513 54
69514 27
69515 23
69516 37
69517 31
69518 45
69519 42
69520 28
69521 17
69522 31
69523 19
69524 38
69525 29
69526 21
69527 20
69528 35
69529 13
69530 10
69531 49
69532 23
69533 37
69534 50
69535 25
69536 23
69537 42
69538 41
69539 33
69540 37
69541 19
69542 34
69543 21
69544 38
69545 21
69546 44
69547 21
69548 29
69549 32
69550 15
69551 31
69552 33
69553 24
69554 18
69555 23
69556 23
69557 21
69558 48
69559 24
69560 17
69561 26
69562 42
69563 23
69564 44
69565 22
69566 24
69567 37
69568 21
69569 19
69570 23
69571 41
69572 28
69573 33
69574 19
69575 30
69576 39
69577 20
69578 20
69579 58
69580 25
69581 19
69582 35
69583 25
69584 17
69585 26
69586 32
69587 33
69588 39
69589 17
69590 32
69591 51
69592 20
69593 36
69594 29
69595 34
69596 34
69597 52
69598 18
69599 34
69600 26
69601 21
69602 18
69603 43
69604 17
69605 22
69606 43
69607 21
69608 24
69609 37
69610 23
69611 24
69612 41
69613 24
69614 36
69615 31
69616 45
69617 40
69618 43
69619 37
69620 29
69621 33
69622 15
69623 31
69624 32
69625 13
69626 21
69627 39
69628 17
69629 19
69630 47
69631 31
69632 21
69633 50
69634 36
69635 27
69636 50
69637 21
69638 36
69639 41
69640 15
69641 21
69642 40
69643 17
69644 40
69645 28
69646 18
69647 13
69648 39
69649 16
69650 14
69651 40
69652 22
69653 24
69654 43
69655 24
69656 26
69657 41
69658 27
69659 34
69660 38
69661 17
69662 39
69663 38
69664 30
69665 16
69666 24
69667 23
69668 34
69669 34
69670 23
69671 31
69672 34
69673 24
69674 18
69675 51
69676 17
69677 24
69678 28
69679 31
69680 8
69681 36
69682 27
69683 25
69684 40
69685 18
69686 31
69687 31
69688 32
69689 15
69690 24
69691 28
69692 30
69693 42
69694 14
69695 24
69696 40
69697 26
69698 16
69699 49
69700 12
69701 32
69702 41
69703 25
69704 27
69705 23
69706 32
69707 27
69708 49
69709 13
69710 37
69711 65
69712 27
69713 37
69714 49
69715 23
69716 36
69717 41
69718 19
69719 33
69720 23
69721 16
69722 20
69723 29
69724 24
69725 24
69726 47
69727 21
69728 38
69729 40
69730 26
69731 37
69732 40
69733 38
69734 45
69735 38
69736 38
69737 31
69738 37
69739 32
69740 26
69741 28
69742 18
69743 20
69744 30
69745 10
69746 11
69747 50
69748 18
69749 28
69750 26
69751 57
69752 22
69753 65
69754 24
69755 43
69756 30
69757 18
69758 38
69759 71
69760 19
69761 16
69762 46
69763 21
69764 30
69765 26
69766 17
69767 17
69768 37
69769 11
69770 16
69771 43
69772 9
69773 50
69774 37
69775 20
69776 17
69777 46
69778 25
69779 42
69780 34
69781 11
69782 43
69783 27
69784 36
69785 18
69786 43
69787 27
69788 42
69789 28
69790 17
69791 36
69792 43
69793 27
69794 16
69795 32
69796 19
69797 34
69798 47
69799 42
69800 15
69801 33
69802 33
69803 19
69804 48
69805 19
69806 45
69807 29
69808 28
69809 13
69810 26
69811 41
69812 39
69813 53
69814 23
69815 21
69816 30
69817 28
69818 22
69819 54
69820 10
69821 24
69822 35
69823 22
69824 21
69825 30
69826 31
69827 31
69828 44
69829 14
69830 29
69831 60
69832 28
69833 29
69834 37
69835 15
69836 37
69837 55
69838 18
69839 30
69840 30
69841 16
69842 11
69843 26
69844 22
69845 19
69846 36
69847 22
69848 26
69849 27
69850 27
69851 48
69852 38
69853 37
69854 35
69855 35
69856 19
69857 19
69858 38
69859 48
69860 26
69861 27
69862 17
69863 18
69864 28
69865 14
69866 20
69867 33
69868 28
69869 26
69870 33
69871 39
69872 16
69873 51
69874 19
69875 26
69876 41
69877 37
69878 25
69879 55
69880 23
69881 8
69882 31
69883 26
69884 24
69885 20
69886 27
69887 22
69888 35
69889 19
69890 19
69891 47
69892 21
69893 33
69894 44
69895 28
69896 15
69897 49
69898 36
69899 36
69900 39
69901 13
69902 33
69903 43
69904 36
69905 24
69906 47
69907 17
69908 22
69909 33
69910 15
69911 45
69912 45
69913 33
69914 19
69915 36
69916 38
69917 31
69918 63
69919 39
69920 14
69921 29
69922 32
69923 17
69924 56
69925 13
69926 27
69927 44
69928 28
69929 30
69930 34
69931 34
69932 34
69933 53
69934 17
69935 19
69936 35
69937 28
69938 22
69939 47
69940 23
69941 18
69942 56
69943 24
69944 26
69945 30
69946 30
69947 21
69948 65
69949 19
69950 33
69951 59
69952 30
69953 50
69954 52
69955 18
69956 36
69957 42
69958 12
69959 36
69960 35
69961 27
69962 11
69963 28
69964 22
69965 13
69966 48
69967 32
69968 34
69969 31
69970 22
69971 31
69972 57
69973 30
69974 39
69975 26
69976 27
69977 23
69978 35
69979 29
69980 32
69981 37
69982 13
69983 22
69984 34
69985 17
69986 17
69987 33
69988 10
69989 24
69990 34
69991 27
69992 22
69993 54
69994 27
69995 18
69996 46
69997 23
69998 38
69999 38
70000 24
70001 14
70002 30
70003 22
70004 46
70005 33
70006 25
70007 34
70008 32
70009 10
70010 18
70011 48
70012 14
70013 42
70014 31
70015 21
70016 19
70017 39
70018 31
70019 29
70020 46
70021 17
70022 36
70023 31
70024 48
70025 16
70026 46
70027 31
70028 39
70029 35
70030 17
70031 35
70032 30
70033 36
70034 26
70035 42
70036 11
70037 28
70038 34
70039 39
70040 14
70041 33
70042 36
70043 14
70044 55
70045 15
70046 41
70047 32
70048 35
70049 19
70050 25
70051 39
70052 40
70053 51
70054 24
70055 12
70056 26
70057 22
70058 8
70059 46
70060 16
70061 19
70062 43
70063 16
70064 17
70065 31
70066 32
70067 26
70068 42
70069 11
70070 30
70071 50
70072 31
70073 39
70074 43
70075 24
70076 28
70077 43
70078 20
70079 27
70080 26
70081 18
70082 9
70083 30
70084 20
70085 21
70086 38
70087 19
70088 13
70089 32
70090 18
70091 38
70092 45
70093 38
70094 25
70095 41
70096 35
70097 23
70098 36
70099 23
70100 37
70101 31
70102 30
70103 27
70104 51
70105 19
70106 31
70107 32
70108 25
70109 23
70110 36
70111 32
70112 17
70113 51
70114 31
70115 27
70116 33
70117 14
70118 35
70119 52
70120 23
70121 18
70122 34
70123 22
70124 39
70125 27
70126 27
70127 28
70128 50
70129 23
70130 23
70131 42
70132 20
70133 22
70134 53
70135 18
70136 18
70137 42
70138 32
70139 26
70140 34
70141 18
70142 30
70143 32
70144 34
70145 19
70146 34
70147 28
70148 44
70149 27
70150 9
70151 37
70152 40
70153 26
70154 23
70155 30
70156 28
70157 17
70158 55
70159 30
70160 22
70161 23
70162 34
70163 18
70164 39
70165 15
70166 28
70167 31
70168 24
70169 27
70170 32
70171 24
70172 34
70173 37
70174 26
70175 25
70176 27
70177 17
70178 15
70179 38
70180 12
70181 18
70182 42
70183 29
70184 31
70185 34
70186 31
70187 29
70188 52
70189 14
70190 28
70191 57
70192 30
70193 31
70194 32
70195 26
70196 30
70197 39
70198 12
70199 31
70200 27
70201 17
70202 20
70203 37
70204 20
70205 20
70206 45
70207 21
70208 28
70209 31
70210 26
70211 44
70212 32
70213 26
70214 33
70215 42
70216 28
70217 26
70218 25
70219 38
70220 19
70221 35
70222 19
70223 24
70224 34
70225 13
70226 22
70227 41
70228 26
70229 23
70230 31
70231 24
70232 23
70233 35
70234 32
70235 29
70236 45
70237 24
70238 34
70239 48
70240 32
70241 28
70242 33
70243 25
70244 28
70245 34
70246 23
70247 20
70248 38
70249 14
70250 15
70251 43
70252 19
70253 41
70254 61
70255 17
70256 27
70257 32
70258 52
70259 31
70260 42
70261 14
70262 39
70263 30
70264 39
70265 23
70266 39
70267 18
70268 35
70269 34
70270 17
70271 28
70272 32
70273 23
70274 18
70275 40
70276 26
70277 28
70278 52
70279 29
70280 17
70281 23
70282 32
70283 22
70284 46
70285 14
70286 39
70287 32
70288 25
70289 24
70290 33
70291 39
70292 28
70293 59
70294 14
70295 28
70296 24
70297 33
70298 7
70299 67
70300 20
70301 22
70302 47
70303 19
70304 17
70305 23
70306 29
70307 22
70308 47
70309 19
70310 31
70311 49
70312 37
70313 43
70314 31
70315 25
70316 25
70317 50
70318 27
70319 35
70320 19
70321 18
70322 18
70323 40
70324 16
70325 24
70326 38
70327 24
70328 16
70329 24
70330 23
70331 41
70332 49
70333 23
70334 49
70335 41
70336 32
70337 41
70338 41
70339 32
70340 26
70341 29
70342 20
70343 29
70344 39
70345 24
70346 22
70347 34
70348 31
70349 22
70350 33
70351 43
70352 22
70353 59
70354 34
70355 24
70356 50
70357 23
70358 50
70359 53
70360 24
70361 25
70362 33
70363 17
70364 39
70365 21
70366 19
70367 18
70368 49
70369 13
70370 14
70371 43
70372 26
70373 35
70374 45
70375 17
70376 26
70377 47
70378 42
70379 38
70380 29
70381 14
70382 41
70383 29
70384 34
70385 15
70386 40
70387 16
70388 32
70389 26
70390 20
70391 18
70392 19
70393 12
70394 18
70395 30
70396 20
70397 34
70398 41
70399 37
70400 25
70401 25
70402 30
70403 34
70404 42
70405 18
70406 33
70407 37
70408 26
70409 22
70410 28
70411 48
70412 43
70413 45
70414 17
70415 28
70416 38
70417 23
70418 19
70419 49
70420 15
70421 23
70422 42
70423 35
70424 18
70425 45
70426 38
70427 29
70428 42
70429 23
70430 32
70431 62
70432 30
70433 43
70434 49
70435 25
70436 39
70437 55
70438 20
70439 36
70440 31
70441 13
70442 21
70443 28
70444 17
70445 21
70446 39
70447 21
70448 14
70449 43
70450 24
70451 50
70452 37
70453 41
70454 36
70455 42
70456 35
70457 33
70458 34
70459 44
70460 27
70461 31
70462 14
70463 24
70464 33
70465 17
70466 18
70467 35
70468 19
70469 24
70470 35
70471 38
70472 21
70473 48
70474 32
70475 31
70476 37
70477 34
70478 39
70479 62
70480 23
70481 18
70482 38
70483 18
70484 21
70485 25
70486 16
70487 20
70488 38
70489 19
70490 14
70491 52
70492 18
70493 36
70494 46
70495 25
70496 14
70497 45
70498 27
70499 53
70500 39
70501 10
70502 24
70503 43
70504 22
70505 14
70506 33
70507 25
70508 31
70509 26
70510 18
70511 37
70512 32
70513 19
70514 15
70515 28
70516 15
70517 21
70518 41
70519 31
70520 20
70521 33
70522 23
70523 20
70524 39
70525 21
70526 42
70527 35
70528 33
70529 19
70530 24
70531 43
70532 32
70533 51
70534 23
70535 22
70536 40
70537 24
70538 11
70539 49
70540 19
70541 16
70542 39
70543 27
70544 18
70545 26
70546 30
70547 27
70548 39
70549 24
70550 27
70551 48
70552 32
70553 35
70554 42
70555 23
70556 31
70557 42
70558 10
70559 34
70560 21
70561 23
70562 21
70563 31
70564 18
70565 28
70566 48
70567 17
70568 21
70569 32
70570 27
70571 31
70572 49
70573 30
70574 37
70575 39
70576 28
70577 43
70578 32
70579 45
70580 28
70581 34
70582 5
70583 23
70584 32
70585 23
70586 20
70587 45
70588 33
70589 32
70590 28
70591 37
70592 20
70593 46
70594 32
70595 24
70596 48
70597 14
70598 36
70599 53
70600 20
70601 20
70602 40
70603 23
70604 32
70605 32
70606 27
70607 24
70608 36
70609 20
70610 11
70611 49
70612 19
70613 32
70614 40
70615 30
70616 13
70617 30
70618 27
70619 27
70620 34
70621 20
70622 28
70623 25
70624 45
70625 15
70626 36
70627 29
70628 32
70629 42
70630 10
70631 37
70632 25
70633 27
70634 25
70635 33
70636 9
70637 23
70638 41
70639 31
70640 20
70641 30
70642 39
70643 19
70644 55
70645 17
70646 32
70647 28
70648 26
70649 16
70650 34
70651 31
70652 37
70653 55
70654 23
70655 21
70656 39
70657 21
70658 20
70659 43
70660 14
70661 20
70662 38
70663 18
70664 20
70665 33
70666 31
70667 25
70668 51
70669 18
70670 38
70671 40
70672 28
70673 27
70674 43
70675 24
70676 39
70677 48
70678 20
70679 28
70680 20
70681 13
70682 18
70683 46
70684 11
70685 23
70686 47
70687 34
70688 22
70689 35
70690 23
70691 29
70692 40
70693 35
70694 47
70695 38
70696 37
70697 28
70698 40
70699 36
70700 29
70701 25
70702 23
70703 19
70704 32
70705 24
70706 16
70707 34
70708 22
70709 33
70710 21
70711 26
70712 21
70713 51
70714 26
70715 30
70716 34
70717 16
70718 28
70719 37
70720 21
70721 15
70722 44
70723 15
70724 42
70725 18
70726 34
70727 25
70728 43
70729 17
70730 19
70731 37
70732 16
70733 32
70734 42
70735 23
70736 13
70737 38
70738 22
70739 31
70740 23
70741 22
70742 25
70743 34
70744 27
70745 15
70746 35
70747 23
70748 55
70749 21
70750 26
70751 39
70752 42
70753 28
70754 36
70755 35
70756 21
70757 16
70758 44
70759 39
70760 25
70761 36
70762 34
70763 29
70764 43
70765 20
70766 42
70767 43
70768 30
70769 20
70770 37
70771 29
70772 40
70773 49
70774 25
70775 27
70776 43
70777 30
70778 26
70779 44
70780 16
70781 17
70782 40
70783 23
70784 18
70785 33
70786 35
70787 24
70788 45
70789 19
70790 30
70791 37
70792 28
70793 35
70794 39
70795 30
70796 29
70797 37
70798 12
70799 38
70800 26
70801 12
70802 23
70803 30
70804 25
70805 19
70806 49
70807 30
70808 21
70809 35
70810 18
70811 26
70812 58
70813 32
70814 34
70815 41
70816 33
70817 29
70818 36
70819 33
70820 30
70821 28
70822 17
70823 21
70824 46
70825 16
70826 26
70827 28
70828 20
70829 27
70830 31
70831 35
70832 18
70833 58
70834 29
70835 24
70836 36
70837 26
70838 39
70839 50
70840 19
70841 20
70842 32
70843 24
70844 31
70845 34
70846 17
70847 21
70848 42
70849 11
70850 18
70851 54
70852 25
70853 28
70854 45
70855 24
70856 26
70857 35
70858 40
70859 36
70860 39
70861 25
70862 37
70863 37
70864 39
70865 17
70866 35
70867 33
70868 29
70869 38
70870 16
70871 30
70872 33
70873 30
70874 18
70875 35
70876 37
70877 30
70878 66
70879 25
70880 18
70881 28
70882 31
70883 19
70884 63
70885 21
70886 34
70887 35
70888 32
70889 19
70890 38
70891 31
70892 22
70893 45
70894 24
70895 26
70896 32
70897 24
70898 17
70899 44
70900 19
70901 16
70902 62
70903 23
70904 25
70905 20
70906 31
70907 20
70908 48
70909 18
70910 32
70911 50
70912 29
70913 38
70914 31
70915 25
70916 22
70917 42
70918 14
70919 31
70920 27
70921 16
70922 13
70923 35
70924 22
70925 22
70926 45
70927 20
70928 30
70929 32
70930 22
70931 40
70932 55
70933 30
70934 42
70935 42
70936 47
70937 38
70938 47
70939 40
70940 30
70941 31
70942 18
70943 21
70944 39
70945 23
70946 14
70947 35
70948 24
70949 18
70950 30
70951 45
70952 12
70953 53
70954 21
70955 24
70956 63
70957 27
70958 50
70959 52
70960 26
70961 24
70962 45
70963 24
70964 43
70965 28
70966 22
70967 25
70968 53
70969 17
70970 13
70971 32
70972 19
70973 15
70974 37
70975 24
70976 17
70977 44
70978 27
70979 27
70980 43
70981 15
70982 55
70983 24
70984 38
70985 27
70986 46
70987 12
70988 40
70989 23
70990 15
70991 31
70992 27
70993 31
70994 28
70995 36
70996 16
70997 25
70998 36
70999 31
71000 22
71001 20
71002 33
71003 27
71004 41
71005 14
71006 37
71007 32
71008 29
71009 24
71010 19
71011 24
71012 37
71013 38
71014 21
71015 19
71016 35
71017 24
71018 15
71019 48
71020 26
71021 20
71022 34
71023 28
71024 17
71025 28
71026 30
71027 24
71028 46
71029 14
71030 21
71031 49
71032 28
71033 29
71034 31
71035 16
71036 40
71037 42
71038 26
71039 31
71040 35
71041 16
71042 12
71043 26
71044 14
71045 20
71046 37
71047 25
71048 16
71049 41
71050 25
71051 32
71052 45
71053 35
71054 40
71055 35
71056 42
71057 16
71058 50
71059 38
71060 42
71061 26
71062 13
71063 26
71064 38
71065 16
71066 17
71067 33
71068 10
71069 18
71070 32
71071 40
71072 18
71073 51
71074 29
71075 33
71076 41
71077 29
71078 41
71079 72
71080 32
71081 21
71082 40
71083 22
71084 39
71085 31
71086 15
71087 34
71088 44
71089 15
71090 13
71091 55
71092 19
71093 44
71094 51
71095 18
71096 10
71097 41
71098 36
71099 50
71100 35
71101 23
71102 32
71103 34
71104 32
71105 27
71106 33
71107 29
71108 29
71109 44
71110 16
71111 35
71112 35
71113 32
71114 20
71115 36
71116 10
71117 23
71118 63
71119 28
71120 13
71121 22
71122 25
71123 18
71124 37
71125 19
71126 29
71127 48
71128 26
71129 32
71130 26
71131 46
71132 26
71133 50
71134 15
71135 27
71136 35
71137 29
71138 15
71139 40
71140 20
71141 11
71142 41
71143 20
71144 15
71145 22
71146 21
71147 16
71148 33
71149 11
71150 30
71151 53
71152 28
71153 37
71154 35
71155 28
71156 32
71157 47
71158 18
71159 42
71160 33
71161 18
71162 18
71163 38
71164 20
71165 13
71166 34
71167 18
71168 22
71169 29
71170 30
71171 32
71172 32
71173 23
71174 36
71175 38
71176 25
71177 35
71178 36
71179 46
71180 24
71181 41
71182 17
71183 32
71184 42
71185 13
71186 15
71187 39
71188 15
71189 22
71190 27
71191 37
71192 19
71193 48
71194 26
71195 23
71196 44
71197 16
71198 36
71199 56
71200 23
71201 26
71202 36
71203 30
71204 29
71205 39
71206 23
71207 22
71208 35
71209 27
71210 16
71211 63
71212 23
71213 26
71214 49
71215 26
71216 17
71217 39
71218 33
71219 27
71220 38
71221 20
71222 40
71223 32
71224 30
71225 19
71226 36
71227 21
71228 32
71229 44
71230 9
71231 33
71232 23
71233 40
71234 16
71235 38
71236 23
71237 28
71238 31
71239 26
71240 19
71241 25
71242 35
71243 17
71244 35
71245 17
71246 27
71247 32
71248 28
71249 23
71250 33
71251 48
71252 28
71253 53
71254 25
71255 29
71256 31
71257 25
71258 12
71259 55
71260 16
71261 19
71262 43
71263 24
71264 13
71265 26
71266 29
71267 20
71268 43
71269 14
71270 25
71271 38
71272 33
71273 23
71274 42
71275 21
71276 42
71277 49
71278 11
71279 27
71280 32
71281 20
71282 18
71283 40
71284 15
71285 13
71286 38
71287 27
71288 16
71289 32
71290 24
71291 36
71292 49
71293 27
71294 49
71295 32
71296 30
71297 23
71298 49
71299 35
71300 32
71301 25
71302 19
71303 28
71304 35
71305 13
71306 17
71307 38
71308 20
71309 25
71310 31
71311 39
71312 14
71313 57
71314 32
71315 32
71316 46
71317 33
71318 45
71319 37
71320 26
71321 26
71322 33
71323 22
71324 37
71325 27
71326 20
71327 29
71328 33
71329 20
71330 16
71331 61
71332 11
71333 50
71334 44
71335 31
71336 17
71337 43
71338 27
71339 28
71340 40
71341 19
71342 31
71343 33
71344 26
71345 22
71346 42
71347 23
71348 35
71349 28
71350 16
71351 27
71352 35
71353 40
71354 18
71355 32
71356 19
71357 35
71358 35
71359 22
71360 20
71361 33
71362 33
71363 22
71364 37
71365 19
71366 39
71367 36
71368 33
71369 24
71370 27
71371 48
71372 37
71373 42
71374 28
71375 22
71376 41
71377 26
71378 7
71379 45
71380 28
71381 14
71382 37
71383 20
71384 29
71385 37
71386 34
71387 30
71388 43
71389 22
71390 31
71391 56
71392 28
71393 28
71394 40
71395 24
71396 34
71397 35
71398 31
71399 36
71400 26
71401 11
71402 24
71403 30
71404 26
71405 23
71406 42
71407 25
71408 16
71409 38
71410 23
71411 44
71412 47
71413 25
71414 27
71415 41
71416 30
71417 30
71418 41
71419 29
71420 29
71421 26
71422 26
71423 30
71424 50
71425 16
71426 20
71427 37
71428 18
71429 25
71430 37
71431 39
71432 16
71433 58
71434 30
71435 24
71436 47
71437 25
71438 43
71439 51
71440 25
71441 20
71442 41
71443 31
71444 31
71445 43
71446 16
71447 22
71448 37
71449 16
71450 18
71451 36
71452 24
71453 34
71454 47
71455 17
71456 28
71457 45
71458 27
71459 24
71460 34
71461 16
71462 41
71463 38
71464 37
71465 24
71466 32
71467 24
71468 35
71469 30
71470 20
71471 30
71472 31
71473 25
71474 23
71475 25
71476 31
71477 25
71478 44
71479 37
71480 18
71481 28
71482 37
71483 25
71484 55
71485 17
71486 30
71487 40
71488 28
71489 35
71490 28
71491 42
71492 32
71493 64
71494 17
71495 26
71496 33
71497 21
71498 26
71499 45
71500 16
71501 16
71502 52
71503 16
71504 22
71505 29
71506 27
71507 21
71508 32
71509 18
71510 23
71511 58
71512 24
71513 32
71514 33
71515 24
71516 30
71517 35
71518 21
71519 35
71520 27
71521 11
71522 23
71523 38
71524 20
71525 15
71526 40
71527 20
71528 21
71529 31
71530 30
71531 31
71532 35
71533 30
71534 45
71535 36
71536 34
71537 22
71538 37
71539 30
71540 29
71541 26
71542 22
71543 17
71544 42
71545 16
71546 24
71547 37
71548 17
71549 30
71550 35
71551 43
71552 18
71553 56
71554 24
71555 31
71556 58
71557 24
71558 45
71559 53
71560 24
71561 14
71562 36
71563 22
71564 34
71565 30
71566 24
71567 27
71568 34
71569 22
71570 15
71571 46
71572 18
71573 41
71574 45
71575 12
71576 31
71577 50
71578 38
71579 30
71580 56
71581 13
71582 39
71583 23
71584 43
71585 19
71586 44
71587 18
71588 41
71589 23
71590 19
71591 35
71592 44
71593 22
71594 19
71595 32
71596 28
71597 21
71598 41
71599 39
71600 22
71601 24
71602 36
71603 22
71604 59
71605 20
71606 43
71607 36
71608 27
71609 19
71610 39
71611 47
71612 35
71613 40
71614 29
71615 26
71616 33
71617 21
71618 24
71619 47
71620 20
71621 17
71622 47
71623 23
71624 14
71625 30
71626 33
71627 23
71628 40
71629 13
71630 32
71631 38
71632 23
71633 25
71634 34
71635 18
71636 25
71637 43
71638 23
71639 28
71640 28
71641 21
71642 16
71643 28
71644 21
71645 19
71646 46
71647 19
71648 20
71649 25
71650 30
71651 29
71652 40
71653 21
71654 43
71655 24
71656 36
71657 15
71658 46
71659 23
71660 41
71661 27
71662 14
71663 10
71664 54
71665 16
71666 23
71667 25
71668 22
71669 26
71670 38
71671 37
71672 18
71673 52
71674 28
71675 25
71676 39
71677 33
71678 40
71679 61
71680 21
71681 16
71682 26
71683 22
71684 49
71685 27
71686 21
71687 36
71688 38
71689 15
71690 16
71691 55
71692 22
71693 33
71694 36
71695 28
71696 27
71697 46
71698 35
71699 33
71700 28
71701 23
71702 31
71703 37
71704 33
71705 19
71706 39
71707 17
71708 41
71709 27
71710 15
71711 32
71712 35
71713 25
71714 22
71715 31
71716 8
71717 27
71718 52
71719 35
71720 16
71721 34
71722 37
71723 26
71724 32
71725 21
71726 24
71727 32
71728 28
71729 28
71730 29
71731 35
71732 32
71733 39
71734 14
71735 18
71736 34
71737 14
71738 26
71739 36
71740 18
71741 16
71742 41
71743 20
71744 13
71745 26
71746 26
71747 22
71748 31
71749 22
71750 21
71751 57
71752 19
71753 44
71754 32
71755 24
71756 32
71757 37
71758 25
71759 29
71760 28
71761 18
71762 22
71763 24
71764 15
71765 19
71766 34
71767 22
71768 23
71769 27
71770 19
71771 24
71772 37
71773 20
71774 30
71775 45
71776 36
71777 37
71778 40
71779 37
71780 33
71781 41
71782 22
71783 26
71784 54
71785 11
71786 17
71787 44
71788 21
71789 25
71790 44
71791 20
71792 16
71793 41
71794 28
71795 29
71796 35
71797 23
71798 35
71799 50
71800 22
71801 33
71802 31
71803 35
71804 35
71805 26
71806 23
71807 31
71808 56
71809 12
71810 13
71811 48
71812 26
71813 35
71814 44
71815 19
71816 23
71817 33
71818 37
71819 35
71820 40
71821 21
71822 35
71823 38
71824 22
71825 17
71826 40
71827 30
71828 32
71829 24
71830 21
71831 52
71832 37
71833 34
71834 25
71835 45
71836 19
71837 30
71838 42
71839 43
71840 14
71841 34
71842 29
71843 23
71844 35
71845 15
71846 38
71847 27
71848 25
71849 24
71850 28
71851 37
71852 34
71853 76
71854 24
71855 36
71856 36
71857 30
71858 14
71859 67
71860 13
71861 25
71862 38
71863 21
71864 15
71865 23
71866 30
71867 26
71868 49
71869 18
71870 34
71871 36
71872 27
71873 24
71874 42
71875 29
71876 41
71877 50
71878 16
71879 36
71880 33
71881 16
71882 15
71883 38
71884 17
71885 21
71886 40
71887 20
71888 28
71889 31
71890 23
71891 32
71892 48
71893 29
71894 42
71895 27
71896 28
71897 22
71898 36
71899 29
71900 31
71901 29
71902 11
71903 24
71904 34
71905 18
71906 18
71907 46
71908 22
71909 22
71910 24
71911 48
71912 26
71913 57
71914 30
71915 25
71916 41
71917 28
71918 42
71919 47
71920 29
71921 20
71922 34
71923 24
71924 43
71925 24
71926 13
71927 27
71928 33
71929 16
71930 15
71931 58
71932 20
71933 45
71934 35
71935 13
71936 15
71937 63
71938 29
71939 35
71940 50
71941 18
71942 40
71943 34
71944 28
71945 24
71946 35
71947 32
71948 33
71949 27
71950 12
71951 46
71952 32
71953 26
71954 20
71955 37
71956 12
71957 39
71958 35
71959 45
71960 10
71961 29
71962 21
71963 19
71964 38
71965 21
71966 39
71967 33
71968 26
71969 23
71970 32
71971 30
71972 25
71973 50
71974 25
71975 23
71976 35
71977 37
71978 23
71979 61
71980 12
71981 11
71982 42
71983 21
71984 27
71985 32
71986 31
71987 23
71988 41
71989 17
71990 26
71991 58
71992 34
71993 41
71994 40
71995 25
71996 39
71997 42
71998 19
71999 31
72000 32
72001 14
72002 18
72003 26
72004 25
72005 18
72006 36
72007 20
72008 15
72009 33
72010 29
72011 41
72012 46
72013 20
72014 30
72015 45
72016 16
72017 35
72018 33
72019 27
72020 36
72021 28
72022 25
72023 19
72024 42
72025 10
72026 21
72027 27
72028 35
72029 19
72030 35
72031 44
72032 15
72033 52
72034 28
72035 24
72036 35
72037 29
72038 32
72039 53
72040 26
72041 15
72042 34
72043 20
72044 37
72045 32
72046 32
72047 29
72048 46
72049 18
72050 19
72051 51
72052 26
72053 34
72054 40
72055 28
72056 21
72057 52
72058 25
72059 46
72060 30
72061 15
72062 32
72063 35
72064 28
72065 18
72066 36
72067 25
72068 29
72069 33
72070 14
72071 34
72072 29
72073 37
72074 17
72075 30
72076 24
72077 33
72078 37
72079 33
72080 12
72081 28
72082 31
72083 22
72084 49
72085 19
72086 26
72087 43
72088 27
72089 25
72090 33
72091 35
72092 29
72093 49
72094 24
72095 26
72096 30
72097 21
72098 11
72099 46
72100 22
72101 22
72102 58
72103 17
72104 22
72105 26
72106 44
72107 23
72108 54
72109 21
72110 19
72111 59
72112 33
72113 46
72114 45
72115 23
72116 32
72117 47
72118 20
72119 32
72120 31
72121 18
72122 11
72123 34
72124 19
72125 20
72126 46
72127 33
72128 26
72129 33
72130 27
72131 36
72132 48
72133 35
72134 35
72135 38
72136 24
72137 35
72138 33
72139 42
72140 23
72141 35
72142 9
72143 23
72144 29
72145 22
72146 17
72147 34
72148 21
72149 16
72150 45
72151 27
72152 28
72153 45
72154 22
72155 22
72156 44
72157 26
72158 44
72159 45
72160 22
72161 20
72162 32
72163 21
72164 29
72165 28
72166 27
72167 27
72168 29
72169 11
72170 15
72171 58
72172 23
72173 32
72174 50
72175 24
72176 21
72177 31
72178 29
72179 35
72180 42
72181 15
72182 35
72183 30
72184 28
72185 16
72186 47
72187 19
72188 17
72189 30
72190 19
72191 34
72192 27
72193 35
72194 18
72195 32
72196 17
72197 30
72198 38
72199 28
72200 18
72201 32
72202 28
72203 15
72204 64
72205 11
72206 49
72207 24
72208 45
72209 16
72210 32
72211 42
72212 40
72213 44
72214 21
72215 26
72216 36
72217 18
72218 13
72219 56
72220 13
72221 20
72222 43
72223 19
72224 21
72225 26
72226 38
72227 22
72228 40
72229 16
72230 31
72231 38
72232 32
72233 25
72234 33
72235 21
72236 37
72237 46
72238 30
72239 32
72240 20
72241 16
72242 15
72243 26
72244 24
72245 24
72246 48
72247 31
72248 23
72249 47
72250 23
72251 24
72252 40
72253 22
72254 34
72255 40
72256 28
72257 21
72258 39
72259 31
72260 25
72261 28
72262 33
72263 14
72264 37
72265 13
72266 27
72267 40
72268 32
72269 25
72270 39
72271 33
72272 10
72273 50
72274 31
72275 34
72276 45
72277 12
72278 43
72279 48
72280 21
72281 19
72282 46
72283 14
72284 48
72285 29
72286 28
72287 19
72288 41
72289 12
72290 19
72291 42
72292 25
72293 44
72294 36
72295 27
72296 18
72297 44
72298 29
72299 40
72300 39
72301 20
72302 30
72303 43
72304 40
72305 26
72306 36
72307 25
72308 47
72309 25
72310 10
72311 35
72312 34
72313 26
72314 24
72315 28
72316 23
72317 23
72318 40
72319 28
72320 14
72321 33
72322 26
72323 25
72324 45
72325 26
72326 36
72327 36
72328 38
72329 27
72330 30
72331 17
72332 40
72333 45
72334 28
72335 27
72336 42
72337 19
72338 20
72339 50
72340 9
72341 21
72342 33
72343 22
72344 21
72345 24
72346 40
72347 27
72348 48
72349 16
72350 32
72351 29
72352 32
72353 25
72354 41
72355 20
72356 37
72357 26
72358 25
72359 23
72360 26
72361 11
72362 25
72363 29
72364 12
72365 18
72366 39
72367 25
72368 36
72369 46
72370 32
72371 30
72372 50
72373 38
72374 33
72375 38
72376 45
72377 16
72378 37
72379 39
72380 29
72381 25
72382 18
72383 15
72384 33
72385 13
72386 23
72387 32
72388 22
72389 21
72390 35
72391 37
72392 20
72393 47
72394 32
72395 24
72396 45
72397 27
72398 33
72399 57
72400 21
72401 21
72402 35
72403 28
72404 24
72405 33
72406 29
72407 28
72408 32
72409 19
72410 15
72411 50
72412 20
72413 34
72414 56
72415 19
72416 36
72417 35
72418 43
72419 28
72420 37
72421 14
72422 22
72423 35
72424 48
72425 24
72426 36
72427 24
72428 29
72429 34
72430 13
72431 38
72432 34
72433 28
72434 9
72435 28
72436 21
72437 28
72438 47
72439 23
72440 17
72441 23
72442 33
72443 25
72444 39
72445 8
72446 36
72447 42
72448 35
72449 28
72450 30
72451 47
72452 34
72453 57
72454 18
72455 23
72456 36
72457 22
72458 15
72459 58
72460 15
72461 25
72462 39
72463 26
72464 18
72465 28
72466 22
72467 21
72468 42
72469 14
72470 35
72471 47
72472 26
72473 30
72474 29
72475 25
72476 30
72477 48
72478 15
72479 42
72480 23
72481 18
72482 12
72483 46
72484 16
72485 19
72486 48
72487 27
72488 16
72489 27
72490 29
72491 39
72492 45
72493 23
72494 42
72495 27
72496 37
72497 28
72498 40
72499 26
72500 28
72501 32
72502 18
72503 33
72504 42
72505 18
72506 24
72507 41
72508 18
72509 32
72510 37
72511 30
72512 19
72513 39
72514 37
72515 25
72516 41
72517 23
72518 40
72519 35
72520 26
72521 25
72522 33
72523 20
72524 43
72525 29
72526 30
72527 20
72528 46
72529 16
72530 12
72531 64
72532 27
72533 51
72534 52
72535 27
72536 19
72537 46
72538 35
72539 35
72540 45
72541 18
72542 44
72543 36
72544 33
72545 23
72546 47
72547 13
72548 41
72549 27
72550 10
72551 26
72552 42
72553 22
72554 15
72555 41
72556 19
72557 46
72558 36
72559 48
72560 16
72561 38
72562 33
72563 31
72564 40
72565 18
72566 31
72567 33
72568 34
72569 11
72570 33
72571 34
72572 29
72573 37
72574 13
72575 25
72576 21
72577 21
72578 12
72579 58
72580 6
72581 30
72582 33
72583 25
72584 19
72585 45
72586 33
72587 40
72588 35
72589 26
72590 23
72591 39
72592 23
72593 24
72594 42
72595 23
72596 27
72597 31
72598 14
72599 29
72600 36
72601 20
72602 20
72603 33
72604 18
72605 21
72606 48
72607 25
72608 17
72609 50
72610 24
72611 47
72612 42
72613 41
72614 42
72615 38
72616 32
72617 31
72618 51
72619 35
72620 41
72621 28
72622 28
72623 18
72624 34
72625 16
72626 33
72627 34
72628 15
72629 16
72630 31
72631 42
72632 12
72633 65
72634 31
72635 20
72636 39
72637 34
72638 33
72639 62
72640 29
72641 18
72642 36
72643 18
72644 35
72645 29
72646 24
72647 19
72648 38
72649 23
72650 10
72651 32
72652 27
72653 26
72654 35
72655 21
72656 19
72657 47
72658 36
72659 34
72660 37
72661 7
72662 33
72663 27
72664 27
72665 18
72666 33
72667 31
72668 30
72669 32
72670 14
72671 32
72672 28
72673 24
72674 18
72675 44
72676 12
72677 29
72678 43
72679 43
72680 14
72681 32
72682 22
72683 20
72684 35
72685 16
72686 37
72687 37
72688 30
72689 19
72690 26
72691 41
72692 32
72693 52
72694 23
72695 36
72696 32
72697 22
72698 18
72699 58
72700 15
72701 23
72702 34
72703 30
72704 21
72705 32
72706 30
72707 23
72708 42
72709 21
72710 27
72711 56
72712 24
72713 28
72714 30
72715 24
72716 27
72717 43
72718 15
72719 34
72720 32
72721 27
72722 23
72723 35
72724 23
72725 20
72726 44
72727 27
72728 21
72729 23
72730 28
72731 29
72732 47
72733 42
72734 26
72735 36
72736 43
72737 37
72738 33
72739 31
72740 28
72741 29
72742 16
72743 19
72744 40
72745 17
72746 22
72747 37
72748 37
72749 27
72750 51
72751 33
72752 20
72753 45
72754 43
72755 24
72756 44
72757 22
72758 29
72759 53
72760 16
72761 17
72762 33
72763 20
72764 33
72765 30
72766 19
72767 22
72768 45
72769 15
72770 9
72771 40
72772 18
72773 33
72774 56
72775 36
72776 22
72777 45
72778 23
72779 37
72780 32
72781 14
72782 30
72783 35
72784 29
72785 17
72786 32
72787 35
72788 28
72789 34
72790 9
72791 39
72792 32
72793 32
72794 17
72795 39
72796 15
72797 21
72798 40
72799 41
72800 14
72801 42
72802 26
72803 22
72804 35
72805 23
72806 25
72807 32
72808 30
72809 22
72810 34
72811 45
72812 30
72813 58
72814 22
72815 25
72816 37
72817 20
72818 16
72819 45
72820 26
72821 23
72822 43
72823 13
72824 19
72825 28
72826 30
72827 29
72828 53
72829 18
72830 32
72831 48
72832 27
72833 33
72834 46
72835 17
72836 46
72837 36
72838 19
72839 32
72840 28
72841 16
72842 19
72843 32
72844 18
72845 17
72846 45
72847 32
72848 22
72849 27
72850 19
72851 32
72852 37
72853 31
72854 50
72855 40
72856 26
72857 25
72858 36
72859 38
72860 34
72861 30
72862 17
72863 20
72864 34
72865 18
72866 17
72867 45
72868 25
72869 24
72870 21
72871 39
72872 20
72873 56
72874 30
72875 22
72876 45
72877 19
72878 45
72879 45
72880 19
72881 13
72882 34
72883 19
72884 40
72885 26
72886 20
72887 24
72888 29
72889 21
72890 9
72891 45
72892 21
72893 26
72894 44
72895 25
72896 18
72897 38
72898 37
72899 32
72900 37
72901 16
72902 30
72903 30
72904 33
72905 16
72906 35
72907 16
72908 40
72909 22
72910 23
72911 28
72912 41
72913 23
72914 19
72915 19
72916 18
72917 24
72918 46
72919 23
72920 10
72921 29
72922 23
72923 26
72924 45
72925 17
72926 28
72927 40
72928 28
72929 22
72930 35
72931 35
72932 36
72933 48
72934 26
72935 24
72936 35
72937 38
72938 26
72939 48
72940 15
72941 24
72942 41
72943 24
72944 21
72945 31
72946 22
72947 26
72948 44
72949 20
72950 29
72951 57
72952 27
72953 37
72954 37
72955 19
72956 44
72957 40
72958 19
72959 29
72960 33
72961 19
72962 18
72963 26
72964 29
72965 21
72966 34
72967 24
72968 23
72969 35
72970 21
72971 33
72972 50
72973 31
72974 40
72975 38
72976 27
72977 26
72978 42
72979 32
72980 30
72981 27
72982 21
72983 22
72984 44
72985 18
72986 17
72987 30
72988 30
72989 20
72990 51
72991 39
72992 28
72993 56
72994 28
72995 26
72996 51
72997 26
72998 47
72999 51
73000 24
73001 16
73002 35
73003 26
73004 35
73005 26
73006 25
73007 31
73008 48
73009 21
73010 26
73011 51
73012 16
73013 23
73014 45
73015 19
73016 27
73017 39
73018 42
73019 34
73020 27
73021 18
73022 31
73023 42
73024 27
73025 23
73026 32
73027 31
73028 32
73029 43
73030 13
73031 43
73032 43
73033 21
73034 25
73035 29
73036 26
73037 26
73038 54
73039 26
73040 15
73041 30
73042 41
73043 20
73044 40
73045 18
73046 27
73047 35
73048 30
73049 33
73050 26
73051 41
73052 39
73053 50
73054 30
73055 25
73056 35
73057 23
73058 13
73059 40
73060 14
73061 16
73062 68
73063 29
73064 24
73065 25
73066 34
73067 21
73068 45
73069 17
73070 36
73071 42
73072 29
73073 40
73074 42
73075 24
73076 28
73077 36
73078 19
73079 22
73080 26
73081 22
73082 11
73083 30
73084 19
73085 19
73086 52
73087 21
73088 37
73089 26
73090 27
73091 22
73092 44
73093 25
73094 33
73095 38
73096 45
73097 23
73098 37
73099 32
73100 29
73101 27
73102 12
73103 24
73104 39
73105 19
73106 20
73107 36
73108 26
73109 16
73110 36
73111 26
73112 24
73113 49
73114 31
73115 23
73116 53
73117 19
73118 42
73119 41
73120 21
73121 14
73122 44
73123 16
73124 29
73125 23
73126 33
73127 29
73128 37
73129 25
73130 19
73131 57
73132 14
73133 40
73134 53
73135 38
73136 13
73137 44
73138 26
73139 41
73140 46
73141 13
73142 39
73143 26
73144 45
73145 21
73146 44
73147 26
73148 34
73149 39
73150 12
73151 38
73152 50
73153 41
73154 22
73155 45
73156 12
73157 27
73158 37
73159 36
73160 16
73161 21
73162 34
73163 17
73164 40
73165 18
73166 54
73167 23
73168 25
73169 24
73170 36
73171 24
73172 48
73173 55
73174 9
73175 24
73176 32
73177 26
73178 17
73179 56
73180 12
73181 31
73182 25
73183 28
73184 19
73185 31
73186 26
73187 33
73188 40
73189 15
73190 35
73191 52
73192 17
73193 32
73194 42
73195 20
73196 29
73197 40
73198 22
73199 36
73200 24
73201 14
73202 12
73203 33
73204 12
73205 26
73206 42
73207 28
73208 24
73209 35
73210 18
73211 43
73212 34
73213 31
73214 34
73215 29
73216 30
73217 19
73218 35
73219 31
73220 35
73221 23
73222 13
73223 18
73224 47
73225 16
73226 27
73227 41
73228 20
73229 23
73230 39
73231 39
73232 17
73233 64
73234 34
73235 36
73236 35
73237 25
73238 40
73239 49
73240 22
73241 12
73242 33
73243 15
73244 45
73245 27
73246 20
73247 20
73248 37
73249 14
73250 23
73251 48
73252 21
73253 39
73254 49
73255 9
73256 15
73257 47
73258 36
73259 47
73260 45
73261 25
73262 31
73263 38
73264 37
73265 29
73266 32
73267 22
73268 39
73269 33
73270 18
73271 36
73272 37
73273 22
73274 19
73275 33
73276 24
73277 34
73278 49
73279 25
73280 10
73281 20
73282 30
73283 24
73284 51
73285 13
73286 26
73287 43
73288 27
73289 27
73290 32
73291 37
73292 30
73293 47
73294 23
73295 15
73296 35
73297 27
73298 14
73299 45
73300 14
73301 14
73302 45
73303 15
73304 19
73305 26
73306 26
73307 30
73308 44
73309 18
73310 24
73311 70
73312 21
73313 36
73314 28
73315 34
73316 31
73317 39
73318 13
73319 36
73320 26
73321 16
73322 18
73323 24
73324 26
73325 5
73326 45
73327 21
73328 42
73329 24
73330 22
73331 33
73332 43
73333 25
73334 33
73335 30
73336 24
73337 32
73338 39
73339 27
73340 28
73341 27
73342 22
73343 26
73344 39
73345 18
73346 16
73347 39
73348 27
73349 21
73350 29
73351 44
73352 22
73353 41
73354 33
73355 26
73356 47
73357 15
73358 33
73359 67
73360 23
73361 28
73362 30
73363 20
73364 30
73365 30
73366 15
73367 23
73368 36
73369 25
73370 19
73371 42
73372 18
73373 36
73374 38
73375 17
73376 18
73377 48
73378 38
73379 23
73380 29
73381 17
73382 36
73383 32
73384 36
73385 24
73386 42
73387 29
73388 28
73389 49
73390 11
73391 20
73392 33
73393 27
73394 18
73395 45
73396 25
73397 29
73398 34
73399 37
73400 20
73401 21
73402 33
73403 18
73404 35
73405 9
73406 36
73407 25
73408 21
73409 18
73410 24
73411 38
73412 27
73413 51
73414 16
73415 30
73416 21
73417 23
73418 11
73419 49
73420 14
73421 23
73422 30
73423 25
73424 17
73425 37
73426 33
73427 21
73428 40
73429 13
73430 27
73431 60
73432 25
73433 46
73434 35
73435 27
73436 37
73437 57
73438 14
73439 43
73440 25
73441 13
73442 20
73443 33
73444 18
73445 20
73446 38
73447 25
73448 19
73449 30
73450 30
73451 42
73452 49
73453 27
73454 39
73455 30
73456 40
73457 21
73458 56
73459 45
73460 28
73461 36
73462 18
73463 24
73464 41
73465 12
73466 20
73467 44
73468 28
73469 24
73470 33
73471 35
73472 14
73473 53
73474 34
73475 25
73476 48
73477 35
73478 60
73479 45
73480 29
73481 20
73482 44
73483 24
73484 42
73485 36
73486 17
73487 27
73488 28
73489 17
73490 17
73491 48
73492 17
73493 29
73494 41
73495 23
73496 14
73497 37
73498 31
73499 16
73500 47
73501 11
73502 47
73503 34
73504 32
73505 15
73506 40
73507 21
73508 28
73509 38
73510 20
73511 34
73512 30
73513 30
73514 17
73515 39
73516 17
73517 30
73518 54
73519 25
73520 15
73521 27
73522 17
73523 31
73524 50
73525 16
73526 26
73527 35
73528 29
73529 25
73530 27
73531 55
73532 47
73533 57
73534 14
73535 29
73536 45
73537 22
73538 11
73539 64
73540 17
73541 25
73542 33
73543 26
73544 24
73545 30
73546 32
73547 26
73548 39
73549 28
73550 34
73551 47
73552 25
73553 33
73554 41
73555 30
73556 43
73557 45
73558 29
73559 34
73560 30
73561 21
73562 19
73563 30
73564 14
73565 13
73566 35
73567 24
73568 21
73569 37
73570 27
73571 33
73572 41
73573 31
73574 33
73575 41
73576 34
73577 29
73578 41
73579 30
73580 22
73581 25
73582 21
73583 14
73584 25
73585 21
73586 16
73587 35
73588 23
73589 29
73590 39
73591 41
73592 19
73593 58
73594 27
73595 32
73596 43
73597 31
73598 33
73599 57
73600 21
73601 27
73602 42
73603 21
73604 32
73605 21
73606 15
73607 26
73608 44
73609 21
73610 21
73611 50
73612 28
73613 31
73614 43
73615 27
73616 21
73617 41
73618 35
73619 33
73620 28
73621 21
73622 28
73623 34
73624 37
73625 19
73626 35
73627 23
73628 35
73629 31
73630 22
73631 35
73632 38
73633 25
73634 27
73635 30
73636 19
73637 26
73638 51
73639 31
73640 15
73641 24
73642 30
73643 23
73644 40
73645 17
73646 27
73647 36
73648 30
73649 21
73650 32
73651 26
73652 38
73653 37
73654 19
73655 25
73656 43
73657 25
73658 14
73659 42
73660 12
73661 13
73662 53
73663 26
73664 17
73665 26
73666 29
73667 31
73668 51
73669 16
73670 31
73671 36
73672 31
73673 35
73674 31
73675 30
73676 27
73677 40
73678 18
73679 38
73680 26
73681 12
73682 18
73683 32
73684 17
73685 18
73686 45
73687 26
73688 19
73689 32
73690 23
73691 28
73692 38
73693 37
73694 46
73695 39
73696 36
73697 28
73698 37
73699 44
73700 27
73701 32
73702 19
73703 22
73704 37
73705 24
73706 22
73707 33
73708 21
73709 23
73710 38
73711 46
73712 29
73713 47
73714 28
73715 23
73716 53
73717 24
73718 49
73719 47
73720 25
73721 16
73722 36
73723 22
73724 40
73725 37
73726 16
73727 22
73728 32
73729 22
73730 12
73731 53
73732 24
73733 39
73734 47
73735 24
73736 25
73737 45
73738 25
73739 28
73740 47
73741 12
73742 32
73743 28
73744 42
73745 18
73746 28
73747 24
73748 26
73749 31
73750 15
73751 35
73752 22
73753 28
73754 25
73755 37
73756 21
73757 31
73758 48
73759 32
73760 21
73761 23
73762 43
73763 21
73764 66
73765 16
73766 41
73767 37
73768 29
73769 27
73770 32
73771 25
73772 39
73773 48
73774 27
73775 26
73776 38
73777 23
73778 19
73779 40
73780 15
73781 14
73782 37
73783 25
73784 21
73785 27
73786 33
73787 18
73788 57
73789 12
73790 42
73791 46
73792 37
73793 40
73794 39
73795 18
73796 40
73797 47
73798 15
73799 41
73800 23
73801 19
73802 27
73803 36
73804 18
73805 15
73806 37
73807 31
73808 18
73809 39
73810 29
73811 33
73812 41
73813 32
73814 39
73815 42
73816 37
73817 25
73818 41
73819 34
73820 27
73821 28
73822 10
73823 22
73824 35
73825 21
73826 27
73827 29
73828 29
73829 22
73830 33
73831 37
73832 27
73833 60
73834 26
73835 29
73836 42
73837 23
73838 38
73839 38
73840 16
73841 13
73842 34
73843 16
73844 41
73845 26
73846 21
73847 21
73848 35
73849 20
73850 14
73851 49
73852 15
73853 40
73854 55
73855 27
73856 18
73857 39
73858 30
73859 41
73860 24
73861 18
73862 33
73863 30
73864 33
73865 15
73866 27
73867 18
73868 43
73869 26
73870 9
73871 30
73872 36
73873 22
73874 27
73875 37
73876 17
73877 31
73878 38
73879 31
73880 18
73881 28
73882 27
73883 24
73884 51
73885 18
73886 35
73887 44
73888 38
73889 30
73890 36
73891 36
73892 38
73893 41
73894 25
73895 24
73896 42
73897 10
73898 24
73899 43
73900 18
73901 15
73902 36
73903 21
73904 13
73905 26
73906 25
73907 22
73908 34
73909 29
73910 28
73911 56
73912 27
73913 27
73914 31
73915 21
73916 33
73917 34
73918 14
73919 29
73920 27
73921 16
73922 16
73923 33
73924 9
73925 17
73926 38
73927 21
73928 26
73929 30
73930 20
73931 42
73932 25
73933 37
73934 36
73935 36
73936 39
73937 30
73938 35
73939 37
73940 26
73941 27
73942 19
73943 20
73944 36
73945 17
73946 14
73947 29
73948 27
73949 21
73950 36
73951 24
73952 23
73953 47
73954 32
73955 20
73956 37
73957 23
73958 40
73959 57
73960 15
73961 26
73962 36
73963 28
73964 35
73965 29
73966 22
73967 38
73968 40
73969 15
73970 11
73971 41
73972 28
73973 23
73974 52
73975 27
73976 25
73977 37
73978 41
73979 26
73980 34
73981 19
73982 29
73983 34
73984 39
73985 28
73986 32
73987 24
73988 23
73989 30
73990 18
73991 41
73992 39
73993 35
73994 15
73995 37
73996 24
73997 22
73998 56
73999 27
74000 20
74001 29
74002 35
74003 18
74004 56
74005 12
74006 43
74007 24
74008 31
74009 33
74010 39
74011 37
74012 32
74013 57
74014 20
74015 29
74016 39
74017 29
74018 24
74019 52
74020 15
74021 18
74022 50
74023 21
74024 13
74025 24
74026 41
74027 14
74028 46
74029 12
74030 38
74031 50
74032 18
74033 40
74034 45
74035 29
74036 28
74037 59
74038 6
74039 45
74040 18
74041 22
74042 17
74043 34
74044 20
74045 26
74046 38
74047 22
74048 23
74049 32
74050 22
74051 15
74052 55
74053 24
74054 36
74055 28
74056 48
74057 25
74058 47
74059 33
74060 26
74061 37
74062 20
74063 24
74064 31
74065 15
74066 14
74067 32
74068 18
74069 26
74070 25
74071 32
74072 21
74073 43
74074 33
74075 33
74076 55
74077 23
74078 42
74079 48
74080 28
74081 12
74082 43
74083 27
74084 28
74085 36
74086 18
74087 25
74088 33
74089 12
74090 16
74091 55
74092 19
74093 34
74094 34
74095 23
74096 20
74097 41
74098 32
74099 36
74100 43
74101 19
74102 39
74103 31
74104 33
74105 19
74106 35
74107 24
74108 29
74109 32
74110 19
74111 34
74112 24
74113 11
74114 11
74115 40
74116 18
74117 24
74118 47
74119 30
74120 8
74121 28
74122 33
74123 24
74124 46
74125 22
74126 48
74127 39
74128 36
74129 25
74130 39
74131 31
74132 24
74133 56
74134 30
74135 25
74136 40
74137 35
74138 17
74139 49
74140 17
74141 20
74142 28
74143 19
74144 11
74145 28
74146 28
74147 19
74148 43
74149 14
74150 31
74151 45
74152 37
74153 41
74154 47
74155 19
74156 45
74157 42
74158 14
74159 41
74160 24
74161 22
74162 19
74163 36
74164 9
74165 20
74166 37
74167 15
74168 24
74169 32
74170 23
74171 31
74172 37
74173 31
74174 33
74175 33
74176 38
74177 33
74178 40
74179 44
74180 43
74181 27
74182 22
74183 20
74184 49
74185 14
74186 19
74187 49
74188 25
74189 22
74190 35
74191 46
74192 23
74193 62
74194 25
74195 37
74196 40
74197 20
74198 36
74199 66
74200 22
74201 20
74202 37
74203 24
74204 41
74205 31
74206 45
74207 25
74208 50
74209 20
74210 16
74211 71
74212 30
74213 28
74214 41
74215 32
74216 13
74217 55
74218 45
74219 39
74220 41
74221 16
74222 30
74223 33
74224 33
74225 21
74226 28
74227 25
74228 26
74229 38
74230 15
74231 31
74232 35
74233 39
74234 16
74235 36
74236 24
74237 36
74238 50
74239 36
74240 13
74241 28
74242 30
74243 33
74244 42
74245 25
74246 29
74247 26
74248 28
74249 13
74250 27
74251 44
74252 27
74253 48
74254 25
74255 20
74256 30
74257 28
74258 15
74259 52
74260 18
74261 20
74262 47
74263 18
74264 17
74265 26
74266 26
74267 26
74268 42
74269 21
74270 27
74271 49
74272 28
74273 30
74274 38
74275 26
74276 28
74277 50
74278 22
74279 45
74280 22
74281 15
74282 15
74283 46
74284 16
74285 20
74286 46
74287 26
74288 15
74289 24
74290 23
74291 32
74292 52
74293 20
74294 22
74295 38
74296 32
74297 34
74298 32
74299 41
74300 22
74301 42
74302 13
74303 26
74304 37
74305 18
74306 18
74307 33
74308 19
74309 14
74310 42
74311 40
74312 24
74313 37
74314 29
74315 20
74316 63
74317 25
74318 36
74319 47
74320 27
74321 24
74322 29
74323 32
74324 26
74325 35
74326 25
74327 27
74328 29
74329 16
74330 22
74331 47
74332 25
74333 20
74334 53
74335 28
74336 22
74337 28
74338 34
74339 24
74340 40
74341 17
74342 36
74343 32
74344 32
74345 20
74346 29
74347 26
74348 23
74349 40
74350 23
74351 31
74352 31
74353 40
74354 22
74355 40
74356 17
74357 25
74358 44
74359 33
74360 18
74361 33
74362 28
74363 21
74364 43
74365 16
74366 27
74367 34
74368 30
74369 22
74370 20
74371 24
74372 28
74373 47
74374 23
74375 31
74376 28
74377 22
74378 7
74379 40
74380 17
74381 20
74382 40
74383 20
74384 22
74385 26
74386 32
74387 20
74388 54
74389 11
74390 33
74391 41
74392 34
74393 35
74394 34
74395 25
74396 35
74397 33
74398 19
74399 19
74400 27
74401 14
74402 16
74403 34
74404 16
74405 21
74406 37
74407 24
74408 24
74409 25
74410 18
74411 30
74412 41
74413 17
74414 37
74415 34
74416 36
74417 18
74418 37
74419 22
74420 35
74421 31
74422 30
74423 22
74424 31
74425 11
74426 32
74427 38
74428 22
74429 26
74430 39
74431 39
74432 15
74433 60
74434 34
74435 25
74436 37
74437 19
74438 37
74439 44
74440 31
74441 22
74442 36
74443 15
74444 40
74445 28
74446 31
74447 27
74448 45
74449 21
74450 12
74451 54
74452 22
74453 57
74454 42
74455 24
74456 16
74457 45
74458 35
74459 45
74460 39
74461 13
74462 35
74463 30
74464 31
74465 18
74466 39
74467 30
74468 34
74469 35
74470 14
74471 24
74472 35
74473 36
74474 23
74475 39
74476 21
74477 36
74478 44
74479 37
74480 11
74481 36
74482 27
74483 18
74484 39
74485 28
74486 22
74487 27
74488 26
74489 28
74490 25
74491 32
74492 32
74493 55
74494 10
74495 28
74496 33
74497 19
74498 14
74499 51
74500 14
74501 17
74502 29
74503 22
74504 32
74505 34
74506 25
74507 22
74508 47
74509 22
74510 32
74511 54
74512 34
74513 32
74514 31
74515 22
74516 39
74517 40
74518 13
74519 25
74520 33
74521 15
74522 27
74523 35
74524 13
74525 19
74526 46
74527 22
74528 24
74529 25
74530 31
74531 42
74532 38
74533 21
74534 37
74535 33
74536 34
74537 23
74538 39
74539 29
74540 28
74541 29
74542 22
74543 25
74544 43
74545 11
74546 23
74547 49
74548 22
74549 25
74550 35
74551 40
74552 18
74553 46
74554 28
74555 27
74556 43
74557 26
74558 49
74559 64
74560 21
74561 20
74562 49
74563 22
74564 37
74565 31
74566 26
74567 23
74568 33
74569 16
74570 19
74571 40
74572 18
74573 34
74574 48
74575 18
74576 28
74577 43
74578 30
74579 35
74580 29
74581 14
74582 31
74583 35
74584 38
74585 22
74586 30
74587 20
74588 30
74589 30
74590 16
74591 33
74592 36
74593 32
74594 16
74595 31
74596 22
74597 30
74598 53
74599 27
74600 19
74601 30
74602 41
74603 23
74604 45
74605 17
74606 29
74607 26
74608 28
74609 36
74610 29
74611 35
74612 44
74613 43
74614 29
74615 31
74616 34
74617 20
74618 14
74619 41
74620 21
74621 21
74622 48
74623 14
74624 25
74625 32
74626 34
74627 24
74628 48
74629 17
74630 31
74631 47
74632 26
74633 34
74634 36
74635 22
74636 38
74637 49
74638 18
74639 33
74640 23
74641 21
74642 17
74643 32
74644 18
74645 20
74646 46
74647 31
74648 13
74649 29
74650 31
74651 32
74652 44
74653 16
74654 34
74655 37
74656 34
74657 30
74658 34
74659 37
74660 21
74661 37
74662 16
74663 28
74664 42
74665 23
74666 31
74667 33
74668 31
74669 26
74670 37
74671 46
74672 20
74673 48
74674 35
74675 24
74676 59
74677 18
74678 36
74679 62
74680 28
74681 22
74682 39
74683 27
74684 31
74685 34
74686 26
74687 30
74688 39
74689 20
74690 23
74691 51
74692 35
74693 51
74694 42
74695 22
74696 23
74697 36
74698 32
74699 37
74700 48
74701 17
74702 33
74703 30
74704 39
74705 19
74706 45
74707 13
74708 35
74709 29
74710 16
74711 38
74712 50
74713 12
74714 9
74715 40
74716 11
74717 34
74718 31
74719 43
74720 16
74721 35
74722 30
74723 24
74724 47
74725 21
74726 37
74727 40
74728 24
74729 22
74730 40
74731 29
74732 33
74733 36
74734 19
74735 25
74736 35
74737 19
74738 26
74739 53
74740 8
74741 23
74742 36
74743 23
74744 23
74745 43
74746 48
74747 30
74748 49
74749 18
74750 45
74751 51
74752 18
74753 26
74754 53
74755 16
74756 42
74757 33
74758 12
74759 35
74760 24
74761 16
74762 17
74763 33
74764 25
74765 28
74766 39
74767 13
74768 31
74769 23
74770 25
74771 38
74772 35
74773 18
74774 35
74775 31
74776 30
74777 33
74778 36
74779 33
74780 34
74781 26
74782 20
74783 21
74784 45
74785 15
74786 20
74787 31
74788 21
74789 27
74790 40
74791 27
74792 24
74793 52
74794 23
74795 23
74796 45
74797 22
74798 36
74799 55
74800 30
74801 24
74802 43
74803 33
74804 60
74805 25
74806 20
74807 22
74808 45
74809 14
74810 15
74811 59
74812 30
74813 27
74814 40
74815 18
74816 13
74817 43
74818 33
74819 31
74820 38
74821 16
74822 40
74823 38
74824 26
74825 16
74826 39
74827 32
74828 40
74829 32
74830 17
74831 42
74832 31
74833 32
74834 14
74835 31
74836 23
74837 18
74838 50
74839 35
74840 17
74841 28
74842 27
74843 29
74844 49
74845 17
74846 36
74847 30
74848 27
74849 19
74850 34
74851 38
74852 29
74853 58
74854 32
74855 32
74856 37
74857 26
74858 17
74859 52
74860 11
74861 19
74862 38
74863 25
74864 14
74865 20
74866 23
74867 25
74868 44
74869 12
74870 23
74871 49
74872 16
74873 34
74874 38
74875 22
74876 24
74877 54
74878 13
74879 42
74880 31
74881 29
74882 20
74883 28
74884 18
74885 15
74886 25
74887 19
74888 26
74889 36
74890 20
74891 23
74892 45
74893 27
74894 34
74895 37
74896 27
74897 38
74898 34
74899 40
74900 31
74901 43
74902 12
74903 23
74904 39
74905 15
74906 20
74907 42
74908 39
74909 17
74910 37
74911 37
74912 26
74913 53
74914 36
74915 23
74916 39
74917 27
74918 39
74919 49
74920 27
74921 22
74922 36
74923 24
74924 34
74925 27
74926 25
74927 25
74928 36
74929 10
74930 19
74931 54
74932 24
74933 33
74934 60
74935 26
74936 20
74937 43
74938 37
74939 34
74940 32
74941 17
74942 30
74943 35
74944 24
74945 16
74946 42
74947 27
74948 24
74949 29
74950 16
74951 54
74952 34
74953 43
74954 25
74955 47
74956 14
74957 19
74958 48
74959 54
74960 10
74961 32
74962 33
74963 24
74964 42
74965 12
74966 40
74967 39
74968 27
74969 21
74970 34
74971 32
74972 31
74973 60
74974 27
74975 30
74976 37
74977 42
74978 14
74979 58
74980 16
74981 23
74982 34
74983 21
74984 11
74985 31
74986 23
74987 22
74988 40
74989 18
74990 30
74991 39
74992 25
74993 29
74994 36
74995 24
74996 31
74997 39
74998 25
74999 35
75000 27
75001 22
75002 21
75003 36
75004 13
75005 23
75006 28
75007 29
75008 23
75009 27
75010 19
75011 34
75012 52
75013 26
75014 42
75015 22
75016 30
75017 21
75018 39
75019 15
75020 39
75021 22
75022 12
75023 23
75024 38
75025 16
75026 15
75027 40
75028 14
75029 21
75030 29
75031 53
75032 23
75033 42
75034 30
75035 20
75036 51
75037 25
75038 51
75039 40
75040 25
75041 17
75042 36
75043 23
75044 48
75045 28
75046 28
75047 23
75048 38
75049 12
75050 18
75051 66
75052 19
75053 35
75054 45
75055 20
75056 16
75057 46
75058 28
75059 36
75060 34
75061 14
75062 44
75063 24
75064 34
75065 16
75066 38
75067 20
75068 34
75069 28
75070 19
75071 34
75072 29
75073 33
75074 20
75075 41
75076 24
75077 38
75078 46
75079 48
75080 10
75081 25
75082 28
75083 25
75084 48
75085 13
75086 36
75087 37
75088 29
75089 22
75090 34
75091 29
75092 24
75093 49
75094 25
75095 26
75096 30
75097 29
75098 17
75099 42
75100 13
75101 23
75102 51
75103 21
75104 17
75105 36
75106 24
75107 26
75108 41
75109 26
75110 22
75111 58
75112 29
75113 37
75114 36
75115 29
75116 39
75117 41
75118 12
75119 23
75120 35
75121 12
75122 19
75123 32
75124 23
75125 19
75126 40
75127 27
75128 22
75129 44
75130 25
75131 45
75132 27
75133 36
75134 31
75135 34
75136 26
75137 33
75138 31
75139 27
75140 31
75141 28
75142 21
75143 20
75144 38
75145 13
75146 22
75147 30
75148 26
75149 15
75150 41
75151 36
75152 25
75153 52
75154 31
75155 29
75156 45
75157 32
75158 39
75159 57
75160 23
75161 19
75162 34
75163 20
75164 40
75165 28
75166 21
75167 27
75168 54
75169 22
75170 17
75171 46
75172 25
75173 29
75174 58
75175 21
75176 20
75177 36
75178 28
75179 46
75180 35
75181 13
75182 40
75183 39
75184 29
75185 22
75186 46
75187 34
75188 33
75189 40
75190 14
75191 30
75192 42
75193 42
75194 25
75195 33
75196 19
75197 20
75198 40
75199 29
75200 13
75201 30
75202 28
75203 25
75204 40
75205 16
75206 38
75207 56
75208 30
75209 34
75210 23
75211 50
75212 36
75213 50
75214 26
75215 36
75216 30
75217 18
75218 17
75219 59
75220 7
75221 16
75222 43
75223 19
75224 24
75225 31
75226 39
75227 17
75228 39
75229 20
75230 32
75231 45
75232 31
75233 45
75234 36
75235 24
75236 39
75237 49
75238 19
75239 34
75240 31
75241 27
75242 14
75243 30
75244 19
75245 19
75246 51
75247 27
75248 26
75249 29
75250 33
75251 44
75252 52
75253 38
75254 38
75255 27
75256 20
75257 29
75258 40
75259 44
75260 29
75261 29
75262 15
75263 22
75264 31
75265 18
75266 19
75267 30
75268 23
75269 16
75270 36
75271 27
75272 28
75273 41
75274 37
75275 26
75276 47
75277 31
75278 38
75279 57
75280 22
75281 22
75282 39
75283 27
75284 35
75285 33
75286 29
75287 35
75288 32
75289 11
75290 16
75291 56
75292 33
75293 36
75294 34
75295 21
75296 19
75297 28
75298 29
75299 38
75300 46
75301 9
75302 37
75303 35
75304 40
75305 20
75306 45
75307 27
75308 41
75309 38
75310 15
75311 45
75312 40
75313 37
75314 24
75315 37
75316 18
75317 36
75318 34
75319 31
75320 9
75321 28
75322 29
75323 20
75324 56
75325 14
75326 35
75327 38
75328 29
75329 19
75330 34
75331 48
75332 40
75333 52
75334 12
75335 23
75336 35
75337 20
75338 19
75339 56
75340 24
75341 22
75342 32
75343 17
75344 16
75345 26
75346 39
75347 20
75348 43
75349 22
75350 47
75351 37
75352 23
75353 29
75354 49
75355 15
75356 39
75357 36
75358 22
75359 34
75360 29
75361 11
75362 13
75363 36
75364 13
75365 23
75366 40
75367 19
75368 29
75369 36
75370 26
75371 31
75372 38
75373 27
75374 41
75375 32
75376 33
75377 26
75378 41
75379 29
75380 30
75381 26
75382 15
75383 29
75384 48
75385 16
75386 24
75387 35
75388 30
75389 20
75390 24
75391 32
75392 17
75393 48
75394 35
75395 29
75396 38
75397 27
75398 36
75399 57
75400 19
75401 18
75402 44
75403 24
75404 43
75405 32
75406 28
75407 19
75408 57
75409 7
75410 19
75411 47
75412 30
75413 36
75414 49
75415 19
75416 20
75417 50
75418 25
75419 34
75420 37
75421 21
75422 29
75423 37
75424 38
75425 16
75426 39
75427 25
75428 49
75429 25
75430 21
75431 29
75432 41
75433 28
75434 23
75435 36
75436 20
75437 34
75438 53
75439 33
75440 16
75441 31
75442 27
75443 25
75444 35
75445 15
75446 24
75447 40
75448 32
75449 25
75450 38
75451 33
75452 33
75453 48
75454 19
75455 25
75456 37
75457 22
75458 20
75459 52
75460 18
75461 26
75462 52
75463 23
75464 22
75465 34
75466 30
75467 35
75468 45
75469 14
75470 27
75471 41
75472 30
75473 26
75474 49
75475 23
75476 28
75477 30
75478 17
75479 31
75480 35
75481 15
75482 18
75483 30
75484 22
75485 17
75486 53
75487 18
75488 21
75489 28
75490 16
75491 30
75492 44
75493 42
75494 41
75495 25
75496 38
75497 23
75498 36
75499 29
75500 25
75501 25
75502 20
75503 22
75504 40
75505 21
75506 24
75507 27
75508 19
75509 14
75510 32
75511 33
75512 21
75513 33
75514 26
75515 33
75516 49
75517 23
75518 46
75519 50
75520 24
75521 25
75522 29
75523 22
75524 46
75525 29
75526 21
75527 25
75528 36
75529 24
75530 13
75531 56
75532 17
75533 37
75534 47
75535 17
75536 23
75537 43
75538 40
75539 31
75540 38
75541 15
75542 36
75543 34
75544 31
75545 29
75546 30
75547 23
75548 40
75549 42
75550 15
75551 38
75552 33
75553 29
75554 20
75555 43
75556 24
75557 27
75558 39
75559 46
75560 15
75561 26
75562 38
75563 21
75564 52
75565 13
75566 39
75567 30
75568 29
75569 18
75570 31
75571 32
75572 26
75573 55
75574 16
75575 25
75576 26
75577 25
75578 6
75579 55
75580 14
75581 23
75582 38
75583 37
75584 20
75585 31
75586 32
75587 21
75588 35
75589 11
75590 30
75591 36
75592 27
75593 21
75594 34
75595 24
75596 29
75597 42
75598 10
75599 32
75600 25
75601 12
75602 12
75603 45
75604 12
75605 16
75606 34
75607 20
75608 14
75609 30
75610 29
75611 26
75612 43
75613 21
75614 38
75615 34
75616 39
75617 24
75618 38
75619 22
75620 25
75621 26
75622 21
75623 29
75624 34
75625 12
75626 17
75627 36
75628 22
75629 25
75630 29
75631 40
75632 8
75633 51
75634 30
75635 20
75636 59
75637 27
75638 52
75639 52
75640 30
75641 15
75642 45
75643 23
75644 43
75645 32
75646 23
75647 21
75648 47
75649 21
75650 14
75651 58
75652 19
75653 36
75654 47
75655 38
75656 22
75657 46
75658 34
75659 35
75660 47
75661 13
75662 54
75663 33
75664 29
75665 21
75666 35
75667 21
75668 37
75669 44
75670 12
75671 29
75672 34
75673 35
75674 11
75675 39
75676 25
75677 28
75678 56
75679 51
75680 17
75681 33
75682 29
75683 24
75684 44
75685 11
75686 28
75687 39
75688 25
75689 18
75690 31
75691 33
75692 32
75693 49
75694 28
75695 29
75696 30
75697 31
75698 15
75699 52
75700 21
75701 23
75702 51
75703 31
75704 24
75705 30
75706 29
75707 33
75708 34
75709 22
75710 28
75711 53
75712 19
75713 31
75714 41
75715 23
75716 44
75717 51
75718 22
75719 23
75720 34
75721 15
75722 17
75723 24
75724 19
75725 17
75726 36
75727 42
75728 23
75729 37
75730 18
75731 45
75732 42
75733 40
75734 43
75735 47
75736 42
75737 29
75738 38
75739 34
75740 47
75741 27
75742 14
75743 18
75744 35
75745 22
75746 22
75747 38
75748 15
75749 19
75750 31
75751 58
75752 18
75753 65
75754 25
75755 19
75756 38
75757 35
75758 40
75759 58
75760 30
75761 15
75762 45
75763 17
75764 43
75765 25
75766 21
75767 21
75768 34
75769 17
75770 13
75771 44
75772 26
75773 30
75774 47
75775 20
75776 30
75777 51
75778 41
75779 46
75780 39
75781 13
75782 32
75783 34
75784 32
75785 22
75786 36
75787 22
75788 30
75789 31
75790 21
75791 37
75792 36
75793 32
75794 10
75795 34
75796 18
75797 25
75798 46
75799 39
75800 16
75801 35
75802 39
75803 23
75804 47
75805 18
75806 29
75807 51
75808 31
75809 19
75810 32
75811 38
75812 41
75813 47
75814 16
75815 19
75816 45
75817 25
75818 17
75819 50
75820 11
75821 19
75822 37
75823 23
75824 23
75825 26
75826 27
75827 29
75828 38
75829 18
75830 26
75831 69
75832 24
75833 36
75834 32
75835 36
75836 28
75837 35
75838 17
75839 41
75840 22
75841 16
75842 13
75843 25
75844 17
75845 18
75846 40
75847 18
75848 18
75849 25
75850 19
75851 36
75852 47
75853 35
75854 41
75855 41
75856 49
75857 31
75858 36
75859 34
75860 29
75861 26
75862 13
75863 28
75864 41
75865 20
75866 22
75867 33
75868 17
75869 24
75870 44
75871 32
75872 22
75873 49
75874 46
75875 26
75876 43
75877 23
75878 54
75879 56
75880 16
75881 24
75882 34
75883 21
75884 39
75885 26
75886 18
75887 28
75888 31
75889 25
75890 7
75891 39
75892 19
75893 40
75894 52
75895 26
75896 22
75897 43
75898 37
75899 40
75900 35
75901 18
75902 44
75903 30
75904 28
75905 20
75906 29
75907 38
75908 30
75909 39
75910 16
75911 34
75912 30
75913 34
75914 13
75915 35
75916 17
75917 26
75918 42
75919 26
75920 16
75921 35
75922 35
75923 24
75924 51
75925 26
75926 31
75927 41
75928 26
75929 22
75930 31
75931 40
75932 41
75933 64
75934 32
75935 35
75936 37
75937 23
75938 18
75939 45
75940 11
75941 22
75942 41
75943 23
75944 26
75945 32
75946 28
75947 28
75948 51
75949 16
75950 37
75951 56
75952 22
75953 36
75954 44
75955 20
75956 33
75957 29
75958 21
75959 38
75960 27
75961 13
75962 14
75963 32
75964 15
75965 19
75966 36
75967 32
75968 18
75969 42
75970 18
75971 32
75972 38
75973 31
75974 42
75975 43
75976 28
75977 32
75978 47
75979 51
75980 34
75981 30
75982 8
75983 25
75984 36
75985 19
75986 17
75987 38
75988 26
75989 22
75990 25
75991 25
75992 17
75993 59
75994 28
75995 17
75996 43
75997 20
75998 29
75999 56
76000 22
76001 24
76002 41
76003 22
76004 28
76005 28
76006 20
76007 29
76008 33
76009 17
76010 18
76011 46
76012 15
76013 31
76014 41
76015 26
76016 18
76017 39
76018 36
76019 43
76020 35
76021 13
76022 32
76023 25
76024 32
76025 15
76026 42
76027 18
76028 37
76029 27
76030 11
76031 26
76032 36
76033 30
76034 27
76035 34
76036 14
76037 39
76038 33
76039 26
76040 17
76041 29
76042 28
76043 34
76044 38
76045 14
76046 31
76047 33
76048 29
76049 13
76050 33
76051 43
76052 37
76053 45
76054 30
76055 25
76056 39
76057 17
76058 24
76059 52
76060 20
76061 17
76062 36
76063 23
76064 21
76065 34
76066 24
76067 24
76068 47
76069 28
76070 34
76071 40
76072 31
76073 24
76074 51
76075 19
76076 41
76077 37
76078 28
76079 23
76080 38
76081 16
76082 22
76083 34
76084 20
76085 20
76086 37
76087 22
76088 20
76089 35
76090 27
76091 31
76092 42
76093 32
76094 39
76095 24
76096 33
76097 16
76098 48
76099 36
76100 30
76101 29
76102 24
76103 20
76104 38
76105 11
76106 31
76107 32
76108 25
76109 28
76110 46
76111 21
76112 18
76113 52
76114 34
76115 25
76116 39
76117 28
76118 34
76119 45
76120 21
76121 15
76122 33
76123 32
76124 34
76125 23
76126 27
76127 14
76128 42
76129 19
76130 17
76131 47
76132 32
76133 25
76134 57
76135 24
76136 18
76137 42
76138 24
76139 31
76140 28
76141 21
76142 29
76143 45
76144 23
76145 24
76146 29
76147 24
76148 37
76149 36
76150 20
76151 39
76152 31
76153 27
76154 30
76155 42
76156 23
76157 15
76158 42
76159 26
76160 13
76161 28
76162 36
76163 24
76164 54
76165 17
76166 25
76167 35
76168 40
76169 33
76170 24
76171 33
76172 31
76173 50
76174 17
76175 30
76176 37
76177 28
76178 29
76179 43
76180 26
76181 18
76182 62
76183 22
76184 30
76185 22
76186 47
76187 29
76188 67
76189 16
76190 31
76191 44
76192 22
76193 37
76194 40
76195 28
76196 27
76197 42
76198 16
76199 26
76200 34
76201 17
76202 24
76203 33
76204 25
76205 27
76206 58
76207 21
76208 36
76209 27
76210 22
76211 33
76212 45
76213 25
76214 32
76215 38
76216 29
76217 34
76218 34
76219 23
76220 36
76221 31
76222 21
76223 24
76224 34
76225 13
76226 21
76227 43
76228 18
76229 22
76230 31
76231 43
76232 20
76233 47
76234 29
76235 28
76236 38
76237 24
76238 36
76239 38
76240 28
76241 21
76242 33
76243 20
76244 40
76245 21
76246 19
76247 26
76248 27
76249 13
76250 17
76251 55
76252 19
76253 37
76254 46
76255 19
76256 22
76257 33
76258 38
76259 42
76260 50
76261 22
76262 41
76263 29
76264 40
76265 14
76266 50
76267 24
76268 32
76269 28
76270 15
76271 43
76272 30
76273 23
76274 18
76275 47
76276 29
76277 40
76278 55
76279 36
76280 11
76281 25
76282 30
76283 28
76284 47
76285 25
76286 45
76287 37
76288 32
76289 19
76290 34
76291 32
76292 26
76293 41
76294 30
76295 23
76296 38
76297 28
76298 20
76299 58
76300 10
76301 23
76302 46
76303 22
76304 19
76305 36
76306 31
76307 37
76308 43
76309 15
76310 21
76311 65
76312 28
76313 28
76314 36
76315 26
76316 40
76317 44
76318 27
76319 29
76320 27
76321 15
76322 14
76323 28
76324 19
76325 21
76326 43
76327 23
76328 22
76329 39
76330 21
76331 46
76332 52
76333 18
76334 34
76335 38
76336 27
76337 35
76338 38
76339 28
76340 38
76341 36
76342 15
76343 15
76344 45
76345 17
76346 18
76347 34
76348 23
76349 20
76350 24
76351 48
76352 19
76353 44
76354 29
76355 23
76356 52
76357 18
76358 39
76359 52
76360 27
76361 18
76362 40
76363 16
76364 47
76365 32
76366 24
76367 19
76368 42
76369 11
76370 20
76371 52
76372 11
76373 30
76374 44
76375 19
76376 20
76377 55
76378 33
76379 38
76380 40
76381 11
76382 39
76383 38
76384 43
76385 28
76386 40
76387 20
76388 36
76389 38
76390 16
76391 43
76392 29
76393 30
76394 19
76395 42
76396 22
76397 31
76398 39
76399 43
76400 16
76401 29
76402 43
76403 15
76404 45
76405 17
76406 39
76407 42
76408 24
76409 27
76410 20
76411 40
76412 25
76413 45
76414 13
76415 22
76416 34
76417 27
76418 21
76419 47
76420 29
76421 17
76422 47
76423 18
76424 28
76425 27
76426 26
76427 28
76428 54
76429 27
76430 25
76431 64
76432 27
76433 33
76434 29
76435 26
76436 33
76437 42
76438 19
76439 31
76440 28
76441 12
76442 13
76443 33
76444 18
76445 18
76446 36
76447 24
76448 37
76449 30
76450 26
76451 30
76452 39
76453 28
76454 33
76455 42
76456 38
76457 25
76458 47
76459 37
76460 26
76461 36
76462 10
76463 23
76464 37
76465 20
76466 19
76467 34
76468 23
76469 29
76470 37
76471 36
76472 17
76473 40
76474 35
76475 35
76476 57
76477 21
76478 39
76479 65
76480 27
76481 25
76482 27
76483 27
76484 36
76485 32
76486 20
76487 27
76488 30
76489 14
76490 16
76491 33
76492 23
76493 48
76494 64
76495 19
76496 9
76497 34
76498 26
76499 36
76500 42
76501 21
76502 42
76503 32
76504 34
76505 25
76506 46
76507 26
76508 26
76509 34
76510 17
76511 31
76512 28
76513 29
76514 23
76515 33
76516 15
76517 26
76518 61
76519 31
76520 16
76521 20
76522 32
76523 18
76524 48
76525 13
76526 40
76527 33
76528 35
76529 26
76530 28
76531 34
76532 34
76533 59
76534 16
76535 25
76536 30
76537 26
76538 11
76539 53
76540 14
76541 20
76542 35
76543 17
76544 23
76545 31
76546 30
76547 27
76548 47
76549 15
76550 29
76551 43
76552 31
76553 49
76554 27
76555 28
76556 30
76557 36
76558 28
76559 44
76560 29
76561 16
76562 4
76563 31
76564 14
76565 17
76566 26
76567 25
76568 27
76569 34
76570 20
76571 39
76572 47
76573 21
76574 40
76575 37
76576 34
76577 25
76578 40
76579 41
76580 31
76581 30
76582 32
76583 34
76584 34
76585 21
76586 22
76587 43
76588 17
76589 25
76590 35
76591 47
76592 19
76593 54
76594 36
76595 25
76596 32
76597 16
76598 31
76599 63
76600 30
76601 23
76602 32
76603 14
76604 35
76605 31
76606 18
76607 36
76608 27
76609 22
76610 17
76611 49
76612 18
76613 37
76614 31
76615 21
76616 13
76617 47
76618 39
76619 36
76620 34
76621 9
76622 24
76623 37
76624 27
76625 23
76626 48
76627 30
76628 34
76629 32
76630 14
76631 38
76632 38
76633 29
76634 22
76635 44
76636 27
76637 44
76638 37
76639 28
76640 14
76641 33
76642 24
76643 24
76644 37
76645 16
76646 26
76647 38
76648 34
76649 24
76650 33
76651 41
76652 31
76653 60
76654 19
76655 25
76656 37
76657 23
76658 9
76659 56
76660 16
76661 21
76662 29
76663 28
76664 15
76665 30
76666 24
76667 27
76668 44
76669 20
76670 29
76671 52
76672 26
76673 28
76674 42
76675 21
76676 28
76677 56
76678 15
76679 37
76680 27
76681 16
76682 22
76683 27
76684 20
76685 9
76686 38
76687 19
76688 22
76689 33
76690 28
76691 28
76692 41
76693 29
76694 36
76695 29
76696 29
76697 18
76698 38
76699 34
76700 35
76701 29
76702 25
76703 32
76704 41
76705 13
76706 24
76707 38
76708 25
76709 25
76710 39
76711 34
76712 14
76713 48
76714 24
76715 24
76716 39
76717 20
76718 45
76719 48
76720 21
76721 22
76722 34
76723 20
76724 31
76725 29
76726 21
76727 25
76728 27
76729 13
76730 21
76731 56
76732 20
76733 42
76734 41
76735 24
76736 18
76737 53
76738 21
76739 27
76740 34
76741 14
76742 34
76743 42
76744 38
76745 20
76746 30
76747 24
76748 38
76749 33
76750 17
76751 24
76752 37
76753 27
76754 26
76755 39
76756 26
76757 29
76758 46
76759 29
76760 14
76761 29
76762 35
76763 28
76764 34
76765 15
76766 31
76767 42
76768 25
76769 26
76770 35
76771 35
76772 34
76773 45
76774 22
76775 22
76776 27
76777 24
76778 18
76779 50
76780 37
76781 19
76782 44
76783 24
76784 26
76785 30
76786 27
76787 26
76788 51
76789 15
76790 26
76791 57
76792 32
76793 39
76794 28
76795 19
76796 33
76797 37
76798 28
76799 45
76800 28
76801 15
76802 21
76803 38
76804 32
76805 20
76806 53
76807 21
76808 16
76809 31
76810 31
76811 37
76812 55
76813 27
76814 30
76815 38
76816 35
76817 31
76818 44
76819 27
76820 31
76821 31
76822 15
76823 19
76824 40
76825 26
76826 26
76827 37
76828 23
76829 24
76830 36
76831 33
76832 15
76833 54
76834 31
76835 27
76836 42
76837 19
76838 38
76839 41
76840 26
76841 31
76842 42
76843 22
76844 42
76845 35
76846 17
76847 29
76848 28
76849 18
76850 23
76851 49
76852 30
76853 22
76854 53
76855 21
76856 25
76857 43
76858 38
76859 18
76860 51
76861 12
76862 40
76863 29
76864 48
76865 25
76866 36
76867 16
76868 45
76869 31
76870 17
76871 47
76872 38
76873 27
76874 21
76875 35
76876 25
76877 28
76878 54
76879 39
76880 16
76881 24
76882 33
76883 23
76884 59
76885 16
76886 44
76887 33
76888 30
76889 21
76890 38
76891 41
76892 32
76893 58
76894 14
76895 30
76896 40
76897 19
76898 21
76899 53
76900 5
76901 18
76902 43
76903 22
76904 31
76905 27
76906 30
76907 23
76908 49
76909 20
76910 38
76911 45
76912 34
76913 30
76914 36
76915 26
76916 40
76917 35
76918 22
76919 35
76920 31
76921 18
76922 20
76923 40
76924 20
76925 23
76926 45
76927 31
76928 26
76929 35
76930 27
76931 46
76932 47
76933 41
76934 50
76935 45
76936 43
76937 22
76938 35
76939 34
76940 32
76941 19
76942 22
76943 22
76944 36
76945 18
76946 24
76947 29
76948 8
76949 36
76950 30
76951 30
76952 25
76953 53
76954 23
76955 30
76956 52
76957 25
76958 48
76959 49
76960 25
76961 20
76962 40
76963 24
76964 41
76965 22
76966 26
76967 25
76968 41
76969 13
76970 14
76971 43
76972 15
76973 30
76974 53
76975 17
76976 19
76977 32
76978 41
76979 37
76980 38
76981 11
76982 41
76983 28
76984 34
76985 18
76986 44
76987 30
76988 40
76989 35
76990 12
76991 33
76992 34
76993 25
76994 17
76995 35
76996 17
76997 21
76998 40
76999 37
77000 14
77001 31
77002 20
77003 26
77004 47
77005 16
77006 39
77007 45
77008 28
77009 27
77010 34
77011 56
77012 29
77013 61
77014 22
77015 28
77016 45
77017 28
77018 19
77019 44
77020 20
77021 15
77022 49
77023 27
77024 15
77025 28
77026 30
77027 34
77028 36
77029 14
77030 25
77031 52
77032 16
77033 46
77034 38
77035 17
77036 29
77037 45
77038 16
77039 29
77040 33
77041 19
77042 23
77043 29
77044 22
77045 17
77046 46
77047 25
77048 15
77049 34
77050 21
77051 32
77052 36
77053 28
77054 29
77055 41
77056 24
77057 27
77058 39
77059 35
77060 32
77061 27
77062 10
77063 19
77064 38
77065 10
77066 23
77067 34
77068 22
77069 16
77070 23
77071 21
77072 14
77073 46
77074 30
77075 23
77076 33
77077 25
77078 37
77079 53
77080 23
77081 25
77082 33
77083 24
77084 40
77085 33
77086 23
77087 25
77088 39
77089 13
77090 7
77091 50
77092 25
77093 23
77094 58
77095 27
77096 25
77097 31
77098 46
77099 40
77100 49
77101 17
77102 34
77103 25
77104 40
77105 21
77106 39
77107 19
77108 34
77109 29
77110 11
77111 42
77112 31
77113 33
77114 22
77115 30
77116 14
77117 24
77118 62
77119 31
77120 17
77121 22
77122 40
77123 19
77124 42
77125 16
77126 40
77127 35
77128 30
77129 24
77130 34
77131 40
77132 30
77133 57
77134 30
77135 32
77136 36
77137 42
77138 18
77139 52
77140 18
77141 14
77142 44
77143 25
77144 20
77145 23
77146 39
77147 25
77148 50
77149 20
77150 33
77151 38
77152 31
77153 33
77154 41
77155 25
77156 25
77157 50
77158 20
77159 33
77160 28
77161 32
77162 16
77163 43
77164 12
77165 20
77166 49
77167 21
77168 28
77169 34
77170 17
77171 17
77172 52
77173 25
77174 45
77175 29
77176 41
77177 26
77178 36
77179 35
77180 23
77181 31
77182 14
77183 17
77184 29
77185 18
77186 15
77187 35
77188 14
77189 18
77190 32
77191 21
77192 18
77193 31
77194 29
77195 26
77196 53
77197 14
77198 45
77199 45
77200 28
77201 20
77202 46
77203 23
77204 41
77205 29
77206 28
77207 26
77208 41
77209 16
77210 12
77211 52
77212 19
77213 26
77214 32
77215 22
77216 20
77217 24
77218 29
77219 35
77220 32
77221 18
77222 34
77223 24
77224 23
77225 15
77226 34
77227 25
77228 36
77229 35
77230 21
77231 34
77232 34
77233 28
77234 17
77235 46
77236 22
77237 36
77238 27
77239 35
77240 12
77241 23
77242 27
77243 25
77244 31
77245 15
77246 39
77247 28
77248 24
77249 19
77250 31
77251 37
77252 34
77253 67
77254 28
77255 31
77256 39
77257 31
77258 17
77259 59
77260 23
77261 27
77262 43
77263 23
77264 15
77265 32
77266 27
77267 24
77268 39
77269 19
77270 22
77271 32
77272 26
77273 31
77274 33
77275 29
77276 31
77277 51
77278 12
77279 35
77280 29
77281 16
77282 25
77283 24
77284 28
77285 20
77286 46
77287 29
77288 23
77289 48
77290 28
77291 37
77292 26
77293 50
77294 21
77295 52
77296 29
77297 29
77298 32
77299 49
77300 35
77301 26
77302 22
77303 19
77304 44
77305 6
77306 25
77307 39
77308 28
77309 25
77310 32
77311 61
77312 24
77313 69
77314 28
77315 37
77316 35
77317 30
77318 28
77319 77
77320 31
77321 21
77322 41
77323 19
77324 37
77325 29
77326 26
77327 21
77328 46
77329 14
77330 24
77331 56
77332 24
77333 33
77334 46
77335 23
77336 18
77337 50
77338 32
77339 44
77340 31
77341 20
77342 28
77343 33
77344 24
77345 23
77346 31
77347 24
77348 31
77349 20
77350 17
77351 38
77352 54
77353 24
77354 26
77355 32
77356 32
77357 27
77358 47
77359 30
77360 15
77361 25
77362 25
77363 28
77364 40
77365 28
77366 29
77367 53
77368 26
77369 29
77370 25
77371 37
77372 34
77373 38
77374 21
77375 26
77376 31
77377 27
77378 21
77379 58
77380 16
77381 18
77382 42
77383 13
77384 21
77385 28
77386 37
77387 23
77388 44
77389 19
77390 32
77391 60
77392 25
77393 41
77394 30
77395 25
77396 25
77397 51
77398 20
77399 43
77400 23
77401 20
77402 12
77403 40
77404 22
77405 25
77406 48
77407 30
77408 40
77409 35
77410 25
77411 42
77412 56
77413 27
77414 34
77415 47
77416 35
77417 37
77418 28
77419 55
77420 21
77421 40
77422 18
77423 24
77424 26
77425 16
77426 13
77427 33
77428 22
77429 22
77430 50
77431 29
77432 21
77433 48
77434 32
77435 23
77436 58
77437 39
77438 30
77439 40
77440 27
77441 17
77442 29
77443 21
77444 35
77445 31
77446 21
77447 26
77448 25
77449 13
77450 17
77451 41
77452 21
77453 30
77454 49
77455 27
77456 20
77457 33
77458 38
77459 36
77460 36
77461 18
77462 41
77463 33
77464 21
77465 18
77466 36
77467 20
77468 37
77469 26
77470 13
77471 40
77472 34
77473 31
77474 25
77475 36
77476 29
77477 28
77478 53
77479 29
77480 18
77481 32
77482 35
77483 25
77484 61
77485 21
77486 39
77487 45
77488 35
77489 24
77490 26
77491 45
77492 42
77493 51
77494 12
77495 29
77496 32
77497 25
77498 20
77499 52
77500 24
77501 18
77502 40
77503 18
77504 14
77505 23
77506 37
77507 20
77508 55
77509 19
77510 33
77511 48
77512 29
77513 33
77514 37
77515 17
77516 32
77517 36
77518 18
77519 35
77520 28
77521 15
77522 12
77523 26
77524 16
77525 16
77526 41
77527 26
77528 21
77529 34
77530 27
77531 25
77532 49
77533 28
77534 43
77535 32
77536 33
77537 21
77538 42
77539 37
77540 32
77541 30
77542 14
77543 22
77544 36
77545 12
77546 31
77547 40
77548 12
77549 22
77550 37
77551 42
77552 18
77553 59
77554 42
77555 28
77556 42
77557 23
77558 47
77559 54
77560 19
77561 14
77562 38
77563 16
77564 36
77565 25
77566 23
77567 23
77568 40
77569 9
77570 15
77571 50
77572 15
77573 44
77574 35
77575 27
77576 15
77577 54
77578 32
77579 30
77580 42
77581 19
77582 28
77583 29
77584 39
77585 13
77586 47
77587 16
77588 37
77589 26
77590 17
77591 29
77592 39
77593 25
77594 26
77595 29
77596 9
77597 33
77598 41
77599 38
77600 16
77601 32
77602 27
77603 19
77604 51
77605 22
77606 40
77607 25
77608 38
77609 19
77610 27
77611 34
77612 47
77613 41
77614 23
77615 20
77616 35
77617 29
77618 15
77619 41
77620 16
77621 23
77622 36
77623 18
77624 25
77625 24
77626 29
77627 30
77628 47
77629 13
77630 24
77631 61
77632 29
77633 31
77634 44
77635 26
77636 49
77637 40
77638 22
77639 31
77640 32
77641 22
77642 15
77643 37
77644 20
77645 20
77646 43
77647 31
77648 22
77649 45
77650 31
77651 43
77652 42
77653 27
77654 39
77655 49
77656 31
77657 24
77658 43
77659 39
77660 34
77661 36
77662 23
77663 31
77664 45
77665 17
77666 23
77667 35
77668 15
77669 21
77670 35
77671 51
77672 14
77673 49
77674 27
77675 28
77676 31
77677 17
77678 37
77679 57
77680 17
77681 15
77682 37
77683 23
77684 42
77685 23
77686 23
77687 27
77688 33
77689 27
77690 24
77691 40
77692 21
77693 32
77694 45
77695 22
77696 19
77697 44
77698 28
77699 26
77700 38
77701 20
77702 46
77703 28
77704 39
77705 25
77706 35
77707 17
77708 43
77709 35
77710 8
77711 33
77712 36
77713 21
77714 17
77715 46
77716 27
77717 25
77718 53
77719 30
77720 12
77721 24
77722 33
77723 24
77724 56
77725 16
77726 38
77727 31
77728 29
77729 27
77730 21
77731 21
77732 27
77733 46
77734 24
77735 34
77736 41
77737 21
77738 11
77739 48
77740 14
77741 19
77742 51
77743 18
77744 20
77745 26
77746 31
77747 17
77748 55
77749 18
77750 29
77751 53
77752 34
77753 30
77754 31
77755 29
77756 28
77757 38
77758 7
77759 39
77760 29
77761 19
77762 15
77763 48
77764 8
77765 15
77766 39
77767 25
77768 24
77769 35
77770 29
77771 36
77772 44
77773 29
77774 38
77775 34
77776 30
77777 15
77778 33
77779 37
77780 23
77781 40
77782 20
77783 21
77784 33
77785 19
77786 23
77787 29
77788 24
77789 26
77790 36
77791 21
77792 17
77793 54
77794 25
77795 25
77796 44
77797 17
77798 35
77799 46
77800 22
77801 14
77802 40
77803 27
77804 37
77805 29
77806 31
77807 31
77808 42
77809 14
77810 18
77811 54
77812 15
77813 28
77814 45
77815 18
77816 18
77817 37
77818 28
77819 22
77820 44
77821 15
77822 50
77823 29
77824 42
77825 28
77826 53
77827 19
77828 47
77829 35
77830 12
77831 22
77832 41
77833 23
77834 14
77835 33
77836 17
77837 19
77838 34
77839 34
77840 14
77841 25
77842 31
77843 20
77844 41
77845 16
77846 39
77847 35
77848 32
77849 20
77850 33
77851 43
77852 47
77853 48
77854 22
77855 25
77856 34
77857 23
77858 12
77859 61
77860 20
77861 12
77862 48
77863 28
77864 25
77865 32
77866 36
77867 25
77868 50
77869 20
77870 40
77871 36
77872 18
77873 26
77874 46
77875 19
77876 40
77877 41
77878 25
77879 28
77880 33
77881 21
77882 22
77883 40
77884 21
77885 29
77886 45
77887 28
77888 29
77889 41
77890 19
77891 35
77892 41
77893 24
77894 34
77895 32
77896 26
77897 26
77898 38
77899 30
77900 41
77901 27
77902 22
77903 30
77904 46
77905 23
77906 26
77907 38
77908 21
77909 34
77910 27
77911 39
77912 21
77913 77
77914 29
77915 19
77916 35
77917 34
77918 38
77919 50
77920 26
77921 18
77922 38
77923 29
77924 49
77925 23
77926 20
77927 17
77928 40
77929 14
77930 18
77931 44
77932 31
77933 40
77934 44
77935 20
77936 27
77937 64
77938 36
77939 41
77940 41
77941 18
77942 31
77943 42
77944 29
77945 20
77946 49
77947 21
77948 25
77949 23
77950 16
77951 31
77952 33
77953 23
77954 16
77955 30
77956 19
77957 29
77958 52
77959 38
77960 18
77961 34
77962 37
77963 32
77964 36
77965 14
77966 30
77967 38
77968 33
77969 26
77970 30
77971 36
77972 32
77973 29
77974 20
77975 29
77976 39
77977 22
77978 17
77979 59
77980 17
77981 17
77982 38
77983 27
77984 19
77985 32
77986 27
77987 37
77988 45
77989 26
77990 28
77991 62
77992 24
77993 25
77994 35
77995 31
77996 31
77997 39
77998 19
77999 32
78000 31
78001 20
78002 16
78003 25
78004 25
78005 22
78006 36
78007 14
78008 22
78009 35
78010 21
78011 40
78012 50
78013 51
78014 34
78015 49
78016 31
78017 35
78018 41
78019 45
78020 20
78021 26
78022 11
78023 30
78024 42
78025 16
78026 15
78027 35
78028 21
78029 23
78030 38
78031 39
78032 26
78033 46
78034 34
78035 30
78036 54
78037 35
78038 42
78039 64
78040 20
78041 33
78042 38
78043 27
78044 26
78045 32
78046 18
78047 30
78048 31
78049 18
78050 17
78051 42
78052 14
78053 28
78054 57
78055 16
78056 23
78057 34
78058 39
78059 33
78060 28
78061 17
78062 38
78063 35
78064 22
78065 24
78066 37
78067 34
78068 32
78069 33
78070 16
78071 38
78072 23
78073 26
78074 22
78075 35
78076 18
78077 26
78078 43
78079 41
78080 15
78081 34
78082 28
78083 22
78084 31
78085 19
78086 46
78087 37
78088 24
78089 14
78090 35
78091 35
78092 39
78093 49
78094 27
78095 30
78096 33
78097 24
78098 23
78099 53
78100 16
78101 28
78102 35
78103 26
78104 15
78105 40
78106 27
78107 39
78108 58
78109 19
78110 27
78111 49
78112 33
78113 20
78114 40
78115 18
78116 27
78117 30
78118 18
78119 42
78120 20
78121 14
78122 15
78123 32
78124 17
78125 26
78126 38
78127 23
78128 22
78129 33
78130 19
78131 39
78132 52
78133 36
78134 41
78135 39
78136 46
78137 28
78138 42
78139 38
78140 27
78141 20
78142 9
78143 24
78144 41
78145 15
78146 17
78147 43
78148 21
78149 25
78150 26
78151 48
78152 23
78153 62
78154 32
78155 32
78156 58
78157 28
78158 51
78159 59
78160 29
78161 24
78162 51
78163 21
78164 36
78165 36
78166 28
78167 21
78168 34
78169 16
78170 21
78171 55
78172 18
78173 30
78174 39
78175 36
78176 16
78177 53
78178 39
78179 39
78180 38
78181 19
78182 40
78183 32
78184 38
78185 20
78186 39
78187 27
78188 29
78189 29
78190 15
78191 30
78192 32
78193 36
78194 25
78195 26
78196 15
78197 30
78198 47
78199 41
78200 16
78201 31
78202 33
78203 20
78204 60
78205 17
78206 39
78207 35
78208 36
78209 22
78210 41
78211 35
78212 40
78213 45
78214 20
78215 29
78216 43
78217 25
78218 22
78219 50
78220 13
78221 24
78222 33
78223 22
78224 18
78225 32
78226 31
78227 23
78228 49
78229 29
78230 33
78231 52
78232 37
78233 30
78234 47
78235 33
78236 47
78237 39
78238 28
78239 25
78240 33
78241 20
78242 24
78243 36
78244 8
78245 19
78246 31
78247 32
78248 24
78249 37
78250 20
78251 38
78252 48
78253 48
78254 46
78255 41
78256 43
78257 28
78258 47
78259 33
78260 40
78261 31
78262 19
78263 25
78264 43
78265 15
78266 19
78267 35
78268 18
78269 29
78270 40
78271 32
78272 17
78273 55
78274 33
78275 34
78276 38
78277 31
78278 46
78279 59
78280 26
78281 24
78282 37
78283 28
78284 38
78285 28
78286 19
78287 24
78288 42
78289 13
78290 21
78291 38
78292 26
78293 26
78294 45
78295 21
78296 23
78297 32
78298 31
78299 41
78300 24
78301 19
78302 25
78303 38
78304 35
78305 17
78306 33
78307 32
78308 34
78309 32
78310 25
78311 37
78312 41
78313 28
78314 30
78315 31
78316 24
78317 21
78318 43
78319 31
78320 12
78321 34
78322 30
78323 25
78324 45
78325 9
78326 24
78327 35
78328 34
78329 32
78330 36
78331 54
78332 30
78333 67
78334 27
78335 33
78336 35
78337 27
78338 23
78339 65
78340 18
78341 15
78342 48
78343 22
78344 8
78345 19
78346 38
78347 19
78348 43
78349 24
78350 30
78351 43
78352 26
78353 51
78354 45
78355 30
78356 35
78357 54
78358 10
78359 42
78360 31
78361 17
78362 20
78363 30
78364 27
78365 17
78366 58
78367 20
78368 32
78369 30
78370 29
78371 27
78372 49
78373 38
78374 48
78375 43
78376 37
78377 41
78378 50
78379 30
78380 37
78381 38
78382 20
78383 29
78384 50
78385 13
78386 23
78387 49
78388 15
78389 20
78390 36
78391 38
78392 30
78393 53
78394 31
78395 30
78396 40
78397 27
78398 43
78399 54
78400 25
78401 17
78402 40
78403 25
78404 48
78405 34
78406 19
78407 30
78408 44
78409 21
78410 18
78411 79
78412 20
78413 42
78414 44
78415 24
78416 23
78417 36
78418 33
78419 37
78420 41
78421 16
78422 39
78423 28
78424 45
78425 16
78426 39
78427 32
78428 44
78429 28
78430 21
78431 49
78432 46
78433 31
78434 25
78435 42
78436 26
78437 38
78438 38
78439 31
78440 18
78441 37
78442 37
78443 25
78444 58
78445 20
78446 43
78447 30
78448 42
78449 22
78450 42
78451 44
78452 49
78453 53
78454 27
78455 28
78456 32
78457 31
78458 16
78459 60
78460 14
78461 21
78462 45
78463 24
78464 23
78465 24
78466 38
78467 21
78468 54
78469 20
78470 35
78471 48
78472 34
78473 33
78474 49
78475 24
78476 42
78477 48
78478 17
78479 38
78480 30
78481 19
78482 13
78483 40
78484 23
78485 24
78486 39
78487 17
78488 25
78489 31
78490 32
78491 37
78492 46
78493 23
78494 36
78495 31
78496 36
78497 33
78498 51
78499 41
78500 34
78501 33
78502 28
78503 23
78504 47
78505 22
78506 23
78507 42
78508 34
78509 23
78510 37
78511 53
78512 26
78513 51
78514 35
78515 17
78516 34
78517 22
78518 40
78519 57
78520 24
78521 21
78522 44
78523 23
78524 38
78525 33
78526 44
78527 39
78528 57
78529 26
78530 21
78531 55
78532 27
78533 34
78534 58
78535 32
78536 24
78537 52
78538 35
78539 23
78540 40
78541 11
78542 36
78543 36
78544 41
78545 27
78546 37
78547 23
78548 29
78549 34
78550 23
78551 44
78552 55
78553 34
78554 24
78555 31
78556 28
78557 27
78558 46
78559 35
78560 16
78561 34
78562 44
78563 25
78564 46
78565 17
78566 32
78567 47
78568 35
78569 33
78570 28
78571 27
78572 30
78573 59
78574 26
78575 23
78576 42
78577 28
78578 16
78579 44
78580 32
78581 22
78582 44
78583 28
78584 32
78585 37
78586 40
78587 19
78588 38
78589 17
78590 26
78591 53
78592 35
78593 37
78594 42
78595 18
78596 33
78597 35
78598 30
78599 27
78600 34
78601 14
78602 11
78603 31
78604 22
78605 17
78606 58
78607 38
78608 21
78609 36
78610 34
78611 38
78612 39
78613 24
78614 36
78615 34
78616 36
78617 16
78618 45
78619 28
78620 24
78621 31
78622 18
78623 21
78624 36
78625 16
78626 18
78627 33
78628 29
78629 28
78630 34
78631 44
78632 21
78633 58
78634 33
78635 35
78636 46
78637 22
78638 28
78639 78
78640 30
78641 16
78642 37
78643 30
78644 33
78645 34
78646 24
78647 31
78648 41
78649 14
78650 16
78651 65
78652 38
78653 57
78654 56
78655 21
78656 26
78657 47
78658 42
78659 50
78660 42
78661 25
78662 39
78663 38
78664 48
78665 24
78666 40
78667 22
78668 28
78669 40
78670 26
78671 34
78672 38
78673 34
78674 25
78675 36
78676 27
78677 37
78678 60
78679 44
78680 15
78681 32
78682 34
78683 25
78684 58
78685 20
78686 39
78687 39
78688 33
78689 21
78690 35
78691 43
78692 34
78693 57
78694 22
78695 21
78696 28
78697 32
78698 10
78699 51
78700 17
78701 14
78702 47
78703 25
78704 29
78705 28
78706 40
78707 27
78708 44
78709 14
78710 35
78711 47
78712 30
78713 32
78714 39
78715 24
78716 31
78717 42
78718 20
78719 37
78720 27
78721 19
78722 10
78723 35
78724 25
78725 19
78726 32
78727 25
78728 28
78729 26
78730 32
78731 41
78732 49
78733 22
78734 33
78735 28
78736 37
78737 22
78738 46
78739 29
78740 23
78741 29
78742 23
78743 29
78744 33
78745 24
78746 18
78747 34
78748 26
78749 21
78750 26
78751 52
78752 13
78753 63
78754 27
78755 32
78756 59
78757 23
78758 35
78759 52
78760 34
78761 15
78762 46
78763 28
78764 31
78765 32
78766 21
78767 24
78768 50
78769 38
78770 18
78771 62
78772 19
78773 43
78774 38
78775 34
78776 31
78777 68
78778 49
78779 42
78780 35
78781 19
78782 41
78783 38
78784 39
78785 22
78786 36
78787 24
78788 22
78789 36
78790 20
78791 28
78792 24
78793 36
78794 24
78795 39
78796 31
78797 34
78798 39
78799 41
78800 17
78801 29
78802 51
78803 28
78804 48
78805 20
78806 27
78807 44
78808 33
78809 27
78810 36
78811 27
78812 30
78813 45
78814 34
78815 20
78816 46
78817 27
78818 23
78819 43
78820 14
78821 24
78822 39
78823 31
78824 25
78825 33
78826 33
78827 37
78828 50
78829 18
78830 25
78831 62
78832 27
78833 26
78834 41
78835 31
78836 38
78837 48
78838 15
78839 25
78840 35
78841 18
78842 17
78843 30
78844 9
78845 20
78846 36
78847 23
78848 25
78849 33
78850 22
78851 50
78852 46
78853 39
78854 37
78855 48
78856 44
78857 26
78858 33
78859 48
78860 32
78861 31
78862 24
78863 33
78864 43
78865 18
78866 23
78867 40
78868 19
78869 24
78870 31
78871 40
78872 19
78873 66
78874 29
78875 29
78876 39
78877 37
78878 43
78879 68
78880 35
78881 25
78882 56
78883 21
78884 46
78885 32
78886 40
78887 22
78888 48
78889 23
78890 26
78891 45
78892 11
78893 46
78894 41
78895 31
78896 17
78897 48
78898 29
78899 47
78900 31
78901 16
78902 36
78903 36
78904 31
78905 21
78906 44
78907 29
78908 44
78909 29
78910 23
78911 26
78912 39
78913 27
78914 21
78915 28
78916 20
78917 24
78918 47
78919 32
78920 20
78921 35
78922 31
78923 22
78924 42
78925 24
78926 44
78927 43
78928 33
78929 23
78930 36
78931 49
78932 38
78933 46
78934 29
78935 31
78936 54
78937 25
78938 21
78939 44
78940 24
78941 18
78942 31
78943 32
78944 34
78945 34
78946 29
78947 27
78948 40
78949 17
78950 29
78951 59
78952 28
78953 41
78954 32
78955 28
78956 30
78957 38
78958 26
78959 40
78960 28
78961 17
78962 23
78963 42
78964 24
78965 20
78966 49
78967 37
78968 13
78969 38
78970 28
78971 44
78972 36
78973 25
78974 31
78975 41
78976 45
78977 40
78978 40
78979 44
78980 34
78981 31
78982 16
78983 26
78984 52
78985 16
78986 20
78987 32
78988 25
78989 27
78990 46
78991 32
78992 14
78993 72
78994 41
78995 22
78996 44
78997 34
78998 48
78999 62
79000 21
79001 20
79002 48
79003 29
79004 43
79005 31
79006 20
79007 22
79008 30
79009 22
79010 24
79011 54
79012 29
79013 37
79014 54
79015 20
79016 19
79017 39
79018 45
79019 30
79020 42
79021 16
79022 37
79023 33
79024 43
79025 22
79026 39
79027 28
79028 36
79029 43
79030 10
79031 53
79032 38
79033 35
79034 17
79035 53
79036 26
79037 21
79038 49
79039 34
79040 17
79041 29
79042 38
79043 27
79044 63
79045 21
79046 31
79047 37
79048 35
79049 17
79050 39
79051 54
79052 41
79053 60
79054 23
79055 35
79056 49
79057 32
79058 23
79059 74
79060 8
79061 26
79062 51
79063 29
79064 27
79065 30
79066 38
79067 32
79068 56
79069 23
79070 30
79071 49
79072 26
79073 29
79074 50
79075 29
79076 35
79077 54
79078 12
79079 49
79080 34
79081 11
79082 29
79083 39
79084 21
79085 19
79086 35
79087 22
79088 22
79089 35
79090 33
79091 38
79092 47
79093 42
79094 38
79095 35
79096 37
79097 26
79098 42
79099 42
79100 34
79101 37
79102 16
79103 15
79104 46
79105 15
79106 29
79107 39
79108 18
79109 25
79110 35
79111 37
79112 25
79113 64
79114 31
79115 34
79116 36
79117 27
79118 40
79119 54
79120 31
79121 16
79122 40
79123 28
79124 36
79125 25
79126 26
79127 20
79128 37
79129 21
79130 12
79131 51
79132 26
79133 52
79134 52
79135 22
79136 21
79137 45
79138 43
79139 49
79140 34
79141 17
79142 31
79143 43
79144 39
79145 27
79146 41
79147 26
79148 38
79149 27
79150 20
79151 47
79152 44
79153 25
79154 21
79155 46
79156 24
79157 30
79158 49
79159 41
79160 20
79161 30
79162 29
79163 26
79164 46
79165 23
79166 27
79167 47
79168 39
79169 23
79170 38
79171 38
79172 47
79173 34
79174 47
79175 25
79176 48
79177 36
79178 33
79179 49
79180 12
79181 24
79182 43
79183 30
79184 19
79185 36
79186 27
79187 26
79188 37
79189 21
79190 27
79191 50
79192 35
79193 34
79194 48
79195 18
79196 33
79197 39
79198 20
79199 28
79200 38
79201 22
79202 24
79203 31
79204 23
79205 20
79206 37
79207 16
79208 14
79209 36
79210 32
79211 36
79212 45
79213 37
79214 46
79215 35
79216 40
79217 22
79218 52
79219 32
79220 37
79221 32
79222 18
79223 28
79224 49
79225 17
79226 27
79227 43
79228 27
79229 21
79230 49
79231 50
79232 14
79233 57
79234 40
79235 28
79236 44
79237 29
79238 35
79239 51
79240 20
79241 22
79242 31
79243 33
79244 38
79245 35
79246 20
79247 22
79248 51
79249 12
79250 14
79251 53
79252 28
79253 41
79254 61
79255 41
79256 30
79257 41
79258 45
79259 40
79260 40
79261 24
79262 30
79263 42
79264 33
79265 18
79266 34
79267 26
79268 31
79269 42
79270 17
79271 28
79272 43
79273 28
79274 23
79275 38
79276 24
79277 36
79278 65
79279 38
79280 23
79281 35
79282 51
79283 25
79284 50
79285 23
79286 34
79287 38
79288 39
79289 16
79290 31
79291 41
79292 30
79293 43
79294 23
79295 29
79296 43
79297 20
79298 23
79299 51
79300 25
79301 22
79302 62
79303 20
79304 33
79305 36
79306 47
79307 26
79308 57
79309 23
79310 41
79311 62
79312 36
79313 41
79314 43
79315 27
79316 34
79317 50
79318 20
79319 29
79320 31
79321 21
79322 12
79323 34
79324 23
79325 12
79326 51
79327 25
79328 31
79329 32
79330 23
79331 33
79332 51
79333 26
79334 43
79335 44
79336 44
79337 28
79338 46
79339 37
79340 30
79341 49
79342 17
79343 20
79344 47
79345 23
79346 19
79347 43
79348 25
79349 17
79350 39
79351 35
79352 25
79353 39
79354 43
79355 28
79356 41
79357 15
79358 36
79359 52
79360 33
79361 23
79362 34
79363 33
79364 29
79365 45
79366 18
79367 29
79368 38
79369 16
79370 7
79371 43
79372 32
79373 20
79374 46
79375 23
79376 32
79377 35
79378 44
79379 36
79380 39
79381 21
79382 38
79383 30
79384 38
79385 17
79386 45
79387 32
79388 35
79389 37
79390 23
79391 37
79392 26
79393 43
79394 19
79395 48
79396 20
79397 24
79398 43
79399 46
79400 9
79401 26
79402 40
79403 23
79404 46
79405 21
79406 42
79407 40
79408 39
79409 17
79410 40
79411 36
79412 29
79413 48
79414 20
79415 21
79416 44
79417 31
79418 24
79419 68
79420 17
79421 20
79422 27
79423 29
79424 18
79425 35
79426 42
79427 26
79428 48
79429 22
79430 41
79431 59
79432 33
79433 31
79434 56
79435 27
79436 40
79437 57
79438 22
79439 29
79440 28
79441 22
79442 13
79443 37
79444 25
79445 30
79446 35
79447 31
79448 21
79449 33
79450 25
79451 37
79452 49
79453 38
79454 26
79455 29
79456 43
79457 35
79458 44
79459 24
79460 25
79461 29
79462 27
79463 19
79464 44
79465 23
79466 22
79467 36
79468 24
79469 27
79470 32
79471 46
79472 19
79473 61
79474 28
79475 25
79476 46
79477 37
79478 23
79479 60
79480 26
79481 11
79482 33
79483 22
79484 38
79485 27
79486 26
79487 26
79488 53
79489 16
79490 13
79491 53
79492 16
79493 41
79494 41
79495 35
79496 20
79497 69
79498 37
79499 49
79500 36
79501 19
79502 26
79503 41
79504 40
79505 14
79506 49
79507 30
79508 44
79509 27
79510 19
79511 39
79512 43
79513 28
79514 22
79515 38
79516 21
79517 30
79518 42
79519 42
79520 12
79521 34
79522 31
79523 29
79524 44
79525 24
79526 36
79527 36
79528 33
79529 25
79530 48
79531 45
79532 32
79533 48
79534 22
79535 28
79536 39
79537 27
79538 20
79539 45
79540 14
79541 18
79542 44
79543 32
79544 35
79545 32
79546 33
79547 22
79548 48
79549 16
79550 43
79551 55
79552 36
79553 46
79554 41
79555 24
79556 32
79557 40
79558 24
79559 37
79560 23
79561 18
79562 19
79563 40
79564 26
79565 21
79566 48
79567 24
79568 41
79569 29
79570 29
79571 37
79572 43
79573 22
79574 47
79575 45
79576 41
79577 38
79578 36
79579 47
79580 26
79581 40
79582 20
79583 31
79584 39
79585 19
79586 33
79587 38
79588 35
79589 25
79590 36
79591 36
79592 37
79593 54
79594 45
79595 24
79596 51
79597 39
79598 46
79599 57
79600 36
79601 24
79602 33
79603 18
79604 36
79605 33
79606 19
79607 36
79608 31
79609 21
79610 23
79611 47
79612 26
79613 27
79614 56
79615 42
79616 17
79617 39
79618 55
79619 31
79620 40
79621 17
79622 43
79623 39
79624 37
79625 13
79626 39
79627 23
79628 33
79629 30
79630 18
79631 42
79632 23
79633 41
79634 23
79635 32
79636 20
79637 24
79638 51
79639 33
79640 16
79641 37
79642 35
79643 19
79644 44
79645 22
79646 40
79647 41
79648 29
79649 26
79650 34
79651 58
79652 35
79653 59
79654 17
79655 34
79656 40
79657 24
79658 17
79659 67
79660 25
79661 24
79662 43
79663 23
79664 23
79665 39
79666 39
79667 27
79668 64
79669 20
79670 28
79671 56
79672 40
79673 35
79674 51
79675 22
79676 40
79677 61
79678 18
79679 44
79680 23
79681 17
79682 19
79683 30
79684 18
79685 26
79686 41
79687 37
79688 14
79689 35
79690 20
79691 41
79692 51
79693 22
79694 38
79695 50
79696 42
79697 25
79698 49
79699 47
79700 35
79701 28
79702 15
79703 21
79704 56
79705 19
79706 32
79707 35
79708 20
79709 14
79710 41
79711 39
79712 24
79713 49
79714 37
79715 26
79716 49
79717 24
79718 54
79719 47
79720 34
79721 13
79722 40
79723 20
79724 51
79725 30
79726 23
79727 26
79728 46
79729 18
79730 21
79731 71
79732 17
79733 41
79734 40
79735 20
79736 12
79737 52
79738 34
79739 46
79740 33
79741 19
79742 46
79743 44
79744 29
79745 20
79746 35
79747 30
79748 34
79749 38
79750 14
79751 47
79752 42
79753 39
79754 18
79755 55
79756 14
79757 45
79758 39
79759 48
79760 16
79761 33
79762 30
79763 30
79764 43
79765 21
79766 27
79767 33
79768 33
79769 30
79770 32
79771 37
79772 47
79773 52
79774 16
79775 21
79776 39
79777 38
79778 12
79779 66
79780 18
79781 25
79782 44
79783 24
79784 27
79785 32
79786 41
79787 33
79788 45
79789 23
79790 27
79791 62
79792 42
79793 31
79794 48
79795 36
79796 48
79797 37
79798 15
79799 38
79800 26
79801 16
79802 22
79803 37
79804 22
79805 18
79806 39
79807 19
79808 35
79809 40
79810 35
79811 46
79812 45
79813 42
79814 31
79815 36
79816 34
79817 29
79818 43
79819 36
79820 26
79821 28
79822 26
79823 27
79824 44
79825 16
79826 21
79827 39
79828 31
79829 16
79830 43
79831 37
79832 13
79833 59
79834 38
79835 34
79836 47
79837 23
79838 39
79839 51
79840 25
79841 28
79842 42
79843 26
79844 23
79845 32
79846 23
79847 33
79848 38
79849 30
79850 21
79851 44
79852 25
79853 21
79854 50
79855 22
79856 15
79857 43
79858 33
79859 30
79860 41
79861 17
79862 39
79863 46
79864 36
79865 28
79866 35
79867 39
79868 30
79869 35
79870 11
79871 41
79872 45
79873 41
79874 23
79875 29
79876 32
79877 21
79878 53
79879 50
79880 22
79881 36
79882 38
79883 18
79884 42
79885 20
79886 37
79887 39
79888 24
79889 31
79890 34
79891 38
79892 29
79893 76
79894 27
79895 28
79896 42
79897 21
79898 23
79899 45
79900 17
79901 20
79902 55
79903 30
79904 26
79905 35
79906 37
79907 28
79908 39
79909 18
79910 29
79911 56
79912 31
79913 40
79914 34
79915 34
79916 38
79917 44
79918 13
79919 42
79920 35
79921 15
79922 18
79923 50
79924 20
79925 17
79926 51
79927 30
79928 30
79929 33
79930 37
79931 26
79932 44
79933 41
79934 50
79935 31
79936 41
79937 35
79938 47
79939 31
79940 31
79941 44
79942 16
79943 22
79944 44
79945 17
79946 15
79947 43
79948 24
79949 19
79950 47
79951 27
79952 29
79953 38
79954 33
79955 25
79956 46
79957 25
79958 47
79959 44
79960 25
79961 19
79962 38
79963 21
79964 34
79965 35
79966 22
79967 26
79968 35
79969 15
79970 20
79971 61
79972 16
79973 34
79974 47
79975 19
79976 30
79977 25
79978 31
79979 42
79980 30
79981 16
79982 31
79983 35
79984 54
79985 20
79986 43
79987 31
79988 34
79989 43
79990 22
79991 44
79992 37
79993 39
79994 11
79995 39
79996 25
79997 24
79998 43
79999 33
80000 16
80001 25
80002 42
80003 24
80004 57
80005 17
80006 46
80007 38
80008 48
80009 19
80010 49
80011 48
80012 41
80013 55
80014 25
80015 23
80016 46
80017 24
80018 12
80019 57
80020 14
80021 11
80022 35
80023 24
80024 21
80025 34
80026 37
80027 16
80028 63
80029 23
80030 53
80031 34
80032 30
80033 33
80034 53
80035 20
80036 48
80037 50
80038 23
80039 39
80040 34
80041 16
80042 18
80043 45
80044 15
80045 21
80046 38
80047 32
80048 22
80049 35
80050 32
80051 30
80052 59
80053 31
80054 50
80055 38
80056 42
80057 25
80058 60
80059 29
80060 25
80061 27
80062 19
80063 21
80064 41
80065 25
80066 20
80067 50
80068 14
80069 31
80070 29
80071 36
80072 15
80073 43
80074 26
80075 25
80076 48
80077 26
80078 39
80079 47
80080 23
80081 28
80082 41
80083 25
80084 38
80085 33
80086 26
80087 32
80088 50
80089 23
80090 14
80091 68
80092 22
80093 30
80094 41
80095 32
80096 18
80097 47
80098 33
80099 23
80100 39
80101 19
80102 37
80103 30
80104 41
80105 18
80106 50
80107 30
80108 30
80109 32
80110 26
80111 43
80112 37
80113 40
80114 27
80115 46
80116 16
80117 27
80118 46
80119 50
80120 19
80121 40
80122 27
80123 30
80124 44
80125 23
80126 30
80127 49
80128 48
80129 17
80130 39
80131 49
80132 31
80133 54
80134 29
80135 24
80136 41
80137 38
80138 17
80139 47
80140 12
80141 19
80142 40
80143 25
80144 20
80145 36
80146 37
80147 33
80148 38
80149 27
80150 31
80151 62
80152 32
80153 49
80154 53
80155 29
80156 32
80157 51
80158 20
80159 52
80160 34
80161 15
80162 21
80163 28
80164 23
80165 15
80166 59
80167 27
80168 33
80169 35
80170 25
80171 35
80172 50
80173 33
80174 35
80175 42
80176 34
80177 37
80178 37
80179 51
80180 25
80181 31
80182 22
80183 15
80184 42
80185 14
80186 32
80187 34
80188 15
80189 18
80190 34
80191 47
80192 27
80193 38
80194 27
80195 29
80196 46
80197 30
80198 39
80199 69
80200 34
80201 29
80202 45
80203 28
80204 38
80205 38
80206 28
80207 23
80208 44
80209 21
80210 15
80211 41
80212 24
80213 29
80214 50
80215 28
80216 26
80217 43
80218 41
80219 32
80220 49
80221 23
80222 35
80223 41
80224 49
80225 25
80226 37
80227 33
80228 39
80229 36
80230 15
80231 48
80232 33
80233 42
80234 34
80235 32
80236 21
80237 18
80238 56
80239 37
80240 23
80241 27
80242 35
80243 22
80244 49
80245 20
80246 37
80247 33
80248 33
80249 21
80250 35
80251 46
80252 31
80253 68
80254 26
80255 32
80256 38
80257 39
80258 18
80259 63
80260 21
80261 20
80262 32
80263 33
80264 21
80265 34
80266 32
80267 26
80268 59
80269 15
80270 40
80271 56
80272 37
80273 25
80274 48
80275 23
80276 40
80277 48
80278 17
80279 38
80280 29
80281 29
80282 23
80283 31
80284 19
80285 30
80286 44
80287 25
80288 28
80289 33
80290 42
80291 32
80292 55
80293 29
80294 45
80295 36
80296 44
80297 22
80298 40
80299 47
80300 37
80301 27
80302 11
80303 22
80304 40
80305 14
80306 23
80307 32
80308 28
80309 25
80310 28
80311 40
80312 29
80313 40
80314 36
80315 24
80316 50
80317 23
80318 42
80319 46
80320 36
80321 21
80322 59
80323 23
80324 52
80325 32
80326 26
80327 24
80328 51
80329 15
80330 15
80331 49
80332 20
80333 32
80334 44
80335 28
80336 30
80337 50
80338 40
80339 32
80340 44
80341 22
80342 48
80343 38
80344 51
80345 15
80346 38
80347 27
80348 36
80349 37
80350 5
80351 40
80352 35
80353 40
80354 24
80355 41
80356 14
80357 27
80358 53
80359 40
80360 15
80361 27
80362 45
80363 27
80364 48
80365 22
80366 38
80367 41
80368 37
80369 27
80370 38
80371 33
80372 23
80373 59
80374 17
80375 33
80376 34
80377 34
80378 15
80379 73
80380 19
80381 21
80382 38
80383 17
80384 19
80385 29
80386 37
80387 27
80388 58
80389 22
80390 24
80391 51
80392 30
80393 49
80394 39
80395 21
80396 40
80397 38
80398 14
80399 40
80400 38
80401 22
80402 22
80403 32
80404 10
80405 25
80406 46
80407 31
80408 29
80409 38
80410 35
80411 53
80412 45
80413 39
80414 37
80415 47
80416 33
80417 25
80418 32
80419 49
80420 38
80421 41
80422 21
80423 21
80424 51
80425 19
80426 21
80427 43
80428 25
80429 28
80430 39
80431 40
80432 24
80433 77
80434 36
80435 25
80436 42
80437 43
80438 40
80439 56
80440 37
80441 21
80442 43
80443 31
80444 46
80445 30
80446 27
80447 26
80448 46
80449 16
80450 11
80451 44
80452 32
80453 26
80454 55
80455 31
80456 31
80457 51
80458 47
80459 37
80460 34
80461 24
80462 34
80463 35
80464 30
80465 19
80466 41
80467 22
80468 30
80469 32
80470 30
80471 29
80472 33
80473 23
80474 29
80475 42
80476 28
80477 24
80478 46
80479 38
80480 15
80481 26
80482 40
80483 32
80484 45
80485 12
80486 30
80487 52
80488 34
80489 31
80490 33
80491 55
80492 27
80493 59
80494 27
80495 26
80496 30
80497 27
80498 19
80499 61
80500 20
80501 25
80502 43
80503 22
80504 11
80505 28
80506 43
80507 28
80508 44
80509 19
80510 37
80511 62
80512 31
80513 41
80514 49
80515 31
80516 23
80517 55
80518 17
80519 40
80520 37
80521 28
80522 15
80523 38
80524 23
80525 23
80526 38
80527 33
80528 22
80529 34
80530 30
80531 38
80532 44
80533 36
80534 31
80535 49
80536 43
80537 42
80538 43
80539 46
80540 27
80541 32
80542 19
80543 33
80544 36
80545 15
80546 17
80547 40
80548 17
80549 18
80550 41
80551 38
80552 22
80553 56
80554 44
80555 25
80556 48
80557 36
80558 48
80559 39
80560 24
80561 21
80562 48
80563 18
80564 37
80565 31
80566 13
80567 33
80568 38
80569 14
80570 17
80571 53
80572 9
80573 32
80574 42
80575 30
80576 33
80577 40
80578 45
80579 34
80580 30
80581 17
80582 33
80583 33
80584 37
80585 20
80586 40
80587 25
80588 29
80589 36
80590 18
80591 48
80592 36
80593 32
80594 19
80595 35
80596 18
80597 28
80598 39
80599 35
80600 24
80601 27
80602 34
80603 18
80604 51
80605 16
80606 33
80607 43
80608 42
80609 25
80610 29
80611 47
80612 30
80613 57
80614 24
80615 30
80616 33
80617 35
80618 22
80619 55
80620 15
80621 24
80622 34
80623 27
80624 23
80625 30
80626 38
80627 26
80628 62
80629 14
80630 34
80631 47
80632 34
80633 33
80634 51
80635 25
80636 32
80637 46
80638 16
80639 35
80640 25
80641 26
80642 15
80643 37
80644 18
80645 19
80646 40
80647 24
80648 21
80649 37
80650 30
80651 29
80652 61
80653 41
80654 44
80655 34
80656 40
80657 29
80658 43
80659 41
80660 37
80661 30
80662 23
80663 28
80664 42
80665 18
80666 14
80667 43
80668 38
80669 28
80670 41
80671 46
80672 25
80673 57
80674 38
80675 32
80676 52
80677 27
80678 44
80679 58
80680 21
80681 22
80682 49
80683 20
80684 41
80685 35
80686 47
80687 29
80688 51
80689 26
80690 18
80691 54
80692 25
80693 39
80694 50
80695 30
80696 11
80697 57
80698 37
80699 45
80700 44
80701 16
80702 33
80703 26
80704 48
80705 24
80706 52
80707 22
80708 34
80709 37
80710 19
80711 35
80712 55
80713 36
80714 20
80715 44
80716 17
80717 29
80718 51
80719 36
80720 18
80721 30
80722 31
80723 17
80724 48
80725 11
80726 45
80727 35
80728 37
80729 30
80730 34
80731 41
80732 45
80733 56
80734 37
80735 25
80736 54
80737 23
80738 21
80739 56
80740 25
80741 27
80742 42
80743 22
80744 21
80745 31
80746 29
80747 34
80748 39
80749 18
80750 21
80751 75
80752 46
80753 46
80754 42
80755 22
80756 43
80757 42
80758 25
80759 41
80760 34
80761 20
80762 26
80763 38
80764 18
80765 26
80766 41
80767 36
80768 14
80769 45
80770 34
80771 53
80772 41
80773 42
80774 36
80775 31
80776 44
80777 28
80778 53
80779 40
80780 35
80781 24
80782 18
80783 21
80784 54
80785 18
80786 20
80787 34
80788 21
80789 26
80790 32
80791 46
80792 24
80793 64
80794 31
80795 29
80796 45
80797 29
80798 38
80799 61
80800 18
80801 9
80802 37
80803 30
80804 39
80805 26
80806 37
80807 25
80808 38
80809 18
80810 23
80811 48
80812 23
80813 30
80814 48
80815 24
80816 24
80817 64
80818 39
80819 28
80820 33
80821 29
80822 34
80823 37
80824 44
80825 24
80826 49
80827 30
80828 39
80829 45
80830 28
80831 39
80832 35
80833 35
80834 28
80835 52
80836 19
80837 31
80838 47
80839 54
80840 14
80841 31
80842 39
80843 25
80844 51
80845 11
80846 29
80847 40
80848 40
80849 30
80850 31
80851 51
80852 29
80853 71
80854 29
80855 27
80856 46
80857 34
80858 10
80859 63
80860 26
80861 17
80862 51
80863 22
80864 16
80865 32
80866 37
80867 14
80868 52
80869 18
80870 29
80871 52
80872 33
80873 31
80874 34
80875 37
80876 31
80877 55
80878 19
80879 48
80880 31
80881 24
80882 22
80883 41
80884 31
80885 13
80886 51
80887 25
80888 34
80889 31
80890 31
80891 25
80892 46
80893 26
80894 43
80895 39
80896 44
80897 19
80898 44
80899 31
80900 26
80901 33
80902 27
80903 29
80904 50
80905 31
80906 26
80907 54
80908 33
80909 29
80910 42
80911 37
80912 12
80913 42
80914 35
80915 23
80916 56
80917 16
80918 36
80919 47
80920 27
80921 17
80922 42
80923 20
80924 36
80925 32
80926 33
80927 37
80928 49
80929 30
80930 18
80931 47
80932 19
80933 39
80934 57
80935 24
80936 18
80937 43
80938 43
80939 25
80940 52
80941 23
80942 44
80943 38
80944 35
80945 15
80946 47
80947 28
80948 31
80949 32
80950 4
80951 28
80952 46
80953 35
80954 22
80955 35
80956 35
80957 27
80958 43
80959 52
80960 27
80961 31
80962 45
80963 29
80964 43
80965 23
80966 37
80967 27
80968 42
80969 25
80970 35
80971 31
80972 26
80973 48
80974 20
80975 28
80976 39
80977 28
80978 26
80979 68
80980 20
80981 18
80982 45
80983 36
80984 23
80985 34
80986 47
80987 32
80988 55
80989 23
80990 25
80991 52
80992 30
80993 39
80994 46
80995 14
80996 31
80997 32
80998 11
80999 36
81000 33
81001 23
81002 23
81003 26
81004 20
81005 28
81006 55
81007 36
81008 32
81009 43
81010 33
81011 51
81012 47
81013 38
81014 42
81015 37
81016 39
81017 25
81018 55
81019 44
81020 28
81021 26
81022 15
81023 21
81024 44
81025 22
81026 23
81027 46
81028 27
81029 30
81030 32
81031 37
81032 19
81033 57
81034 32
81035 27
81036 38
81037 48
81038 35
81039 46
81040 30
81041 22
81042 39
81043 31
81044 37
81045 30
81046 18
81047 24
81048 36
81049 20
81050 27
81051 45
81052 21
81053 35
81054 44
81055 18
81056 27
81057 42
81058 47
81059 33
81060 41
81061 17
81062 36
81063 39
81064 42
81065 18
81066 49
81067 23
81068 44
81069 39
81070 18
81071 27
81072 44
81073 32
81074 23
81075 40
81076 25
81077 34
81078 43
81079 38
81080 15
81081 34
81082 44
81083 27
81084 43
81085 17
81086 33
81087 34
81088 30
81089 25
81090 35
81091 35
81092 42
81093 52
81094 25
81095 27
81096 49
81097 14
81098 16
81099 57
81100 24
81101 15
81102 37
81103 32
81104 23
81105 38
81106 36
81107 33
81108 44
81109 22
81110 28
81111 62
81112 31
81113 24
81114 40
81115 23
81116 27
81117 33
81118 32
81119 38
81120 25
81121 22
81122 28
81123 32
81124 19
81125 25
81126 36
81127 25
81128 24
81129 40
81130 26
81131 42
81132 45
81133 26
81134 34
81135 36
81136 41
81137 32
81138 42
81139 46
81140 22
81141 35
81142 21
81143 23
81144 29
81145 18
81146 22
81147 38
81148 22
81149 24
81150 43
81151 31
81152 20
81153 47
81154 44
81155 26
81156 48
81157 31
81158 39
81159 65
81160 30
81161 22
81162 46
81163 29
81164 28
81165 30
81166 23
81167 29
81168 49
81169 20
81170 19
81171 49
81172 33
81173 33
81174 59
81175 21
81176 31
81177 45
81178 41
81179 33
81180 47
81181 17
81182 38
81183 36
81184 36
81185 26
81186 55
81187 24
81188 36
81189 35
81190 18
81191 36
81192 42
81193 36
81194 22
81195 37
81196 27
81197 29
81198 48
81199 41
81200 17
81201 29
81202 40
81203 22
81204 41
81205 20
81206 33
81207 36
81208 22
81209 24
81210 28
81211 43
81212 36
81213 68
81214 13
81215 34
81216 35
81217 34
81218 19
81219 57
81220 18
81221 20
81222 42
81223 22
81224 28
81225 35
81226 33
81227 30
81228 50
81229 20
81230 31
81231 54
81232 42
81233 35
81234 39
81235 36
81236 34
81237 57
81238 20
81239 46
81240 30
81241 20
81242 23
81243 42
81244 20
81245 23
81246 50
81247 28
81248 26
81249 34
81250 20
81251 46
81252 53
81253 42
81254 36
81255 46
81256 49
81257 34
81258 45
81259 48
81260 38
81261 40
81262 15
81263 28
81264 43
81265 19
81266 20
81267 45
81268 23
81269 28
81270 30
81271 42
81272 19
81273 56
81274 33
81275 27
81276 45
81277 34
81278 50
81279 62
81280 35
81281 17
81282 42
81283 23
81284 56
81285 28
81286 24
81287 30
81288 39
81289 20
81290 13
81291 65
81292 20
81293 57
81294 38
81295 31
81296 24
81297 50
81298 42
81299 50
81300 32
81301 16
81302 41
81303 32
81304 45
81305 15
81306 40
81307 24
81308 35
81309 38
81310 20
81311 41
81312 36
81313 32
81314 15
81315 40
81316 27
81317 36
81318 47
81319 37
81320 22
81321 42
81322 39
81323 27
81324 49
81325 19
81326 37
81327 29
81328 35
81329 25
81330 40
81331 39
81332 41
81333 53
81334 38
81335 35
81336 45
81337 34
81338 21
81339 53
81340 18
81341 20
81342 38
81343 29
81344 13
81345 36
81346 25
81347 26
81348 46
81349 21
81350 31
81351 50
81352 41
81353 35
81354 49
81355 27
81356 58
81357 40
81358 24
81359 34
81360 37
81361 26
81362 22
81363 32
81364 17
81365 17
81366 38
81367 32
81368 19
81369 43
81370 25
81371 39
81372 40
81373 39
81374 28
81375 50
81376 42
81377 25
81378 58
81379 37
81380 34
81381 34
81382 21
81383 22
81384 60
81385 13
81386 25
81387 42
81388 37
81389 19
81390 43
81391 41
81392 24
81393 56
81394 37
81395 34
81396 43
81397 26
81398 40
81399 59
81400 24
81401 27
81402 47
81403 20
81404 40
81405 28
81406 20
81407 29
81408 55
81409 19
81410 14
81411 58
81412 24
81413 37
81414 47
81415 34
81416 16
81417 46
81418 32
81419 32
81420 32
81421 20
81422 37
81423 35
81424 27
81425 15
81426 36
81427 32
81428 26
81429 46
81430 8
81431 34
81432 34
81433 40
81434 25
81435 47
81436 14
81437 33
81438 41
81439 29
81440 17
81441 38
81442 39
81443 20
81444 43
81445 20
81446 34
81447 41
81448 32
81449 20
81450 33
81451 44
81452 28
81453 66
81454 32
81455 36
81456 44
81457 22
81458 27
81459 62
81460 27
81461 19
81462 44
81463 22
81464 24
81465 31
81466 42
81467 30
81468 45
81469 30
81470 25
81471 49
81472 26
81473 35
81474 38
81475 30
81476 22
81477 56
81478 25
81479 35
81480 32
81481 18
81482 23
81483 29
81484 17
81485 18
81486 55
81487 25
81488 39
81489 32
81490 30
81491 36
81492 46
81493 37
81494 35
81495 39
81496 36
81497 31
81498 47
81499 39
81500 31
81501 35
81502 17
81503 14
81504 53
81505 15
81506 17
81507 45
81508 28
81509 26
81510 40
81511 57
81512 32
81513 50
81514 41
81515 26
81516 39
81517 17
81518 47
81519 74
81520 27
81521 22
81522 43
81523 28
81524 41
81525 42
81526 25
81527 25
81528 43
81529 21
81530 15
81531 59
81532 29
81533 37
81534 45
81535 28
81536 24
81537 50
81538 33
81539 24
81540 35
81541 17
81542 40
81543 40
81544 42
81545 21
81546 38
81547 26
81548 27
81549 33
81550 23
81551 40
81552 36
81553 41
81554 25
81555 41
81556 22
81557 17
81558 50
81559 50
81560 14
81561 29
81562 44
81563 25
81564 60
81565 14
81566 44
81567 32
81568 49
81569 25
81570 35
81571 26
81572 31
81573 52
81574 26
81575 32
81576 46
81577 42
81578 17
81579 73
81580 17
81581 20
81582 35
81583 32
81584 12
81585 35
81586 39
81587 27
81588 50
81589 16
81590 35
81591 48
81592 32
81593 27
81594 42
81595 26
81596 39
81597 46
81598 16
81599 31
81600 33
81601 22
81602 17
81603 43
81604 17
81605 26
81606 43
81607 26
81608 23
81609 39
81610 32
81611 42
81612 49
81613 29
81614 36
81615 30
81616 33
81617 27
81618 46
81619 26
81620 36
81621 32
81622 21
81623 27
81624 51
81625 21
81626 19
81627 42
81628 24
81629 45
81630 32
81631 59
81632 24
81633 64
81634 35
81635 41
81636 49
81637 27
81638 34
81639 46
81640 24
81641 13
81642 53
81643 24
81644 40
81645 28
81646 23
81647 17
81648 37
81649 24
81650 22
81651 49
81652 17
81653 39
81654 55
81655 26
81656 21
81657 46
81658 34
81659 33
81660 34
81661 22
81662 33
81663 37
81664 40
81665 9
81666 45
81667 34
81668 37
81669 35
81670 20
81671 28
81672 43
81673 28
81674 29
81675 41
81676 28
81677 32
81678 43
81679 29
81680 20
81681 31
81682 36
81683 33
81684 45
81685 15
81686 43
81687 37
81688 37
81689 18
81690 33
81691 38
81692 41
81693 54
81694 30
81695 20
81696 44
81697 27
81698 33
81699 48
81700 17
81701 25
81702 45
81703 30
81704 22
81705 29
81706 43
81707 25
81708 43
81709 23
81710 21
81711 54
81712 31
81713 33
81714 41
81715 23
81716 31
81717 41
81718 22
81719 39
81720 37
81721 25
81722 17
81723 32
81724 21
81725 18
81726 49
81727 24
81728 26
81729 38
81730 38
81731 35
81732 45
81733 21
81734 43
81735 36
81736 35
81737 32
81738 44
81739 42
81740 27
81741 37
81742 28
81743 26
81744 39
81745 24
81746 22
81747 35
81748 25
81749 22
81750 33
81751 44
81752 28
81753 61
81754 35
81755 30
81756 43
81757 27
81758 48
81759 63
81760 28
81761 23
81762 37
81763 29
81764 33
81765 30
81766 29
81767 28
81768 42
81769 16
81770 23
81771 47
81772 35
81773 26
81774 52
81775 31
81776 30
81777 56
81778 44
81779 40
81780 48
81781 22
81782 38
81783 37
81784 46
81785 26
81786 39
81787 19
81788 30
81789 30
81790 14
81791 32
81792 36
81793 37
81794 22
81795 33
81796 34
81797 30
81798 50
81799 39
81800 16
81801 32
81802 46
81803 23
81804 63
81805 20
81806 35
81807 43
81808 34
81809 27
81810 42
81811 50
81812 31
81813 45
81814 24
81815 37
81816 33
81817 28
81818 27
81819 51
81820 25
81821 25
81822 55
81823 24
81824 24
81825 37
81826 36
81827 24
81828 39
81829 31
81830 22
81831 62
81832 30
81833 37
81834 46
81835 25
81836 37
81837 55
81838 27
81839 36
81840 39
81841 12
81842 23
81843 34
81844 19
81845 29
81846 37
81847 23
81848 21
81849 40
81850 25
81851 38
81852 55
81853 31
81854 34
81855 39
81856 47
81857 26
81858 56
81859 37
81860 38
81861 27
81862 19
81863 24
81864 37
81865 23
81866 21
81867 32
81868 21
81869 24
81870 32
81871 33
81872 17
81873 50
81874 30
81875 23
81876 58
81877 27
81878 50
81879 47
81880 33
81881 19
81882 55
81883 30
81884 48
81885 32
81886 20
81887 38
81888 51
81889 20
81890 16
81891 51
81892 21
81893 31
81894 40
81895 31
81896 30
81897 42
81898 40
81899 43
81900 38
81901 15
81902 51
81903 39
81904 47
81905 19
81906 47
81907 23
81908 39
81909 36
81910 19
81911 32
81912 35
81913 30
81914 25
81915 48
81916 13
81917 39
81918 40
81919 31
81920 12
81921 27
81922 42
81923 25
81924 42
81925 16
81926 36
81927 43
81928 40
81929 22
81930 35
81931 45
81932 30
81933 60
81934 25
81935 37
81936 37
81937 32
81938 18
81939 66
81940 20
81941 32
81942 41
81943 23
81944 22
81945 36
81946 35
81947 28
81948 50
81949 20
81950 33
81951 54
81952 29
81953 41
81954 35
81955 29
81956 41
81957 49
81958 27
81959 34
81960 37
81961 21
81962 19
81963 32
81964 25
81965 24
81966 51
81967 29
81968 31
81969 39
81970 26
81971 40
81972 52
81973 44
81974 33
81975 41
81976 44
81977 34
81978 38
81979 45
81980 41
81981 29
81982 22
81983 23
81984 45
81985 16
81986 29
81987 32
81988 26
81989 18
81990 35
81991 37
81992 18
81993 72
81994 36
81995 42
81996 38
81997 39
81998 28
81999 63
82000 27
82001 21
82002 48
82003 23
82004 40
82005 29
82006 35
82007 22
82008 50
82009 22
82010 20
82011 49
82012 29
82013 31
82014 54
82015 29
82016 10
82017 45
82018 39
82019 52
82020 34
82021 20
82022 29
82023 44
82024 31
82025 21
82026 38
82027 31
82028 30
82029 35
82030 15
82031 31
82032 47
82033 32
82034 24
82035 34
82036 25
82037 19
82038 56
82039 36
82040 13
82041 31
82042 31
82043 21
82044 42
82045 31
82046 34
82047 42
82048 34
82049 32
82050 36
82051 60
82052 29
82053 69
82054 28
82055 24
82056 43
82057 26
82058 27
82059 61
82060 17
82061 15
82062 48
82063 30
82064 29
82065 32
82066 39
82067 18
82068 41
82069 20
82070 21
82071 55
82072 37
82073 31
82074 39
82075 19
82076 45
82077 55
82078 21
82079 37
82080 45
82081 20
82082 22
82083 32
82084 15
82085 15
82086 56
82087 28
82088 20
82089 34
82090 32
82091 39
82092 40
82093 35
82094 31
82095 44
82096 39
82097 36
82098 38
82099 43
82100 29
82101 35
82102 19
82103 30
82104 56
82105 18
82106 22
82107 39
82108 23
82109 20
82110 40
82111 39
82112 31
82113 48
82114 40
82115 25
82116 47
82117 29
82118 49
82119 50
82120 27
82121 21
82122 38
82123 31
82124 39
82125 39
82126 36
82127 25
82128 38
82129 28
82130 17
82131 69
82132 9
82133 38
82134 52
82135 31
82136 23
82137 32
82138 38
82139 31
82140 23
82141 12
82142 37
82143 27
82144 35
82145 16
82146 34
82147 19
82148 28
82149 36
82150 15
82151 34
82152 38
82153 37
82154 14
82155 41
82156 17
82157 34
82158 40
82159 40
82160 20
82161 28
82162 35
82163 22
82164 42
82165 18
82166 22
82167 42
82168 29
82169 32
82170 32
82171 46
82172 26
82173 55
82174 25
82175 36
82176 38
82177 40
82178 16
82179 60
82180 20
82181 19
82182 40
82183 32
82184 36
82185 32
82186 31
82187 27
82188 57
82189 16
82190 38
82191 48
82192 41
82193 36
82194 45
82195 26
82196 44
82197 47
82198 15
82199 35
82200 39
82201 20
82202 17
82203 48
82204 20
82205 16
82206 41
82207 27
82208 17
82209 32
82210 26
82211 45
82212 59
82213 38
82214 63
82215 35
82216 40
82217 23
82218 50
82219 28
82220 43
82221 27
82222 10
82223 25
82224 43
82225 28
82226 22
82227 35
82228 24
82229 19
82230 31
82231 50
82232 18
82233 57
82234 41
82235 19
82236 56
82237 25
82238 43
82239 62
82240 27
82241 18
82242 44
82243 25
82244 43
82245 30
82246 15
82247 32
82248 41
82249 24
82250 21
82251 64
82252 28
82253 44
82254 43
82255 32
82256 20
82257 45
82258 39
82259 46
82260 35
82261 17
82262 41
82263 41
82264 29
82265 24
82266 42
82267 24
82268 38
82269 42
82270 23
82271 36
82272 47
82273 31
82274 28
82275 41
82276 11
82277 37
82278 35
82279 50
82280 19
82281 38
82282 27
82283 30
82284 36
82285 27
82286 34
82287 40
82288 43
82289 16
82290 35
82291 43
82292 47
82293 62
82294 23
82295 15
82296 39
82297 32
82298 21
82299 50
82300 15
82301 23
82302 37
82303 31
82304 20
82305 36
82306 35
82307 29
82308 48
82309 24
82310 27
82311 63
82312 48
82313 23
82314 52
82315 19
82316 33
82317 41
82318 25
82319 24
82320 37
82321 15
82322 19
82323 29
82324 21
82325 16
82326 44
82327 31
82328 14
82329 44
82330 22
82331 51
82332 37
82333 49
82334 29
82335 44
82336 42
82337 41
82338 51
82339 43
82340 35
82341 35
82342 25
82343 28
82344 51
82345 21
82346 36
82347 38
82348 25
82349 14
82350 40
82351 50
82352 12
82353 59
82354 36
82355 29
82356 31
82357 31
82358 41
82359 65
82360 30
82361 24
82362 45
82363 27
82364 37
82365 39
82366 19
82367 18
82368 45
82369 24
82370 16
82371 37
82372 21
82373 22
82374 44
82375 22
82376 18
82377 52
82378 36
82379 30
82380 38
82381 22
82382 36
82383 37
82384 31
82385 22
82386 37
82387 39
82388 30
82389 31
82390 18
82391 37
82392 34
82393 38
82394 14
82395 38
82396 27
82397 17
82398 49
82399 35
82400 23
82401 36
82402 42
82403 26
82404 52
82405 25
82406 31
82407 38
82408 35
82409 32
82410 31
82411 46
82412 38
82413 55
82414 24
82415 33
82416 44
82417 34
82418 20
82419 51
82420 18
82421 22
82422 47
82423 28
82424 26
82425 26
82426 43
82427 28
82428 49
82429 17
82430 31
82431 59
82432 27
82433 35
82434 54
82435 23
82436 35
82437 55
82438 20
82439 38
82440 33
82441 30
82442 16
82443 38
82444 28
82445 28
82446 46
82447 37
82448 31
82449 31
82450 35
82451 33
82452 49
82453 33
82454 53
82455 33
82456 44
82457 21
82458 47
82459 49
82460 42
82461 37
82462 17
82463 29
82464 50
82465 27
82466 25
82467 50
82468 33
82469 21
82470 34
82471 32
82472 31
82473 47
82474 42
82475 23
82476 58
82477 28
82478 49
82479 51
82480 34
82481 14
82482 49
82483 23
82484 46
82485 34
82486 24
82487 29
82488 37
82489 18
82490 21
82491 36
82492 19
82493 35
82494 39
82495 22
82496 28
82497 39
82498 39
82499 34
82500 56
82501 18
82502 42
82503 40
82504 45
82505 21
82506 50
82507 27
82508 41
82509 29
82510 13
82511 35
82512 35
82513 27
82514 17
82515 40
82516 20
82517 24
82518 48
82519 39
82520 21
82521 26
82522 51
82523 28
82524 54
82525 20
82526 38
82527 39
82528 40
82529 19
82530 40
82531 55
82532 27
82533 61
82534 23
82535 35
82536 40
82537 30
82538 16
82539 64
82540 18
82541 24
82542 46
82543 23
82544 22
82545 27
82546 35
82547 27
82548 47
82549 20
82550 26
82551 60
82552 32
82553 39
82554 52
82555 25
82556 26
82557 46
82558 20
82559 39
82560 23
82561 23
82562 24
82563 25
82564 20
82565 22
82566 47
82567 28
82568 19
82569 37
82570 28
82571 27
82572 45
82573 29
82574 37
82575 34
82576 44
82577 43
82578 49
82579 26
82580 31
82581 30
82582 22
82583 22
82584 51
82585 24
82586 27
82587 37
82588 31
82589 22
82590 37
82591 36
82592 19
82593 63
82594 30
82595 36
82596 43
82597 38
82598 36
82599 52
82600 35
82601 20
82602 46
82603 27
82604 53
82605 26
82606 33
82607 24
82608 52
82609 17
82610 12
82611 50
82612 35
82613 26
82614 29
82615 34
82616 28
82617 52
82618 38
82619 34
82620 40
82621 22
82622 30
82623 41
82624 53
82625 19
82626 43
82627 20
82628 38
82629 29
82630 29
82631 45
82632 40
82633 38
82634 20
82635 38
82636 15
82637 23
82638 36
82639 45
82640 8
82641 35
82642 44
82643 35
82644 38
82645 19
82646 27
82647 35
82648 29
82649 24
82650 43
82651 44
82652 31
82653 62
82654 25
82655 27
82656 28
82657 33
82658 20
82659 68
82660 15
82661 24
82662 51
82663 20
82664 21
82665 29
82666 46
82667 19
82668 54
82669 16
82670 31
82671 46
82672 30
82673 34
82674 50
82675 20
82676 32
82677 48
82678 22
82679 32
82680 30
82681 18
82682 17
82683 29
82684 32
82685 23
82686 52
82687 23
82688 29
82689 31
82690 28
82691 21
82692 45
82693 25
82694 39
82695 40
82696 36
82697 32
82698 47
82699 41
82700 37
82701 43
82702 24
82703 23
82704 45
82705 26
82706 25
82707 47
82708 26
82709 26
82710 38
82711 44
82712 20
82713 41
82714 34
82715 24
82716 46
82717 33
82718 40
82719 48
82720 41
82721 27
82722 41
82723 33
82724 32
82725 43
82726 21
82727 31
82728 43
82729 20
82730 20
82731 64
82732 24
82733 30
82734 63
82735 21
82736 25
82737 35
82738 45
82739 36
82740 53
82741 18
82742 39
82743 35
82744 36
82745 31
82746 46
82747 23
82748 29
82749 42
82750 21
82751 51
82752 41
82753 39
82754 31
82755 42
82756 18
82757 29
82758 56
82759 38
82760 19
82761 22
82762 33
82763 27
82764 45
82765 26
82766 45
82767 37
82768 27
82769 30
82770 34
82771 44
82772 28
82773 54
82774 31
82775 39
82776 36
82777 33
82778 19
82779 76
82780 12
82781 21
82782 36
82783 35
82784 24
82785 35
82786 38
82787 25
82788 43
82789 21
82790 30
82791 36
82792 48
82793 35
82794 42
82795 23
82796 21
82797 45
82798 19
82799 41
82800 26
82801 27
82802 9
82803 31
82804 19
82805 19
82806 40
82807 22
82808 27
82809 37
82810 29
82811 42
82812 64
82813 25
82814 32
82815 35
82816 36
82817 21
82818 41
82819 49
82820 32
82821 27
82822 16
82823 28
82824 53
82825 22
82826 18
82827 35
82828 25
82829 15
82830 46
82831 51
82832 24
82833 62
82834 36
82835 24
82836 47
82837 35
82838 47
82839 50
82840 31
82841 18
82842 39
82843 27
82844 35
82845 30
82846 31
82847 25
82848 45
82849 21
82850 16
82851 58
82852 28
82853 35
82854 56
82855 34
82856 12
82857 62
82858 37
82859 41
82860 38
82861 17
82862 33
82863 43
82864 37
82865 18
82866 47
82867 20
82868 36
82869 30
82870 16
82871 36
82872 43
82873 46
82874 21
82875 37
82876 18
82877 34
82878 38
82879 51
82880 10
82881 36
82882 28
82883 20
82884 46
82885 19
82886 35
82887 41
82888 30
82889 23
82890 37
82891 34
82892 37
82893 57
82894 19
82895 26
82896 49
82897 19
82898 17
82899 55
82900 21
82901 23
82902 43
82903 25
82904 30
82905 29
82906 43
82907 29
82908 59
82909 15
82910 40
82911 56
82912 41
82913 40
82914 41
82915 19
82916 45
82917 46
82918 15
82919 35
82920 31
82921 18
82922 16
82923 40
82924 13
82925 26
82926 44
82927 26
82928 28
82929 27
82930 26
82931 35
82932 41
82933 31
82934 40
82935 34
82936 38
82937 30
82938 40
82939 32
82940 41
82941 36
82942 8
82943 26
82944 39
82945 21
82946 22
82947 38
82948 21
82949 30
82950 32
82951 47
82952 19
82953 48
82954 48
82955 29
82956 38
82957 33
82958 39
82959 62
82960 21
82961 21
82962 55
82963 32
82964 37
82965 37
82966 24
82967 27
82968 32
82969 16
82970 21
82971 51
82972 28
82973 32
82974 53
82975 24
82976 29
82977 64
82978 35
82979 40
82980 29
82981 28
82982 43
82983 39
82984 43
82985 24
82986 46
82987 24
82988 34
82989 33
82990 18
82991 34
82992 35
82993 30
82994 36
82995 45
82996 17
82997 25
82998 38
82999 36
83000 20
83001 36
83002 41
83003 33
83004 38
83005 22
83006 37
83007 41
83008 40
83009 32
83010 32
83011 38
83012 32
83013 64
83014 26
83015 26
83016 40
83017 29
83018 15
83019 48
83020 21
83021 24
83022 47
83023 20
83024 13
83025 35
83026 50
83027 38
83028 53
83029 21
83030 22
83031 71
83032 31
83033 54
83034 39
83035 40
83036 29
83037 61
83038 15
83039 49
83040 30
83041 20
83042 10
83043 38
83044 19
83045 12
83046 43
83047 30
83048 20
83049 34
83050 29
83051 35
83052 46
83053 36
83054 38
83055 47
83056 36
83057 31
83058 47
83059 51
83060 19
83061 38
83062 28
83063 24
83064 52
83065 27
83066 27
83067 41
83068 26
83069 19
83070 37
83071 38
83072 24
83073 56
83074 39
83075 26
83076 53
83077 23
83078 42
83079 60
83080 23
83081 20
83082 40
83083 28
83084 39
83085 41
83086 25
83087 32
83088 50
83089 24
83090 16
83091 59
83092 24
83093 35
83094 54
83095 24
83096 15
83097 38
83098 39
83099 32
83100 44
83101 17
83102 38
83103 34
83104 35
83105 21
83106 46
83107 31
83108 33
83109 31
83110 16
83111 44
83112 44
83113 25
83114 19
83115 39
83116 29
83117 31
83118 44
83119 36
83120 17
83121 35
83122 27
83123 19
83124 69
83125 17
83126 40
83127 41
83128 50
83129 21
83130 41
83131 38
83132 26
83133 44
83134 20
83135 25
83136 41
83137 27
83138 13
83139 63
83140 13
83141 23
83142 50
83143 37
83144 19
83145 30
83146 37
83147 41
83148 46
83149 25
83150 40
83151 59
83152 36
83153 32
83154 44
83155 22
83156 28
83157 39
83158 11
83159 38
83160 26
83161 20
83162 13
83163 39
83164 15
83165 25
83166 45
83167 24
83168 21
83169 34
83170 31
83171 42
83172 38
83173 24
83174 41
83175 34
83176 32
83177 30
83178 52
83179 39
83180 32
83181 23
83182 22
83183 24
83184 44
83185 19
83186 23
83187 44
83188 23
83189 28
83190 33
83191 41
83192 24
83193 70
83194 30
83195 29
83196 42
83197 41
83198 36
83199 52
83200 31
83201 14
83202 54
83203 23
83204 50
83205 34
83206 25
83207 16
83208 49
83209 22
83210 20
83211 55
83212 24
83213 33
83214 40
83215 36
83216 21
83217 55
83218 42
83219 33
83220 41
83221 27
83222 34
83223 31
83224 48
83225 14
83226 48
83227 34
83228 57
83229 27
83230 15
83231 37
83232 27
83233 25
83234 25
83235 40
83236 25
83237 36
83238 50
83239 36
83240 19
83241 40
83242 41
83243 27
83244 49
83245 21
83246 29
83247 39
83248 40
83249 20
83250 40
83251 49
83252 50
83253 59
83254 28
83255 24
83256 41
83257 23
83258 19
83259 64
83260 28
83261 17
83262 43
83263 24
83264 25
83265 34
83266 32
83267 29
83268 41
83269 26
83270 25
83271 60
83272 30
83273 48
83274 43
83275 23
83276 36
83277 46
83278 38
83279 40
83280 30
83281 19
83282 30
83283 29
83284 22
83285 16
83286 36
83287 25
83288 21
83289 37
83290 28
83291 29
83292 54
83293 32
83294 30
83295 45
83296 38
83297 25
83298 32
83299 39
83300 29
83301 24
83302 24
83303 15
83304 55
83305 21
83306 32
83307 30
83308 25
83309 28
83310 41
83311 33
83312 23
83313 50
83314 40
83315 32
83316 43
83317 35
83318 37
83319 56
83320 26
83321 26
83322 40
83323 32
83324 38
83325 38
83326 31
83327 26
83328 60
83329 10
83330 16
83331 54
83332 41
83333 39
83334 54
83335 16
83336 39
83337 42
83338 45
83339 24
83340 42
83341 27
83342 25
83343 39
83344 47
83345 34
83346 39
83347 26
83348 35
83349 33
83350 14
83351 45
83352 46
83353 20
83354 21
83355 29
83356 28
83357 25
83358 59
83359 43
83360 17
83361 32
83362 41
83363 27
83364 42
83365 22
83366 35
83367 41
83368 35
83369 24
83370 44
83371 40
83372 39
83373 51
83374 21
83375 30
83376 42
83377 32
83378 25
83379 49
83380 10
83381 19
83382 38
83383 22
83384 26
83385 26
83386 33
83387 27
83388 38
83389 22
83390 39
83391 56
83392 29
83393 42
83394 45
83395 35
83396 36
83397 54
83398 17
83399 57
83400 40
83401 22
83402 31
83403 39
83404 21
83405 16
83406 45
83407 21
83408 25
83409 31
83410 27
83411 26
83412 51
83413 38
83414 39
83415 25
83416 48
83417 31
83418 36
83419 32
83420 28
83421 40
83422 23
83423 26
83424 47
83425 25
83426 31
83427 33
83428 13
83429 17
83430 33
83431 31
83432 18
83433 50
83434 32
83435 23
83436 63
83437 30
83438 43
83439 36
83440 33
83441 15
83442 42
83443 33
83444 43
83445 36
83446 25
83447 30
83448 41
83449 18
83450 13
83451 59
83452 20
83453 30
83454 40
83455 30
83456 36
83457 50
83458 46
83459 27
83460 41
83461 22
83462 47
83463 30
83464 45
83465 15
83466 38
83467 32
83468 47
83469 43
83470 15
83471 38
83472 36
83473 32
83474 13
83475 46
83476 18
83477 37
83478 43
83479 53
83480 23
83481 43
83482 38
83483 26
83484 47
83485 17
83486 46
83487 39
83488 31
83489 12
83490 41
83491 49
83492 34
83493 57
83494 50
83495 23
83496 31
83497 23
83498 14
83499 54
83500 16
83501 22
83502 35
83503 20
83504 15
83505 26
83506 32
83507 26
83508 43
83509 12
83510 28
83511 46
83512 34
83513 29
83514 43
83515 23
83516 40
83517 47
83518 18
83519 40
83520 43
83521 31
83522 18
83523 46
83524 19
83525 22
83526 49
83527 33
83528 20
83529 38
83530 28
83531 35
83532 34
83533 34
83534 45
83535 47
83536 45
83537 38
83538 42
83539 36
83540 31
83541 30
83542 13
83543 25
83544 43
83545 21
83546 24
83547 38
83548 29
83549 26
83550 36
83551 31
83552 22
83553 59
83554 38
83555 28
83556 40
83557 37
83558 37
83559 56
83560 35
83561 29
83562 42
83563 27
83564 32
83565 36
83566 20
83567 25
83568 51
83569 15
83570 17
83571 53
83572 27
83573 34
83574 66
83575 33
83576 31
83577 39
83578 50
83579 40
83580 40
83581 23
83582 38
83583 31
83584 36
83585 23
83586 37
83587 23
83588 31
83589 35
83590 11
83591 38
83592 41
83593 36
83594 27
83595 36
83596 14
83597 23
83598 52
83599 44
83600 21
83601 34
83602 39
83603 24
83604 48
83605 18
83606 28
83607 50
83608 25
83609 17
83610 39
83611 44
83612 38
83613 52
83614 26
83615 30
83616 38
83617 28
83618 25
83619 52
83620 22
83621 23
83622 42
83623 21
83624 21
83625 34
83626 36
83627 24
83628 51
83629 18
83630 38
83631 45
83632 31
83633 42
83634 50
83635 22
83636 35
83637 50
83638 20
83639 33
83640 31
83641 19
83642 24
83643 39
83644 12
83645 22
83646 46
83647 34
83648 27
83649 33
83650 26
83651 48
83652 53
83653 44
83654 37
83655 34
83656 42
83657 22
83658 37
83659 40
83660 21
83661 22
83662 19
83663 21
83664 35
83665 14
83666 23
83667 30
83668 20
83669 22
83670 41
83671 38
83672 27
83673 50
83674 39
83675 32
83676 49
83677 35
83678 38
83679 69
83680 21
83681 21
83682 46
83683 28
83684 31
83685 40
83686 24
83687 28
83688 37
83689 20
83690 11
83691 60
83692 25
83693 34
83694 52
83695 29
83696 31
83697 50
83698 47
83699 44
83700 40
83701 16
83702 43
83703 36
83704 41
83705 20
83706 41
83707 29
83708 32
83709 50
83710 22
83711 33
83712 40
83713 43
83714 23
83715 42
83716 18
83717 26
83718 41
83719 34
83720 14
83721 32
83722 28
83723 29
83724 61
83725 16
83726 32
83727 35
83728 41
83729 25
83730 26
83731 45
83732 22
83733 64
83734 20
83735 37
83736 38
83737 40
83738 14
83739 61
83740 15
83741 23
83742 35
83743 24
83744 18
83745 26
83746 37
83747 26
83748 56
83749 18
83750 32
83751 61
83752 37
83753 48
83754 50
83755 42
83756 31
83757 53
83758 14
83759 54
83760 31
83761 23
83762 21
83763 50
83764 19
83765 28
83766 40
83767 26
83768 22
83769 40
83770 28
83771 38
83772 52
83773 36
83774 45
83775 31
83776 45
83777 33
83778 48
83779 38
83780 36
83781 37
83782 17
83783 18
83784 42
83785 12
83786 18
83787 55
83788 25
83789 35
83790 35
83791 55
83792 19
83793 51
83794 36
83795 29
83796 41
83797 24
83798 53
83799 65
83800 28
83801 11
83802 44
83803 19
83804 44
83805 32
83806 15
83807 25
83808 43
83809 29
83810 19
83811 63
83812 27
83813 47
83814 51
83815 25
83816 28
83817 53
83818 55
83819 39
83820 46
83821 21
83822 33
83823 30
83824 48
83825 11
83826 36
83827 30
83828 42
83829 31
83830 15
83831 42
83832 33
83833 31
83834 21
83835 37
83836 29
83837 33
83838 45
83839 32
83840 16
83841 34
83842 37
83843 26
83844 52
83845 16
83846 24
83847 57
83848 42
83849 24
83850 28
83851 54
83852 34
83853 58
83854 29
83855 26
83856 42
83857 20
83858 28
83859 61
83860 17
83861 23
83862 46
83863 30
83864 21
83865 46
83866 32
83867 36
83868 45
83869 18
83870 29
83871 80
83872 37
83873 36
83874 40
83875 28
83876 38
83877 47
83878 31
83879 36
83880 32
83881 20
83882 22
83883 24
83884 24
83885 19
83886 46
83887 19
83888 21
83889 46
83890 26
83891 39
83892 35
83893 40
83894 29
83895 36
83896 40
83897 36
83898 50
83899 36
83900 21
83901 24
83902 23
83903 21
83904 47
83905 18
83906 19
83907 24
83908 29
83909 18
83910 36
83911 39
83912 24
83913 51
83914 27
83915 22
83916 47
83917 23
83918 29
83919 61
83920 28
83921 23
83922 41
83923 19
83924 40
83925 29
83926 32
83927 28
83928 47
83929 28
83930 25
83931 51
83932 20
83933 37
83934 53
83935 25
83936 16
83937 49
83938 46
83939 34
83940 32
83941 18
83942 38
83943 44
83944 35
83945 19
83946 42
83947 25
83948 29
83949 27
83950 12
83951 49
83952 47
83953 40
83954 26
83955 44
83956 28
83957 30
83958 42
83959 44
83960 14
83961 28
83962 44
83963 28
83964 42
83965 19
83966 36
83967 37
83968 30
83969 21
83970 30
83971 44
83972 36
83973 46
83974 12
83975 24
83976 34
83977 31
83978 21
83979 62
83980 28
83981 24
83982 45
83983 26
83984 18
83985 33
83986 49
83987 24
83988 49
83989 34
83990 30
83991 41
83992 33
83993 35
83994 46
83995 19
83996 35
83997 43
83998 24
83999 30
84000 23
84001 15
84002 27
84003 25
84004 19
84005 24
84006 45
84007 35
84008 29
84009 33
84010 40
84011 39
84012 45
84013 32
84014 31
84015 42
84016 42
84017 21
84018 40
84019 46
84020 31
84021 40
84022 14
84023 34
84024 36
84025 25
84026 20
84027 40
84028 23
84029 30
84030 34
84031 41
84032 18
84033 64
84034 46
84035 27
84036 53
84037 24
84038 41
84039 48
84040 37
84041 19
84042 36
84043 28
84044 28
84045 25
84046 26
84047 29
84048 33
84049 15
84050 14
84051 41
84052 23
84053 34
84054 58
84055 17
84056 23
84057 45
84058 56
84059 27
84060 55
84061 18
84062 37
84063 33
84064 49
84065 18
84066 51
84067 31
84068 29
84069 28
84070 17
84071 37
84072 31
84073 33
84074 23
84075 32
84076 23
84077 22
84078 55
84079 40
84080 19
84081 35
84082 40
84083 20
84084 59
84085 17
84086 47
84087 34
84088 35
84089 22
84090 41
84091 32
84092 37
84093 50
84094 23
84095 20
84096 34
84097 27
84098 11
84099 61
84100 17
84101 27
84102 44
84103 30
84104 24
84105 38
84106 39
84107 36
84108 42
84109 17
84110 46
84111 57
84112 30
84113 28
84114 47
84115 28
84116 32
84117 49
84118 27
84119 36
84120 37
84121 19
84122 16
84123 41
84124 27
84125 27
84126 43
84127 29
84128 47
84129 40
84130 24
84131 43
84132 39
84133 36
84134 37
84135 47
84136 39
84137 30
84138 46
84139 47
84140 34
84141 26
84142 27
84143 26
84144 45
84145 18
84146 24
84147 37
84148 24
84149 31
84150 34
84151 54
84152 19
84153 72
84154 37
84155 25
84156 37
84157 35
84158 40
84159 52
84160 26
84161 19
84162 34
84163 17
84164 39
84165 22
84166 27
84167 15
84168 40
84169 24
84170 22
84171 48
84172 24
84173 42
84174 49
84175 25
84176 17
84177 62
84178 43
84179 37
84180 36
84181 21
84182 35
84183 44
84184 55
84185 21
84186 50
84187 30
84188 38
84189 31
84190 15
84191 24
84192 52
84193 28
84194 25
84195 42
84196 32
84197 28
84198 48
84199 32
84200 13
84201 39
84202 38
84203 28
84204 43
84205 21
84206 35
84207 44
84208 30
84209 19
84210 41
84211 37
84212 38
84213 54
84214 29
84215 19
84216 44
84217 25
84218 25
84219 49
84220 23
84221 18
84222 44
84223 32
84224 19
84225 34
84226 31
84227 29
84228 53
84229 24
84230 24
84231 62
84232 30
84233 26
84234 38
84235 26
84236 37
84237 56
84238 18
84239 35
84240 33
84241 21
84242 23
84243 31
84244 22
84245 15
84246 46
84247 25
84248 25
84249 38
84250 38
84251 40
84252 65
84253 35
84254 38
84255 42
84256 44
84257 21
84258 38
84259 44
84260 29
84261 32
84262 24
84263 25
84264 48
84265 19
84266 23
84267 42
84268 27
84269 21
84270 42
84271 29
84272 23
84273 52
84274 43
84275 31
84276 54
84277 35
84278 38
84279 48
84280 30
84281 22
84282 47
84283 20
84284 36
84285 30
84286 21
84287 25
84288 40
84289 21
84290 21
84291 43
84292 13
84293 32
84294 50
84295 24
84296 30
84297 42
84298 39
84299 29
84300 52
84301 22
84302 54
84303 30
84304 53
84305 16
84306 53
84307 34
84308 36
84309 36
84310 17
84311 31
84312 37
84313 43
84314 16
84315 44
84316 20
84317 31
84318 57
84319 39
84320 19
84321 29
84322 38
84323 27
84324 58
84325 21
84326 45
84327 38
84328 31
84329 14
84330 32
84331 52
84332 33
84333 64
84334 25
84335 26
84336 36
84337 45
84338 13
84339 55
84340 22
84341 19
84342 40
84343 23
84344 37
84345 34
84346 29
84347 22
84348 54
84349 23
84350 30
84351 58
84352 31
84353 38
84354 37
84355 28
84356 33
84357 53
84358 24
84359 47
84360 33
84361 18
84362 24
84363 37
84364 25
84365 24
84366 42
84367 28
84368 32
84369 40
84370 35
84371 35
84372 35
84373 32
84374 41
84375 43
84376 41
84377 35
84378 54
84379 55
84380 41
84381 39
84382 17
84383 21
84384 57
84385 16
84386 22
84387 42
84388 21
84389 28
84390 36
84391 39
84392 17
84393 59
84394 32
84395 27
84396 43
84397 30
84398 50
84399 57
84400 25
84401 21
84402 44
84403 31
84404 42
84405 33
84406 11
84407 28
84408 35
84409 19
84410 17
84411 62
84412 31
84413 31
84414 40
84415 22
84416 31
84417 39
84418 44
84419 41
84420 38
84421 17
84422 42
84423 34
84424 44
84425 28
84426 46
84427 18
84428 35
84429 37
84430 20
84431 36
84432 36
84433 29
84434 13
84435 36
84436 21
84437 41
84438 42
84439 36
84440 21
84441 27
84442 28
84443 23
84444 40
84445 17
84446 25
84447 37
84448 32
84449 26
84450 36
84451 39
84452 41
84453 44
84454 8
84455 34
84456 49
84457 22
84458 23
84459 60
84460 11
84461 17
84462 29
84463 28
84464 18
84465 35
84466 32
84467 34
84468 50
84469 33
84470 30
84471 64
84472 37
84473 28
84474 41
84475 42
84476 36
84477 34
84478 24
84479 54
84480 37
84481 15
84482 15
84483 43
84484 28
84485 20
84486 39
84487 31
84488 34
84489 48
84490 31
84491 39
84492 42
84493 49
84494 40
84495 45
84496 35
84497 24
84498 42
84499 30
84500 26
84501 29
84502 30
84503 22
84504 43
84505 17
84506 33
84507 30
84508 32
84509 22
84510 42
84511 41
84512 20
84513 69
84514 39
84515 29
84516 37
84517 31
84518 31
84519 54
84520 26
84521 23
84522 44
84523 23
84524 40
84525 26
84526 29
84527 25
84528 49
84529 24
84530 16
84531 44
84532 25
84533 30
84534 48
84535 30
84536 20
84537 55
84538 34
84539 34
84540 39
84541 19
84542 26
84543 45
84544 34
84545 15
84546 48
84547 48
84548 32
84549 45
84550 18
84551 38
84552 44
84553 46
84554 15
84555 38
84556 24
84557 27
84558 38
84559 35
84560 15
84561 39
84562 23
84563 19
84564 35
84565 25
84566 34
84567 51
84568 28
84569 25
84570 29
84571 45
84572 27
84573 61
84574 16
84575 40
84576 37
84577 28
84578 18
84579 68
84580 16
84581 19
84582 43
84583 21
84584 18
84585 24
84586 46
84587 34
84588 40
84589 19
84590 40
84591 54
84592 34
84593 44
84594 42
84595 29
84596 37
84597 50
84598 15
84599 51
84600 29
84601 19
84602 23
84603 32
84604 15
84605 23
84606 58
84607 30
84608 32
84609 33
84610 38
84611 31
84612 55
84613 35
84614 39
84615 36
84616 26
84617 24
84618 41
84619 36
84620 31
84621 36
84622 12
84623 24
84624 46
84625 26
84626 26
84627 42
84628 30
84629 18
84630 31
84631 58
84632 29
84633 54
84634 35
84635 29
84636 46
84637 32
84638 29
84639 62
84640 16
84641 18
84642 42
84643 16
84644 28
84645 34
84646 28
84647 20
84648 37
84649 18
84650 19
84651 45
84652 26
84653 34
84654 49
84655 32
84656 29
84657 48
84658 42
84659 42
84660 40
84661 15
84662 25
84663 24
84664 43
84665 11
84666 35
84667 33
84668 27
84669 28
84670 17
84671 33
84672 35
84673 31
84674 23
84675 41
84676 19
84677 26
84678 60
84679 40
84680 19
84681 32
84682 35
84683 32
84684 64
84685 20
84686 41
84687 38
84688 37
84689 21
84690 45
84691 38
84692 35
84693 47
84694 23
84695 18
84696 47
84697 20
84698 17
84699 51
84700 15
84701 24
84702 37
84703 30
84704 21
84705 34
84706 42
84707 28
84708 51
84709 32
84710 43
84711 71
84712 41
84713 45
84714 59
84715 22
84716 39
84717 45
84718 26
84719 25
84720 29
84721 19
84722 28
84723 37
84724 12
84725 25
84726 37
84727 32
84728 16
84729 49
84730 33
84731 44
84732 46
84733 36
84734 48
84735 38
84736 49
84737 34
84738 46
84739 34
84740 27
84741 22
84742 16
84743 19
84744 46
84745 24
84746 7
84747 39
84748 27
84749 31
84750 35
84751 50
84752 21
84753 58
84754 29
84755 41
84756 46
84757 18
84758 38
84759 71
84760 26
84761 15
84762 53
84763 24
84764 39
84765 21
84766 35
84767 33
84768 55
84769 24
84770 20
84771 43
84772 20
84773 39
84774 43
84775 31
84776 22
84777 56
84778 31
84779 34
84780 39
84781 20
84782 34
84783 33
84784 40
84785 13
84786 42
84787 28
84788 47
84789 34
84790 29
84791 29
84792 49
84793 40
84794 22
84795 36
84796 19
84797 23
84798 33
84799 49
84800 13
84801 38
84802 38
84803 26
84804 47
84805 18
84806 38
84807 46
84808 46
84809 23
84810 38
84811 39
84812 49
84813 51
84814 29
84815 22
84816 45
84817 34
84818 25
84819 45
84820 11
84821 26
84822 36
84823 30
84824 16
84825 41
84826 41
84827 36
84828 49
84829 29
84830 32
84831 65
84832 38
84833 49
84834 56
84835 30
84836 35
84837 54
84838 13
84839 34
84840 30
84841 22
84842 16
84843 39
84844 24
84845 22
84846 45
84847 24
84848 32
84849 38
84850 29
84851 42
84852 56
84853 38
84854 45
84855 51
84856 40
84857 34
84858 50
84859 46
84860 24
84861 24
84862 23
84863 34
84864 38
84865 20
84866 15
84867 34
84868 29
84869 30
84870 39
84871 28
84872 23
84873 49
84874 30
84875 30
84876 55
84877 25
84878 39
84879 67
84880 32
84881 20
84882 53
84883 30
84884 41
84885 35
84886 25
84887 29
84888 44
84889 23
84890 18
84891 57
84892 20
84893 29
84894 47
84895 29
84896 29
84897 32
84898 45
84899 36
84900 38
84901 21
84902 43
84903 37
84904 46
84905 26
84906 44
84907 39
84908 23
84909 54
84910 20
84911 50
84912 46
84913 26
84914 28
84915 40
84916 36
84917 22
84918 68
84919 22
84920 19
84921 26
84922 43
84923 22
84924 58
84925 27
84926 43
84927 31
84928 37
84929 32
84930 39
84931 43
84932 35
84933 51
84934 34
84935 19
84936 47
84937 27
84938 34
84939 53
84940 13
84941 21
84942 47
84943 30
84944 16
84945 40
84946 30
84947 29
84948 45
84949 24
84950 31
84951 52
84952 37
84953 35
84954 41
84955 26
84956 37
84957 40
84958 29
84959 32
84960 26
84961 19
84962 16
84963 45
84964 23
84965 26
84966 37
84967 25
84968 20
84969 46
84970 27
84971 33
84972 42
84973 28
84974 42
84975 43
84976 57
84977 24
84978 51
84979 45
84980 33
84981 27
84982 19
84983 24
84984 47
84985 18
84986 22
84987 42
84988 14
84989 26
84990 30
84991 34
84992 16
84993 60
84994 26
84995 24
84996 43
84997 28
84998 44
84999 47
85000 27
85001 15
85002 56
85003 27
85004 45
85005 27
85006 36
85007 28
85008 44
85009 24
85010 21
85011 55
85012 21
85013 30
85014 41
85015 35
85016 25
85017 44
85018 41
85019 39
85020 39
85021 19
85022 32
85023 42
85024 36
85025 17
85026 44
85027 22
85028 35
85029 29
85030 24
85031 41
85032 45
85033 38
85034 26
85035 38
85036 27
85037 26
85038 51
85039 44
85040 22
85041 40
85042 51
85043 24
85044 47
85045 20
85046 44
85047 37
85048 40
85049 30
85050 41
85051 46
85052 43
85053 47
85054 17
85055 28
85056 49
85057 29
85058 20
85059 55
85060 27
85061 21
85062 54
85063 27
85064 19
85065 34
85066 43
85067 17
85068 47
85069 25
85070 31
85071 49
85072 30
85073 45
85074 49
85075 26
85076 35
85077 49
85078 16
85079 45
85080 35
85081 23
85082 19
85083 41
85084 18
85085 18
85086 63
85087 36
85088 20
85089 31
85090 28
85091 35
85092 45
85093 34
85094 40
85095 47
85096 47
85097 29
85098 44
85099 39
85100 39
85101 38
85102 12
85103 24
85104 48
85105 18
85106 25
85107 39
85108 23
85109 26
85110 40
85111 37
85112 20
85113 46
85114 32
85115 31
85116 32
85117 26
85118 47
85119 50
85120 26
85121 21
85122 40
85123 28
85124 36
85125 30
85126 35
85127 34
85128 47
85129 15
85130 15
85131 50
85132 30
85133 34
85134 46
85135 22
85136 26
85137 54
85138 42
85139 33
85140 38
85141 29
85142 36
85143 31
85144 39
85145 18
85146 30
85147 21
85148 36
85149 34
85150 22
85151 34
85152 51
85153 27
85154 24
85155 28
85156 20
85157 29
85158 58
85159 42
85160 25
85161 36
85162 46
85163 18
85164 51
85165 17
85166 29
85167 41
85168 41
85169 22
85170 39
85171 47
85172 27
85173 50
85174 20
85175 20
85176 34
85177 21
85178 17
85179 51
85180 18
85181 31
85182 31
85183 16
85184 23
85185 35
85186 40
85187 27
85188 38
85189 16
85190 21
85191 61
85192 30
85193 39
85194 33
85195 35
85196 30
85197 53
85198 21
85199 43
85200 42
85201 15
85202 6
85203 39
85204 32
85205 19
85206 53
85207 28
85208 26
85209 34
85210 28
85211 46
85212 47
85213 33
85214 30
85215 50
85216 40
85217 50
85218 48
85219 37
85220 26
85221 32
85222 19
85223 27
85224 42
85225 21
85226 19
85227 35
85228 30
85229 16
85230 51
85231 44
85232 14
85233 55
85234 44
85235 27
85236 56
85237 28
85238 35
85239 57
85240 24
85241 17
85242 47
85243 16
85244 30
85245 34
85246 14
85247 21
85248 44
85249 27
85250 21
85251 54
85252 20
85253 29
85254 54
85255 29
85256 26
85257 41
85258 35
85259 38
85260 30
85261 17
85262 47
85263 31
85264 26
85265 23
85266 39
85267 16
85268 29
85269 30
85270 19
85271 32
85272 40
85273 29
85274 25
85275 49
85276 27
85277 30
85278 35
85279 44
85280 21
85281 29
85282 34
85283 31
85284 53
85285 24
85286 30
85287 39
85288 36
85289 24
85290 42
85291 43
85292 29
85293 65
85294 29
85295 33
85296 36
85297 24
85298 13
85299 74
85300 12
85301 24
85302 36
85303 40
85304 27
85305 43
85306 36
85307 29
85308 74
85309 23
85310 37
85311 63
85312 46
85313 30
85314 57
85315 33
85316 44
85317 55
85318 11
85319 35
85320 41
85321 25
85322 13
85323 37
85324 14
85325 28
85326 39
85327 39
85328 43
85329 37
85330 38
85331 44
85332 47
85333 45
85334 65
85335 36
85336 45
85337 31
85338 56
85339 38
85340 26
85341 31
85342 20
85343 20
85344 28
85345 12
85346 17
85347 42
85348 21
85349 34
85350 31
85351 45
85352 23
85353 57
85354 38
85355 38
85356 37
85357 32
85358 38
85359 72
85360 29
85361 19
85362 47
85363 28
85364 23
85365 25
85366 24
85367 28
85368 46
85369 21
85370 16
85371 66
85372 15
85373 44
85374 37
85375 31
85376 16
85377 47
85378 34
85379 56
85380 41
85381 14
85382 36
85383 42
85384 41
85385 17
85386 42
85387 28
85388 42
85389 37
85390 19
85391 29
85392 35
85393 39
85394 12
85395 39
85396 21
85397 33
85398 47
85399 35
85400 17
85401 33
85402 35
85403 31
85404 57
85405 21
85406 45
85407 45
85408 44
85409 20
85410 39
85411 56
85412 52
85413 56
85414 36
85415 35
85416 42
85417 32
85418 21
85419 43
85420 24
85421 16
85422 40
85423 25
85424 35
85425 33
85426 38
85427 36
85428 48
85429 21
85430 24
85431 55
85432 33
85433 31
85434 55
85435 23
85436 41
85437 54
85438 37
85439 28
85440 42
85441 22
85442 28
85443 38
85444 22
85445 20
85446 39
85447 29
85448 21
85449 32
85450 30
85451 64
85452 48
85453 33
85454 37
85455 33
85456 31
85457 30
85458 41
85459 45
85460 30
85461 39
85462 28
85463 28
85464 37
85465 21
85466 24
85467 39
85468 22
85469 20
85470 36
85471 42
85472 13
85473 44
85474 27
85475 21
85476 35
85477 40
85478 41
85479 68
85480 22
85481 22
85482 39
85483 29
85484 28
85485 26
85486 21
85487 22
85488 39
85489 19
85490 24
85491 43
85492 36
85493 35
85494 30
85495 35
85496 30
85497 44
85498 22
85499 37
85500 37
85501 18
85502 33
85503 47
85504 35
85505 24
85506 46
85507 29
85508 33
85509 43
85510 15
85511 37
85512 42
85513 28
85514 19
85515 44
85516 28
85517 26
85518 46
85519 31
85520 17
85521 33
85522 42
85523 29
85524 42
85525 27
85526 32
85527 42
85528 36
85529 33
85530 34
85531 55
85532 39
85533 62
85534 26
85535 21
85536 56
85537 25
85538 20
85539 51
85540 9
85541 17
85542 46
85543 25
85544 27
85545 35
85546 40
85547 31
85548 61
85549 26
85550 37
85551 64
85552 35
85553 31
85554 57
85555 32
85556 40
85557 40
85558 25
85559 40
85560 31
85561 23
85562 32
85563 33
85564 23
85565 17
85566 43
85567 36
85568 31
85569 40
85570 37
85571 34
85572 52
85573 41
85574 50
85575 37
85576 45
85577 29
85578 46
85579 41
85580 26
85581 42
85582 18
85583 34
85584 48
85585 32
85586 28
85587 52
85588 15
85589 28
85590 27
85591 47
85592 17
85593 61
85594 29
85595 28
85596 57
85597 27
85598 36
85599 48
85600 39
85601 16
85602 46
85603 24
85604 35
85605 36
85606 27
85607 25
85608 41
85609 24
85610 15
85611 53
85612 24
85613 43
85614 41
85615 22
85616 27
85617 35
85618 37
85619 21
85620 43
85621 7
85622 41
85623 36
85624 46
85625 17
85626 51
85627 36
85628 39
85629 45
85630 15
85631 44
85632 32
85633 37
85634 19
85635 52
85636 20
85637 18
85638 35
85639 43
85640 26
85641 33
85642 49
85643 14
85644 55
85645 18
85646 40
85647 41
85648 40
85649 18
85650 42
85651 43
85652 40
85653 54
85654 38
85655 24
85656 39
85657 37
85658 21
85659 54
85660 17
85661 16
85662 49
85663 23
85664 18
85665 35
85666 42
85667 26
85668 57
85669 16
85670 35
85671 57
85672 39
85673 20
85674 49
85675 23
85676 31
85677 47
85678 26
85679 31
85680 31
85681 21
85682 14
85683 35
85684 14
85685 20
85686 38
85687 19
85688 14
85689 24
85690 29
85691 42
85692 38
85693 45
85694 33
85695 44
85696 27
85697 36
85698 34
85699 44
85700 45
85701 34
85702 16
85703 28
85704 52
85705 21
85706 27
85707 39
85708 35
85709 27
85710 29
85711 47
85712 20
85713 58
85714 26
85715 29
85716 30
85717 37
85718 29
85719 54
85720 33
85721 25
85722 36
85723 27
85724 50
85725 27
85726 30
85727 20
85728 45
85729 16
85730 26
85731 40
85732 23
85733 40
85734 49
85735 34
85736 20
85737 43
85738 30
85739 35
85740 33
85741 17
85742 33
85743 35
85744 46
85745 16
85746 40
85747 21
85748 42
85749 34
85750 18
85751 36
85752 51
85753 39
85754 29
85755 30
85756 23
85757 26
85758 57
85759 45
85760 23
85761 35
85762 44
85763 25
85764 45
85765 23
85766 32
85767 37
85768 37
85769 18
85770 32
85771 49
85772 39
85773 44
85774 26
85775 39
85776 43
85777 30
85778 27
85779 57
85780 22
85781 23
85782 56
85783 21
85784 26
85785 33
85786 40
85787 29
85788 51
85789 29
85790 32
85791 51
85792 34
85793 32
85794 39
85795 26
85796 26
85797 39
85798 23
85799 33
85800 37
85801 23
85802 22
85803 33
85804 17
85805 20
85806 41
85807 23
85808 36
85809 35
85810 25
85811 41
85812 51
85813 29
85814 34
85815 43
85816 35
85817 29
85818 39
85819 41
85820 25
85821 34
85822 15
85823 19
85824 56
85825 25
85826 16
85827 34
85828 27
85829 25
85830 42
85831 40
85832 23
85833 53
85834 35
85835 26
85836 46
85837 40
85838 36
85839 50
85840 30
85841 16
85842 42
85843 36
85844 29
85845 32
85846 22
85847 25
85848 42
85849 20
85850 13
85851 45
85852 35
85853 31
85854 71
85855 24
85856 37
85857 46
85858 48
85859 34
85860 39
85861 17
85862 40
85863 32
85864 39
85865 23
85866 56
85867 25
85868 35
85869 42
85870 24
85871 34
85872 40
85873 35
85874 22
85875 43
85876 31
85877 31
85878 58
85879 39
85880 15
85881 28
85882 44
85883 18
85884 45
85885 15
85886 43
85887 33
85888 42
85889 27
85890 40
85891 38
85892 27
85893 60
85894 19
85895 33
85896 43
85897 29
85898 20
85899 85
85900 24
85901 13
85902 46
85903 23
85904 13
85905 22
85906 45
85907 22
85908 54
85909 18
85910 28
85911 46
85912 37
85913 50
85914 38
85915 29
85916 29
85917 57
85918 10
85919 47
85920 27
85921 21
85922 18
85923 41
85924 28
85925 24
85926 47
85927 27
85928 21
85929 24
85930 33
85931 24
85932 68
85933 41
85934 43
85935 32
85936 54
85937 48
85938 46
85939 30
85940 30
85941 39
85942 20
85943 30
85944 50
85945 17
85946 26
85947 49
85948 25
85949 32
85950 38
85951 48
85952 18
85953 55
85954 46
85955 28
85956 47
85957 25
85958 48
85959 57
85960 25
85961 17
85962 44
85963 22
85964 34
85965 27
85966 27
85967 25
85968 45
85969 18
85970 17
85971 56
85972 20
85973 43
85974 51
85975 32
85976 32
85977 65
85978 51
85979 50
85980 33
85981 24
85982 42
85983 37
85984 39
85985 15
85986 54
85987 29
85988 29
85989 26
85990 16
85991 50
85992 38
85993 38
85994 19
85995 49
85996 24
85997 36
85998 50
85999 52
86000 16
86001 37
86002 37
86003 37
86004 34
86005 26
86006 31
86007 33
86008 30
86009 20
86010 40
86011 36
86012 35
86013 46
86014 30
86015 21
86016 43
86017 24
86018 24
86019 56
86020 15
86021 25
86022 45
86023 36
86024 21
86025 38
86026 37
86027 34
86028 43
86029 17
86030 27
86031 72
86032 39
86033 31
86034 41
86035 28
86036 44
86037 48
86038 20
86039 29
86040 32
86041 18
86042 8
86043 39
86044 30
86045 21
86046 40
86047 31
86048 14
86049 52
86050 28
86051 43
86052 42
86053 29
86054 34
86055 50
86056 58
86057 27
86058 47
86059 40
86060 34
86061 27
86062 25
86063 22
86064 57
86065 22
86066 20
86067 27
86068 22
86069 15
86070 39
86071 43
86072 20
86073 52
86074 33
86075 37
86076 37
86077 32
86078 41
86079 54
86080 19
86081 22
86082 51
86083 24
86084 35
86085 25
86086 25
86087 28
86088 45
86089 15
86090 17
86091 50
86092 21
86093 24
86094 54
86095 26
86096 16
86097 49
86098 47
86099 44
86100 37
86101 14
86102 43
86103 43
86104 45
86105 16
86106 44
86107 20
86108 38
86109 32
86110 15
86111 39
86112 43
86113 39
86114 31
86115 44
86116 27
86117 29
86118 44
86119 47
86120 11
86121 35
86122 41
86123 20
86124 49
86125 13
86126 37
86127 57
86128 33
86129 40
86130 37
86131 50
86132 41
86133 70
86134 23
86135 34
86136 46
86137 33
86138 17
86139 52
86140 25
86141 20
86142 39
86143 23
86144 25
86145 30
86146 46
86147 21
86148 44
86149 21
86150 38
86151 54
86152 36
86153 50
86154 43
86155 31
86156 46
86157 47
86158 16
86159 37
86160 31
86161 18
86162 23
86163 32
86164 25
86165 18
86166 44
86167 28
86168 19
86169 27
86170 33
86171 37
86172 45
86173 31
86174 46
86175 39
86176 38
86177 27
86178 48
86179 47
86180 27
86181 32
86182 12
86183 28
86184 35
86185 24
86186 26
86187 42
86188 21
86189 23
86190 29
86191 39
86192 19
86193 51
86194 38
86195 31
86196 39
86197 34
86198 29
86199 66
86200 26
86201 23
86202 29
86203 30
86204 29
86205 43
86206 20
86207 44
86208 47
86209 16
86210 12
86211 76
86212 27
86213 35
86214 46
86215 20
86216 26
86217 50
86218 53
86219 40
86220 39
86221 26
86222 27
86223 42
86224 46
86225 24
86226 44
86227 36
86228 31
86229 39
86230 23
86231 40
86232 33
86233 34
86234 29
86235 41
86236 15
86237 28
86238 43
86239 41
86240 15
86241 31
86242 37
86243 18
86244 50
86245 19
86246 29
86247 32
86248 36
86249 15
86250 42
86251 58
86252 35
86253 70
86254 24
86255 21
86256 40
86257 30
86258 16
86259 66
86260 19
86261 18
86262 52
86263 18
86264 18
86265 35
86266 41
86267 12
86268 37
86269 13
86270 32
86271 45
86272 34
86273 15
86274 51
86275 29
86276 47
86277 57
86278 26
86279 33
86280 35
86281 18
86282 14
86283 38
86284 22
86285 16
86286 40
86287 34
86288 25
86289 35
86290 28
86291 31
86292 46
86293 21
86294 41
86295 43
86296 25
86297 22
86298 51
86299 38
86300 33
86301 33
86302 32
86303 27
86304 47
86305 21
86306 24
86307 56
86308 21
86309 33
86310 32
86311 57
86312 28
86313 61
86314 31
86315 37
86316 44
86317 33
86318 35
86319 56
86320 30
86321 26
86322 36
86323 23
86324 47
86325 32
86326 27
86327 15
86328 53
86329 21
86330 12
86331 68
86332 19
86333 50
86334 31
86335 31
86336 22
86337 62
86338 44
86339 38
86340 34
86341 28
86342 32
86343 40
86344 46
86345 20
86346 35
86347 33
86348 41
86349 24
86350 18
86351 31
86352 39
86353 27
86354 30
86355 36
86356 24
86357 28
86358 46
86359 38
86360 19
86361 45
86362 48
86363 21
86364 42
86365 25
86366 35
86367 40
86368 33
86369 25
86370 40
86371 32
86372 40
86373 56
86374 33
86375 27
86376 51
86377 20
86378 21
86379 51
86380 22
86381 21
86382 53
86383 32
86384 25
86385 34
86386 29
86387 28
86388 46
86389 18
86390 33
86391 44
86392 26
86393 31
86394 42
86395 25
86396 32
86397 38
86398 17
86399 38
86400 35
86401 17
86402 22
86403 39
86404 15
86405 18
86406 48
86407 27
86408 23
86409 39
86410 23
86411 33
86412 50
86413 39
86414 26
86415 44
86416 48
86417 25
86418 28
86419 59
86420 22
86421 33
86422 20
86423 28
86424 48
86425 13
86426 24
86427 28
86428 34
86429 16
86430 45
86431 37
86432 31
86433 62
86434 40
86435 24
86436 50
86437 31
86438 46
86439 65
86440 25
86441 30
86442 37
86443 29
86444 31
86445 46
86446 32
86447 30
86448 51
86449 24
86450 24
86451 60
86452 25
86453 38
86454 50
86455 27
86456 29
86457 38
86458 35
86459 48
86460 36
86461 24
86462 35
86463 38
86464 43
86465 26
86466 38
86467 31
86468 37
86469 39
86470 14
86471 43
86472 43
86473 36
86474 19
86475 39
86476 28
86477 36
86478 48
86479 38
86480 18
86481 31
86482 43
86483 24
86484 51
86485 24
86486 41
86487 38
86488 33
86489 19
86490 31
86491 46
86492 32
86493 69
86494 19
86495 31
86496 37
86497 38
86498 10
86499 50
86500 26
86501 15
86502 54
86503 23
86504 34
86505 31
86506 29
86507 22
86508 46
86509 21
86510 31
86511 42
86512 21
86513 28
86514 39
86515 24
86516 32
86517 53
86518 25
86519 41
86520 25
86521 26
86522 20
86523 44
86524 25
86525 14
86526 52
86527 27
86528 29
86529 36
86530 27
86531 37
86532 42
86533 30
86534 40
86535 31
86536 48
86537 42
86538 41
86539 32
86540 26
86541 35
86542 18
86543 29
86544 43
86545 16
86546 30
86547 33
86548 22
86549 20
86550 37
86551 39
86552 28
86553 50
86554 36
86555 19
86556 71
86557 22
86558 56
86559 51
86560 35
86561 21
86562 55
86563 29
86564 51
86565 35
86566 25
86567 24
86568 50
86569 17
86570 20
86571 62
86572 21
86573 31
86574 54
86575 29
86576 21
86577 34
86578 38
86579 28
86580 51
86581 27
86582 48
86583 30
86584 51
86585 27
86586 49
86587 20
86588 42
86589 31
86590 20
86591 40
86592 38
86593 28
86594 35
86595 42
86596 14
86597 28
86598 37
86599 45
86600 25
86601 36
86602 42
86603 28
86604 54
86605 19
86606 47
86607 36
86608 34
86609 21
86610 46
86611 44
86612 32
86613 42
86614 35
86615 35
86616 47
86617 31
86618 25
86619 65
86620 14
86621 26
86622 39
86623 25
86624 20
86625 33
86626 48
86627 21
86628 46
86629 17
86630 26
86631 36
86632 26
86633 26
86634 48
86635 23
86636 44
86637 47
86638 17
86639 41
86640 35
86641 19
86642 16
86643 50
86644 13
86645 22
86646 45
86647 31
86648 17
86649 37
86650 25
86651 30
86652 51
86653 38
86654 41
86655 33
86656 46
86657 25
86658 51
86659 31
86660 40
86661 33
86662 34
86663 21
86664 56
86665 20
86666 22
86667 39
86668 20
86669 25
86670 39
86671 47
86672 23
86673 60
86674 38
86675 34
86676 49
86677 26
86678 45
86679 73
86680 42
86681 18
86682 37
86683 29
86684 45
86685 34
86686 29
86687 27
86688 48
86689 25
86690 6
86691 60
86692 25
86693 41
86694 46
86695 27
86696 20
86697 39
86698 48
86699 49
86700 39
86701 17
86702 28
86703 42
86704 44
86705 25
86706 47
86707 32
86708 36
86709 33
86710 14
86711 54
86712 50
86713 40
86714 30
86715 35
86716 26
86717 28
86718 58
86719 42
86720 23
86721 33
86722 31
86723 25
86724 47
86725 23
86726 23
86727 45
86728 28
86729 27
86730 28
86731 46
86732 35
86733 64
86734 36
86735 30
86736 53
86737 42
86738 22
86739 57
86740 17
86741 10
86742 44
86743 28
86744 13
86745 30
86746 34
86747 22
86748 36
86749 16
86750 27
86751 68
86752 29
86753 54
86754 39
86755 22
86756 36
86757 50
86758 18
86759 40
86760 40
86761 22
86762 27
86763 31
86764 17
86765 18
86766 50
86767 28
86768 24
86769 29
86770 35
86771 21
86772 47
86773 20
86774 40
86775 45
86776 47
86777 43
86778 51
86779 36
86780 28
86781 36
86782 10
86783 29
86784 48
86785 21
86786 29
86787 40
86788 28
86789 20
86790 44
86791 46
86792 28
86793 44
86794 36
86795 20
86796 37
86797 17
86798 45
86799 66
86800 23
86801 33
86802 41
86803 24
86804 33
86805 35
86806 14
86807 35
86808 34
86809 22
86810 20
86811 65
86812 27
86813 35
86814 40
86815 35
86816 25
86817 49
86818 39
86819 33
86820 36
86821 15
86822 28
86823 44
86824 42
86825 24
86826 39
86827 25
86828 31
86829 35
86830 12
86831 49
86832 29
86833 41
86834 25
86835 36
86836 20
86837 33
86838 45
86839 40
86840 23
86841 34
86842 38
86843 26
86844 46
86845 24
86846 31
86847 30
86848 42
86849 12
86850 32
86851 36
86852 25
86853 59
86854 26
86855 30
86856 45
86857 23
86858 21
86859 61
86860 18
86861 21
86862 51
86863 16
86864 26
86865 28
86866 39
86867 26
86868 53
86869 26
86870 30
86871 44
86872 38
86873 23
86874 54
86875 32
86876 41
86877 50
86878 25
86879 44
86880 35
86881 21
86882 24
86883 41
86884 13
86885 17
86886 42
86887 33
86888 20
86889 37
86890 33
86891 26
86892 51
86893 27
86894 47
86895 27
86896 50
86897 23
86898 62
86899 36
86900 35
86901 31
86902 21
86903 25
86904 35
86905 26
86906 12
86907 42
86908 23
86909 20
86910 28
86911 46
86912 17
86913 55
86914 34
86915 23
86916 45
86917 18
86918 49
86919 51
86920 28
86921 18
86922 53
86923 35
86924 39
86925 33
86926 18
86927 28
86928 36
86929 22
86930 16
86931 64
86932 15
86933 37
86934 43
86935 26
86936 27
86937 60
86938 38
86939 33
86940 50
86941 21
86942 34
86943 27
86944 47
86945 23
86946 41
86947 29
86948 47
86949 37
86950 21
86951 31
86952 40
86953 41
86954 31
86955 54
86956 16
86957 32
86958 48
86959 47
86960 12
86961 39
86962 38
86963 31
86964 51
86965 23
86966 27
86967 50
86968 35
86969 21
86970 35
86971 50
86972 42
86973 53
86974 22
86975 22
86976 38
86977 29
86978 24
86979 64
86980 15
86981 23
86982 38
86983 22
86984 20
86985 42
86986 29
86987 23
86988 49
86989 26
86990 35
86991 60
86992 36
86993 41
86994 39
86995 29
86996 30
86997 43
86998 17
86999 34
87000 33
87001 17
87002 23
87003 38
87004 33
87005 25
87006 47
87007 25
87008 29
87009 36
87010 32
87011 39
87012 40
87013 36
87014 26
87015 35
87016 41
87017 28
87018 43
87019 26
87020 27
87021 30
87022 26
87023 21
87024 36
87025 18
87026 26
87027 39
87028 20
87029 27
87030 44
87031 44
87032 25
87033 58
87034 29
87035 35
87036 45
87037 28
87038 30
87039 65
87040 28
87041 29
87042 41
87043 31
87044 41
87045 29
87046 26
87047 28
87048 38
87049 20
87050 12
87051 55
87052 24
87053 30
87054 58
87055 25
87056 24
87057 43
87058 42
87059 47
87060 34
87061 24
87062 35
87063 54
87064 47
87065 36
87066 35
87067 41
87068 34
87069 34
87070 21
87071 43
87072 45
87073 27
87074 23
87075 32
87076 31
87077 21
87078 48
87079 37
87080 22
87081 30
87082 40
87083 30
87084 55
87085 28
87086 21
87087 53
87088 41
87089 37
87090 27
87091 49
87092 27
87093 59
87094 20
87095 26
87096 36
87097 27
87098 24
87099 43
87100 19
87101 14
87102 54
87103 21
87104 14
87105 26
87106 39
87107 29
87108 49
87109 21
87110 29
87111 57
87112 41
87113 43
87114 42
87115 23
87116 34
87117 43
87118 24
87119 34
87120 33
87121 23
87122 19
87123 33
87124 22
87125 21
87126 53
87127 30
87128 23
87129 36
87130 29
87131 43
87132 39
87133 32
87134 40
87135 45
87136 37
87137 29
87138 39
87139 52
87140 26
87141 39
87142 19
87143 37
87144 48
87145 20
87146 15
87147 42
87148 23
87149 19
87150 35
87151 51
87152 25
87153 78
87154 38
87155 24
87156 49
87157 38
87158 46
87159 63
87160 28
87161 18
87162 44
87163 23
87164 43
87165 32
87166 29
87167 31
87168 41
87169 17
87170 10
87171 58
87172 15
87173 34
87174 47
87175 41
87176 16
87177 49
87178 51
87179 48
87180 44
87181 20
87182 35
87183 26
87184 53
87185 13
87186 48
87187 28
87188 33
87189 35
87190 13
87191 41
87192 32
87193 36
87194 23
87195 46
87196 14
87197 37
87198 43
87199 33
87200 21
87201 31
87202 45
87203 14
87204 54
87205 17
87206 49
87207 34
87208 42
87209 28
87210 38
87211 47
87212 39
87213 50
87214 25
87215 22
87216 32
87217 30
87218 19
87219 53
87220 26
87221 21
87222 44
87223 32
87224 21
87225 33
87226 50
87227 28
87228 47
87229 26
87230 39
87231 73
87232 39
87233 29
87234 57
87235 26
87236 30
87237 40
87238 26
87239 38
87240 34
87241 26
87242 19
87243 34
87244 23
87245 23
87246 57
87247 34
87248 25
87249 35
87250 25
87251 51
87252 50
87253 38
87254 39
87255 27
87256 40
87257 19
87258 39
87259 49
87260 38
87261 33
87262 16
87263 21
87264 48
87265 22
87266 27
87267 44
87268 21
87269 17
87270 36
87271 27
87272 22
87273 44
87274 40
87275 23
87276 43
87277 40
87278 50
87279 46
87280 25
87281 19
87282 46
87283 21
87284 61
87285 33
87286 33
87287 31
87288 49
87289 16
87290 25
87291 46
87292 23
87293 39
87294 41
87295 37
87296 18
87297 54
87298 30
87299 52
87300 33
87301 27
87302 34
87303 46
87304 40
87305 23
87306 45
87307 26
87308 39
87309 31
87310 32
87311 32
87312 45
87313 27
87314 26
87315 37
87316 14
87317 37
87318 40
87319 43
87320 13
87321 39
87322 33
87323 40
87324 38
87325 23
87326 32
87327 37
87328 44
87329 18
87330 33
87331 49
87332 26
87333 47
87334 36
87335 17
87336 42
87337 34
87338 12
87339 43
87340 25
87341 27
87342 45
87343 34
87344 18
87345 29
87346 41
87347 24
87348 41
87349 21
87350 21
87351 63
87352 36
87353 30
87354 42
87355 34
87356 37
87357 40
87358 16
87359 26
87360 24
87361 14
87362 23
87363 35
87364 23
87365 17
87366 34
87367 21
87368 33
87369 39
87370 30
87371 28
87372 40
87373 41
87374 30
87375 48
87376 44
87377 30
87378 49
87379 34
87380 31
87381 27
87382 37
87383 26
87384 64
87385 15
87386 25
87387 41
87388 33
87389 21
87390 53
87391 39
87392 17
87393 59
87394 44
87395 31
87396 52
87397 25
87398 37
87399 57
87400 38
87401 32
87402 43
87403 21
87404 34
87405 30
87406 31
87407 27
87408 58
87409 21
87410 14
87411 53
87412 22
87413 40
87414 65
87415 19
87416 15
87417 43
87418 47
87419 30
87420 46
87421 15
87422 39
87423 44
87424 47
87425 30
87426 44
87427 30
87428 30
87429 36
87430 7
87431 48
87432 39
87433 34
87434 24
87435 33
87436 26
87437 33
87438 43
87439 43
87440 26
87441 23
87442 40
87443 20
87444 53
87445 15
87446 41
87447 38
87448 42
87449 26
87450 32
87451 45
87452 29
87453 60
87454 21
87455 33
87456 37
87457 37
87458 14
87459 71
87460 12
87461 26
87462 50
87463 28
87464 28
87465 32
87466 39
87467 23
87468 68
87469 17
87470 37
87471 41
87472 38
87473 22
87474 47
87475 24
87476 34
87477 68
87478 15
87479 42
87480 28
87481 17
87482 12
87483 37
87484 13
87485 24
87486 50
87487 24
87488 31
87489 35
87490 34
87491 41
87492 63
87493 43
87494 60
87495 32
87496 38
87497 20
87498 57
87499 34
87500 37
87501 36
87502 16
87503 33
87504 52
87505 14
87506 18
87507 34
87508 21
87509 18
87510 29
87511 39
87512 32
87513 47
87514 42
87515 26
87516 43
87517 38
87518 50
87519 49
87520 33
87521 18
87522 39
87523 30
87524 39
87525 32
87526 15
87527 31
87528 27
87529 16
87530 25
87531 66
87532 18
87533 40
87534 30
87535 27
87536 17
87537 59
87538 38
87539 34
87540 40
87541 20
87542 37
87543 37
87544 38
87545 19
87546 55
87547 26
87548 34
87549 37
87550 21
87551 42
87552 36
87553 38
87554 18
87555 35
87556 20
87557 43
87558 35
87559 38
87560 10
87561 31
87562 31
87563 22
87564 49
87565 16
87566 35
87567 34
87568 39
87569 17
87570 39
87571 54
87572 41
87573 45
87574 17
87575 15
87576 45
87577 40
87578 12
87579 53
87580 17
87581 14
87582 42
87583 25
87584 21
87585 35
87586 35
87587 25
87588 39
87589 27
87590 25
87591 48
87592 40
87593 30
87594 42
87595 30
87596 33
87597 37
87598 22
87599 34
87600 35
87601 20
87602 26
87603 35
87604 22
87605 14
87606 40
87607 31
87608 26
87609 33
87610 28
87611 43
87612 51
87613 30
87614 32
87615 46
87616 43
87617 25
87618 67
87619 30
87620 38
87621 31
87622 20
87623 20
87624 58
87625 24
87626 35
87627 45
87628 26
87629 27
87630 48
87631 46
87632 14
87633 46
87634 38
87635 33
87636 32
87637 39
87638 40
87639 57
87640 21
87641 22
87642 48
87643 25
87644 37
87645 33
87646 23
87647 22
87648 54
87649 15
87650 26
87651 54
87652 37
87653 39
87654 46
87655 27
87656 28
87657 49
87658 32
87659 36
87660 37
87661 19
87662 34
87663 36
87664 41
87665 25
87666 40
87667 34
87668 46
87669 37
87670 23
87671 36
87672 34
87673 37
87674 26
87675 48
87676 16
87677 33
87678 41
87679 49
87680 23
87681 41
87682 31
87683 30
87684 51
87685 14
87686 32
87687 39
87688 29
87689 21
87690 34
87691 40
87692 37
87693 65
87694 13
87695 27
87696 36
87697 26
87698 18
87699 58
87700 15
87701 26
87702 50
87703 18
87704 26
87705 28
87706 50
87707 37
87708 60
87709 20
87710 28
87711 53
87712 39
87713 29
87714 44
87715 32
87716 26
87717 37
87718 23
87719 36
87720 34
87721 9
87722 23
87723 36
87724 23
87725 22
87726 51
87727 28
87728 24
87729 33
87730 31
87731 44
87732 61
87733 44
87734 43
87735 40
87736 43
87737 26
87738 44
87739 44
87740 25
87741 30
87742 19
87743 19
87744 38
87745 28
87746 33
87747 47
87748 23
87749 19
87750 30
87751 61
87752 19
87753 57
87754 35
87755 21
87756 47
87757 28
87758 43
87759 67
87760 28
87761 13
87762 46
87763 21
87764 34
87765 40
87766 24
87767 31
87768 40
87769 29
87770 17
87771 47
87772 27
87773 29
87774 52
87775 19
87776 23
87777 52
87778 35
87779 36
87780 49
87781 19
87782 40
87783 31
87784 49
87785 15
87786 47
87787 29
87788 29
87789 35
87790 19
87791 53
87792 44
87793 53
87794 17
87795 44
87796 18
87797 19
87798 38
87799 55
87800 16
87801 27
87802 31
87803 26
87804 44
87805 18
87806 39
87807 44
87808 37
87809 28
87810 35
87811 54
87812 36
87813 66
87814 31
87815 33
87816 47
87817 40
87818 18
87819 60
87820 15
87821 19
87822 29
87823 34
87824 12
87825 36
87826 43
87827 27
87828 43
87829 26
87830 26
87831 61
87832 41
87833 45
87834 47
87835 25
87836 52
87837 46
87838 19
87839 30
87840 36
87841 21
87842 16
87843 42
87844 14
87845 23
87846 59
87847 33
87848 13
87849 46
87850 33
87851 47
87852 43
87853 34
87854 40
87855 47
87856 35
87857 23
87858 50
87859 41
87860 34
87861 23
87862 11
87863 19
87864 35
87865 14
87866 21
87867 41
87868 39
87869 45
87870 33
87871 46
87872 22
87873 59
87874 30
87875 30
87876 38
87877 34
87878 37
87879 69
87880 32
87881 17
87882 46
87883 17
87884 45
87885 17
87886 43
87887 31
87888 52
87889 15
87890 28
87891 51
87892 19
87893 45
87894 44
87895 35
87896 19
87897 48
87898 31
87899 44
87900 33
87901 19
87902 31
87903 37
87904 45
87905 17
87906 46
87907 30
87908 48
87909 34
87910 19
87911 30
87912 49
87913 34
87914 24
87915 39
87916 16
87917 31
87918 38
87919 29
87920 16
87921 30
87922 28
87923 37
87924 45
87925 26
87926 39
87927 42
87928 37
87929 25
87930 35
87931 46
87932 25
87933 60
87934 31
87935 33
87936 54
87937 29
87938 18
87939 40
87940 22
87941 15
87942 44
87943 34
87944 25
87945 36
87946 37
87947 33
87948 51
87949 32
87950 36
87951 57
87952 34
87953 43
87954 56
87955 24
87956 38
87957 41
87958 27
87959 39
87960 45
87961 23
87962 24
87963 42
87964 13
87965 22
87966 44
87967 38
87968 26
87969 38
87970 25
87971 33
87972 41
87973 33
87974 39
87975 49
87976 29
87977 31
87978 40
87979 58
87980 25
87981 32
87982 15
87983 20
87984 38
87985 22
87986 17
87987 47
87988 28
87989 22
87990 36
87991 40
87992 27
87993 73
87994 32
87995 16
87996 46
87997 18
87998 35
87999 59
88000 37
88001 17
88002 43
88003 29
88004 33
88005 30
88006 34
88007 28
88008 49
88009 23
88010 19
88011 56
88012 37
88013 20
88014 68
88015 23
88016 36
88017 39
88018 48
88019 29
88020 47
88021 17
88022 32
88023 41
88024 30
88025 20
88026 37
88027 25
88028 26
88029 36
88030 20
88031 43
88032 42
88033 38
88034 21
88035 25
88036 31
88037 24
88038 66
88039 25
88040 16
88041 25
88042 40
88043 26
88044 47
88045 22
88046 33
88047 41
88048 40
88049 31
88050 32
88051 40
88052 35
88053 60
88054 22
88055 29
88056 43
88057 24
88058 17
88059 55
88060 22
88061 17
88062 45
88063 29
88064 15
88065 30
88066 41
88067 27
88068 50
88069 19
88070 29
88071 66
88072 30
88073 43
88074 39
88075 30
88076 33
88077 67
88078 11
88079 34
88080 30
88081 22
88082 13
88083 42
88084 25
88085 34
88086 45
88087 23
88088 21
88089 32
88090 27
88091 27
88092 48
88093 27
88094 33
88095 35
88096 34
88097 33
88098 43
88099 48
88100 24
88101 40
88102 18
88103 34
88104 44
88105 22
88106 17
88107 30
88108 17
88109 24
88110 44
88111 43
88112 22
88113 36
88114 42
88115 25
88116 48
88117 19
88118 51
88119 44
88120 36
88121 20
88122 49
88123 23
88124 45
88125 34
88126 25
88127 27
88128 50
88129 21
88130 16
88131 60
88132 19
88133 32
88134 58
88135 27
88136 26
88137 44
88138 43
88139 38
88140 37
88141 17
88142 39
88143 30
88144 34
88145 14
88146 33
88147 23
88148 32
88149 35
88150 18
88151 45
88152 50
88153 30
88154 22
88155 55
88156 21
88157 38
88158 34
88159 39
88160 19
88161 33
88162 44
88163 31
88164 28
88165 23
88166 35
88167 22
88168 44
88169 18
88170 39
88171 39
88172 24
88173 61
88174 25
88175 24
88176 40
88177 42
88178 21
88179 80
88180 12
88181 33
88182 33
88183 38
88184 22
88185 31
88186 33
88187 34
88188 47
88189 16
88190 32
88191 42
88192 28
88193 23
88194 47
88195 25
88196 33
88197 49
88198 24
88199 24
88200 32
88201 27
88202 16
88203 36
88204 21
88205 28
88206 57
88207 25
88208 26
88209 58
88210 34
88211 32
88212 34
88213 24
88214 35
88215 37
88216 32
88217 18
88218 41
88219 31
88220 48
88221 33
88222 26
88223 19
88224 47
88225 19
88226 25
88227 40
88228 30
88229 22
88230 39
88231 34
88232 21
88233 65
88234 46
88235 38
88236 46
88237 22
88238 40
88239 51
88240 38
88241 19
88242 60
88243 25
88244 46
88245 33
88246 33
88247 26
88248 54
88249 28
88250 28
88251 64
88252 34
88253 33
88254 44
88255 33
88256 22
88257 31
88258 44
88259 44
88260 43
88261 18
88262 39
88263 36
88264 36
88265 22
88266 41
88267 22
88268 31
88269 28
88270 16
88271 36
88272 39
88273 38
88274 26
88275 41
88276 27
88277 30
88278 58
88279 51
88280 15
88281 30
88282 39
88283 20
88284 54
88285 14
88286 40
88287 41
88288 29
88289 26
88290 39
88291 35
88292 31
88293 53
88294 19
88295 33
88296 35
88297 36
88298 28
88299 60
88300 27
88301 27
88302 42
88303 24
88304 28
88305 29
88306 33
88307 28
88308 48
88309 21
88310 32
88311 56
88312 24
88313 46
88314 33
88315 32
88316 34
88317 55
88318 18
88319 39
88320 40
88321 16
88322 28
88323 30
88324 22
88325 19
88326 41
88327 39
88328 29
88329 29
88330 34
88331 43
88332 59
88333 44
88334 38
88335 43
88336 50
88337 29
88338 40
88339 35
88340 32
88341 32
88342 14
88343 18
88344 55
88345 19
88346 20
88347 34
88348 22
88349 16
88350 37
88351 49
88352 21
88353 48
88354 46
88355 38
88356 60
88357 35
88358 37
88359 60
88360 27
88361 19
88362 44
88363 40
88364 39
88365 36
88366 27
88367 28
88368 47
88369 18
88370 24
88371 49
88372 34
88373 31
88374 51
88375 19
88376 33
88377 44
88378 40
88379 39
88380 38
88381 19
88382 33
88383 35
88384 37
88385 20
88386 42
88387 23
88388 31
88389 40
88390 17
88391 28
88392 31
88393 30
88394 25
88395 47
88396 24
88397 32
88398 48
88399 41
88400 17
88401 30
88402 42
88403 23
88404 49
88405 17
88406 39
88407 49
88408 46
88409 20
88410 44
88411 44
88412 37
88413 61
88414 28
88415 33
88416 44
88417 30
88418 19
88419 50
88420 15
88421 24
88422 35
88423 20
88424 20
88425 39
88426 32
88427 36
88428 56
88429 21
88430 31
88431 58
88432 40
88433 41
88434 55
88435 37
88436 44
88437 67
88438 19
88439 34
88440 39
88441 21
88442 14
88443 41
88444 27
88445 15
88446 34
88447 29
88448 23
88449 40
88450 29
88451 35
88452 50
88453 27
88454 46
88455 40
88456 56
88457 25
88458 46
88459 38
88460 45
88461 37
88462 30
88463 19
88464 46
88465 17
88466 21
88467 45
88468 20
88469 27
88470 28
88471 45
88472 11
88473 57
88474 31
88475 32
88476 41
88477 19
88478 48
88479 72
88480 21
88481 24
88482 49
88483 25
88484 40
88485 38
88486 30
88487 32
88488 39
88489 28
88490 15
88491 59
88492 19
88493 44
88494 33
88495 27
88496 31
88497 47
88498 42
88499 28
88500 41
88501 16
88502 39
88503 32
88504 38
88505 18
88506 44
88507 25
88508 31
88509 28
88510 13
88511 37
88512 34
88513 30
88514 17
88515 32
88516 26
88517 29
88518 54
88519 31
88520 27
88521 34
88522 43
88523 21
88524 39
88525 26
88526 38
88527 42
88528 41
88529 26
88530 35
88531 42
88532 34
88533 42
88534 42
88535 26
88536 40
88537 16
88538 29
88539 54
88540 19
88541 22
88542 44
88543 26
88544 26
88545 35
88546 38
88547 35
88548 42
88549 31
88550 24
88551 70
88552 37
88553 28
88554 46
88555 31
88556 29
88557 40
88558 20
88559 40
88560 38
88561 20
88562 27
88563 31
88564 16
88565 18
88566 49
88567 25
88568 23
88569 40
88570 34
88571 40
88572 44
88573 38
88574 44
88575 50
88576 41
88577 33
88578 49
88579 48
88580 32
88581 36
88582 14
88583 28
88584 52
88585 23
88586 22
88587 35
88588 25
88589 19
88590 32
88591 41
88592 18
88593 55
88594 26
88595 26
88596 45
88597 33
88598 39
88599 61
88600 24
88601 23
88602 47
88603 33
88604 32
88605 40
88606 33
88607 23
88608 50
88609 23
88610 22
88611 52
88612 22
88613 23
88614 60
88615 24
88616 31
88617 44
88618 37
88619 25
88620 39
88621 15
88622 38
88623 39
88624 35
88625 21
88626 40
88627 36
88628 26
88629 46
88630 14
88631 37
88632 40
88633 31
88634 19
88635 49
88636 25
88637 34
88638 54
88639 33
88640 16
88641 31
88642 35
88643 20
88644 46
88645 15
88646 29
88647 47
88648 36
88649 41
88650 31
88651 50
88652 38
88653 67
88654 27
88655 35
88656 49
88657 26
88658 18
88659 60
88660 20
88661 20
88662 52
88663 36
88664 28
88665 30
88666 28
88667 23
88668 50
88669 24
88670 27
88671 50
88672 34
88673 40
88674 48
88675 27
88676 36
88677 47
88678 31
88679 32
88680 29
88681 19
88682 22
88683 43
88684 16
88685 15
88686 45
88687 35
88688 21
88689 34
88690 20
88691 40
88692 32
88693 33
88694 36
88695 40
88696 31
88697 29
88698 39
88699 32
88700 23
88701 34
88702 17
88703 30
88704 35
88705 30
88706 15
88707 49
88708 19
88709 27
88710 31
88711 45
88712 21
88713 56
88714 20
88715 29
88716 45
88717 26
88718 38
88719 63
88720 29
88721 18
88722 44
88723 21
88724 31
88725 30
88726 25
88727 31
88728 34
88729 19
88730 12
88731 46
88732 30
88733 29
88734 55
88735 30
88736 29
88737 44
88738 44
88739 37
88740 49
88741 13
88742 45
88743 25
88744 48
88745 19
88746 44
88747 27
88748 43
88749 31
88750 21
88751 43
88752 49
88753 40
88754 21
88755 39
88756 15
88757 22
88758 41
88759 61
88760 15
88761 30
88762 35
88763 19
88764 45
88765 18
88766 44
88767 29
88768 51
88769 22
88770 36
88771 51
88772 46
88773 60
88774 16
88775 31
88776 45
88777 43
88778 20
88779 69
88780 11
88781 25
88782 33
88783 26
88784 24
88785 29
88786 38
88787 25
88788 40
88789 19
88790 37
88791 47
88792 40
88793 36
88794 37
88795 21
88796 28
88797 54
88798 18
88799 49
88800 28
88801 25
88802 25
88803 42
88804 17
88805 25
88806 40
88807 31
88808 23
88809 31
88810 27
88811 50
88812 39
88813 34
88814 33
88815 37
88816 24
88817 31
88818 43
88819 42
88820 28
88821 39
88822 23
88823 21
88824 50
88825 21
88826 39
88827 47
88828 21
88829 26
88830 40
88831 50
88832 24
88833 53
88834 38
88835 25
88836 34
88837 33
88838 33
88839 50
88840 36
88841 19
88842 44
88843 24
88844 49
88845 27
88846 29
88847 20
88848 44
88849 22
88850 17
88851 51
88852 26
88853 35
88854 64
88855 20
88856 30
88857 49
88858 54
88859 40
88860 40
88861 17
88862 34
88863 35
88864 40
88865 22
88866 41
88867 21
88868 38
88869 43
88870 22
88871 31
88872 41
88873 32
88874 28
88875 32
88876 36
88877 25
88878 55
88879 41
88880 26
88881 32
88882 46
88883 29
88884 50
88885 17
88886 23
88887 41
88888 32
88889 38
88890 30
88891 47
88892 32
88893 53
88894 28
88895 31
88896 46
88897 28
88898 24
88899 70
88900 25
88901 16
88902 53
88903 27
88904 18
88905 30
88906 40
88907 26
88908 42
88909 15
88910 23
88911 72
88912 33
88913 43
88914 40
88915 26
88916 29
88917 48
88918 21
88919 28
88920 37
88921 22
88922 25
88923 26
88924 26
88925 15
88926 43
88927 22
88928 19
88929 30
88930 34
88931 38
88932 43
88933 35
88934 35
88935 45
88936 39
88937 43
88938 41
88939 42
88940 32
88941 28
88942 19
88943 32
88944 40
88945 18
88946 28
88947 34
88948 35
88949 19
88950 44
88951 36
88952 26
88953 45
88954 41
88955 27
88956 59
88957 29
88958 44
88959 45
88960 27
88961 27
88962 36
88963 22
88964 45
88965 30
88966 21
88967 37
88968 51
88969 23
88970 15
88971 56
88972 19
88973 34
88974 42
88975 37
88976 30
88977 47
88978 47
88979 48
88980 42
88981 23
88982 34
88983 40
88984 40
88985 29
88986 53
88987 34
88988 39
88989 48
88990 10
88991 39
88992 35
88993 56
88994 16
88995 43
88996 19
88997 26
88998 34
88999 55
89000 23
89001 33
89002 45
89003 21
89004 51
89005 22
89006 47
89007 31
89008 41
89009 23
89010 35
89011 50
89012 36
89013 64
89014 18
89015 34
89016 40
89017 29
89018 19
89019 60
89020 23
89021 16
89022 29
89023 25
89024 26
89025 27
89026 47
89027 20
89028 53
89029 18
89030 29
89031 47
89032 36
89033 23
89034 45
89035 28
89036 31
89037 50
89038 18
89039 35
89040 19
89041 16
89042 22
89043 35
89044 17
89045 26
89046 42
89047 29
89048 19
89049 35
89050 31
89051 26
89052 57
89053 22
89054 38
89055 47
89056 55
89057 30
89058 57
89059 37
89060 29
89061 38
89062 22
89063 30
89064 54
89065 21
89066 19
89067 46
89068 29
89069 24
89070 39
89071 46
89072 25
89073 53
89074 42
89075 30
89076 56
89077 19
89078 58
89079 59
89080 26
89081 26
89082 55
89083 34
89084 41
89085 38
89086 33
89087 29
89088 44
89089 24
89090 14
89091 70
89092 23
89093 22
89094 35
89095 26
89096 24
89097 47
89098 36
89099 35
89100 46
89101 29
89102 52
89103 44
89104 42
89105 28
89106 50
89107 26
89108 37
89109 40
89110 24
89111 53
89112 39
89113 39
89114 16
89115 27
89116 25
89117 21
89118 49
89119 48
89120 13
89121 38
89122 40
89123 29
89124 39
89125 17
89126 39
89127 41
89128 33
89129 20
89130 43
89131 18
89132 38
89133 49
89134 29
89135 26
89136 55
89137 37
89138 22
89139 41
89140 18
89141 27
89142 44
89143 29
89144 19
89145 35
89146 36
89147 29
89148 43
89149 22
89150 34
89151 48
89152 37
89153 31
89154 45
89155 34
89156 52
89157 33
89158 20
89159 36
89160 28
89161 13
89162 17
89163 42
89164 26
89165 19
89166 45
89167 34
89168 28
89169 41
89170 30
89171 23
89172 41
89173 43
89174 38
89175 50
89176 56
89177 30
89178 56
89179 38
89180 38
89181 29
89182 20
89183 16
89184 55
89185 15
89186 24
89187 33
89188 25
89189 23
89190 31
89191 60
89192 19
89193 59
89194 27
89195 37
89196 43
89197 31
89198 40
89199 64
89200 26
89201 10
89202 57
89203 24
89204 38
89205 24
89206 22
89207 17
89208 32
89209 18
89210 19
89211 53
89212 14
89213 29
89214 38
89215 22
89216 17
89217 46
89218 42
89219 36
89220 31
89221 29
89222 38
89223 32
89224 42
89225 20
89226 41
89227 28
89228 26
89229 35
89230 20
89231 35
89232 48
89233 32
89234 22
89235 35
89236 23
89237 31
89238 40
89239 29
89240 13
89241 35
89242 31
89243 29
89244 49
89245 23
89246 32
89247 53
89248 39
89249 28
89250 33
89251 42
89252 29
89253 65
89254 41
89255 20
89256 53
89257 23
89258 20
89259 62
89260 17
89261 27
89262 48
89263 20
89264 16
89265 37
89266 42
89267 34
89268 48
89269 20
89270 24
89271 38
89272 38
89273 40
89274 41
89275 28
89276 36
89277 51
89278 21
89279 29
89280 38
89281 17
89282 9
89283 36
89284 22
89285 22
89286 50
89287 23
89288 24
89289 20
89290 38
89291 27
89292 56
89293 25
89294 38
89295 28
89296 33
89297 35
89298 63
89299 48
89300 30
89301 33
89302 20
89303 28
89304 54
89305 20
89306 9
89307 47
89308 19
89309 22
89310 45
89311 49
89312 30
89313 51
89314 25
89315 29
89316 45
89317 32
89318 58
89319 62
89320 26
89321 19
89322 41
89323 29
89324 38
89325 40
89326 29
89327 36
89328 36
89329 17
89330 17
89331 73
89332 21
89333 41
89334 38
89335 27
89336 19
89337 63
89338 35
89339 45
89340 45
89341 22
89342 40
89343 33
89344 42
89345 19
89346 36
89347 22
89348 27
89349 28
89350 19
89351 35
89352 34
89353 42
89354 21
89355 37
89356 23
89357 44
89358 47
89359 37
89360 10
89361 33
89362 39
89363 20
89364 54
89365 17
89366 37
89367 37
89368 39
89369 18
89370 31
89371 37
89372 36
89373 38
89374 25
89375 35
89376 40
89377 24
89378 18
89379 58
89380 27
89381 16
89382 38
89383 20
89384 37
89385 26
89386 44
89387 21
89388 52
89389 21
89390 37
89391 52
89392 38
89393 44
89394 37
89395 20
89396 32
89397 39
89398 19
89399 41
89400 25
89401 17
89402 16
89403 35
89404 27
89405 16
89406 35
89407 34
89408 37
89409 41
89410 32
89411 44
89412 58
89413 32
89414 35
89415 45
89416 41
89417 24
89418 53
89419 45
89420 28
89421 33
89422 17
89423 20
89424 41
89425 18
89426 26
89427 33
89428 23
89429 33
89430 38
89431 52
89432 21
89433 77
89434 33
89435 33
89436 43
89437 41
89438 33
89439 61
89440 31
89441 15
89442 51
89443 24
89444 38
89445 34
89446 23
89447 27
89448 43
89449 13
89450 20
89451 57
89452 26
89453 40
89454 44
89455 21
89456 25
89457 51
89458 35
89459 32
89460 38
89461 28
89462 38
89463 37
89464 44
89465 18
89466 41
89467 33
89468 33
89469 40
89470 22
89471 40
89472 32
89473 29
89474 37
89475 49
89476 15
89477 33
89478 48
89479 42
89480 16
89481 43
89482 34
89483 27
89484 39
89485 21
89486 37
89487 37
89488 33
89489 26
89490 34
89491 33
89492 29
89493 62
89494 31
89495 30
89496 44
89497 22
89498 12
89499 65
89500 20
89501 26
89502 36
89503 26
89504 23
89505 26
89506 43
89507 30
89508 56
89509 25
89510 33
89511 64
89512 36
89513 33
89514 42
89515 35
89516 36
89517 29
89518 23
89519 36
89520 33
89521 20
89522 13
89523 36
89524 22
89525 12
89526 39
89527 23
89528 26
89529 37
89530 30
89531 42
89532 48
89533 46
89534 30
89535 40
89536 40
89537 23
89538 35
89539 45
89540 25
89541 34
89542 24
89543 26
89544 32
89545 12
89546 27
89547 39
89548 22
89549 22
89550 39
89551 43
89552 28
89553 69
89554 47
89555 35
89556 42
89557 28
89558 42
89559 63
89560 31
89561 22
89562 47
89563 33
89564 29
89565 33
89566 27
89567 34
89568 40
89569 22
89570 17
89571 58
89572 31
89573 41
89574 65
89575 25
89576 22
89577 51
89578 51
89579 31
89580 40
89581 24
89582 35
89583 34
89584 49
89585 27
89586 48
89587 45
89588 28
89589 33
89590 9
89591 52
89592 41
89593 32
89594 24
89595 40
89596 31
89597 28
89598 64
89599 37
89600 24
89601 28
89602 44
89603 19
89604 64
89605 21
89606 36
89607 44
89608 35
89609 41
89610 34
89611 49
89612 24
89613 56
89614 14
89615 33
89616 31
89617 34
89618 18
89619 67
89620 20
89621 12
89622 50
89623 26
89624 34
89625 24
89626 54
89627 23
89628 66
89629 18
89630 33
89631 59
89632 34
89633 37
89634 43
89635 30
89636 31
89637 66
89638 12
89639 48
89640 31
89641 28
89642 16
89643 48
89644 19
89645 19
89646 47
89647 22
89648 29
89649 33
89650 33
89651 38
89652 57
89653 33
89654 41
89655 36
89656 39
89657 21
89658 46
89659 43
89660 25
89661 41
89662 22
89663 32
89664 38
89665 13
89666 18
89667 38
89668 21
89669 22
89670 30
89671 32
89672 31
89673 52
89674 36
89675 22
89676 62
89677 32
89678 52
89679 52
89680 34
89681 15
89682 43
89683 29
89684 35
89685 31
89686 32
89687 20
89688 39
89689 17
89690 19
89691 59
89692 17
89693 34
89694 43
89695 43
89696 26
89697 37
89698 45
89699 41
89700 37
89701 22
89702 48
89703 34
89704 51
89705 22
89706 51
89707 24
89708 34
89709 43
89710 15
89711 41
89712 35
89713 25
89714 18
89715 46
89716 14
89717 25
89718 40
89719 40
89720 17
89721 35
89722 34
89723 26
89724 36
89725 21
89726 33
89727 50
89728 31
89729 29
89730 36
89731 46
89732 35
89733 55
89734 28
89735 31
89736 42
89737 36
89738 13
89739 60
89740 17
89741 18
89742 36
89743 31
89744 14
89745 34
89746 37
89747 25
89748 42
89749 22
89750 31
89751 50
89752 34
89753 38
89754 55
89755 20
89756 46
89757 44
89758 27
89759 30
89760 45
89761 26
89762 25
89763 32
89764 13
89765 18
89766 41
89767 33
89768 10
89769 34
89770 26
89771 33
89772 41
89773 31
89774 34
89775 36
89776 49
89777 27
89778 39
89779 39
89780 36
89781 27
89782 14
89783 25
89784 50
89785 25
89786 28
89787 40
89788 28
89789 20
89790 46
89791 44
89792 19
89793 67
89794 41
89795 17
89796 44
89797 29
89798 35
89799 69
89800 34
89801 20
89802 42
89803 28
89804 56
89805 35
89806 25
89807 34
89808 51
89809 25
89810 17
89811 72
89812 33
89813 38
89814 55
89815 35
89816 24
89817 44
89818 38
89819 32
89820 38
89821 18
89822 27
89823 37
89824 32
89825 19
89826 46
89827 27
89828 32
89829 40
89830 23
89831 44
89832 40
89833 34
89834 33
89835 38
89836 24
89837 30
89838 53
89839 49
89840 22
89841 29
89842 34
89843 26
89844 52
89845 17
89846 26
89847 35
89848 35
89849 18
89850 29
89851 44
89852 32
89853 64
89854 22
89855 20
89856 45
89857 42
89858 18
89859 47
89860 14
89861 26
89862 40
89863 27
89864 18
89865 30
89866 30
89867 28
89868 52
89869 17
89870 28
89871 48
89872 16
89873 28
89874 41
89875 28
89876 30
89877 48
89878 18
89879 44
89880 39
89881 16
89882 23
89883 34
89884 20
89885 25
89886 56
89887 18
89888 28
89889 30
89890 34
89891 35
89892 49
89893 39
89894 29
89895 37
89896 45
89897 34
89898 41
89899 48
89900 37
89901 33
89902 23
89903 31
89904 53
89905 17
89906 27
89907 37
89908 19
89909 21
89910 41
89911 39
89912 24
89913 44
89914 39
89915 22
89916 55
89917 34
89918 39
89919 47
89920 24
89921 18
89922 45
89923 34
89924 44
89925 44
89926 22
89927 19
89928 45
89929 24
89930 18
89931 55
89932 28
89933 29
89934 61
89935 24
89936 29
89937 51
89938 46
89939 28
89940 35
89941 10
89942 38
89943 33
89944 28
89945 24
89946 40
89947 36
89948 36
89949 40
89950 16
89951 46
89952 34
89953 27
89954 23
89955 39
89956 27
89957 19
89958 50
89959 33
89960 25
89961 27
89962 41
89963 16
89964 45
89965 14
89966 37
89967 34
89968 44
89969 30
89970 38
89971 29
89972 29
89973 50
89974 31
89975 36
89976 36
89977 40
89978 19
89979 52
89980 19
89981 16
89982 35
89983 20
89984 10
89985 27
89986 42
89987 22
89988 49
89989 13
89990 25
89991 43
89992 39
89993 38
89994 45
89995 18
89996 34
89997 36
89998 11
89999 41
90000 37
90001 27
90002 26
90003 47
90004 21
90005 20
90006 39
90007 26
90008 27
90009 32
90010 33
90011 30
90012 59
90013 39
90014 48
90015 29
90016 54
90017 25
90018 51
90019 26
90020 30
90021 25
90022 16
90023 25
90024 54
90025 24
90026 23
90027 46
90028 29
90029 32
90030 33
90031 40
90032 28
90033 62
90034 30
90035 35
90036 44
90037 30
90038 42
90039 54
90040 26
90041 19
90042 52
90043 19
90044 35
90045 24
90046 36
90047 22
90048 40
90049 22
90050 17
90051 58
90052 18
90053 61
90054 46
90055 37
90056 21
90057 49
90058 37
90059 54
90060 37
90061 19
90062 36
90063 26
90064 44
90065 18
90066 45
90067 26
90068 44
90069 31
90070 18
90071 36
90072 53
90073 29
90074 16
90075 40
90076 22
90077 41
90078 47
90079 49
90080 18
90081 39
90082 42
90083 28
90084 44
90085 28
90086 41
90087 50
90088 41
90089 18
90090 42
90091 50
90092 33
90093 62
90094 37
90095 32
90096 40
90097 29
90098 16
90099 63
90100 13
90101 21
90102 48
90103 27
90104 19
90105 41
90106 42
90107 25
90108 45
90109 28
90110 38
90111 48
90112 39
90113 34
90114 52
90115 31
90116 31
90117 45
90118 14
90119 28
90120 34
90121 18
90122 20
90123 32
90124 15
90125 11
90126 63
90127 27
90128 37
90129 36
90130 35
90131 46
90132 59
90133 42
90134 48
90135 42
90136 45
90137 31
90138 47
90139 37
90140 30
90141 38
90142 20
90143 21
90144 46
90145 24
90146 20
90147 41
90148 18
90149 21
90150 46
90151 47
90152 32
90153 65
90154 29
90155 35
90156 52
90157 23
90158 36
90159 78
90160 18
90161 23
90162 38
90163 34
90164 43
90165 41
90166 23
90167 30
90168 40
90169 20
90170 15
90171 58
90172 20
90173 37
90174 38
90175 30
90176 27
90177 60
90178 37
90179 40
90180 32
90181 20
90182 42
90183 48
90184 36
90185 24
90186 43
90187 33
90188 29
90189 41
90190 26
90191 34
90192 45
90193 31
90194 23
90195 43
90196 23
90197 20
90198 61
90199 37
90200 23
90201 29
90202 45
90203 29
90204 49
90205 23
90206 45
90207 37
90208 40
90209 26
90210 28
90211 56
90212 28
90213 41
90214 17
90215 27
90216 31
90217 31
90218 14
90219 47
90220 12
90221 17
90222 57
90223 23
90224 16
90225 20
90226 47
90227 23
90228 50
90229 25
90230 30
90231 61
90232 24
90233 41
90234 54
90235 30
90236 26
90237 43
90238 13
90239 37
90240 28
90241 20
90242 14
90243 33
90244 32
90245 20
90246 42
90247 25
90248 29
90249 25
90250 26
90251 48
90252 51
90253 38
90254 34
90255 40
90256 45
90257 32
90258 51
90259 51
90260 32
90261 39
90262 20
90263 22
90264 44
90265 26
90266 16
90267 47
90268 24
90269 23
90270 40
90271 42
90272 15
90273 40
90274 34
90275 23
90276 44
90277 38
90278 33
90279 58
90280 33
90281 19
90282 39
90283 31
90284 47
90285 37
90286 18
90287 34
90288 54
90289 23
90290 21
90291 55
90292 20
90293 36
90294 45
90295 27
90296 19
90297 37
90298 34
90299 44
90300 46
90301 15
90302 40
90303 33
90304 43
90305 17
90306 50
90307 29
90308 41
90309 40
90310 22
90311 50
90312 51
90313 30
90314 17
90315 51
90316 24
90317 29
90318 41
90319 46
90320 21
90321 35
90322 33
90323 20
90324 49
90325 15
90326 42
90327 31
90328 38
90329 20
90330 28
90331 45
90332 40
90333 54
90334 25
90335 28
90336 32
90337 32
90338 20
90339 61
90340 14
90341 24
90342 31
90343 37
90344 24
90345 37
90346 42
90347 27
90348 49
90349 18
90350 36
90351 69
90352 40
90353 34
90354 57
90355 20
90356 34
90357 43
90358 16
90359 39
90360 25
90361 24
90362 19
90363 36
90364 17
90365 30
90366 41
90367 26
90368 40
90369 40
90370 33
90371 36
90372 38
90373 23
90374 46
90375 35
90376 44
90377 31
90378 37
90379 33
90380 30
90381 33
90382 23
90383 19
90384 49
90385 21
90386 16
90387 41
90388 36
90389 22
90390 30
90391 32
90392 28
90393 47
90394 30
90395 25
90396 43
90397 28
90398 29
90399 58
90400 25
90401 26
90402 40
90403 27
90404 49
90405 27
90406 44
90407 32
90408 57
90409 20
90410 26
90411 55
90412 31
90413 31
90414 46
90415 32
90416 11
90417 48
90418 32
90419 31
90420 41
90421 19
90422 34
90423 52
90424 49
90425 20
90426 46
90427 24
90428 50
90429 39
90430 21
90431 43
90432 48
90433 43
90434 35
90435 32
90436 24
90437 32
90438 52
90439 35
90440 15
90441 27
90442 44
90443 28
90444 40
90445 23
90446 37
90447 39
90448 25
90449 23
90450 30
90451 54
90452 29
90453 59
90454 24
90455 29
90456 44
90457 29
90458 20
90459 59
90460 23
90461 21
90462 43
90463 29
90464 25
90465 32
90466 26
90467 27
90468 48
90469 22
90470 24
90471 53
90472 25
90473 38
90474 45
90475 27
90476 23
90477 57
90478 21
90479 36
90480 29
90481 17
90482 25
90483 37
90484 16
90485 24
90486 42
90487 34
90488 21
90489 35
90490 26
90491 44
90492 29
90493 44
90494 32
90495 39
90496 35
90497 23
90498 37
90499 34
90500 33
90501 37
90502 18
90503 22
90504 56
90505 14
90506 29
90507 33
90508 29
90509 19
90510 32
90511 45
90512 25
90513 56
90514 42
90515 26
90516 43
90517 40
90518 40
90519 52
90520 28
90521 22
90522 35
90523 38
90524 50
90525 31
90526 19
90527 25
90528 50
90529 14
90530 22
90531 55
90532 28
90533 33
90534 57
90535 22
90536 29
90537 56
90538 43
90539 38
90540 27
90541 33
90542 28
90543 35
90544 41
90545 20
90546 44
90547 28
90548 26
90549 38
90550 20
90551 31
90552 33
90553 35
90554 29
90555 43
90556 11
90557 23
90558 49
90559 47
90560 15
90561 31
90562 41
90563 30
90564 36
90565 21
90566 33
90567 37
90568 38
90569 22
90570 33
90571 43
90572 30
90573 37
90574 22
90575 30
90576 36
90577 31
90578 6
90579 58
90580 18
90581 18
90582 44
90583 31
90584 21
90585 39
90586 43
90587 23
90588 54
90589 17
90590 33
90591 53
90592 38
90593 40
90594 49
90595 41
90596 32
90597 49
90598 16
90599 46
90600 26
90601 25
90602 18
90603 40
90604 22
90605 22
90606 42
90607 22
90608 26
90609 36
90610 26
90611 28
90612 58
90613 28
90614 37
90615 35
90616 49
90617 25
90618 65
90619 41
90620 31
90621 41
90622 19
90623 27
90624 54
90625 22
90626 28
90627 41
90628 28
90629 25
90630 28
90631 46
90632 14
90633 57
90634 36
90635 29
90636 57
90637 27
90638 65
90639 47
90640 31
90641 21
90642 51
90643 22
90644 47
90645 37
90646 12
90647 22
90648 35
90649 20
90650 20
90651 64
90652 29
90653 47
90654 46
90655 25
90656 13
90657 53
90658 42
90659 42
90660 44
90661 15
90662 56
90663 37
90664 32
90665 22
90666 35
90667 25
90668 38
90669 37
90670 16
90671 30
90672 31
90673 27
90674 16
90675 47
90676 25
90677 36
90678 36
90679 42
90680 22
90681 26
90682 38
90683 25
90684 50
90685 21
90686 31
90687 41
90688 35
90689 23
90690 34
90691 37
90692 38
90693 47
90694 22
90695 28
90696 50
90697 18
90698 16
90699 46
90700 18
90701 18
90702 45
90703 36
90704 22
90705 41
90706 46
90707 34
90708 47
90709 23
90710 28
90711 60
90712 39
90713 18
90714 43
90715 27
90716 44
90717 35
90718 12
90719 28
90720 33
90721 16
90722 16
90723 27
90724 9
90725 22
90726 46
90727 25
90728 28
90729 45
90730 32
90731 48
90732 41
90733 40
90734 41
90735 52
90736 46
90737 27
90738 60
90739 35
90740 32
90741 31
90742 27
90743 25
90744 62
90745 19
90746 23
90747 42
90748 31
90749 18
90750 50
90751 48
90752 30
90753 72
90754 40
90755 39
90756 39
90757 41
90758 45
90759 67
90760 28
90761 33
90762 57
90763 28
90764 38
90765 36
90766 27
90767 23
90768 50
90769 22
90770 30
90771 40
90772 26
90773 33
90774 62
90775 24
90776 24
90777 52
90778 38
90779 45
90780 49
90781 25
90782 27
90783 48
90784 51
90785 21
90786 43
90787 26
90788 35
90789 31
90790 19
90791 30
90792 42
90793 43
90794 23
90795 34
90796 22
90797 24
90798 45
90799 38
90800 15
90801 26
90802 40
90803 27
90804 44
90805 16
90806 45
90807 44
90808 34
90809 25
90810 35
90811 37
90812 33
90813 48
90814 28
90815 22
90816 58
90817 27
90818 16
90819 51
90820 21
90821 16
90822 48
90823 28
90824 25
90825 34
90826 34
90827 29
90828 44
90829 16
90830 28
90831 70
90832 38
90833 38
90834 45
90835 28
90836 27
90837 41
90838 30
90839 39
90840 29
90841 20
90842 18
90843 28
90844 18
90845 23
90846 44
90847 31
90848 14
90849 35
90850 32
90851 37
90852 40
90853 32
90854 42
90855 32
90856 36
90857 33
90858 52
90859 39
90860 29
90861 35
90862 19
90863 26
90864 33
90865 29
90866 24
90867 49
90868 32
90869 29
90870 42
90871 63
90872 19
90873 53
90874 49
90875 27
90876 43
90877 34
90878 47
90879 63
90880 26
90881 24
90882 39
90883 30
90884 39
90885 40
90886 21
90887 23
90888 37
90889 19
90890 16
90891 48
90892 35
90893 48
90894 57
90895 21
90896 27
90897 51
90898 44
90899 34
90900 38
90901 16
90902 27
90903 43
90904 55
90905 20
90906 36
90907 25
90908 38
90909 31
90910 19
90911 45
90912 42
90913 27
90914 20
90915 51
90916 26
90917 31
90918 47
90919 33
90920 12
90921 30
90922 30
90923 32
90924 59
90925 20
90926 41
90927 45
90928 47
90929 22
90930 40
90931 49
90932 50
90933 62
90934 15
90935 27
90936 44
90937 38
90938 18
90939 63
90940 16
90941 22
90942 32
90943 30
90944 21
90945 35
90946 35
90947 26
90948 51
90949 18
90950 41
90951 46
90952 47
90953 25
90954 51
90955 30
90956 27
90957 51
90958 22
90959 41
90960 35
90961 17
90962 17
90963 31
90964 23
90965 22
90966 40
90967 24
90968 30
90969 42
90970 42
90971 32
90972 48
90973 31
90974 47
90975 36
90976 34
90977 28
90978 44
90979 39
90980 24
90981 27
90982 20
90983 20
90984 41
90985 21
90986 24
90987 37
90988 21
90989 31
90990 45
90991 38
90992 19
90993 59
90994 29
90995 26
90996 46
90997 30
90998 28
90999 45
91000 25
91001 20
91002 38
91003 27
91004 32
91005 32
91006 25
91007 30
91008 57
91009 24
91010 19
91011 54
91012 22
91013 35
91014 39
91015 29
91016 21
91017 49
91018 36
91019 35
91020 36
91021 22
91022 35
91023 44
91024 37
91025 22
91026 51
91027 34
91028 54
91029 32
91030 24
91031 36
91032 44
91033 36
91034 24
91035 34
91036 29
91037 25
91038 34
91039 46
91040 26
91041 38
91042 30
91043 23
91044 45
91045 25
91046 40
91047 52
91048 39
91049 14
91050 40
91051 29
91052 46
91053 33
91054 39
91055 23
91056 39
91057 21
91058 26
91059 50
91060 20
91061 17
91062 53
91063 24
91064 19
91065 40
91066 43
91067 32
91068 42
91069 20
91070 29
91071 46
91072 37
91073 32
91074 57
91075 23
91076 20
91077 38
91078 22
91079 38
91080 36
91081 18
91082 15
91083 37
91084 22
91085 28
91086 50
91087 34
91088 22
91089 38
91090 33
91091 45
91092 38
91093 38
91094 47
91095 55
91096 32
91097 25
91098 32
91099 52
91100 25
91101 29
91102 16
91103 20
91104 40
91105 23
91106 28
91107 41
91108 21
91109 26
91110 34
91111 40
91112 21
91113 56
91114 37
91115 23
91116 44
91117 33
91118 38
91119 47
91120 30
91121 22
91122 37
91123 25
91124 39
91125 31
91126 25
91127 26
91128 45
91129 21
91130 19
91131 47
91132 23
91133 32
91134 53
91135 28
91136 30
91137 39
91138 50
91139 35
91140 42
91141 19
91142 32
91143 29
91144 47
91145 17
91146 39
91147 27
91148 37
91149 32
91150 16
91151 31
91152 41
91153 41
91154 24
91155 40
91156 9
91157 31
91158 53
91159 34
91160 20
91161 30
91162 40
91163 22
91164 44
91165 19
91166 33
91167 34
91168 29
91169 33
91170 35
91171 44
91172 32
91173 65
91174 21
91175 32
91176 37
91177 31
91178 23
91179 69
91180 18
91181 17
91182 35
91183 30
91184 24
91185 29
91186 43
91187 27
91188 42
91189 16
91190 31
91191 55
91192 31
91193 25
91194 38
91195 24
91196 29
91197 50
91198 12
91199 35
91200 25
91201 28
91202 20
91203 45
91204 14
91205 25
91206 37
91207 38
91208 19
91209 43
91210 27
91211 48
91212 56
91213 28
91214 27
91215 43
91216 39
91217 22
91218 34
91219 52
91220 23
91221 34
91222 21
91223 25
91224 34
91225 25
91226 13
91227 39
91228 21
91229 34
91230 34
91231 41
91232 19
91233 61
91234 40
91235 32
91236 59
91237 27
91238 42
91239 64
91240 29
91241 26
91242 54
91243 33
91244 43
91245 34
91246 23
91247 28
91248 55
91249 20
91250 17
91251 60
91252 35
91253 41
91254 45
91255 26
91256 40
91257 54
91258 48
91259 38
91260 45
91261 16
91262 60
91263 38
91264 39
91265 16
91266 47
91267 24
91268 48
91269 32
91270 26
91271 31
91272 40
91273 38
91274 24
91275 33
91276 29
91277 33
91278 50
91279 59
91280 12
91281 38
91282 38
91283 26
91284 40
91285 16
91286 33
91287 47
91288 24
91289 23
91290 31
91291 41
91292 33
91293 53
91294 22
91295 31
91296 35
91297 44
91298 16
91299 56
91300 18
91301 17
91302 46
91303 31
91304 15
91305 35
91306 30
91307 32
91308 41
91309 15
91310 23
91311 75
91312 31
91313 20
91314 45
91315 22
91316 47
91317 34
91318 19
91319 28
91320 35
91321 21
91322 25
91323 36
91324 28
91325 19
91326 45
91327 34
91328 28
91329 41
91330 28
91331 54
91332 44
91333 43
91334 40
91335 45
91336 45
91337 27
91338 37
91339 35
91340 43
91341 32
91342 19
91343 17
91344 53
91345 12
91346 18
91347 37
91348 22
91349 17
91350 29
91351 59
91352 27
91353 74
91354 38
91355 31
91356 52
91357 37
91358 44
91359 70
91360 38
91361 15
91362 61
91363 26
91364 44
91365 29
91366 22
91367 26
91368 46
91369 22
91370 19
91371 58
91372 22
91373 38
91374 49
91375 26
91376 32
91377 58
91378 52
91379 52
91380 49
91381 21
91382 38
91383 36
91384 44
91385 14
91386 47
91387 30
91388 27
91389 29
91390 12
91391 39
91392 27
91393 19
91394 25
91395 37
91396 24
91397 32
91398 45
91399 32
91400 21
91401 32
91402 41
91403 23
91404 56
91405 24
91406 26
91407 47
91408 26
91409 20
91410 42
91411 54
91412 28
91413 49
91414 28
91415 31
91416 38
91417 25
91418 29
91419 50
91420 13
91421 26
91422 46
91423 23
91424 27
91425 39
91426 34
91427 27
91428 46
91429 14
91430 28
91431 71
91432 39
91433 44
91434 41
91435 28
91436 43
91437 56
91438 22
91439 29
91440 38
91441 17
91442 17
91443 44
91444 23
91445 26
91446 36
91447 22
91448 18
91449 29
91450 35
91451 43
91452 47
91453 41
91454 37
91455 45
91456 62
91457 43
91458 42
91459 52
91460 20
91461 34
91462 23
91463 31
91464 56
91465 17
91466 17
91467 34
91468 33
91469 21
91470 47
91471 34
91472 23
91473 45
91474 37
91475 27
91476 62
91477 39
91478 46
91479 62
91480 27
91481 26
91482 43
91483 30
91484 33
91485 36
91486 39
91487 27
91488 50
91489 15
91490 26
91491 45
91492 17
91493 40
91494 59
91495 22
91496 29
91497 45
91498 43
91499 36
91500 30
91501 10
91502 35
91503 40
91504 32
91505 23
91506 31
91507 22
91508 27
91509 45
91510 21
91511 37
91512 29
91513 38
91514 13
91515 41
91516 25
91517 30
91518 49
91519 34
91520 16
91521 35
91522 35
91523 26
91524 47
91525 22
91526 36
91527 40
91528 37
91529 22
91530 29
91531 52
91532 32
91533 58
91534 29
91535 27
91536 47
91537 24
91538 20
91539 40
91540 24
91541 23
91542 47
91543 23
91544 22
91545 39
91546 35
91547 21
91548 51
91549 26
91550 25
91551 49
91552 44
91553 36
91554 45
91555 28
91556 37
91557 45
91558 23
91559 32
91560 29
91561 9
91562 25
91563 39
91564 27
91565 15
91566 35
91567 28
91568 27
91569 35
91570 28
91571 35
91572 48
91573 38
91574 42
91575 40
91576 48
91577 27
91578 46
91579 37
91580 30
91581 32
91582 13
91583 30
91584 39
91585 17
91586 26
91587 43
91588 24
91589 27
91590 41
91591 44
91592 20
91593 70
91594 39
91595 27
91596 48
91597 28
91598 35
91599 68
91600 38
91601 25
91602 53
91603 28
91604 30
91605 28
91606 34
91607 33
91608 45
91609 15
91610 24
91611 49
91612 25
91613 40
91614 52
91615 17
91616 20
91617 49
91618 41
91619 32
91620 50
91621 21
91622 34
91623 39
91624 35
91625 23
91626 46
91627 32
91628 35
91629 41
91630 19
91631 33
91632 32
91633 41
91634 34
91635 41
91636 9
91637 24
91638 42
91639 38
91640 22
91641 35
91642 28
91643 19
91644 45
91645 18
91646 37
91647 35
91648 40
91649 31
91650 33
91651 41
91652 39
91653 62
91654 24
91655 29
91656 48
91657 27
91658 19
91659 59
91660 15
91661 17
91662 30
91663 22
91664 24
91665 29
91666 41
91667 31
91668 41
91669 16
91670 27
91671 50
91672 35
91673 36
91674 45
91675 36
91676 38
91677 56
91678 31
91679 37
91680 33
91681 18
91682 11
91683 32
91684 20
91685 14
91686 54
91687 27
91688 20
91689 29
91690 27
91691 32
91692 51
91693 40
91694 47
91695 37
91696 46
91697 29
91698 48
91699 37
91700 32
91701 32
91702 25
91703 23
91704 52
91705 19
91706 20
91707 43
91708 25
91709 17
91710 41
91711 49
91712 11
91713 51
91714 29
91715 27
91716 47
91717 27
91718 43
91719 48
91720 33
91721 16
91722 45
91723 23
91724 35
91725 34
91726 31
91727 24
91728 45
91729 17
91730 19
91731 59
91732 21
91733 33
91734 46
91735 20
91736 19
91737 53
91738 35
91739 26
91740 30
91741 24
91742 25
91743 39
91744 36
91745 23
91746 35
91747 29
91748 30
91749 38
91750 13
91751 47
91752 40
91753 33
91754 28
91755 44
91756 29
91757 20
91758 58
91759 43
91760 18
91761 33
91762 48
91763 21
91764 48
91765 25
91766 26
91767 40
91768 41
91769 32
91770 32
91771 40
91772 33
91773 61
91774 29
91775 28
91776 45
91777 30
91778 25
91779 45
91780 18
91781 20
91782 57
91783 25
91784 20
91785 28
91786 33
91787 25
91788 49
91789 20
91790 29
91791 50
91792 28
91793 36
91794 40
91795 24
91796 32
91797 51
91798 22
91799 29
91800 28
91801 22
91802 19
91803 26
91804 20
91805 20
91806 65
91807 24
91808 30
91809 28
91810 34
91811 39
91812 46
91813 27
91814 42
91815 45
91816 41
91817 30
91818 46
91819 35
91820 27
91821 34
91822 20
91823 29
91824 44
91825 15
91826 23
91827 46
91828 28
91829 31
91830 32
91831 55
91832 26
91833 59
91834 27
91835 31
91836 43
91837 29
91838 32
91839 61
91840 44
91841 32
91842 48
91843 27
91844 40
91845 27
91846 32
91847 34
91848 43
91849 22
91850 20
91851 72
91852 18
91853 42
91854 39
91855 37
91856 21
91857 51
91858 29
91859 49
91860 52
91861 23
91862 48
91863 37
91864 55
91865 16
91866 54
91867 19
91868 50
91869 30
91870 19
91871 32
91872 50
91873 36
91874 15
91875 42
91876 23
91877 42
91878 37
91879 39
91880 15
91881 31
91882 43
91883 28
91884 52
91885 12
91886 49
91887 30
91888 39
91889 14
91890 37
91891 38
91892 40
91893 50
91894 29
91895 27
91896 37
91897 23
91898 21
91899 63
91900 15
91901 20
91902 30
91903 25
91904 26
91905 36
91906 36
91907 34
91908 39
91909 18
91910 24
91911 67
91912 37
91913 25
91914 43
91915 28
91916 35
91917 45
91918 32
91919 33
91920 32
91921 25
91922 19
91923 32
91924 19
91925 20
91926 32
91927 39
91928 13
91929 42
91930 35
91931 64
91932 51
91933 24
91934 33
91935 49
91936 35
91937 32
91938 57
91939 36
91940 44
91941 29
91942 29
91943 31
91944 50
91945 20
91946 31
91947 31
91948 21
91949 25
91950 40
91951 41
91952 11
91953 55
91954 30
91955 23
91956 52
91957 31
91958 49
91959 62
91960 31
91961 25
91962 44
91963 35
91964 48
91965 33
91966 16
91967 23
91968 47
91969 20
91970 21
91971 49
91972 31
91973 24
91974 49
91975 28
91976 34
91977 45
91978 40
91979 49
91980 46
91981 25
91982 41
91983 38
91984 52
91985 30
91986 54
91987 18
91988 34
91989 37
91990 18
91991 23
91992 50
91993 37
91994 23
91995 30
91996 28
91997 32
91998 46
91999 41
92000 17
92001 27
92002 41
92003 22
92004 55
92005 16
92006 27
92007 42
92008 30
92009 22
92010 28
92011 47
92012 32
92013 49
92014 18
92015 30
92016 51
92017 22
92018 21
92019 54
92020 16
92021 19
92022 48
92023 28
92024 28
92025 34
92026 36
92027 23
92028 32
92029 24
92030 32
92031 63
92032 25
92033 24
92034 35
92035 37
92036 32
92037 44
92038 15
92039 36
92040 42
92041 14
92042 24
92043 34
92044 18
92045 20
92046 40
92047 24
92048 28
92049 43
92050 35
92051 46
92052 34
92053 46
92054 37
92055 51
92056 38
92057 36
92058 55
92059 55
92060 29
92061 30
92062 21
92063 32
92064 45
92065 14
92066 26
92067 47
92068 22
92069 21
92070 53
92071 37
92072 20
92073 62
92074 42
92075 33
92076 49
92077 43
92078 38
92079 72
92080 32
92081 37
92082 41
92083 29
92084 29
92085 41
92086 27
92087 28
92088 48
92089 28
92090 9
92091 52
92092 27
92093 46
92094 60
92095 17
92096 26
92097 43
92098 39
92099 43
92100 48
92101 17
92102 32
92103 48
92104 53
92105 31
92106 44
92107 47
92108 35
92109 42
92110 21
92111 38
92112 37
92113 42
92114 16
92115 35
92116 19
92117 25
92118 51
92119 45
92120 17
92121 25
92122 33
92123 20
92124 36
92125 19
92126 42
92127 37
92128 35
92129 21
92130 46
92131 48
92132 25
92133 63
92134 23
92135 36
92136 44
92137 40
92138 20
92139 61
92140 17
92141 17
92142 41
92143 27
92144 14
92145 26
92146 34
92147 30
92148 46
92149 15
92150 28
92151 46
92152 28
92153 27
92154 42
92155 21
92156 28
92157 36
92158 20
92159 50
92160 24
92161 27
92162 16
92163 39
92164 19
92165 22
92166 28
92167 28
92168 11
92169 28
92170 29
92171 30
92172 53
92173 32
92174 41
92175 30
92176 42
92177 28
92178 56
92179 59
92180 34
92181 33
92182 14
92183 26
92184 51
92185 21
92186 20
92187 50
92188 35
92189 19
92190 28
92191 58
92192 25
92193 42
92194 42
92195 14
92196 46
92197 27
92198 49
92199 55
92200 30
92201 19
92202 58
92203 25
92204 47
92205 38
92206 32
92207 27
92208 42
92209 20
92210 24
92211 68
92212 19
92213 51
92214 46
92215 31
92216 21
92217 47
92218 39
92219 36
92220 36
92221 23
92222 31
92223 32
92224 36
92225 15
92226 44
92227 25
92228 35
92229 24
92230 19
92231 32
92232 40
92233 27
92234 21
92235 40
92236 18
92237 52
92238 45
92239 31
92240 14
92241 43
92242 42
92243 27
92244 35
92245 20
92246 38
92247 43
92248 33
92249 20
92250 42
92251 50
92252 39
92253 46
92254 35
92255 32
92256 51
92257 25
92258 24
92259 55
92260 23
92261 25
92262 40
92263 15
92264 22
92265 37
92266 31
92267 26
92268 36
92269 32
92270 27
92271 46
92272 38
92273 33
92274 36
92275 24
92276 40
92277 47
92278 28
92279 29
92280 33
92281 21
92282 23
92283 34
92284 17
92285 15
92286 27
92287 24
92288 24
92289 38
92290 25
92291 44
92292 46
92293 43
92294 36
92295 40
92296 49
92297 30
92298 49
92299 54
92300 28
92301 46
92302 20
92303 25
92304 56
92305 22
92306 17
92307 32
92308 23
92309 17
92310 43
92311 41
92312 28
92313 50
92314 38
92315 31
92316 47
92317 25
92318 35
92319 54
92320 25
92321 29
92322 44
92323 25
92324 38
92325 36
92326 27
92327 31
92328 44
92329 18
92330 22
92331 46
92332 24
92333 27
92334 56
92335 27
92336 26
92337 51
92338 38
92339 29
92340 34
92341 23
92342 37
92343 32
92344 25
92345 22
92346 43
92347 27
92348 34
92349 34
92350 23
92351 29
92352 39
92353 30
92354 25
92355 39
92356 29
92357 27
92358 33
92359 40
92360 10
92361 37
92362 28
92363 21
92364 40
92365 19
92366 38
92367 47
92368 44
92369 24
92370 35
92371 37
92372 32
92373 54
92374 27
92375 31
92376 48
92377 31
92378 19
92379 60
92380 18
92381 19
92382 43
92383 28
92384 17
92385 31
92386 31
92387 29
92388 35
92389 29
92390 24
92391 51
92392 31
92393 45
92394 35
92395 20
92396 34
92397 38
92398 21
92399 34
92400 33
92401 20
92402 21
92403 35
92404 28
92405 20
92406 45
92407 22
92408 22
92409 31
92410 26
92411 38
92412 54
92413 37
92414 30
92415 42
92416 40
92417 30
92418 58
92419 37
92420 31
92421 33
92422 26
92423 29
92424 45
92425 20
92426 28
92427 39
92428 22
92429 20
92430 43
92431 41
92432 25
92433 58
92434 39
92435 30
92436 54
92437 35
92438 40
92439 55
92440 35
92441 14
92442 42
92443 27
92444 47
92445 40
92446 26
92447 27
92448 44
92449 26
92450 21
92451 60
92452 15
92453 37
92454 50
92455 21
92456 24
92457 53
92458 42
92459 30
92460 53
92461 24
92462 38
92463 33
92464 40
92465 17
92466 45
92467 31
92468 37
92469 36
92470 9
92471 48
92472 34
92473 25
92474 22
92475 37
92476 23
92477 30
92478 47
92479 33
92480 24
92481 26
92482 37
92483 20
92484 64
92485 18
92486 52
92487 30
92488 42
92489 27
92490 33
92491 44
92492 37
92493 63
92494 27
92495 29
92496 35
92497 29
92498 25
92499 72
92500 6
92501 19
92502 44
92503 30
92504 19
92505 20
92506 36
92507 32
92508 65
92509 19
92510 46
92511 66
92512 36
92513 35
92514 44
92515 26
92516 34
92517 46
92518 25
92519 28
92520 28
92521 22
92522 12
92523 28
92524 19
92525 22
92526 44
92527 22
92528 30
92529 43
92530 34
92531 42
92532 60
92533 39
92534 40
92535 50
92536 40
92537 35
92538 35
92539 48
92540 38
92541 31
92542 22
92543 33
92544 49
92545 24
92546 20
92547 33
92548 27
92549 22
92550 36
92551 55
92552 42
92553 65
92554 33
92555 30
92556 47
92557 22
92558 42
92559 64
92560 31
92561 15
92562 39
92563 33
92564 48
92565 31
92566 38
92567 29
92568 45
92569 23
92570 24
92571 57
92572 24
92573 28
92574 47
92575 32
92576 20
92577 54
92578 49
92579 50
92580 31
92581 24
92582 34
92583 42
92584 43
92585 19
92586 53
92587 33
92588 53
92589 34
92590 15
92591 34
92592 45
92593 31
92594 31
92595 34
92596 26
92597 22
92598 49
92599 40
92600 7
92601 33
92602 43
92603 28
92604 44
92605 16
92606 47
92607 47
92608 39
92609 30
92610 40
92611 42
92612 40
92613 59
92614 20
92615 21
92616 46
92617 29
92618 19
92619 51
92620 28
92621 19
92622 45
92623 27
92624 19
92625 26
92626 36
92627 25
92628 32
92629 25
92630 32
92631 63
92632 37
92633 46
92634 49
92635 27
92636 34
92637 53
92638 16
92639 32
92640 41
92641 16
92642 26
92643 35
92644 19
92645 18
92646 46
92647 23
92648 29
92649 34
92650 31
92651 34
92652 48
92653 39
92654 40
92655 38
92656 46
92657 22
92658 39
92659 37
92660 34
92661 36
92662 13
92663 31
92664 58
92665 28
92666 34
92667 40
92668 18
92669 25
92670 34
92671 45
92672 22
92673 48
92674 48
92675 26
92676 38
92677 32
92678 42
92679 57
92680 22
92681 18
92682 40
92683 26
92684 43
92685 34
92686 29
92687 46
92688 52
92689 21
92690 16
92691 66
92692 25
92693 23
92694 56
92695 25
92696 22
92697 41
92698 51
92699 32
92700 47
92701 28
92702 45
92703 33
92704 43
92705 33
92706 48
92707 33
92708 38
92709 38
92710 14
92711 46
92712 50
92713 23
92714 15
92715 34
92716 14
92717 19
92718 49
92719 35
92720 17
92721 25
92722 42
92723 17
92724 55
92725 15
92726 26
92727 33
92728 32
92729 27
92730 42
92731 40
92732 31
92733 64
92734 14
92735 27
92736 29
92737 37
92738 14
92739 61
92740 16
92741 17
92742 40
92743 17
92744 29
92745 23
92746 37
92747 13
92748 47
92749 17
92750 31
92751 50
92752 30
92753 41
92754 39
92755 36
92756 22
92757 45
92758 16
92759 57
92760 32
92761 23
92762 6
92763 44
92764 27
92765 13
92766 42
92767 30
92768 39
92769 34
92770 24
92771 30
92772 49
92773 29
92774 34
92775 36
92776 46
92777 30
92778 45
92779 45
92780 21
92781 40
92782 27
92783 33
92784 50
92785 34
92786 28
92787 46
92788 28
92789 23
92790 42
92791 37
92792 14
92793 49
92794 40
92795 29
92796 56
92797 26
92798 45
92799 58
92800 25
92801 18
92802 58
92803 26
92804 37
92805 37
92806 19
92807 36
92808 44
92809 36
92810 20
92811 67
92812 32
92813 31
92814 43
92815 33
92816 17
92817 34
92818 49
92819 23
92820 37
92821 24
92822 50
92823 27
92824 37
92825 21
92826 47
92827 26
92828 44
92829 43
92830 14
92831 31
92832 35
92833 36
92834 21
92835 53
92836 24
92837 40
92838 42
92839 46
92840 11
92841 29
92842 33
92843 28
92844 35
92845 17
92846 32
92847 35
92848 29
92849 17
92850 38
92851 37
92852 38
92853 54
92854 24
92855 24
92856 48
92857 24
92858 17
92859 68
92860 16
92861 30
92862 34
92863 38
92864 18
92865 36
92866 28
92867 35
92868 40
92869 24
92870 32
92871 31
92872 22
92873 27
92874 43
92875 23
92876 39
92877 38
92878 10
92879 26
92880 30
92881 15
92882 22
92883 33
92884 22
92885 25
92886 40
92887 35
92888 21
92889 40
92890 31
92891 38
92892 41
92893 38
92894 29
92895 37
92896 42
92897 11
92898 33
92899 55
92900 32
92901 30
92902 23
92903 21
92904 42
92905 17
92906 28
92907 43
92908 33
92909 31
92910 34
92911 44
92912 26
92913 73
92914 39
92915 40
92916 37
92917 39
92918 32
92919 77
92920 27
92921 29
92922 38
92923 23
92924 34
92925 25
92926 36
92927 20
92928 58
92929 21
92930 25
92931 49
92932 29
92933 46
92934 52
92935 30
92936 22
92937 57
92938 38
92939 52
92940 42
92941 15
92942 26
92943 39
92944 41
92945 27
92946 43
92947 27
92948 32
92949 33
92950 21
92951 27
92952 48
92953 33
92954 22
92955 33
92956 22
92957 23
92958 52
92959 36
92960 11
92961 27
92962 35
92963 21
92964 36
92965 14
92966 30
92967 45
92968 41
92969 24
92970 37
92971 47
92972 40
92973 48
92974 28
92975 26
92976 46
92977 29
92978 11
92979 45
92980 34
92981 10
92982 44
92983 22
92984 34
92985 29
92986 32
92987 30
92988 46
92989 21
92990 24
92991 62
92992 19
92993 39
92994 43
92995 20
92996 30
92997 30
92998 30
92999 39
93000 34
93001 19
93002 18
93003 42
93004 23
93005 17
93006 60
93007 27
93008 23
93009 30
93010 33
93011 50
93012 33
93013 32
93014 31
93015 28
93016 46
93017 35
93018 45
93019 40
93020 17
93021 28
93022 22
93023 34
93024 41
93025 23
93026 28
93027 55
93028 27
93029 36
93030 41
93031 47
93032 26
93033 57
93034 41
93035 30
93036 58
93037 39
93038 40
93039 61
93040 30
93041 22
93042 37
93043 35
93044 34
93045 36
93046 19
93047 27
93048 39
93049 31
93050 26
93051 48
93052 34
93053 36
93054 63
93055 29
93056 27
93057 54
93058 49
93059 24
93060 50
93061 21
93062 30
93063 35
93064 36
93065 14
93066 36
93067 27
93068 37
93069 44
93070 12
93071 44
93072 35
93073 29
93074 19
93075 38
93076 24
93077 37
93078 50
93079 31
93080 24
93081 27
93082 40
93083 22
93084 43
93085 16
93086 35
93087 34
93088 35
93089 18
93090 29
93091 43
93092 38
93093 58
93094 28
93095 28
93096 43
93097 26
93098 20
93099 46
93100 15
93101 25
93102 52
93103 23
93104 28
93105 31
93106 51
93107 27
93108 59
93109 19
93110 28
93111 70
93112 35
93113 39
93114 42
93115 34
93116 34
93117 51
93118 24
93119 44
93120 35
93121 12
93122 21
93123 38
93124 19
93125 21
93126 52
93127 32
93128 23
93129 46
93130 28
93131 38
93132 46
93133 50
93134 49
93135 46
93136 42
93137 35
93138 47
93139 37
93140 25
93141 34
93142 20
93143 17
93144 38
93145 20
93146 23
93147 43
93148 18
93149 30
93150 45
93151 61
93152 24
93153 82
93154 40
93155 33
93156 45
93157 25
93158 37
93159 71
93160 35
93161 21
93162 45
93163 30
93164 39
93165 32
93166 34
93167 23
93168 55
93169 22
93170 17
93171 57
93172 19
93173 30
93174 53
93175 33
93176 17
93177 57
93178 33
93179 40
93180 36
93181 16
93182 26
93183 33
93184 36
93185 13
93186 53
93187 27
93188 48
93189 40
93190 15
93191 35
93192 49
93193 36
93194 19
93195 50
93196 15
93197 27
93198 43
93199 38
93200 20
93201 39
93202 36
93203 25
93204 47
93205 25
93206 45
93207 34
93208 37
93209 20
93210 38
93211 39
93212 53
93213 51
93214 36
93215 31
93216 40
93217 27
93218 17
93219 51
93220 10
93221 21
93222 39
93223 26
93224 12
93225 30
93226 41
93227 35
93228 48
93229 21
93230 29
93231 55
93232 37
93233 30
93234 58
93235 25
93236 33
93237 33
93238 17
93239 28
93240 28
93241 19
93242 18
93243 26
93244 20
93245 19
93246 34
93247 32
93248 20
93249 32
93250 29
93251 39
93252 49
93253 48
93254 37
93255 51
93256 42
93257 20
93258 50
93259 49
93260 27
93261 31
93262 10
93263 27
93264 41
93265 19
93266 28
93267 41
93268 23
93269 32
93270 44
93271 52
93272 28
93273 70
93274 32
93275 28
93276 48
93277 41
93278 42
93279 70
93280 33
93281 24
93282 42
93283 30
93284 46
93285 38
93286 26
93287 25
93288 45
93289 23
93290 20
93291 54
93292 16
93293 23
93294 57
93295 37
93296 18
93297 47
93298 39
93299 34
93300 32
93301 23
93302 41
93303 42
93304 33
93305 17
93306 47
93307 29
93308 30
93309 35
93310 8
93311 50
93312 46
93313 42
93314 25
93315 35
93316 16
93317 19
93318 57
93319 41
93320 22
93321 27
93322 46
93323 22
93324 57
93325 18
93326 37
93327 39
93328 40
93329 30
93330 32
93331 38
93332 33
93333 47
93334 22
93335 35
93336 54
93337 24
93338 21
93339 61
93340 24
93341 15
93342 51
93343 17
93344 27
93345 31
93346 38
93347 22
93348 46
93349 19
93350 29
93351 57
93352 24
93353 40
93354 40
93355 25
93356 42
93357 48
93358 21
93359 45
93360 30
93361 15
93362 26
93363 35
93364 12
93365 20
93366 44
93367 25
93368 35
93369 38
93370 27
93371 29
93372 39
93373 32
93374 34
93375 40
93376 45
93377 33
93378 38
93379 41
93380 29
93381 31
93382 22
93383 27
93384 47
93385 19
93386 12
93387 36
93388 22
93389 27
93390 45
93391 28
93392 26
93393 54
93394 44
93395 20
93396 51
93397 33
93398 37
93399 41
93400 41
93401 27
93402 45
93403 27
93404 42
93405 34
93406 27
93407 25
93408 41
93409 21
93410 13
93411 48
93412 30
93413 30
93414 54
93415 26
93416 34
93417 45
93418 43
93419 29
93420 42
93421 18
93422 40
93423 34
93424 38
93425 15
93426 57
93427 33
93428 48
93429 37
93430 26
93431 41
93432 45
93433 36
93434 25
93435 51
93436 22
93437 34
93438 46
93439 43
93440 18
93441 31
93442 44
93443 29
93444 50
93445 22
93446 48
93447 34
93448 37
93449 15
93450 35
93451 38
93452 42
93453 48
93454 25
93455 20
93456 45
93457 33
93458 18
93459 65
93460 14
93461 20
93462 39
93463 22
93464 15
93465 33
93466 32
93467 19
93468 54
93469 20
93470 36
93471 34
93472 28
93473 25
93474 50
93475 29
93476 36
93477 46
93478 11
93479 38
93480 31
93481 20
93482 23
93483 37
93484 29
93485 25
93486 34
93487 32
93488 26
93489 43
93490 26
93491 20
93492 44
93493 28
93494 41
93495 31
93496 41
93497 24
93498 43
93499 32
93500 42
93501 34
93502 24
93503 15
93504 55
93505 15
93506 26
93507 45
93508 21
93509 23
93510 33
93511 55
93512 27
93513 67
93514 34
93515 33
93516 40
93517 30
93518 52
93519 59
93520 29
93521 15
93522 45
93523 38
93524 46
93525 35
93526 26
93527 26
93528 43
93529 21
93530 21
93531 64
93532 20
93533 44
93534 31
93535 32
93536 26
93537 67
93538 34
93539 41
93540 33
93541 21
93542 34
93543 38
93544 46
93545 22
93546 42
93547 36
93548 19
93549 36
93550 23
93551 30
93552 40
93553 34
93554 20
93555 35
93556 29
93557 27
93558 43
93559 39
93560 22
93561 33
93562 42
93563 32
93564 43
93565 20
93566 43
93567 38
93568 36
93569 23
93570 29
93571 31
93572 21
93573 49
93574 30
93575 21
93576 34
93577 29
93578 24
93579 46
93580 17
93581 19
93582 44
93583 25
93584 15
93585 34
93586 26
93587 31
93588 44
93589 15
93590 28
93591 62
93592 35
93593 39
93594 34
93595 28
93596 39
93597 42
93598 27
93599 34
93600 33
93601 15
93602 18
93603 37
93604 32
93605 27
93606 45
93607 32
93608 27
93609 46
93610 30
93611 44
93612 39
93613 33
93614 34
93615 46
93616 38
93617 26
93618 53
93619 44
93620 20
93621 30
93622 20
93623 25
93624 50
93625 15
93626 17
93627 30
93628 42
93629 18
93630 33
93631 41
93632 27
93633 42
93634 40
93635 29
93636 51
93637 42
93638 29
93639 64
93640 35
93641 27
93642 33
93643 29
93644 24
93645 29
93646 24
93647 42
93648 37
93649 27
93650 18
93651 49
93652 31
93653 19
93654 72
93655 33
93656 14
93657 42
93658 44
93659 41
93660 57
93661 23
93662 35
93663 38
93664 37
93665 24
93666 40
93667 23
93668 39
93669 46
93670 16
93671 40
93672 36
93673 35
93674 27
93675 46
93676 20
93677 29
93678 51
93679 43
93680 19
93681 30
93682 35
93683 21
93684 45
93685 19
93686 38
93687 51
93688 31
93689 22
93690 31
93691 46
93692 31
93693 58
93694 14
93695 28
93696 42
93697 23
93698 29
93699 64
93700 22
93701 22
93702 38
93703 20
93704 24
93705 31
93706 44
93707 20
93708 52
93709 20
93710 30
93711 58
93712 43
93713 32
93714 46
93715 21
93716 32
93717 37
93718 30
93719 48
93720 32
93721 17
93722 22
93723 30
93724 16
93725 27
93726 45
93727 42
93728 31
93729 39
93730 27
93731 52
93732 59
93733 24
93734 42
93735 34
93736 55
93737 19
93738 59
93739 33
93740 30
93741 24
93742 23
93743 23
93744 39
93745 19
93746 18
93747 51
93748 8
93749 30
93750 28
93751 49
93752 24
93753 67
93754 40
93755 35
93756 50
93757 35
93758 41
93759 66
93760 43
93761 21
93762 53
93763 34
93764 33
93765 38
93766 23
93767 30
93768 41
93769 19
93770 18
93771 58
93772 22
93773 42
93774 36
93775 33
93776 22
93777 60
93778 42
93779 38
93780 39
93781 19
93782 42
93783 43
93784 49
93785 27
93786 66
93787 24
93788 35
93789 38
93790 25
93791 34
93792 37
93793 43
93794 25
93795 46
93796 11
93797 30
93798 39
93799 48
93800 11
93801 29
93802 33
93803 31
93804 48
93805 19
93806 36
93807 29
93808 54
93809 28
93810 24
93811 56
93812 43
93813 63
93814 21
93815 27
93816 39
93817 35
93818 13
93819 60
93820 15
93821 25
93822 44
93823 17
93824 16
93825 26
93826 34
93827 22
93828 54
93829 13
93830 36
93831 59
93832 40
93833 38
93834 44
93835 30
93836 37
93837 48
93838 22
93839 45
93840 32
93841 21
93842 25
93843 38
93844 16
93845 18
93846 36
93847 24
93848 25
93849 30
93850 25
93851 39
93852 52
93853 30
93854 37
93855 59
93856 44
93857 25
93858 44
93859 37
93860 27
93861 38
93862 35
93863 27
93864 37
93865 15
93866 32
93867 36
93868 24
93869 20
93870 36
93871 51
93872 18
93873 60
93874 40
93875 36
93876 48
93877 32
93878 42
93879 62
93880 35
93881 25
93882 38
93883 36
93884 40
93885 34
93886 27
93887 20
93888 43
93889 28
93890 17
93891 45
93892 19
93893 39
93894 61
93895 33
93896 21
93897 46
93898 37
93899 32
93900 45
93901 23
93902 41
93903 38
93904 45
93905 19
93906 36
93907 22
93908 29
93909 37
93910 21
93911 29
93912 39
93913 28
93914 28
93915 32
93916 25
93917 17
93918 58
93919 20
93920 21
93921 31
93922 38
93923 21
93924 38
93925 25
93926 23
93927 52
93928 37
93929 37
93930 29
93931 49
93932 28
93933 56
93934 26
93935 33
93936 48
93937 22
93938 16
93939 50
93940 24
93941 18
93942 49
93943 26
93944 23
93945 33
93946 34
93947 26
93948 40
93949 18
93950 23
93951 60
93952 37
93953 53
93954 37
93955 38
93956 38
93957 59
93958 14
93959 40
93960 32
93961 21
93962 17
93963 38
93964 13
93965 24
93966 57
93967 20
93968 28
93969 30
93970 38
93971 37
93972 39
93973 32
93974 35
93975 37
93976 44
93977 39
93978 36
93979 40
93980 27
93981 29
93982 17
93983 43
93984 42
93985 21
93986 22
93987 35
93988 24
93989 23
93990 42
93991 39
93992 28
93993 52
93994 44
93995 27
93996 45
93997 32
93998 42
93999 55
94000 28
94001 26
94002 47
94003 26
94004 49
94005 33
94006 12
94007 33
94008 31
94009 27
94010 19
94011 77
94012 18
94013 40
94014 45
94015 26
94016 25
94017 53
94018 50
94019 38
94020 45
94021 19
94022 41
94023 37
94024 48
94025 21
94026 47
94027 26
94028 44
94029 35
94030 20
94031 47
94032 37
94033 42
94034 13
94035 43
94036 27
94037 47
94038 40
94039 34
94040 21
94041 30
94042 43
94043 20
94044 57
94045 18
94046 49
94047 35
94048 42
94049 20
94050 49
94051 61
94052 46
94053 58
94054 20
94055 24
94056 40
94057 26
94058 5
94059 67
94060 20
94061 24
94062 39
94063 25
94064 33
94065 27
94066 42
94067 19
94068 56
94069 14
94070 35
94071 34
94072 34
94073 19
94074 41
94075 21
94076 30
94077 55
94078 16
94079 32
94080 20
94081 12
94082 17
94083 41
94084 15
94085 22
94086 25
94087 20
94088 15
94089 31
94090 29
94091 36
94092 48
94093 20
94094 32
94095 32
94096 32
94097 23
94098 46
94099 34
94100 30
94101 27
94102 21
94103 25
94104 49
94105 21
94106 24
94107 40
94108 30
94109 28
94110 29
94111 43
94112 10
94113 48
94114 39
94115 25
94116 41
94117 18
94118 49
94119 37
94120 31
94121 19
94122 50
94123 26
94124 51
94125 38
94126 28
94127 25
94128 64
94129 30
94130 17
94131 67
94132 27
94133 36
94134 50
94135 31
94136 14
94137 37
94138 36
94139 36
94140 41
94141 26
94142 35
94143 39
94144 40
94145 27
94146 50
94147 34
94148 35
94149 43
94150 16
94151 28
94152 51
94153 28
94154 29
94155 40
94156 16
94157 28
94158 42
94159 41
94160 26
94161 39
94162 26
94163 26
94164 47
94165 22
94166 33
94167 42
94168 33
94169 31
94170 38
94171 30
94172 35
94173 54
94174 17
94175 23
94176 46
94177 18
94178 23
94179 54
94180 15
94181 18
94182 50
94183 29
94184 27
94185 37
94186 49
94187 41
94188 35
94189 16
94190 30
94191 46
94192 27
94193 40
94194 44
94195 22
94196 30
94197 47
94198 25
94199 29
94200 35
94201 11
94202 22
94203 31
94204 27
94205 18
94206 51
94207 29
94208 28
94209 36
94210 25
94211 36
94212 48
94213 36
94214 44
94215 48
94216 37
94217 28
94218 54
94219 29
94220 31
94221 20
94222 24
94223 20
94224 48
94225 24
94226 31
94227 42
94228 26
94229 29
94230 27
94231 46
94232 21
94233 58
94234 29
94235 30
94236 39
94237 31
94238 42
94239 51
94240 26
94241 20
94242 41
94243 17
94244 29
94245 25
94246 26
94247 26
94248 37
94249 22
94250 11
94251 53
94252 34
94253 47
94254 55
94255 21
94256 27
94257 45
94258 53
94259 51
94260 53
94261 25
94262 26
94263 42
94264 49
94265 20
94266 43
94267 33
94268 32
94269 29
94270 21
94271 34
94272 42
94273 36
94274 12
94275 34
94276 37
94277 35
94278 72
94279 50
94280 24
94281 40
94282 44
94283 21
94284 62
94285 24
94286 38
94287 45
94288 29
94289 20
94290 38
94291 41
94292 28
94293 80
94294 29
94295 27
94296 35
94297 39
94298 16
94299 72
94300 16
94301 17
94302 47
94303 36
94304 23
94305 26
94306 49
94307 28
94308 56
94309 8
94310 25
94311 71
94312 36
94313 32
94314 45
94315 26
94316 30
94317 59
94318 14
94319 34
94320 26
94321 28
94322 16
94323 30
94324 13
94325 16
94326 40
94327 27
94328 25
94329 30
94330 28
94331 37
94332 53
94333 23
94334 44
94335 43
94336 48
94337 29
94338 48
94339 41
94340 35
94341 38
94342 23
94343 24
94344 45
94345 26
94346 25
94347 47
94348 36
94349 25
94350 38
94351 47
94352 22
94353 44
94354 38
94355 24
94356 56
94357 27
94358 42
94359 44
94360 27
94361 16
94362 51
94363 26
94364 31
94365 40
94366 34
94367 36
94368 48
94369 21
94370 20
94371 72
94372 22
94373 37
94374 39
94375 37
94376 38
94377 48
94378 47
94379 30
94380 47
94381 21
94382 41
94383 44
94384 51
94385 18
94386 51
94387 27
94388 37
94389 33
94390 11
94391 42
94392 32
94393 35
94394 24
94395 45
94396 13
94397 41
94398 32
94399 45
94400 15
94401 41
94402 50
94403 37
94404 40
94405 21
94406 43
94407 41
94408 24
94409 21
94410 34
94411 44
94412 28
94413 41
94414 24
94415 21
94416 29
94417 26
94418 18
94419 43
94420 17
94421 31
94422 45
94423 24
94424 29
94425 33
94426 34
94427 38
94428 54
94429 24
94430 33
94431 55
94432 35
94433 34
94434 46
94435 27
94436 36
94437 39
94438 33
94439 29
94440 38
94441 21
94442 30
94443 34
94444 16
94445 27
94446 49
94447 30
94448 24
94449 25
94450 27
94451 46
94452 38
94453 29
94454 36
94455 48
94456 52
94457 29
94458 50
94459 45
94460 31
94461 28
94462 24
94463 24
94464 41
94465 20
94466 18
94467 29
94468 25
94469 19
94470 33
94471 43
94472 19
94473 49
94474 30
94475 37
94476 45
94477 36
94478 34
94479 75
94480 36
94481 24
94482 49
94483 32
94484 35
94485 29
94486 30
94487 24
94488 41
94489 14
94490 20
94491 55
94492 24
94493 34
94494 53
94495 27
94496 27
94497 50
94498 41
94499 44
94500 44
94501 22
94502 39
94503 31
94504 48
94505 17
94506 49
94507 24
94508 37
94509 37
94510 29
94511 44
94512 40
94513 39
94514 30
94515 44
94516 19
94517 25
94518 45
94519 54
94520 14
94521 36
94522 32
94523 27
94524 54
94525 11
94526 37
94527 44
94528 24
94529 23
94530 30
94531 42
94532 33
94533 64
94534 30
94535 30
94536 38
94537 33
94538 21
94539 52
94540 18
94541 16
94542 38
94543 28
94544 21
94545 45
94546 39
94547 15
94548 51
94549 18
94550 37
94551 60
94552 42
94553 44
94554 44
94555 24
94556 36
94557 49
94558 17
94559 38
94560 38
94561 19
94562 21
94563 35
94564 39
94565 15
94566 43
94567 27
94568 30
94569 36
94570 32
94571 31
94572 50
94573 31
94574 28
94575 39
94576 40
94577 40
94578 41
94579 36
94580 26
94581 30
94582 22
94583 25
94584 31
94585 14
94586 27
94587 33
94588 34
94589 24
94590 42
94591 43
94592 23
94593 52
94594 42
94595 24
94596 48
94597 29
94598 38
94599 63
94600 33
94601 15
94602 34
94603 26
94604 43
94605 36
94606 13
94607 18
94608 41
94609 19
94610 19
94611 62
94612 22
94613 36
94614 50
94615 22
94616 23
94617 48
94618 52
94619 34
94620 40
94621 18
94622 44
94623 38
94624 42
94625 18
94626 42
94627 25
94628 26
94629 40
94630 20
94631 52
94632 34
94633 50
94634 17
94635 40
94636 23
94637 31
94638 47
94639 38
94640 11
94641 38
94642 33
94643 24
94644 59
94645 23
94646 33
94647 36
94648 30
94649 20
94650 30
94651 44
94652 22
94653 55
94654 16
94655 38
94656 38
94657 36
94658 22
94659 65
94660 12
94661 20
94662 44
94663 20
94664 27
94665 24
94666 34
94667 20
94668 49
94669 20
94670 37
94671 37
94672 35
94673 26
94674 42
94675 23
94676 32
94677 59
94678 18
94679 39
94680 32
94681 25
94682 13
94683 40
94684 18
94685 21
94686 43
94687 28
94688 30
94689 30
94690 32
94691 38
94692 45
94693 35
94694 38
94695 38
94696 40
94697 28
94698 45
94699 48
94700 27
94701 27
94702 17
94703 28
94704 46
94705 22
94706 12
94707 40
94708 21
94709 16
94710 27
94711 60
94712 26
94713 62
94714 39
94715 29
94716 39
94717 31
94718 47
94719 44
94720 35
94721 17
94722 47
94723 26
94724 44
94725 33
94726 26
94727 19
94728 47
94729 23
94730 17
94731 61
94732 20
94733 41
94734 36
94735 38
94736 16
94737 50
94738 33
94739 53
94740 29
94741 19
94742 39
94743 43
94744 35
94745 18
94746 45
94747 27
94748 44
94749 38
94750 15
94751 29
94752 40
94753 44
94754 30
94755 38
94756 21
94757 30
94758 55
94759 50
94760 16
94761 44
94762 44
94763 30
94764 42
94765 29
94766 28
94767 48
94768 35
94769 28
94770 34
94771 35
94772 51
94773 46
94774 17
94775 30
94776 50
94777 33
94778 20
94779 68
94780 26
94781 19
94782 31
94783 28
94784 26
94785 42
94786 36
94787 32
94788 32
94789 26
94790 26
94791 48
94792 33
94793 37
94794 50
94795 23
94796 43
94797 45
94798 34
94799 34
94800 38
94801 19
94802 25
94803 39
94804 20
94805 18
94806 49
94807 35
94808 17
94809 41
94810 30
94811 45
94812 44
94813 29
94814 38
94815 27
94816 42
94817 25
94818 49
94819 27
94820 33
94821 33
94822 10
94823 20
94824 54
94825 16
94826 22
94827 34
94828 27
94829 19
94830 38
94831 53
94832 20
94833 48
94834 35
94835 33
94836 52
94837 28
94838 52
94839 48
94840 30
94841 16
94842 47
94843 37
94844 36
94845 37
94846 25
94847 33
94848 47
94849 17
94850 19
94851 59
94852 25
94853 39
94854 46
94855 22
94856 29
94857 32
94858 24
94859 47
94860 35
94861 26
94862 33
94863 40
94864 28
94865 28
94866 35
94867 38
94868 23
94869 42
94870 13
94871 30
94872 42
94873 32
94874 23
94875 52
94876 35
94877 29
94878 54
94879 40
94880 19
94881 35
94882 41
94883 29
94884 46
94885 29
94886 35
94887 45
94888 32
94889 27
94890 34
94891 35
94892 27
94893 62
94894 21
94895 24
94896 53
94897 28
94898 22
94899 45
94900 18
94901 22
94902 57
94903 19
94904 33
94905 27
94906 39
94907 26
94908 48
94909 22
94910 33
94911 54
94912 24
94913 31
94914 51
94915 35
94916 33
94917 42
94918 24
94919 34
94920 32
94921 23
94922 15
94923 38
94924 24
94925 9
94926 53
94927 26
94928 36
94929 30
94930 39
94931 36
94932 48
94933 39
94934 43
94935 41
94936 33
94937 40
94938 39
94939 32
94940 30
94941 39
94942 22
94943 20
94944 44
94945 19
94946 21
94947 37
94948 28
94949 14
94950 38
94951 38
94952 23
94953 56
94954 33
94955 30
94956 51
94957 25
94958 35
94959 62
94960 44
94961 24
94962 51
94963 35
94964 35
94965 40
94966 33
94967 27
94968 46
94969 20
94970 16
94971 53
94972 26
94973 38
94974 52
94975 30
94976 19
94977 43
94978 28
94979 36
94980 54
94981 23
94982 41
94983 40
94984 49
94985 32
94986 51
94987 36
94988 35
94989 38
94990 16
94991 40
94992 38
94993 34
94994 13
94995 37
94996 32
94997 24
94998 50
94999 41
95000 18
95001 36
95002 36
95003 15
95004 46
95005 24
95006 49
95007 41
95008 33
95009 21
95010 37
95011 26
95012 35
95013 40
95014 28
95015 25
95016 40
95017 26
95018 21
95019 66
95020 17
95021 31
95022 34
95023 29
95024 14
95025 34
95026 32
95027 36
95028 47
95029 20
95030 37
95031 66
95032 29
95033 19
95034 55
95035 27
95036 37
95037 44
95038 13
95039 42
95040 37
95041 22
95042 17
95043 54
95044 13
95045 35
95046 30
95047 30
95048 21
95049 35
95050 32
95051 46
95052 57
95053 36
95054 49
95055 37
95056 41
95057 15
95058 56
95059 41
95060 36
95061 32
95062 31
95063 26
95064 53
95065 18
95066 24
95067 38
95068 21
95069 29
95070 48
95071 36
95072 23
95073 57
95074 40
95075 24
95076 41
95077 47
95078 32
95079 50
95080 35
95081 17
95082 40
95083 24
95084 42
95085 32
95086 39
95087 21
95088 55
95089 15
95090 24
95091 43
95092 22
95093 46
95094 58
95095 29
95096 29
95097 59
95098 41
95099 45
95100 37
95101 21
95102 23
95103 35
95104 57
95105 23
95106 51
95107 25
95108 39
95109 26
95110 10
95111 34
95112 52
95113 29
95114 18
95115 34
95116 30
95117 34
95118 52
95119 37
95120 15
95121 32
95122 48
95123 27
95124 49
95125 17
95126 35
95127 39
95128 36
95129 20
95130 45
95131 51
95132 42
95133 44
95134 25
95135 26
95136 45
95137 30
95138 14
95139 54
95140 18
95141 15
95142 42
95143 27
95144 24
95145 28
95146 28
95147 24
95148 50
95149 20
95150 34
95151 61
95152 33
95153 39
95154 48
95155 30
95156 33
95157 40
95158 17
95159 47
95160 31
95161 23
95162 20
95163 32
95164 21
95165 10
95166 43
95167 31
95168 28
95169 28
95170 30
95171 31
95172 53
95173 24
95174 38
95175 47
95176 40
95177 37
95178 34
95179 39
95180 29
95181 31
95182 18
95183 34
95184 48
95185 26
95186 30
95187 45
95188 29
95189 25
95190 37
95191 40
95192 20
95193 49
95194 48
95195 27
95196 43
95197 29
95198 40
95199 64
95200 24
95201 28
95202 39
95203 21
95204 30
95205 42
95206 25
95207 28
95208 47
95209 15
95210 19
95211 46
95212 37
95213 39
95214 48
95215 18
95216 36
95217 51
95218 42
95219 28
95220 41
95221 22
95222 35
95223 29
95224 40
95225 22
95226 31
95227 27
95228 25
95229 37
95230 16
95231 45
95232 36
95233 42
95234 19
95235 45
95236 23
95237 27
95238 54
95239 62
95240 20
95241 34
95242 43
95243 24
95244 47
95245 17
95246 40
95247 38
95248 34
95249 9
95250 34
95251 43
95252 21
95253 61
95254 24
95255 27
95256 29
95257 37
95258 14
95259 65
95260 12
95261 26
95262 50
95263 23
95264 19
95265 31
95266 37
95267 36
95268 51
95269 24
95270 27
95271 51
95272 34
95273 21
95274 42
95275 30
95276 27
95277 55
95278 19
95279 46
95280 33
95281 19
95282 14
95283 32
95284 19
95285 24
95286 44
95287 21
95288 17
95289 35
95290 26
95291 35
95292 55
95293 39
95294 43
95295 36
95296 54
95297 30
95298 59
95299 44
95300 38
95301 37
95302 24
95303 21
95304 65
95305 25
95306 25
95307 45
95308 16
95309 26
95310 36
95311 61
95312 23
95313 53
95314 40
95315 27
95316 42
95317 24
95318 51
95319 47
95320 23
95321 18
95322 43
95323 25
95324 54
95325 33
95326 29
95327 19
95328 50
95329 22
95330 14
95331 67
95332 17
95333 35
95334 58
95335 20
95336 22
95337 60
95338 49
95339 28
95340 43
95341 18
95342 43
95343 35
95344 38
95345 16
95346 44
95347 35
95348 39
95349 34
95350 18
95351 47
95352 44
95353 44
95354 14
95355 40
95356 17
95357 24
95358 44
95359 59
95360 17
95361 30
95362 44
95363 26
95364 38
95365 14
95366 34
95367 35
95368 35
95369 23
95370 40
95371 38
95372 36
95373 54
95374 25
95375 25
95376 42
95377 37
95378 19
95379 75
95380 11
95381 19
95382 37
95383 30
95384 21
95385 31
95386 30
95387 23
95388 39
95389 23
95390 29
95391 44
95392 41
95393 39
95394 35
95395 23
95396 38
95397 35
95398 14
95399 32
95400 31
95401 26
95402 23
95403 36
95404 24
95405 16
95406 42
95407 23
95408 19
95409 40
95410 32
95411 35
95412 41
95413 39
95414 39
95415 42
95416 40
95417 27
95418 49
95419 43
95420 34
95421 31
95422 11
95423 28
95424 45
95425 22
95426 32
95427 35
95428 33
95429 20
95430 37
95431 45
95432 25
95433 61
95434 45
95435 19
95436 41
95437 29
95438 31
95439 40
95440 27
95441 24
95442 40
95443 17
95444 29
95445 31
95446 25
95447 29
95448 40
95449 13
95450 16
95451 49
95452 23
95453 22
95454 48
95455 27
95456 24
95457 45
95458 42
95459 33
95460 28
95461 18
95462 37
95463 38
95464 32
95465 13
95466 39
95467 40
95468 25
95469 38
95470 12
95471 40
95472 42
95473 38
95474 26
95475 29
95476 19
95477 18
95478 34
95479 37
95480 15
95481 29
95482 36
95483 20
95484 42
95485 18
95486 31
95487 42
95488 35
95489 29
95490 34
95491 60
95492 27
95493 71
95494 21
95495 45
95496 39
95497 29
95498 22
95499 62
95500 32
95501 18
95502 47
95503 33
95504 29
95505 31
95506 39
95507 23
95508 42
95509 31
95510 27
95511 62
95512 35
95513 52
95514 39
95515 27
95516 31
95517 58
95518 25
95519 33
95520 34
95521 21
95522 30
95523 47
95524 16
95525 26
95526 56
95527 30
95528 23
95529 32
95530 19
95531 36
95532 40
95533 34
95534 54
95535 44
95536 40
95537 42
95538 53
95539 38
95540 35
95541 36
95542 24
95543 29
95544 55
95545 20
95546 20
95547 49
95548 22
95549 29
95550 37
95551 54
95552 27
95553 58
95554 39
95555 27
95556 44
95557 29
95558 57
95559 48
95560 36
95561 21
95562 46
95563 27
95564 40
95565 30
95566 36
95567 32
95568 46
95569 23
95570 13
95571 74
95572 20
95573 31
95574 44
95575 22
95576 27
95577 42
95578 37
95579 44
95580 47
95581 22
95582 32
95583 35
95584 36
95585 20
95586 46
95587 22
95588 37
95589 29
95590 19
95591 47
95592 35
95593 36
95594 17
95595 39
95596 14
95597 21
95598 39
95599 31
95600 12
95601 30
95602 34
95603 27
95604 63
95605 19
95606 42
95607 36
95608 42
95609 25
95610 38
95611 48
95612 43
95613 59
95614 17
95615 28
95616 49
95617 33
95618 19
95619 63
95620 14
95621 19
95622 39
95623 37
95624 21
95625 39
95626 41
95627 27
95628 63
95629 26
95630 48
95631 65
95632 38
95633 35
95634 61
95635 36
95636 47
95637 52
95638 15
95639 36
95640 30
95641 17
95642 22
95643 40
95644 27
95645 25
95646 46
95647 20
95648 23
95649 33
95650 34
95651 34
95652 49
95653 44
95654 50
95655 37
95656 41
95657 34
95658 50
95659 45
95660 28
95661 34
95662 17
95663 34
95664 39
95665 18
95666 26
95667 37
95668 30
95669 22
95670 33
95671 47
95672 24
95673 38
95674 41
95675 28
95676 49
95677 20
95678 39
95679 64
95680 29
95681 19
95682 46
95683 18
95684 43
95685 29
95686 24
95687 28
95688 45
95689 26
95690 16
95691 54
95692 14
95693 29
95694 44
95695 28
95696 17
95697 46
95698 33
95699 42
95700 37
95701 25
95702 35
95703 42
95704 37
95705 24
95706 36
95707 37
95708 42
95709 39
95710 15
95711 52
95712 49
95713 28
95714 22
95715 42
95716 19
95717 28
95718 26
95719 43
95720 21
95721 45
95722 29
95723 14
95724 48
95725 23
95726 35
95727 48
95728 44
95729 20
95730 38
95731 42
95732 37
95733 65
95734 38
95735 17
95736 50
95737 40
95738 27
95739 39
95740 15
95741 17
95742 39
95743 28
95744 19
95745 43
95746 39
95747 26
95748 43
95749 10
95750 23
95751 54
95752 28
95753 40
95754 52
95755 24
95756 40
95757 48
95758 21
95759 31
95760 24
95761 12
95762 14
95763 29
95764 22
95765 22
95766 46
95767 22
95768 24
95769 33
95770 27
95771 35
95772 47
95773 23
95774 44
95775 48
95776 42
95777 34
95778 58
95779 49
95780 35
95781 30
95782 27
95783 26
95784 61
95785 21
95786 25
95787 37
95788 41
95789 18
95790 42
95791 34
95792 30
95793 51
95794 34
95795 32
95796 44
95797 26
95798 38
95799 86
95800 29
95801 20
95802 47
95803 24
95804 42
95805 30
95806 31
95807 30
95808 49
95809 20
95810 18
95811 56
95812 26
95813 25
95814 47
95815 25
95816 13
95817 37
95818 34
95819 38
95820 36
95821 21
95822 32
95823 31
95824 44
95825 29
95826 40
95827 26
95828 30
95829 37
95830 17
95831 41
95832 43
95833 42
95834 21
95835 27
95836 22
95837 23
95838 46
95839 33
95840 20
95841 30
95842 37
95843 15
95844 55
95845 22
95846 35
95847 25
95848 35
95849 24
95850 41
95851 45
95852 35
95853 75
95854 23
95855 38
95856 52
95857 37
95858 24
95859 67
95860 23
95861 16
95862 50
95863 27
95864 28
95865 32
95866 36
95867 21
95868 48
95869 23
95870 40
95871 40
95872 21
95873 42
95874 40
95875 27
95876 38
95877 64
95878 12
95879 51
95880 29
95881 18
95882 15
95883 49
95884 18
95885 22
95886 33
95887 35
95888 32
95889 30
95890 35
95891 38
95892 48
95893 33
95894 35
95895 36
95896 45
95897 23
95898 46
95899 43
95900 28
95901 34
95902 14
95903 21
95904 35
95905 30
95906 22
95907 39
95908 15
95909 35
95910 42
95911 42
95912 27
95913 44
95914 40
95915 27
95916 55
95917 25
95918 40
95919 48
95920 28
95921 14
95922 40
95923 28
95924 40
95925 29
95926 28
95927 31
95928 35
95929 19
95930 21
95931 71
95932 25
95933 46
95934 49
95935 20
95936 29
95937 45
95938 45
95939 30
95940 38
95941 23
95942 43
95943 30
95944 41
95945 22
95946 41
95947 19
95948 35
95949 36
95950 26
95951 31
95952 34
95953 28
95954 24
95955 43
95956 20
95957 35
95958 61
95959 43
95960 16
95961 40
95962 44
95963 28
95964 50
95965 13
95966 33
95967 42
95968 40
95969 25
95970 43
95971 35
95972 30
95973 44
95974 33
95975 22
95976 39
95977 27
95978 12
95979 67
95980 17
95981 23
95982 46
95983 26
95984 18
95985 29
95986 36
95987 33
95988 48
95989 19
95990 24
95991 57
95992 27
95993 48
95994 42
95995 37
95996 24
95997 47
95998 12
95999 37
96000 30
96001 25
96002 9
96003 35
96004 15
96005 9
96006 38
96007 25
96008 24
96009 27
96010 29
96011 31
96012 47
96013 27
96014 36
96015 32
96016 43
96017 37
96018 51
96019 36
96020 41
96021 28
96022 31
96023 27
96024 43
96025 13
96026 35
96027 46
96028 25
96029 21
96030 38
96031 39
96032 16
96033 60
96034 29
96035 38
96036 40
96037 24
96038 41
96039 62
96040 28
96041 26
96042 44
96043 21
96044 48
96045 33
96046 24
96047 30
96048 43
96049 21
96050 26
96051 42
96052 31
96053 31
96054 44
96055 28
96056 28
96057 50
96058 40
96059 17
96060 44
96061 24
96062 31
96063 37
96064 41
96065 23
96066 47
96067 34
96068 39
96069 34
96070 12
96071 43
96072 41
96073 34
96074 29
96075 34
96076 32
96077 14
96078 50
96079 52
96080 18
96081 33
96082 44
96083 18
96084 40
96085 20
96086 26
96087 38
96088 35
96089 24
96090 34
96091 44
96092 33
96093 62
96094 25
96095 19
96096 38
96097 25
96098 22
96099 51
96100 16
96101 14
96102 48
96103 26
96104 34
96105 36
96106 42
96107 31
96108 44
96109 26
96110 32
96111 70
96112 32
96113 39
96114 41
96115 40
96116 32
96117 68
96118 24
96119 38
96120 36
96121 15
96122 18
96123 44
96124 21
96125 22
96126 45
96127 22
96128 29
96129 35
96130 36
96131 35
96132 60
96133 32
96134 40
96135 37
96136 54
96137 36
96138 46
96139 41
96140 32
96141 41
96142 20
96143 30
96144 41
96145 12
96146 29
96147 39
96148 26
96149 26
96150 36
96151 44
96152 21
96153 48
96154 42
96155 18
96156 60
96157 38
96158 46
96159 56
96160 30
96161 20
96162 40
96163 36
96164 31
96165 35
96166 28
96167 29
96168 44
96169 29
96170 23
96171 72
96172 25
96173 36
96174 59
96175 34
96176 27
96177 40
96178 46
96179 32
96180 32
96181 17
96182 37
96183 30
96184 47
96185 22
96186 40
96187 30
96188 34
96189 42
96190 18
96191 43
96192 37
96193 33
96194 16
96195 52
96196 14
96197 36
96198 41
96199 29
96200 18
96201 27
96202 44
96203 25
96204 43
96205 15
96206 40
96207 37
96208 44
96209 28
96210 31
96211 41
96212 33
96213 48
96214 28
96215 37
96216 35
96217 31
96218 17
96219 47
96220 26
96221 16
96222 30
96223 22
96224 26
96225 27
96226 44
96227 20
96228 66
96229 22
96230 29
96231 47
96232 41
96233 31
96234 47
96235 29
96236 39
96237 49
96238 26
96239 36
96240 32
96241 22
96242 17
96243 48
96244 21
96245 19
96246 39
96247 39
96248 18
96249 33
96250 32
96251 59
96252 47
96253 41
96254 32
96255 39
96256 48
96257 18
96258 34
96259 46
96260 27
96261 34
96262 17
96263 27
96264 39
96265 27
96266 17
96267 43
96268 26
96269 35
96270 43
96271 37
96272 17
96273 58
96274 42
96275 29
96276 34
96277 33
96278 33
96279 63
96280 21
96281 25
96282 48
96283 23
96284 40
96285 24
96286 39
96287 28
96288 47
96289 22
96290 15
96291 48
96292 31
96293 39
96294 59
96295 34
96296 14
96297 33
96298 33
96299 47
96300 37
96301 15
96302 32
96303 32
96304 34
96305 26
96306 51
96307 16
96308 48
96309 35
96310 16
96311 33
96312 54
96313 37
96314 25
96315 32
96316 17
96317 34
96318 38
96319 50
96320 12
96321 41
96322 25
96323 22
96324 53
96325 20
96326 39
96327 44
96328 48
96329 19
96330 40
96331 48
96332 44
96333 57
96334 25
96335 24
96336 34
96337 26
96338 16
96339 60
96340 13
96341 18
96342 38
96343 27
96344 24
96345 32
96346 30
96347 27
96348 51
96349 17
96350 33
96351 55
96352 41
96353 36
96354 52
96355 29
96356 40
96357 42
96358 22
96359 42
96360 43
96361 13
96362 21
96363 36
96364 19
96365 26
96366 47
96367 29
96368 20
96369 39
96370 23
96371 59
96372 44
96373 42
96374 32
96375 40
96376 30
96377 29
96378 42
96379 49
96380 30
96381 25
96382 30
96383 26
96384 56
96385 19
96386 27
96387 46
96388 18
96389 27
96390 32
96391 57
96392 19
96393 70
96394 31
96395 31
96396 43
96397 30
96398 43
96399 67
96400 28
96401 20
96402 51
96403 22
96404 53
96405 36
96406 32
96407 27
96408 49
96409 28
96410 11
96411 49
96412 22
96413 44
96414 38
96415 33
96416 17
96417 52
96418 34
96419 33
96420 26
96421 15
96422 33
96423 37
96424 32
96425 15
96426 48
96427 33
96428 34
96429 35
96430 16
96431 35
96432 35
96433 27
96434 22
96435 40
96436 17
96437 38
96438 46
96439 28
96440 27
96441 32
96442 42
96443 28
96444 47
96445 22
96446 34
96447 50
96448 45
96449 25
96450 40
96451 55
96452 35
96453 56
96454 33
96455 33
96456 46
96457 23
96458 24
96459 64
96460 24
96461 19
96462 52
96463 28
96464 20
96465 30
96466 37
96467 23
96468 53
96469 13
96470 32
96471 56
96472 32
96473 41
96474 44
96475 22
96476 32
96477 66
96478 16
96479 47
96480 33
96481 28
96482 30
96483 44
96484 21
96485 18
96486 47
96487 30
96488 19
96489 39
96490 37
96491 23
96492 46
96493 39
96494 31
96495 33
96496 31
96497 34
96498 33
96499 37
96500 29
96501 43
96502 12
96503 30
96504 49
96505 21
96506 31
96507 44
96508 33
96509 21
96510 44
96511 30
96512 29
96513 45
96514 44
96515 23
96516 53
96517 21
96518 46
96519 45
96520 40
96521 22
96522 39
96523 22
96524 28
96525 33
96526 32
96527 32
96528 59
96529 21
96530 19
96531 49
96532 21
96533 41
96534 49
96535 33
96536 23
96537 42
96538 42
96539 35
96540 45
96541 17
96542 29
96543 38
96544 34
96545 18
96546 43
96547 34
96548 27
96549 34
96550 15
96551 34
96552 41
96553 34
96554 21
96555 44
96556 18
96557 25
96558 60
96559 49
96560 21
96561 36
96562 55
96563 19
96564 36
96565 17
96566 45
96567 37
96568 43
96569 27
96570 26
96571 26
96572 30
96573 41
96574 29
96575 22
96576 47
96577 23
96578 23
96579 64
96580 22
96581 21
96582 42
96583 24
96584 26
96585 33
96586 29
96587 31
96588 40
96589 27
96590 30
96591 44
96592 41
96593 29
96594 39
96595 21
96596 31
96597 30
96598 32
96599 37
96600 27
96601 20
96602 31
96603 36
96604 14
96605 29
96606 46
96607 31
96608 21
96609 42
96610 21
96611 43
96612 35
96613 41
96614 27
96615 41
96616 39
96617 30
96618 48
96619 25
96620 31
96621 22
96622 24
96623 20
96624 55
96625 23
96626 22
96627 41
96628 26
96629 33
96630 37
96631 46
96632 19
96633 62
96634 38
96635 32
96636 47
96637 28
96638 49
96639 60
96640 28
96641 25
96642 46
96643 38
96644 49
96645 27
96646 27
96647 26
96648 40
96649 24
96650 11
96651 48
96652 31
96653 25
96654 37
96655 22
96656 32
96657 49
96658 39
96659 34
96660 38
96661 20
96662 33
96663 34
96664 39
96665 24
96666 40
96667 28
96668 37
96669 43
96670 19
96671 39
96672 29
96673 31
96674 23
96675 30
96676 27
96677 26
96678 47
96679 38
96680 18
96681 28
96682 43
96683 26
96684 55
96685 16
96686 40
96687 41
96688 31
96689 26
96690 41
96691 31
96692 37
96693 61
96694 13
96695 27
96696 48
96697 32
96698 26
96699 52
96700 20
96701 23
96702 54
96703 26
96704 13
96705 38
96706 40
96707 27
96708 37
96709 16
96710 27
96711 65
96712 35
96713 34
96714 32
96715 38
96716 32
96717 50
96718 16
96719 41
96720 31
96721 16
96722 23
96723 42
96724 28
96725 17
96726 35
96727 36
96728 25
96729 42
96730 25
96731 37
96732 45
96733 34
96734 33
96735 47
96736 42
96737 32
96738 42
96739 35
96740 26
96741 36
96742 20
96743 23
96744 41
96745 14
96746 14
96747 43
96748 21
96749 22
96750 50
96751 48
96752 26
96753 55
96754 45
96755 26
96756 63
96757 34
96758 41
96759 61
96760 37
96761 22
96762 43
96763 37
96764 28
96765 31
96766 15
96767 32
96768 46
96769 16
96770 18
96771 40
96772 22
96773 24
96774 65
96775 14
96776 29
96777 50
96778 48
96779 30
96780 47
96781 21
96782 31
96783 37
96784 35
96785 20
96786 43
96787 32
96788 25
96789 42
96790 18
96791 42
96792 40
96793 29
96794 19
96795 47
96796 33
96797 22
96798 49
96799 40
96800 26
96801 30
96802 40
96803 20
96804 44
96805 17
96806 34
96807 39
96808 43
96809 28
96810 37
96811 69
96812 30
96813 66
96814 29
96815 17
96816 43
96817 33
96818 23
96819 62
96820 17
96821 15
96822 40
96823 15
96824 10
96825 28
96826 31
96827 16
96828 54
96829 18
96830 33
96831 58
96832 39
96833 26
96834 49
96835 31
96836 32
96837 60
96838 24
96839 28
96840 31
96841 20
96842 24
96843 41
96844 20
96845 20
96846 47
96847 26
96848 23
96849 28
96850 27
96851 39
96852 62
96853 16
96854 50
96855 43
96856 52
96857 22
96858 46
96859 33
96860 43
96861 31
96862 18
96863 31
96864 41
96865 22
96866 22
96867 47
96868 31
96869 26
96870 34
96871 48
96872 24
96873 54
96874 42
96875 29
96876 51
96877 35
96878 54
96879 55
96880 35
96881 23
96882 52
96883 31
96884 52
96885 33
96886 37
96887 29
96888 36
96889 26
96890 17
96891 74
96892 20
96893 40
96894 40
96895 40
96896 19
96897 45
96898 39
96899 48
96900 35
96901 19
96902 42
96903 43
96904 45
96905 15
96906 44
96907 20
96908 32
96909 37
96910 20
96911 48
96912 37
96913 48
96914 20
96915 46
96916 20
96917 43
96918 46
96919 46
96920 16
96921 44
96922 37
96923 34
96924 49
96925 25
96926 37
96927 33
96928 36
96929 21
96930 37
96931 37
96932 36
96933 56
96934 26
96935 27
96936 37
96937 36
96938 22
96939 44
96940 25
96941 27
96942 37
96943 26
96944 25
96945 36
96946 28
96947 23
96948 36
96949 28
96950 32
96951 46
96952 34
96953 37
96954 47
96955 30
96956 38
96957 36
96958 29
96959 31
96960 31
96961 20
96962 21
96963 29
96964 14
96965 15
96966 42
96967 30
96968 27
96969 49
96970 29
96971 39
96972 38
96973 40
96974 33
96975 51
96976 60
96977 23
96978 49
96979 51
96980 34
96981 38
96982 22
96983 19
96984 61
96985 19
96986 27
96987 36
96988 21
96989 16
96990 41
96991 47
96992 21
96993 66
96994 41
96995 41
96996 43
96997 28
96998 31
96999 57
97000 24
97001 18
97002 55
97003 34
97004 40
97005 29
97006 31
97007 34
97008 58
97009 21
97010 26
97011 56
97012 28
97013 31
97014 62
97015 26
97016 28
97017 38
97018 45
97019 45
97020 38
97021 25
97022 28
97023 45
97024 44
97025 27
97026 30
97027 27
97028 40
97029 43
97030 16
97031 28
97032 46
97033 28
97034 29
97035 36
97036 17
97037 34
97038 39
97039 27
97040 15
97041 28
97042 38
97043 21
97044 34
97045 24
97046 30
97047 37
97048 28
97049 26
97050 29
97051 49
97052 35
97053 77
97054 23
97055 24
97056 45
97057 16
97058 12
97059 58
97060 19
97061 17
97062 57
97063 19
97064 24
97065 24
97066 45
97067 21
97068 51
97069 21
97070 25
97071 49
97072 30
97073 39
97074 39
97075 41
97076 37
97077 55
97078 16
97079 46
97080 30
97081 17
97082 18
97083 29
97084 22
97085 21
97086 60
97087 23
97088 38
97089 40
97090 39
97091 36
97092 47
97093 37
97094 37
97095 48
97096 37
97097 34
97098 43
97099 48
97100 23
97101 28
97102 27
97103 24
97104 35
97105 21
97106 29
97107 41
97108 27
97109 22
97110 39
97111 40
97112 23
97113 44
97114 31
97115 32
97116 38
97117 23
97118 35
97119 53
97120 25
97121 19
97122 34
97123 30
97124 40
97125 36
97126 21
97127 35
97128 44
97129 25
97130 18
97131 72
97132 21
97133 40
97134 46
97135 28
97136 18
97137 54
97138 38
97139 32
97140 33
97141 22
97142 36
97143 39
97144 39
97145 19
97146 43
97147 25
97148 29
97149 38
97150 15
97151 35
97152 46
97153 43
97154 18
97155 38
97156 21
97157 32
97158 40
97159 38
97160 14
97161 31
97162 24
97163 22
97164 49
97165 19
97166 35
97167 36
97168 37
97169 29
97170 44
97171 33
97172 32
97173 53
97174 22
97175 36
97176 54
97177 32
97178 17
97179 67
97180 15
97181 9
97182 35
97183 27
97184 21
97185 25
97186 47
97187 28
97188 43
97189 15
97190 37
97191 38
97192 39
97193 28
97194 38
97195 21
97196 54
97197 38
97198 17
97199 41
97200 34
97201 19
97202 16
97203 50
97204 12
97205 23
97206 35
97207 31
97208 20
97209 33
97210 32
97211 44
97212 45
97213 28
97214 40
97215 41
97216 29
97217 16
97218 52
97219 26
97220 27
97221 30
97222 28
97223 28
97224 49
97225 25
97226 13
97227 43
97228 25
97229 37
97230 33
97231 39
97232 17
97233 56
97234 30
97235 25
97236 48
97237 32
97238 38
97239 42
97240 38
97241 19
97242 43
97243 23
97244 51
97245 27
97246 25
97247 30
97248 60
97249 24
97250 22
97251 58
97252 21
97253 54
97254 56
97255 34
97256 19
97257 51
97258 50
97259 45
97260 43
97261 24
97262 45
97263 42
97264 45
97265 16
97266 41
97267 30
97268 48
97269 27
97270 18
97271 24
97272 37
97273 36
97274 17
97275 32
97276 26
97277 34
97278 54
97279 27
97280 20
97281 26
97282 36
97283 24
97284 46
97285 26
97286 30
97287 54
97288 36
97289 23
97290 32
97291 41
97292 33
97293 58
97294 23
97295 31
97296 47
97297 21
97298 9
97299 50
97300 30
97301 14
97302 52
97303 26
97304 29
97305 28
97306 48
97307 35
97308 49
97309 19
97310 29
97311 63
97312 33
97313 33
97314 43
97315 24
97316 32
97317 43
97318 34
97319 30
97320 33
97321 20
97322 22
97323 20
97324 25
97325 15
97326 50
97327 40
97328 13
97329 43
97330 17
97331 44
97332 45
97333 29
97334 27
97335 37
97336 44
97337 36
97338 47
97339 37
97340 30
97341 31
97342 12
97343 18
97344 44
97345 23
97346 27
97347 32
97348 28
97349 21
97350 38
97351 50
97352 14
97353 68
97354 37
97355 24
97356 43
97357 25
97358 49
97359 65
97360 24
97361 26
97362 46
97363 28
97364 35
97365 36
97366 20
97367 24
97368 52
97369 17
97370 25
97371 48
97372 34
97373 34
97374 53
97375 20
97376 26
97377 53
97378 50
97379 30
97380 41
97381 25
97382 38
97383 43
97384 47
97385 24
97386 44
97387 29
97388 30
97389 27
97390 20
97391 42
97392 42
97393 25
97394 20
97395 36
97396 24
97397 27
97398 48
97399 48
97400 19
97401 31
97402 41
97403 31
97404 51
97405 22
97406 37
97407 47
97408 32
97409 24
97410 36
97411 44
97412 28
97413 48
97414 17
97415 25
97416 35
97417 36
97418 11
97419 55
97420 12
97421 24
97422 41
97423 29
97424 28
97425 32
97426 42
97427 36
97428 46
97429 26
97430 35
97431 69
97432 36
97433 24
97434 40
97435 32
97436 30
97437 53
97438 23
97439 37
97440 41
97441 15
97442 19
97443 36
97444 15
97445 26
97446 38
97447 20
97448 21
97449 43
97450 31
97451 45
97452 48
97453 50
97454 31
97455 44
97456 50
97457 24
97458 52
97459 48
97460 37
97461 21
97462 20
97463 26
97464 44
97465 25
97466 32
97467 37
97468 23
97469 28
97470 31
97471 51
97472 21
97473 50
97474 36
97475 35
97476 66
97477 32
97478 53
97479 66
97480 33
97481 18
97482 53
97483 31
97484 49
97485 36
97486 29
97487 23
97488 38
97489 28
97490 18
97491 62
97492 22
97493 41
97494 45
97495 21
97496 27
97497 44
97498 39
97499 42
97500 45
97501 21
97502 56
97503 37
97504 48
97505 20
97506 57
97507 31
97508 41
97509 33
97510 14
97511 36
97512 44
97513 21
97514 17
97515 43
97516 19
97517 22
97518 44
97519 45
97520 24
97521 37
97522 42
97523 28
97524 49
97525 16
97526 40
97527 45
97528 24
97529 19
97530 52
97531 39
97532 32
97533 52
97534 34
97535 23
97536 38
97537 37
97538 20
97539 59
97540 12
97541 31
97542 40
97543 30
97544 15
97545 40
97546 31
97547 31
97548 56
97549 17
97550 33
97551 60
97552 29
97553 33
97554 51
97555 28
97556 31
97557 37
97558 20
97559 37
97560 31
97561 23
97562 24
97563 42
97564 20
97565 22
97566 37
97567 22
97568 19
97569 37
97570 30
97571 34
97572 38
97573 35
97574 39
97575 42
97576 44
97577 32
97578 46
97579 42
97580 36
97581 34
97582 19
97583 22
97584 47
97585 17
97586 27
97587 34
97588 29
97589 23
97590 34
97591 52
97592 28
97593 74
97594 28
97595 42
97596 39
97597 34
97598 28
97599 74
97600 27
97601 24
97602 43
97603 25
97604 52
97605 33
97606 35
97607 17
97608 48
97609 13
97610 22
97611 48
97612 24
97613 35
97614 45
97615 29
97616 21
97617 48
97618 42
97619 50
97620 20
97621 24
97622 24
97623 47
97624 42
97625 20
97626 58
97627 27
97628 44
97629 27
97630 22
97631 34
97632 45
97633 33
97634 31
97635 37
97636 14
97637 29
97638 35
97639 51
97640 13
97641 33
97642 28
97643 32
97644 40
97645 25
97646 30
97647 41
97648 33
97649 22
97650 40
97651 46
97652 36
97653 45
97654 25
97655 25
97656 35
97657 29
97658 21
97659 46
97660 16
97661 20
97662 33
97663 21
97664 12
97665 33
97666 25
97667 21
97668 43
97669 31
97670 28
97671 54
97672 38
97673 36
97674 36
97675 25
97676 31
97677 45
97678 25
97679 29
97680 35
97681 20
97682 28
97683 34
97684 18
97685 23
97686 54
97687 30
97688 29
97689 32
97690 29
97691 29
97692 53
97693 35
97694 36
97695 30
97696 46
97697 38
97698 47
97699 31
97700 38
97701 31
97702 21
97703 22
97704 49
97705 24
97706 21
97707 32
97708 29
97709 33
97710 55
97711 43
97712 27
97713 56
97714 42
97715 20
97716 42
97717 18
97718 47
97719 43
97720 21
97721 19
97722 40
97723 25
97724 34
97725 36
97726 26
97727 27
97728 54
97729 18
97730 20
97731 50
97732 33
97733 33
97734 59
97735 31
97736 39
97737 53
97738 39
97739 33
97740 40
97741 16
97742 35
97743 36
97744 45
97745 13
97746 52
97747 36
97748 33
97749 43
97750 27
97751 41
97752 42
97753 44
97754 30
97755 51
97756 25
97757 37
97758 44
97759 48
97760 15
97761 42
97762 39
97763 25
97764 53
97765 12
97766 28
97767 33
97768 40
97769 16
97770 33
97771 34
97772 28
97773 48
97774 26
97775 36
97776 23
97777 38
97778 17
97779 64
97780 17
97781 22
97782 36
97783 21
97784 12
97785 35
97786 37
97787 31
97788 50
97789 28
97790 39
97791 62
97792 30
97793 38
97794 45
97795 24
97796 38
97797 50
97798 11
97799 39
97800 32
97801 18
97802 17
97803 34
97804 28
97805 21
97806 46
97807 20
97808 32
97809 37
97810 34
97811 47
97812 66
97813 44
97814 52
97815 40
97816 53
97817 39
97818 52
97819 28
97820 34
97821 35
97822 12
97823 25
97824 40
97825 18
97826 22
97827 45
97828 19
97829 23
97830 31
97831 55
97832 16
97833 57
97834 52
97835 18
97836 49
97837 37
97838 44
97839 49
97840 26
97841 16
97842 40
97843 23
97844 32
97845 34
97846 15
97847 24
97848 47
97849 30
97850 20
97851 53
97852 24
97853 33
97854 49
97855 30
97856 24
97857 38
97858 35
97859 40
97860 43
97861 19
97862 39
97863 37
97864 35
97865 20
97866 40
97867 36
97868 46
97869 30
97870 24
97871 37
97872 53
97873 38
97874 26
97875 44
97876 18
97877 28
97878 54
97879 40
97880 21
97881 38
97882 30
97883 25
97884 41
97885 28
97886 32
97887 43
97888 35
97889 23
97890 39
97891 43
97892 43
97893 47
97894 17
97895 35
97896 49
97897 33
97898 18
97899 65
97900 10
97901 25
97902 30
97903 37
97904 22
97905 41
97906 31
97907 33
97908 46
97909 24
97910 33
97911 62
97912 37
97913 29
97914 43
97915 18
97916 40
97917 39
97918 14
97919 28
97920 38
97921 23
97922 12
97923 28
97924 24
97925 23
97926 51
97927 25
97928 16
97929 35
97930 29
97931 42
97932 39
97933 26
97934 39
97935 33
97936 43
97937 31
97938 45
97939 29
97940 32
97941 23
97942 17
97943 16
97944 34
97945 17
97946 15
97947 28
97948 27
97949 14
97950 42
97951 55
97952 23
97953 62
97954 38
97955 26
97956 42
97957 21
97958 34
97959 68
97960 24
97961 19
97962 51
97963 28
97964 36
97965 24
97966 29
97967 29
97968 41
97969 19
97970 28
97971 43
97972 30
97973 23
97974 48
97975 36
97976 24
97977 58
97978 45
97979 43
97980 38
97981 17
97982 31
97983 46
97984 43
97985 23
97986 34
97987 32
97988 30
97989 46
97990 24
97991 38
97992 39
97993 40
97994 16
97995 41
97996 26
97997 20
97998 49
97999 40
98000 18
98001 35
98002 46
98003 25
98004 48
98005 30
98006 35
98007 41
98008 33
98009 29
98010 29
98011 61
98012 24
98013 68
98014 15
98015 36
98016 40
98017 36
98018 18
98019 57
98020 29
98021 21
98022 57
98023 26
98024 29
98025 27
98026 43
98027 20
98028 53
98029 24
98030 31
98031 66
98032 31
98033 52
98034 54
98035 20
98036 30
98037 62
98038 16
98039 37
98040 28
98041 22
98042 24
98043 34
98044 16
98045 23
98046 43
98047 28
98048 34
98049 30
98050 38
98051 39
98052 54
98053 36
98054 50
98055 43
98056 31
98057 22
98058 45
98059 45
98060 32
98061 37
98062 14
98063 21
98064 44
98065 23
98066 18
98067 41
98068 20
98069 24
98070 32
98071 33
98072 33
98073 45
98074 36
98075 24
98076 63
98077 35
98078 51
98079 59
98080 37
98081 11
98082 43
98083 42
98084 46
98085 35
98086 28
98087 37
98088 45
98089 22
98090 24
98091 52
98092 30
98093 31
98094 47
98095 25
98096 43
98097 42
98098 50
98099 46
98100 48
98101 30
98102 46
98103 34
98104 52
98105 12
98106 55
98107 34
98108 37
98109 42
98110 19
98111 23
98112 42
98113 30
98114 31
98115 32
98116 25
98117 28
98118 44
98119 36
98120 25
98121 34
98122 42
98123 26
98124 58
98125 22
98126 49
98127 43
98128 44
98129 27
98130 39
98131 52
98132 38
98133 59
98134 32
98135 28
98136 42
98137 23
98138 12
98139 69
98140 15
98141 29
98142 55
98143 22
98144 15
98145 37
98146 39
98147 34
98148 40
98149 14
98150 30
98151 65
98152 35
98153 46
98154 50
98155 39
98156 33
98157 49
98158 18
98159 39
98160 32
98161 24
98162 15
98163 31
98164 24
98165 23
98166 40
98167 29
98168 23
98169 32
98170 24
98171 28
98172 43
98173 31
98174 26
98175 43
98176 43
98177 34
98178 52
98179 45
98180 25
98181 23
98182 24
98183 24
98184 56
98185 25
98186 29
98187 37
98188 25
98189 14
98190 32
98191 42
98192 8
98193 68
98194 35
98195 30
98196 44
98197 24
98198 35
98199 58
98200 33
98201 20
98202 43
98203 13
98204 39
98205 24
98206 30
98207 25
98208 54
98209 23
98210 17
98211 69
98212 27
98213 40
98214 43
98215 23
98216 25
98217 56
98218 40
98219 49
98220 40
98221 21
98222 27
98223 31
98224 44
98225 21
98226 48
98227 23
98228 40
98229 30
98230 17
98231 36
98232 46
98233 30
98234 23
98235 49
98236 23
98237 34
98238 36
98239 45
98240 13
98241 40
98242 45
98243 25
98244 37
98245 21
98246 32
98247 41
98248 40
98249 30
98250 39
98251 37
98252 43
98253 60
98254 36
98255 28
98256 50
98257 28
98258 26
98259 55
98260 12
98261 24
98262 53
98263 31
98264 27
98265 41
98266 36
98267 33
98268 51
98269 16
98270 29
98271 53
98272 34
98273 21
98274 52
98275 32
98276 27
98277 50
98278 18
98279 30
98280 27
98281 19
98282 18
98283 40
98284 15
98285 26
98286 57
98287 20
98288 39
98289 41
98290 36
98291 37
98292 48
98293 36
98294 42
98295 35
98296 48
98297 21
98298 41
98299 46
98300 25
98301 40
98302 17
98303 28
98304 44
98305 12
98306 23
98307 47
98308 31
98309 34
98310 44
98311 43
98312 20
98313 56
98314 34
98315 35
98316 45
98317 38
98318 50
98319 55
98320 29
98321 23
98322 36
98323 27
98324 38
98325 33
98326 29
98327 27
98328 33
98329 21
98330 20
98331 55
98332 18
98333 37
98334 64
98335 24
98336 17
98337 47
98338 35
98339 40
98340 45
98341 30
98342 38
98343 36
98344 41
98345 20
98346 36
98347 36
98348 38
98349 47
98350 15
98351 42
98352 43
98353 46
98354 25
98355 41
98356 26
98357 29
98358 50
98359 44
98360 17
98361 32
98362 41
98363 29
98364 51
98365 20
98366 38
98367 35
98368 36
98369 22
98370 31
98371 43
98372 35
98373 78
98374 30
98375 35
98376 46
98377 41
98378 24
98379 53
98380 17
98381 20
98382 37
98383 20
98384 25
98385 23
98386 38
98387 26
98388 54
98389 16
98390 25
98391 56
98392 37
98393 35
98394 40
98395 33
98396 36
98397 43
98398 31
98399 49
98400 29
98401 25
98402 22
98403 33
98404 18
98405 16
98406 45
98407 36
98408 15
98409 31
98410 30
98411 46
98412 64
98413 28
98414 36
98415 35
98416 51
98417 19
98418 55
98419 26
98420 32
98421 25
98422 16
98423 21
98424 44
98425 32
98426 19
98427 37
98428 19
98429 25
98430 29
98431 55
98432 12
98433 65
98434 41
98435 18
98436 60
98437 43
98438 47
98439 52
98440 25
98441 16
98442 42
98443 20
98444 29
98445 28
98446 13
98447 17
98448 36
98449 23
98450 18
98451 55
98452 25
98453 37
98454 55
98455 26
98456 23
98457 47
98458 45
98459 31
98460 35
98461 21
98462 37
98463 39
98464 39
98465 24
98466 43
98467 20
98468 23
98469 30
98470 20
98471 38
98472 49
98473 36
98474 27
98475 39
98476 19
98477 37
98478 43
98479 56
98480 13
98481 40
98482 31
98483 28
98484 46
98485 15
98486 30
98487 45
98488 37
98489 19
98490 38
98491 35
98492 47
98493 48
98494 18
98495 24
98496 50
98497 37
98498 20
98499 50
98500 11
98501 24
98502 40
98503 30
98504 18
98505 37
98506 37
98507 17
98508 47
98509 17
98510 40
98511 43
98512 35
98513 27
98514 40
98515 36
98516 51
98517 42
98518 13
98519 46
98520 34
98521 17
98522 17
98523 39
98524 16
98525 21
98526 51
98527 20
98528 39
98529 27
98530 28
98531 32
98532 43
98533 40
98534 44
98535 37
98536 45
98537 32
98538 49
98539 32
98540 27
98541 30
98542 20
98543 25
98544 42
98545 21
98546 23
98547 31
98548 17
98549 33
98550 31
98551 35
98552 22
98553 43
98554 32
98555 25
98556 35
98557 26
98558 29
98559 41
98560 28
98561 20
98562 46
98563 17
98564 39
98565 29
98566 21
98567 20
98568 42
98569 23
98570 14
98571 52
98572 23
98573 40
98574 48
98575 33
98576 21
98577 47
98578 37
98579 33
98580 29
98581 26
98582 42
98583 45
98584 30
98585 16
98586 37
98587 40
98588 41
98589 35
98590 20
98591 31
98592 43
98593 43
98594 15
98595 33
98596 31
98597 25
98598 52
98599 31
98600 29
98601 33
98602 38
98603 26
98604 53
98605 26
98606 36
98607 43
98608 45
98609 26
98610 40
98611 55
98612 36
98613 62
98614 32
98615 46
98616 49
98617 27
98618 28
98619 69
98620 24
98621 23
98622 49
98623 35
98624 29
98625 32
98626 65
98627 39
98628 62
98629 19
98630 19
98631 57
98632 42
98633 61
98634 49
98635 28
98636 22
98637 69
98638 21
98639 51
98640 36
98641 26
98642 22
98643 35
98644 21
98645 24
98646 58
98647 34
98648 21
98649 50
98650 37
98651 43
98652 46
98653 43
98654 39
98655 48
98656 34
98657 33
98658 58
98659 59
98660 22
98661 37
98662 15
98663 16
98664 45
98665 25
98666 27
98667 38
98668 29
98669 17
98670 41
98671 52
98672 20
98673 55
98674 33
98675 24
98676 44
98677 30
98678 49
98679 70
98680 27
98681 23
98682 41
98683 24
98684 29
98685 43
98686 30
98687 32
98688 43
98689 17
98690 15
98691 66
98692 30
98693 29
98694 40
98695 37
98696 21
98697 47
98698 42
98699 32
98700 47
98701 17
98702 36
98703 35
98704 47
98705 21
98706 47
98707 24
98708 30
98709 35
98710 12
98711 39
98712 45
98713 34
98714 20
98715 41
98716 19
98717 28
98718 39
98719 36
98720 17
98721 35
98722 34
98723 24
98724 58
98725 19
98726 45
98727 39
98728 46
98729 21
98730 39
98731 50
98732 31
98733 59
98734 30
98735 28
98736 53
98737 22
98738 17
98739 70
98740 23
98741 23
98742 33
98743 29
98744 33
98745 41
98746 42
98747 31
98748 46
98749 23
98750 44
98751 59
98752 46
98753 35
98754 49
98755 31
98756 32
98757 48
98758 25
98759 36
98760 23
98761 18
98762 28
98763 43
98764 18
98765 20
98766 43
98767 34
98768 26
98769 37
98770 37
98771 46
98772 36
98773 32
98774 48
98775 43
98776 40
98777 28
98778 46
98779 44
98780 38
98781 32
98782 25
98783 21
98784 41
98785 23
98786 21
98787 30
98788 19
98789 29
98790 26
98791 27
98792 17
98793 42
98794 36
98795 21
98796 32
98797 17
98798 23
98799 59
98800 28
98801 17
98802 49
98803 26
98804 49
98805 29
98806 32
98807 21
98808 35
98809 17
98810 11
98811 52
98812 40
98813 33
98814 39
98815 26
98816 31
98817 55
98818 38
98819 35
98820 49
98821 27
98822 33
98823 31
98824 60
98825 20
98826 34
98827 30
98828 38
98829 33
98830 27
98831 31
98832 40
98833 38
98834 23
98835 51
98836 25
98837 28
98838 48
98839 43
98840 13
98841 32
98842 32
98843 26
98844 66
98845 24
98846 33
98847 42
98848 55
98849 31
98850 34
98851 41
98852 29
98853 57
98854 32
98855 36
98856 53
98857 38
98858 25
98859 65
98860 19
98861 21
98862 56
98863 22
98864 21
98865 40
98866 47
98867 30
98868 58
98869 24
98870 31
98871 58
98872 32
98873 47
98874 58
98875 25
98876 36
98877 43
98878 21
98879 45
98880 32
98881 19
98882 27
98883 33
98884 28
98885 20
98886 46
98887 30
98888 25
98889 34
98890 26
98891 34
98892 40
98893 43
98894 33
98895 45
98896 30
98897 36
98898 43
98899 44
98900 26
98901 36
98902 30
98903 18
98904 59
98905 21
98906 22
98907 30
98908 27
98909 23
98910 34
98911 27
98912 25
98913 60
98914 30
98915 26
98916 44
98917 38
98918 33
98919 58
98920 21
98921 16
98922 38
98923 23
98924 38
98925 32
98926 27
98927 26
98928 47
98929 12
98930 19
98931 43
98932 17
98933 38
98934 64
98935 20
98936 28
98937 51
98938 55
98939 36
98940 39
98941 21
98942 34
98943 42
98944 49
98945 22
98946 43
98947 24
98948 35
98949 23
98950 17
98951 49
98952 40
98953 20
98954 29
98955 24
98956 33
98957 21
98958 58
98959 33
98960 20
98961 31
98962 47
98963 27
98964 53
98965 18
98966 31
98967 36
98968 44
98969 26
98970 38
98971 45
98972 34
98973 61
98974 22
98975 26
98976 38
98977 28
98978 29
98979 67
98980 17
98981 18
98982 47
98983 33
98984 28
98985 33
98986 38
98987 29
98988 51
98989 21
98990 32
98991 58
98992 38
98993 34
98994 53
98995 28
98996 34
98997 68
98998 19
98999 28
99000 34
99001 24
99002 12
99003 36
99004 12
99005 15
99006 35
99007 23
99008 27
99009 29
99010 29
99011 41
99012 56
99013 28
99014 37
99015 36
99016 50
99017 27
99018 39
99019 49
99020 37
99021 48
99022 22
99023 32
99024 31
99025 22
99026 16
99027 37
99028 18
99029 21
99030 32
99031 43
99032 22
99033 57
99034 32
99035 23
99036 60
99037 26
99038 51
99039 44
99040 28
99041 17
99042 49
99043 24
99044 36
99045 34
99046 27
99047 26
99048 36
99049 28
99050 17
99051 71
99052 13
99053 30
99054 45
99055 29
99056 19
99057 43
99058 48
99059 30
99060 43
99061 18
99062 48
99063 41
99064 37
99065 19
99066 53
99067 27
99068 33
99069 41
99070 12
99071 28
99072 25
99073 24
99074 31
99075 52
99076 18
99077 37
99078 33
99079 43
99080 8
99081 48
99082 41
99083 23
99084 46
99085 17
99086 45
99087 38
99088 37
99089 23
99090 37
99091 41
99092 30
99093 51
99094 11
99095 19
99096 31
99097 28
99098 19
99099 65
99100 32
99101 34
99102 39
99103 36
99104 31
99105 38
99106 31
99107 35
99108 55
99109 31
99110 30
99111 57
99112 31
99113 37
99114 43
99115 26
99116 41
99117 39
99118 24
99119 29
99120 34
99121 21
99122 25
99123 40
99124 20
99125 26
99126 46
99127 34
99128 25
99129 41
99130 31
99131 40
99132 36
99133 42
99134 27
99135 50
99136 49
99137 24
99138 35
99139 42
99140 36
99141 26
99142 16
99143 30
99144 50
99145 14
99146 30
99147 36
99148 26
99149 19
99150 38
99151 53
99152 18
99153 70
99154 43
99155 30
99156 33
99157 32
99158 26
99159 68
99160 32
99161 16
99162 50
99163 29
99164 27
99165 33
99166 29
99167 28
99168 53
99169 22
99170 14
99171 51
99172 28
99173 25
99174 54
99175 23
99176 21
99177 57
99178 44
99179 33
99180 40
99181 26
99182 23
99183 37
99184 40
99185 30
99186 44
99187 29
99188 38
99189 28
99190 17
99191 30
99192 47
99193 28
99194 27
99195 30
99196 22
99197 25
99198 60
99199 40
99200 18
99201 31
99202 47
99203 25
99204 39
99205 20
99206 31
99207 47
99208 40
99209 24
99210 36
99211 38
99212 45
99213 53
99214 20
99215 25
99216 38
99217 24
99218 19
99219 44
99220 26
99221 20
99222 46
99223 33
99224 31
99225 39
99226 42
99227 26
99228 57
99229 20
99230 34
99231 74
99232 32
99233 48
99234 43
99235 35
99236 40
99237 57
99238 26
99239 49
99240 39
99241 14
99242 16
99243 42
99244 26
99245 18
99246 48
99247 26
99248 37
99249 34
99250 30
99251 38
99252 45
99253 55
99254 46
99255 26
99256 45
99257 37
99258 43
99259 41
99260 28
99261 31
99262 23
99263 30
99264 48
99265 20
99266 26
99267 38
99268 26
99269 26
99270 38
99271 37
99272 25
99273 55
99274 41
99275 42
99276 45
99277 39
99278 50
99279 47
99280 26
99281 19
99282 38
99283 23
99284 35
99285 31
99286 28
99287 22
99288 33
99289 27
99290 23
99291 52
99292 24
99293 38
99294 39
99295 31
99296 15
99297 44
99298 47
99299 33
99300 30
99301 20
99302 43
99303 38
99304 28
99305 22
99306 43
99307 32
99308 38
99309 43
99310 17
99311 46
99312 43
99313 28
99314 17
99315 45
99316 29
99317 31
99318 42
99319 29
99320 11
99321 34
99322 37
99323 19
99324 51
99325 18
99326 35
99327 38
99328 44
99329 32
99330 46
99331 53
99332 34
99333 69
99334 32
99335 32
99336 45
99337 18
99338 12
99339 66
99340 13
99341 19
99342 38
99343 31
99344 17
99345 34
99346 37
99347 28
99348 54
99349 20
99350 35
99351 50
99352 45
99353 42
99354 58
99355 33
99356 41
99357 49
99358 8
99359 50
99360 33
99361 17
99362 23
99363 42
99364 21
99365 18
99366 42
99367 35
99368 23
99369 39
99370 31
99371 32
99372 44
99373 34
99374 52
99375 45
99376 36
99377 33
99378 49
99379 47
99380 31
99381 40
99382 19
99383 27
99384 58
99385 20
99386 32
99387 44
99388 24
99389 19
99390 36
99391 30
99392 15
99393 64
99394 40
99395 31
99396 34
99397 28
99398 37
99399 53
99400 22
99401 19
99402 44
99403 27
99404 43
99405 37
99406 23
99407 27
99408 49
99409 24
99410 16
99411 53
99412 21
99413 32
99414 42
99415 23
99416 20
99417 36
99418 37
99419 34
99420 33
99421 22
99422 33
99423 33
99424 39
99425 18
99426 42
99427 26
99428 35
99429 36
99430 15
99431 37
99432 43
99433 46
99434 11
99435 41
99436 32
99437 46
99438 51
99439 40
99440 23
99441 37
99442 40
99443 25
99444 54
99445 24
99446 30
99447 42
99448 36
99449 20
99450 34
99451 54
99452 37
99453 58
99454 39
99455 25
99456 41
99457 27
99458 13
99459 73
99460 29
99461 18
99462 44
99463 24
99464 40
99465 38
99466 33
99467 33
99468 47
99469 29
99470 22
99471 69
99472 36
99473 51
99474 50
99475 24
99476 34
99477 57
99478 39
99479 43
99480 45
99481 11
99482 23
99483 36
99484 36
99485 19
99486 52
99487 36
99488 20
99489 42
99490 33
99491 42
99492 44
99493 47
99494 38
99495 47
99496 39
99497 37
99498 52
99499 39
99500 33
99501 25
99502 26
99503 25
99504 47
99505 22
99506 30
99507 45
99508 29
99509 22
99510 32
99511 40
99512 11
99513 50
99514 35
99515 27
99516 41
99517 36
99518 37
99519 56
99520 25
99521 27
99522 41
99523 26
99524 33
99525 35
99526 15
99527 26
99528 48
99529 19
99530 13
99531 49
99532 38
99533 27
99534 45
99535 16
99536 30
99537 51
99538 44
99539 25
99540 45
99541 18
99542 32
99543 27
99544 34
99545 21
99546 46
99547 16
99548 35
99549 27
99550 24
99551 45
99552 38
99553 31
99554 26
99555 33
99556 28
99557 26
99558 57
99559 44
99560 15
99561 32
99562 41
99563 36
99564 49
99565 24
99566 33
99567 40
99568 31
99569 20
99570 35
99571 49
99572 33
99573 48
99574 25
99575 34
99576 41
99577 34
99578 22
99579 59
99580 10
99581 28
99582 45
99583 27
99584 32
99585 36
99586 46
99587 29
99588 55
99589 31
99590 38
99591 54
99592 39
99593 42
99594 44
99595 32
99596 33
99597 49
99598 17
99599 50
99600 33
99601 24
99602 23
99603 30
99604 16
99605 26
99606 41
99607 33
99608 32
99609 39
99610 29
99611 33
99612 65
99613 34
99614 43
99615 31
99616 42
99617 22
99618 53
99619 38
99620 26
99621 34
99622 19
99623 15
99624 34
99625 19
99626 26
99627 38
99628 20
99629 19
99630 40
99631 42
99632 24
99633 42
99634 29
99635 30
99636 59
99637 32
99638 33
99639 51
99640 31
99641 18
99642 31
99643 32
99644 24
99645 31
99646 21
99647 27
99648 38
99649 25
99650 9
99651 53
99652 29
99653 42
99654 52
99655 17
99656 34
99657 44
99658 57
99659 39
99660 49
99661 16
99662 36
99663 39
99664 48
99665 22
99666 41
99667 33
99668 29
99669 45
99670 18
99671 42
99672 45
99673 31
99674 26
99675 42
99676 22
99677 32
99678 56
99679 33
99680 23
99681 27
99682 38
99683 20
99684 60
99685 17
99686 43
99687 37
99688 32
99689 26
99690 47
99691 35
99692 28
99693 60
99694 29
99695 20
99696 39
99697 19
99698 23
99699 50
99700 12
99701 21
99702 47
99703 25
99704 17
99705 31
99706 37
99707 27
99708 53
99709 15
99710 43
99711 64
99712 34
99713 33
99714 47
99715 23
99716 25
99717 33
99718 22
99719 30
99720 36
99721 21
99722 29
99723 44
99724 23
99725 28
99726 43
99727 30
99728 23
99729 41
99730 28
99731 48
99732 45
99733 38
99734 41
99735 37
99736 42
99737 35
99738 39
99739 32
99740 37
99741 33
99742 17
99743 21
99744 52
99745 13
99746 23
99747 44
99748 33
99749 24
99750 35
99751 54
99752 29
99753 63
99754 31
99755 28
99756 47
99757 29
99758 33
99759 75
99760 37
99761 25
99762 50
99763 26
99764 43
99765 30
99766 22
99767 25
99768 44
99769 20
99770 21
99771 41
99772 18
99773 31
99774 47
99775 30
99776 25
99777 69
99778 45
99779 39
99780 35
99781 22
99782 25
99783 30
99784 43
99785 12
99786 40
99787 24
99788 33
99789 32
99790 11
99791 22
99792 45
99793 40
99794 18
99795 37
99796 11
99797 34
99798 42
99799 31
99800 18
99801 43
99802 41
99803 34
99804 34
99805 29
99806 29
99807 49
99808 30
99809 21
99810 34
99811 51
99812 38
99813 50
99814 20
99815 29
99816 47
99817 21
99818 26
99819 51
99820 16
99821 19
99822 45
99823 20
99824 20
99825 41
99826 39
99827 28
99828 54
99829 24
99830 23
99831 81
99832 35
99833 44
99834 41
99835 36
99836 36
99837 44
99838 17
99839 26
99840 32
99841 22
99842 28
99843 32
99844 19
99845 15
99846 51
99847 32
99848 26
99849 36
99850 32
99851 34
99852 51
99853 36
99854 37
99855 56
99856 41
99857 26
99858 51
99859 40
99860 22
99861 35
99862 16
99863 31
99864 50
99865 24
99866 11
99867 34
99868 35
99869 19
99870 55
99871 29
99872 22
99873 44
99874 53
99875 17
99876 46
99877 25
99878 50
99879 60
99880 40
99881 26
99882 47
99883 33
99884 41
99885 33
99886 23
99887 33
99888 48
99889 20
99890 12
99891 57
99892 24
99893 28
99894 56
99895 21
99896 29
99897 36
99898 46
99899 27
99900 42
99901 20
99902 47
99903 38
99904 25
99905 21
99906 44
99907 34
99908 33
99909 44
99910 19
99911 53
99912 34
99913 42
99914 22
99915 38
99916 27
99917 24
99918 48
99919 38
99920 26
99921 26
99922 47
99923 22
99924 51
99925 19
99926 45
99927 33
99928 37
99929 17
99930 34
99931 52
99932 36
99933 74
99934 22
99935 39
99936 49
99937 55
99938 19
99939 57
99940 16
99941 22
99942 37
99943 26
99944 20
99945 32
99946 37
99947 22
99948 39
99949 21
99950 34
99951 48
99952 36
99953 33
99954 38
99955 34
99956 41
99957 47
99958 18
99959 57
99960 33
99961 18
99962 17
99963 36
99964 27
99965 27
99966 40
99967 21
99968 31
99969 39
99970 31
99971 28
99972 40
99973 37
99974 43
99975 34
99976 39
99977 37
99978 51
99979 59
99980 40
99981 34
99982 18
99983 23
99984 51
99985 11
99986 28
99987 50
99988 22
99989 24
99990 38
99991 58
99992 18
99993 65
99994 43
99995 31
99996 42
99997 30
99998 53
99999 53
100000 41
