1 1
2 2
3 4
4 6
5 8
6 10
7 16
8 36
9 40
10 66
11 126
12 130
13 150
14 156
15 180
16 210
17 240
18 250
19 256
20 270
21 280
22 306
23 396
24 400
25 420
26 430
27 466
28 490
29 556
30 570
31 576
32 646
33 690
34 700
35 750
36 760
37 826
38 906
39 910
40 936
41 946
42 966
43 1060
44 1096
45 1150
46 1276
47 1290
48 1306
49 1320
50 1366
51 1566
52 1570
53 1860
54 1870
55 1876
56 2026
57 2080
58 2086
59 2136
60 2266
61 2286
62 2310
63 2380
64 2550
65 2646
66 2676
67 2706
68 2730
69 2766
70 2776
71 2836
72 2850
73 2896
74 2916
75 2926
76 3136
77 3220
78 3306
79 3360
80 3390
81 3490
82 3516
83 3670
84 3850
85 3910
86 3946
87 3966
88 4006
89 4026
90 4056
91 4156
92 4176
93 4260
94 4336
95 4456
96 4566
97 4590
98 4650
99 4786
100 4876
101 4936
102 4956
103 5076
104 5080
105 5086
106 5170
107 5226
108 5236
109 5430
110 5476
111 5500
112 5506
113 5590
114 5656
115 5700
116 5710
117 5850
118 5856
119 5866
120 5880
121 6006
122 6010
123 6046
124 6120
125 6130
126 6216
127 6220
128 6360
129 6366
130 6420
131 6480
132 6546
133 6550
134 6576
135 6636
136 6780
137 6826
138 6910
139 6970
140 6990
141 6996
142 7150
143 7410
144 7456
145 7516
146 7536
147 7716
148 7906
149 8080
150 8100
151 8116
152 8230
153 8290
154 8296
155 8376
156 8386
157 8500
158 8626
159 8680
160 8706
161 8760
162 8940
163 9000
164 9010
165 9126
166 9180
167 9240
168 9276
169 9280
170 9310
171 9336
172 9340
173 9436
174 9460
175 9520
176 9546
177 9600
178 9630
179 9696
180 9786
181 9900
182 10006
183 10150
184 10246
185 10270
186 10426
187 10530
188 10666
189 10690
190 10770
191 10780
192 10836
193 10846
194 10866
195 10890
196 10936
197 11026
198 11056
199 11116
200 11130
201 11170
202 11256
203 11286
204 11320
205 11350
206 11436
207 11586
208 11596
209 11680
210 11800
211 11830
212 11866
213 11886
214 11970
215 11980
216 12036
217 12096
218 12276
219 12300
220 12390
221 12450
222 12486
223 12490
224 12546
225 12636
226 12756
227 12820
228 12910
229 13266
230 13336
231 13420
232 13576
233 13680
234 13686
235 13756
236 13806
237 13830
238 13900
239 14010
240 14086
241 14196
242 14220
243 14406
244 14410
245 14550
246 14560
247 14716
248 14746
249 14826
250 14850
251 14886
252 14950
253 15030
254 15106
255 15130
256 15186
257 15226
258 15510
259 15550
260 15580
261 15640
262 15646
263 15726
264 15796
265 15936
266 16000
267 16110
268 16230
269 16380
270 16416
271 16446
272 16650
273 16740
274 16746
275 16870
276 16926
277 17010
278 17020
279 17136
280 17316
281 17320
282 17326
283 17466
284 17550
285 17850
286 17890
287 17986
288 18040
289 18046
290 18060
291 18076
292 18120
293 18216
294 18366
295 18396
296 18450
297 18480
298 18540
299 18586
300 18700
301 19000
302 19030
303 19120
304 19140
305 19230
306 19236
307 19380
308 19416
309 19420
310 19446
311 19506
312 19576
313 19800
314 19926
315 19990
316 20100
317 20146
318 20160
319 20406
320 20440
321 20476
322 20706
323 20980
324 21030
325 21210
326 21226
327 21346
328 21376
329 21486
330 21576
331 21600
332 21726
333 21736
334 21840
335 21870
336 21880
337 21990
338 21996
339 22156
340 22270
341 22366
342 22480
343 22510
344 22540
345 22726
346 22900
347 22906
348 22960
349 23016
350 23086
351 23166
352 23326
353 23370
354 23446
355 23556
356 23670
357 23766
358 23916
359 24060
360 24070
361 24096
362 24196
363 24676
364 24820
365 24876
366 24906
367 24966
368 24976
369 25036
370 25110
371 25120
372 25236
373 25320
374 25560
375 25600
376 25950
377 26016
378 26140
379 26160
380 26266
381 26296
382 26370
383 26386
384 26416
385 26496
386 26500
387 26680
388 26716
389 26730
390 26860
391 26880
392 26926
393 27066
394 27210
395 27436
396 27616
397 27690
398 27790
399 27826
400 27996
401 28000
402 28030
403 28086
404 28180
405 28626
406 28656
407 28770
408 28926
409 28960
410 29016
411 29146
412 29166
413 29250
414 29296
415 29326
416 29386
417 29400
418 29500
419 29526
420 29566
421 29586
422 29850
423 29946
424 30096
425 30136
426 30270
427 30340
428 30466
429 30676
430 30696
431 30726
432 30850
433 30940
434 31120
435 31146
436 31176
437 31230
438 31236
439 31306
440 31476
441 31626
442 31846
443 32026
444 32116
445 32250
446 32320
447 32400
448 32496
449 32530
450 32796
451 32886
452 32970
453 33036
454 33070
455 33150
456 33190
457 33286
458 33310
459 33616
460 33646
461 33796
462 33910
463 34170
464 34300
465 34456
466 34500
467 34606
468 34630
469 34876
470 34896
471 34980
472 35106
473 35266
474 35280
475 35460
476 35596
477 35770
478 35850
479 36066
480 36136
481 36150
482 36186
483 36216
484 36466
485 36570
486 36676
487 36820
488 36870
489 36946
490 37020
491 37060
492 37116
493 37516
494 37570
495 37590
496 37690
497 38230
498 38376
499 38556
500 38610
501 38710
502 38860
503 38890
504 38916
505 38920
506 39040
507 39156
508 39180
509 39540
510 39760
511 39790
512 39846
513 39856
514 39900
515 39936
516 40030
517 40350
518 40506
519 40636
520 40696
521 40800
522 40846
523 40896
524 41116
525 41130
526 41160
527 41220
528 41386
529 41506
530 41616
531 41626
532 41736
533 41760
534 41776
535 42070
536 42196
537 42696
538 42820
539 43050
540 43270
541 43390
542 43426
543 43590
544 43606
545 43710
546 43780
547 43800
548 43990
549 43996
550 44100
551 44200
552 44206
553 44350
554 44370
555 44500
556 44506
557 44586
558 44700
559 44866
560 44926
561 44970
562 45316
563 45480
564 45766
565 46020
566 46026
567 46050
568 46300
569 46326
570 46590
571 46806
572 46816
573 47110
574 47160
575 47220
576 47500
577 47790
578 47880
579 47950
580 47980
581 48016
582 48120
583 48130
584 48270
585 48370
586 48396
587 48436
588 48486
589 48496
590 48570
591 48610
592 48646
593 48660
594 48780
595 48856
596 49030
597 49120
598 49176
599 49306
600 49416
601 49476
602 49530
603 49546
604 49596
605 49666
606 49680
607 49890
608 49936
609 50050
610 50206
611 50220
612 50226
613 50310
614 50410
615 50440
616 50550
617 50706
618 50866
619 50950
620 51060
621 51070
622 51130
623 51196
624 51340
625 51360
626 51460
627 51606
628 51630
629 51796
630 51816
631 51976
632 52080
633 52180
634 52236
635 52360
636 52516
637 52566
638 52626
639 52726
640 52816
641 52860
642 52936
643 52950
644 53016
645 53046
646 53170
647 53280
648 53680
649 53856
650 53926
651 54000
652 54216
653 54250
654 54376
655 54496
656 54520
657 54616
658 54630
659 55290
660 55456
661 55486
662 55500
663 55510
664 55720
665 55806
666 55836
667 55896
668 55966
669 56080
670 56400
671 56430
672 56500
673 56700
674 56890
675 57106
676 57250
677 57300
678 57330
679 57346
680 57486
681 57730
682 57750
683 57990
684 58026
685 58030
686 58060
687 58146
688 58216
689 58236
690 58410
691 58426
692 58656
693 58686
694 58710
695 58770
696 58896
697 59140
698 59356
699 59446
700 59616
701 59620
702 59706
703 59770
704 59950
705 59956
706 60036
707 60126
708 60330
709 60646
710 60726
711 60736
712 60820
713 61006
714 61210
715 61356
716 61470
717 61546
718 61630
719 61756
720 62056
721 62136
722 62140
723 62400
724 62416
725 62466
726 62506
727 62580
728 62986
729 63130
730 63196
731 63280
732 63310
733 63316
734 63330
735 63586
736 63670
737 63726
738 63976
739 63996
740 64006
741 64066
742 64326
743 64380
744 64626
745 64660
746 64746
747 64926
748 64950
749 65110
750 65170
751 65380
752 65520
753 65646
754 65676
755 65730
756 65836
757 66106
758 66376
759 66430
760 66696
761 66700
762 66820
763 66876
764 66930
765 67246
766 67510
767 67546
768 67740
769 67750
770 67776
771 67966
772 68040
773 68070
774 68170
775 68280
776 68436
777 68566
778 68686
779 68890
780 69000
781 69060
782 69150
783 69316
784 69370
785 69556
786 69690
787 69846
788 69910
789 70236
790 70320
791 70500
792 70506
793 70606
794 70890
795 70950
796 71080
797 71286
798 71436
799 71550
800 71706
801 71760
802 71776
803 71806
804 71836
805 71916
806 72166
807 72276
808 72286
809 72460
810 72616
811 72646
812 72660
813 72936
814 72996
815 73060
816 73140
817 73236
818 73290
819 73360
820 73420
821 73560
822 73756
823 73866
824 73876
825 73896
826 73960
827 74016
828 74026
829 74050
830 74380
831 74526
832 74686
833 74860
834 74886
835 74896
836 75010
837 75016
838 75036
839 75276
840 75406
841 75430
842 75526
843 75786
844 75796
845 76090
846 76440
847 76650
848 76756
849 76800
850 76960
851 77136
852 77140
853 77416
854 77430
855 77590
856 77710
857 77746
858 77866
859 78240
860 78310
861 78426
862 78540
863 78690
864 78696
865 78780
866 78900
867 79150
868 79200
869 79300
870 79366
871 79410
872 79450
873 79480
874 79536
875 79626
876 79690
877 79966
878 79986
879 80050
880 80070
881 80286
882 80340
883 80676
884 80680
885 81000
886 81030
887 81330
888 81370
889 81526
890 81550
891 81610
892 81636
893 81760
894 82020
895 82030
896 82036
897 82170
898 82470
899 82846
900 82890
901 82996
902 83046
903 83136
904 83206
905 83310
906 83430
907 83476
908 83616
909 83640
910 83890
911 84060
912 84136
913 84220
914 84376
915 84390
916 84420
917 84480
918 84550
919 84730
920 84760
921 84786
922 85026
923 85146
924 85516
925 85606
926 85666
927 86010
928 86076
929 86310
930 86370
931 86476
932 86530
933 86836
934 86980
935 87106
936 87250
937 87426
938 87556
939 87670
940 87796
941 87990
942 88300
943 88410
944 88606
945 88666
946 88740
947 88816
948 88936
949 88996
950 89040
951 89236
952 89260
953 89316
954 89490
955 89566
956 89590
957 89670
958 90006
959 90010
960 90016
961 90066
962 90190
963 90400
964 90510
965 90820
966 90900
967 90996
968 91140
969 91620
970 91780
971 91806
972 91810
973 91960
974 92040
975 92220
976 92316
977 92460
978 92466
979 92550
980 92626
981 92640
982 92736
983 92766
984 92820
985 92866
986 92920
987 93376
988 93480
989 93580
990 94200
991 94330
992 94426
993 94776
994 94780
995 94810
996 95130
997 95310
998 95460
999 95650
1000 95700
1001 95716
1002 95736
1003 95790
1004 95916
1005 95946
1006 95956
1007 95970
1008 96016
1009 96096
1010 96180
1011 96450
1012 96526
1013 96580
1014 96586
1015 96820
1016 96850
1017 96996
1018 97000
1019 97150
1020 97186
1021 97240
1022 97396
1023 97606
1024 97710
1025 97786
1026 97860
1027 97870
1028 97930
1029 97966
1030 98046
1031 98100
1032 98226
1033 98250
1034 98320
1035 98326
1036 98346
1037 98386
1038 98736
1039 98866
1040 98926
1041 98946
1042 99370
1043 99396
1044 99430
1045 99496
1046 99606
1047 99720
1048 99766
1049 99870
1050 99876
1051 99960
1052 100266
1053 100416
1054 100926
1055 100956
1056 100980
1057 101026
1058 101116
1059 101286
1060 101500
1061 101640
1062 101736
1063 101740
1064 101796
1065 101916
1066 102070
1067 102160
1068 102196
1069 102460
1070 102546
1071 102586
1072 102700
1073 102810
1074 102876
1075 102910
1076 103006
1077 103086
1078 103090
1079 103510
1080 103656
1081 103686
1082 103950
1083 104106
1084 104160
1085 104286
1086 104416
1087 104560
1088 104596
1089 104676
1090 104890
1091 104946
1092 105096
1093 105210
1094 105250
1095 105276
1096 105400
1097 105406
1098 105466
1099 105556
1100 105726
1101 105816
1102 105870
1103 105996
1104 106086
1105 106120
1106 106180
1107 106206
1108 106440
1109 106636
1110 106746
1111 106780
1112 106786
1113 106870
1114 107250
1115 107506
1116 107740
1117 107746
1118 107836
1119 108006
1120 108040
1121 108106
1122 108160
1123 108186
1124 108420
1125 108556
1126 108570
1127 108826
1128 108876
1129 108886
1130 108916
1131 108990
1132 109266
1133 109396
1134 109470
1135 109480
1136 109540
1137 109716
1138 109890
1139 110016
1140 110290
1141 110320
1142 110566
1143 110646
1144 110680
1145 110770
1146 110916
1147 110926
1148 111030
1149 111226
1150 111300
1151 111426
1152 111466
1153 111576
1154 112086
1155 112096
1156 112180
1157 112206
1158 112480
1159 112620
1160 112686
1161 112690
1162 112786
1163 112830
1164 113010
1165 113016
1166 113500
1167 113566
1168 113656
1169 113730
1170 113956
1171 114076
1172 114160
1173 114166
1174 114196
1175 114216
1176 114660
1177 114690
1178 114900
1179 115000
1180 115056
1181 115300
1182 115330
1183 115336
1184 115420
1185 115470
1186 115600
1187 115636
1188 115750
1189 115986
1190 116256
1191 116340
1192 116380
1193 116506
1194 116536
1195 116686
1196 116740
1197 116790
1198 116796
1199 117306
1200 117516
1201 117570
1202 117700
1203 117750
1204 117910
1205 118056
1206 118170
1207 118210
1208 118456
1209 118570
1210 118660
1211 118926
1212 118930
1213 118966
1214 119026
1215 119056
1216 119626
1217 119970
1218 120046
1219 120066
1220 120090
1221 120510
1222 120720
1223 120766
1224 120846
1225 120876
1226 120906
1227 120940
1228 120946
1229 121060
1230 121170
1231 121270
1232 121420
1233 121530
1234 121606
1235 121710
1236 121866
1237 121936
1238 122040
1239 122116
1240 122206
1241 122346
1242 122526
1243 122956
1244 123090
1245 123190
1246 123340
1247 123580
1248 123630
1249 123736
1250 123930
1251 124020
1252 124086
1253 124170
1254 124446
1255 124560
1256 124950
1257 125196
1258 125206
1259 125220
1260 125470
1261 125506
1262 125550
1263 125620
1264 125716
1265 125730
1266 126036
1267 126130
1268 126270
1269 126760
1270 126826
1271 127030
1272 127246
1273 127680
1274 127710
1275 127726
1276 127816
1277 128200
1278 128350
1279 128436
1280 128460
1281 128590
1282 128620
1283 128716
1284 128836
1285 128860
1286 128940
1287 128950
1288 128970
1289 128986
1290 129460
1291 129516
1292 129630
1293 129936
1294 130146
1295 130210
1296 130260
1297 130306
1298 130656
1299 130806
1300 131070
1301 131296
1302 131320
1303 131436
1304 131476
1305 131670
1306 131700
1307 131770
1308 131926
1309 131946
1310 132156
1311 132360
1312 132546
1313 132606
1314 132646
1315 132700
1316 132856
1317 133116
1318 133240
1319 133260
1320 133270
1321 133326
1322 133350
1323 133630
1324 133780
1325 133810
1326 133980
1327 134080
1328 134206
1329 134286
1330 134326
1331 134416
1332 134436
1333 134586
1334 134596
1335 134680
1336 134730
1337 134836
1338 135006
1339 135016
1340 135280
1341 135570
1342 135600
1343 135606
1344 135696
1345 135726
1346 135840
1347 135850
1348 135886
1349 136176
1350 136350
1351 136500
1352 136510
1353 136530
1354 136546
1355 137076
1356 137130
1357 137146
1358 137176
1359 137196
1360 137320
1361 137386
1362 137436
1363 137596
1364 137946
1365 138100
1366 138310
1367 138370
1368 138426
1369 138496
1370 138570
1371 138576
1372 138646
1373 138820
1374 138976
1375 139296
1376 139486
1377 139500
1378 139590
1379 139626
1380 139786
1381 139800
1382 139900
1383 139920
1384 140196
1385 140320
1386 140610
1387 140676
1388 140760
1389 140830
1390 141180
1391 141306
1392 141310
1393 141676
1394 141730
1395 141930
1396 141960
1397 141970
1398 141990
1399 142096
1400 142110
1401 142356
1402 142500
1403 142606
1404 142656
1405 143260
1406 143290
1407 143536
1408 143650
1409 143806
1410 143826
1411 143830
1412 143976
1413 144030
1414 144166
1415 144406
1416 144460
1417 144576
1418 144670
1419 144816
1420 145030
1421 145206
1422 145266
1423 145440
1424 145770
1425 145986
1426 146140
1427 146290
1428 146436
1429 146616
1430 146916
1431 147010
1432 147150
1433 147396
1434 147606
1435 147826
1436 147976
1437 148200
1438 148386
1439 148456
1440 148710
1441 148726
1442 148930
1443 149010
1444 149100
1445 149160
1446 149350
1447 149380
1448 149410
1449 149496
1450 149920
1451 150040
1452 150516
1453 150606
1454 150790
1455 150826
1456 150906
1457 151056
1458 151470
1459 151560
1460 151680
1461 151816
1462 152310
1463 152566
1464 152640
1465 152790
1466 152856
1467 152896
1468 153076
1469 153136
1470 153150
1471 153436
1472 153520
1473 153640
1474 153816
1475 153910
1476 154066
1477 154080
1478 154180
1479 154246
1480 154290
1481 154416
1482 154570
1483 154690
1484 154936
1485 154980
1486 155086
1487 155190
1488 155230
1489 155386
1490 155556
1491 155740
1492 155746
1493 155796
1494 156150
1495 156256
1496 156306
1497 156360
1498 156436
1499 156510
1500 156780
1501 156796
1502 156900
1503 157210
1504 157720
1505 157746
1506 157930
1507 157990
1508 158230
1509 158350
1510 158506
1511 158610
1512 158616
1513 159156
1514 159520
1515 159616
1516 159630
1517 159670
1518 159696
1519 159790
1520 159930
1521 160086
1522 160206
1523 160366
1524 160396
1525 160650
1526 160806
1527 160840
1528 160860
1529 161046
1530 161070
1531 161086
1532 161340
1533 161506
1534 161740
1535 161830
1536 161880
1537 161956
1538 162250
1539 162750
1540 162790
1541 162906
1542 162916
1543 162946
1544 163020
1545 163150
1546 163320
1547 163416
1548 163486
1549 163516
1550 163660
1551 163980
1552 164010
1553 164056
1554 164116
1555 164290
1556 164446
1557 164580
1558 164830
1559 164986
1560 165036
1561 165366
1562 165540
1563 165666
1564 165876
1565 165886
1566 165900
1567 166020
1568 166150
1569 166156
1570 166296
1571 166350
1572 166416
1573 166780
1574 166806
1575 166840
1576 166866
1577 166986
1578 167050
1579 167116
1580 167196
1581 167340
1582 167440
1583 167470
1584 167620
1585 167626
1586 168036
1587 168226
1588 168346
1589 168390
1590 168450
1591 168456
1592 168526
1593 168760
1594 168886
1595 169150
1596 169470
1597 169830
1598 169890
1599 170056
1600 170196
1601 170226
1602 170496
1603 170536
1604 170550
1605 170556
1606 170626
1607 170640
1608 170766
1609 170926
1610 171340
1611 171616
1612 171850
1613 171876
1614 171936
1615 172000
1616 172020
1617 172096
1618 172126
1619 172170
1620 172356
1621 172740
1622 173020
1623 173140
1624 173296
1625 173530
1626 173650
1627 173686
1628 173706
1629 174006
1630 174100
1631 174240
1632 174256
1633 174310
1634 174330
1635 174430
1636 174480
1637 174630
1638 175276
1639 175780
1640 175890
1641 176016
1642 176050
1643 176206
1644 176416
1645 176530
1646 176590
1647 176640
1648 176710
1649 176746
1650 176806
1651 176926
1652 177010
1653 177090
1654 177166
1655 177430
1656 177466
1657 177600
1658 177786
1659 177810
1660 177906
1661 177916
1662 178090
1663 178116
1664 178150
1665 178206
1666 178230
1667 178306
1668 178350
1669 178566
1670 178596
1671 178816
1672 178986
1673 179020
1674 179350
1675 179526
1676 179716
1677 179800
1678 179946
1679 179956
1680 180096
1681 180360
1682 180436
1683 180490
1684 180750
1685 180810
1686 180846
1687 180906
1688 181276
1689 181456
1690 181500
1691 181536
1692 181716
1693 182056
1694 182296
1695 182386
1696 182536
1697 182560
1698 183150
1699 183166
1700 183576
1701 183580
1702 183586
1703 183636
1704 183870
1705 184030
1706 184056
1707 184110
1708 184116
1709 184186
1710 184230
1711 184320
1712 184836
1713 184900
1714 185130
1715 185136
1716 185176
1717 185266
1718 185550
1719 185556
1720 185566
1721 185640
1722 185706
1723 185766
1724 186006
1725 186040
1726 186186
1727 186270
1728 186300
1729 186450
1730 186580
1731 186706
1732 186726
1733 186876
1734 187090
1735 187110
1736 187170
1737 187180
1738 187366
1739 187470
1740 187630
1741 187750
1742 187876
1743 187896
1744 187906
1745 188010
1746 188020
1747 188260
1748 188350
1749 188416
1750 188676
1751 188926
1752 188956
1753 189040
1754 189406
1755 189670
1756 189796
1757 190050
1758 190096
1759 190356
1760 190656
1761 190786
1762 190810
1763 190870
1764 190996
1765 191026
1766 191140
1767 191226
1768 191230
1769 191236
1770 191250
1771 191340
1772 191530
1773 191800
1774 191860
1775 192190
1776 192430
1777 192666
1778 192960
1779 192976
1780 193030
1781 193050
1782 193336
1783 193386
1784 193750
1785 193756
1786 193846
1787 193860
1788 193956
1789 194086
1790 194100
1791 194376
1792 194430
1793 194470
1794 194526
1795 194716
1796 194890
1797 194916
1798 195120
1799 195126
1800 195160
1801 195196
1802 195270
1803 195310
1804 195340
1805 195400
1806 195406
1807 195426
1808 195510
1809 195676
1810 195696
1811 195966
1812 195990
1813 196186
1814 196336
1815 196596
1816 196680
1817 196726
1818 196870
1819 197100
1820 197206
1821 197370
1822 197836
1823 197890
1824 198220
1825 198280
1826 198816
1827 198850
1828 198940
1829 198976
1830 199180
1831 200116
1832 200466
1833 200656
1834 200730
1835 200986
1836 201030
1837 201100
1838 201150
1839 201400
1840 201450
1841 201510
1842 201546
1843 201610
1844 201660
1845 201666
1846 201756
1847 201906
1848 202020
1849 202186
1850 202666
1851 202750
1852 202876
1853 202906
1854 202966
1855 203056
1856 203386
1857 203530
1858 203590
1859 204046
1860 204250
1861 204436
1862 204750
1863 204780
1864 204870
1865 204930
1866 205170
1867 205426
1868 205440
1869 205476
1870 205536
1871 205836
1872 205846
1873 206020
1874 206080
1875 206190
1876 206196
1877 206220
1878 206346
1879 206460
1880 206476
1881 206650
1882 207016
1883 207036
1884 207240
1885 207286
1886 207300
1887 207330
1888 207456
1889 207480
1890 207720
1891 207970
1892 207996
1893 208510
1894 208630
1895 208786
1896 208906
1897 208930
1898 208990
1899 209146
1900 209226
1901 209400
1902 209430
1903 209440
1904 209496
1905 209766
1906 209770
1907 209820
1908 210190
1909 210316
1910 210360
1911 210390
1912 210466
1913 210480
1914 210630
1915 210810
1916 211150
1917 211230
1918 211296
1919 211656
1920 211690
1921 211776
1922 212080
1923 212140
1924 212296
1925 212446
1926 212556
1927 212586
1928 212650
1929 212800
1930 213066
1931 213180
1932 213360
1933 213736
1934 213826
1935 213900
1936 213976
1937 214020
1938 214140
1939 214146
1940 214210
1941 214296
1942 214390
1943 214650
1944 214810
1945 215416
1946 215616
1947 215736
1948 215800
1949 215826
1950 215850
1951 215920
1952 216090
1953 216106
1954 216216
1955 216420
1956 216480
1957 216646
1958 216730
1959 216760
1960 216790
1961 217116
1962 217156
1963 217200
1964 217240
1965 217306
1966 217386
1967 217410
1968 217516
1969 218116
1970 218190
1971 218286
1972 218400
1973 218520
1974 218526
1975 218530
1976 218710
1977 218736
1978 218970
1979 219090
1980 219216
1981 219516
1982 219676
1983 220216
1984 220300
1985 220356
1986 220666
1987 220720
1988 220906
1989 221046
1990 221076
1991 221100
1992 221280
1993 221400
1994 221496
1995 221586
1996 221796
1997 221826
1998 221830
1999 222246
2000 222310
2001 222336
2002 222366
2003 222460
2004 222510
2005 222556
2006 222856
2007 222876
2008 222930
2009 223216
2010 223276
2011 223290
2012 223666
2013 223836
2014 224046
2015 224170
2016 224490
2017 224716
2018 224890
2019 225060
2020 225066
2021 225306
2022 225370
2023 225430
2024 225720
2025 225820
2026 225940
2027 226006
2028 226306
2029 226356
2030 226380
2031 226600
2032 226696
2033 226906
2034 227110
2035 227166
2036 227176
2037 227530
2038 227650
2039 227706
2040 228336
2041 228520
2042 228576
2043 228796
2044 228846
2045 228910
2046 229180
2047 229216
2048 229350
2049 229590
2050 229680
2051 230046
2052 230136
2053 230280
2054 230466
2055 230506
2056 230566
2057 230646
2058 230760
2059 230806
2060 231016
2061 231040
2062 231546
2063 231550
2064 231660
2065 231820
2066 231826
2067 231840
2068 232050
2069 232410
2070 232416
2071 232450
2072 232596
2073 232606
2074 232750
2075 232776
2076 232860
2077 232906
2078 232936
2079 233140
2080 233266
2081 233296
2082 233416
2083 233616
2084 233640
2085 233910
2086 234166
2087 234186
2088 234210
2089 234270
2090 234510
2091 234546
2092 234726
2093 234906
2094 235050
2095 235176
2096 235180
2097 235600
2098 235660
2099 235810
2100 235900
2101 235950
2102 236016
2103 236086
2104 236380
2105 236476
2106 236626
2107 236640
2108 236680
2109 236770
2110 236980
2111 237066
2112 237070
2113 237136
2114 237156
2115 237160
2116 237286
2117 237790
2118 237876
2119 237910
2120 238150
2121 238180
2122 238236
2123 238266
2124 238306
2125 238476
2126 238780
2127 238800
2128 238840
2129 238876
2130 238920
2131 239086
2132 239346
2133 239430
2134 239830
2135 239856
2136 240286
2137 240490
2138 240516
2139 240640
2140 240706
2141 241290
2142 241390
2143 241666
2144 241726
2145 241806
2146 241810
2147 241920
2148 242376
2149 242440
2150 242446
2151 242646
2152 242886
2153 243100
2154 243310
2155 243366
2156 243390
2157 243516
2158 243630
2159 243780
2160 243856
2161 243916
2162 243930
2163 244176
2164 244216
2165 244546
2166 244686
2167 244780
2168 244896
2169 244900
2170 245070
2171 245290
2172 245436
2173 245470
2174 245976
2175 246120
2176 246240
2177 246250
2178 246276
2179 246510
2180 246610
2181 246660
2182 246780
2183 246816
2184 246936
2185 246970
2186 247066
2187 247140
2188 247500
2189 247600
2190 247650
2191 247956
2192 248290
2193 248626
2194 248970
2195 249106
2196 249186
2197 249286
2198 249340
2199 249366
2200 249520
2201 249646
2202 249720
2203 250146
2204 250266
2205 250300
2206 251056
2207 251176
2208 251466
2209 251700
2210 251830
2211 251860
2212 252340
2213 252430
2214 252456
2215 252606
2216 252666
2217 253156
2218 253246
2219 253306
2220 253320
2221 253366
2222 253380
2223 253446
2224 253606
2225 253650
2226 253660
2227 253786
2228 253866
2229 254026
2230 254160
2231 254206
2232 254280
2233 254436
2234 254926
2235 255076
2236 255126
2237 255360
2238 255456
2239 255486
2240 255570
2241 255636
2242 255756
2243 255766
2244 255840
2245 255876
2246 255970
2247 255976
2248 256210
2249 256540
2250 256980
2251 257170
2252 257310
2253 257406
2254 257436
2255 257500
2256 257796
2257 257946
2258 258156
2259 258160
2260 258210
2261 258606
2262 258870
2263 258976
2264 258990
2265 259270
2266 259516
2267 259530
2268 259656
2269 259906
2270 260080
2271 260170
2272 260230
2273 260526
2274 260550
2275 260650
2276 260760
2277 260806
2278 261016
2279 261060
2280 261166
2281 261250
2282 261636
2283 261696
2284 261756
2285 262126
2286 262216
2287 262500
2288 262876
2289 262980
2290 263166
2291 263410
2292 263560
2293 263566
2294 263610
2295 263676
2296 263820
2297 263880
2298 263950
2299 264030
2300 264070
2301 264436
2302 264600
2303 264756
2304 264960
2305 264976
2306 265006
2307 265276
2308 265336
2309 265380
2310 265746
2311 265846
2312 265890
2313 265956
2314 266026
2315 266260
2316 266296
2317 266380
2318 266476
2319 266670
2320 266676
2321 266710
2322 266866
2323 266920
2324 266926
2325 266970
2326 267096
2327 267166
2328 267316
2329 267510
2330 267580
2331 267646
2332 267666
2333 267670
2334 267676
2335 268516
2336 268530
2337 268720
2338 268776
2339 268860
2340 268896
2341 269130
2342 269220
2343 269236
2344 269350
2345 269986
2346 270030
2347 270120
2348 270586
2349 271126
2350 271230
2351 271260
2352 271366
2353 271570
2354 271650
2355 271810
2356 272170
2357 272230
2358 272760
2359 272776
2360 272806
2361 272886
2362 272926
2363 273046
2364 273270
2365 273280
2366 273600
2367 273726
2368 273820
2369 273856
2370 273966
2371 274060
2372 274186
2373 274356
2374 274626
2375 274810
2376 274846
2377 274950
2378 274960
2379 275130
2380 275250
2381 275356
2382 275896
2383 276046
2384 276090
2385 276370
2386 276460
2387 276486
2388 276826
2389 276906
2390 277330
2391 277530
2392 277746
2393 277960
2394 278190
2395 278236
2396 278590
2397 278700
2398 278740
2399 278866
2400 279046
2401 279130
2402 279210
2403 279396
2404 279540
2405 279706
2406 279750
2407 280000
2408 280276
2409 280320
2410 280450
2411 280486
2412 280536
2413 280590
2414 280596
2415 280920
2416 280956
2417 281290
2418 281326
2419 281760
2420 281766
2421 281970
2422 282426
2423 282616
2424 282880
2425 282916
2426 283180
2427 283206
2428 283630
2429 283816
2430 283830
2431 283936
2432 283960
2433 284160
2434 284190
2435 284260
2436 284356
2437 284466
2438 284650
2439 284680
2440 284806
2441 284880
2442 284896
2443 284956
2444 285006
2445 285090
2446 285100
2447 285226
2448 285496
2449 285996
2450 286000
2451 286380
2452 286410
2453 286770
2454 286926
2455 287056
2456 287086
2457 287140
2458 287190
2459 287340
2460 287346
2461 287536
2462 287730
2463 288226
2464 288360
2465 288550
2466 288576
2467 288906
2468 289296
2469 289380
2470 289636
2471 289836
2472 289870
2473 290026
2474 290200
2475 290446
2476 290496
2477 290596
2478 290616
2479 290700
2480 291040
2481 291336
2482 291456
2483 291490
2484 291720
2485 291856
2486 291876
2487 292036
2488 292266
2489 292470
2490 292800
2491 292840
2492 293070
2493 293146
2494 293206
2495 293616
2496 293676
2497 294210
2498 294340
2499 294346
2500 294460
2501 294550
2502 294646
2503 294996
2504 295036
2505 295080
2506 295236
2507 295270
2508 295356
2509 295386
2510 295416
2511 296016
2512 296026
2513 296040
2514 296286
2515 296550
2516 296580
2517 296650
2518 296796
2519 296910
2520 297060
2521 297160
2522 297246
2523 297316
2524 297420
2525 297580
2526 297706
2527 297990
2528 298236
2529 298260
2530 298426
2531 298476
2532 298600
2533 298620
2534 299010
2535 299016
2536 299106
2537 299520
2538 299670
2539 299770
2540 299806
2541 299976
2542 300186
2543 300246
2544 300820
2545 300850
2546 300856
2547 300876
2548 300960
2549 301050
2550 301056
2551 301330
2552 301626
2553 301680
2554 301876
2555 301896
2556 301906
2557 302170
2558 302316
2559 302416
2560 302550
2561 302680
2562 302746
2563 302790
2564 302920
2565 303336
2566 303340
2567 303430
2568 303546
2569 303550
2570 303936
2571 304090
2572 304216
2573 304300
2574 304410
2575 304536
2576 304596
2577 304750
2578 304756
2579 304830
2580 304846
2581 304896
2582 304900
2583 304980
2584 305016
2585 305130
2586 305296
2587 305376
2588 305620
2589 305760
2590 306010
2591 306346
2592 306490
2593 306516
2594 306726
2595 306826
2596 307066
2597 307090
2598 307170
2599 307200
2600 307266
2601 307300
2602 307336
2603 307360
2604 307366
2605 307626
2606 307630
2607 307816
2608 307890
2609 308080
2610 308436
2611 308620
2612 308700
2613 308760
2614 308800
2615 309120
2616 309136
2617 309480
2618 309780
2619 310086
2620 310506
2621 310590
2622 310626
2623 310800
2624 310996
2625 311340
2626 311370
2627 311560
2628 311686
2629 311710
2630 311746
2631 311806
2632 311866
2633 312006
2634 312046
2635 312106
2636 312120
2637 312160
2638 312280
2639 312310
2640 312426
2641 312526
2642 312726
2643 313080
2644 313350
2645 313380
2646 313566
2647 313636
2648 313660
2649 313726
2650 313740
2651 313920
2652 313980
2653 314160
2654 314440
2655 314626
2656 314746
2657 315036
2658 315046
2659 315280
2660 315520
2661 315546
2662 315670
2663 315696
2664 315906
2665 316036
2666 316066
2667 316240
2668 316660
2669 316690
2670 316990
2671 317070
2672 317430
2673 317436
2674 317716
2675 317830
2676 317856
2677 318106
2678 318190
2679 318246
2680 318286
2681 318556
2682 318670
2683 318676
2684 318750
2685 318906
2686 319000
2687 319200
2688 319320
2689 319326
2690 319410
2691 319576
2692 319606
2693 319816
2694 320040
2695 320376
2696 320610
2697 320656
2698 320740
2699 320940
2700 321016
2701 321036
2702 321046
2703 321220
2704 321310
2705 321370
2706 321546
2707 321570
2708 321720
2709 321816
2710 322066
2711 322110
2712 322246
2713 322416
2714 322500
2715 322536
2716 322780
2717 322950
2718 323206
2719 323340
2720 323766
2721 324010
2722 324210
2723 324216
2724 324300
2725 324490
2726 324586
2727 324756
2728 324990
2729 324996
2730 325000
2731 325050
2732 325186
2733 325270
2734 325306
2735 325420
2736 325540
2737 325570
2738 325956
2739 326140
2740 326350
2741 326536
2742 326560
2743 326680
2744 326740
2745 326946
2746 327070
2747 327210
2748 327310
2749 327516
2750 327850
2751 327880
2752 327940
2753 327966
2754 328126
2755 328276
2756 328330
2757 328356
2758 328396
2759 328510
2760 329166
2761 329316
2762 329400
2763 329586
2764 329656
2765 329686
2766 329710
2767 330310
2768 330610
2769 330720
2770 330730
2771 331126
2772 331140
2773 331146
2774 331446
2775 331450
2776 331500
2777 331510
2778 331536
2779 331650
2780 332010
2781 332160
2782 332200
2783 332206
2784 332416
2785 332440
2786 332790
2787 332880
2788 332946
2789 332950
2790 333030
2791 333070
2792 333096
2793 333226
2794 333330
2795 333336
2796 333456
2797 333516
2798 333630
2799 333700
2800 334246
2801 334260
2802 334540
2803 334546
2804 334660
2805 334786
2806 334876
2807 334986
2808 335056
2809 335220
2810 335260
2811 335526
2812 335820
2813 335896
2814 335956
2815 336220
2816 336246
2817 336306
2818 336756
2819 337300
2820 337396
2821 337536
2822 337690
2823 337720
2824 337860
2825 337866
2826 337870
2827 337906
2828 338140
2829 338230
2830 338286
2831 338530
2832 338566
2833 338686
2834 338776
2835 339106
2836 339150
2837 339246
2838 339330
2839 339340
2840 339556
2841 339616
2842 339706
2843 339990
2844 340006
2845 340126
2846 340210
2847 340386
2848 340450
2849 340476
2850 340656
2851 341056
2852 341286
2853 341506
2854 341520
2855 341556
2856 341586
2857 341640
2858 341950
2859 342076
2860 342210
2861 342280
2862 342346
2863 342370
2864 342450
2865 342496
2866 342606
2867 342696
2868 342790
2869 342846
2870 343080
2871 343126
2872 343786
2873 343800
2874 344236
2875 344256
2876 344290
2877 344320
2878 344796
2879 344916
2880 345226
2881 345486
2882 345570
2883 345816
2884 345996
2885 346096
2886 346206
2887 346606
2888 346750
2889 346866
2890 346876
2891 346890
2892 347400
2893 347590
2894 347746
2895 347980
2896 348000
2897 348030
2898 348216
2899 348400
2900 348420
2901 348430
2902 348910
2903 348936
2904 349050
2905 349290
2906 349696
2907 349840
2908 349870
2909 349906
2910 350086
2911 350256
2912 350586
2913 350770
2914 350980
2915 351036
2916 351150
2917 351286
2918 351300
2919 351390
2920 351426
2921 351436
2922 351706
2923 351810
2924 352200
2925 352366
2926 352600
2927 352606
2928 352660
2929 352740
2930 352756
2931 352816
2932 353136
2933 353146
2934 353160
2935 353200
2936 353340
2937 353526
2938 353610
2939 353626
2940 353676
2941 353680
2942 353710
2943 353896
2944 353916
2945 354030
2946 354040
2947 354120
2948 354316
2949 354390
2950 354550
2951 354666
2952 355540
2953 355590
2954 355696
2955 355890
2956 355936
2957 356386
2958 356440
2959 356466
2960 356590
2961 356980
2962 357420
2963 357610
2964 357996
2965 358200
2966 358276
2967 358426
2968 358446
2969 358596
2970 358666
2971 358710
2972 358810
2973 359100
2974 359230
2975 359296
2976 359586
2977 359980
2978 359986
2979 360036
2980 360180
2981 360270
2982 360406
2983 360610
2984 361000
2985 361350
2986 361420
2987 361446
2988 361480
2989 361530
2990 361726
2991 362190
2992 362706
2993 362896
2994 362940
2995 363016
2996 363060
2997 363156
2998 363256
2999 363276
3000 363580
3001 363690
3002 363750
3003 363756
3004 363900
3005 363910
3006 363916
3007 364126
3008 364266
3009 364470
3010 364536
3011 364570
3012 364656
3013 365106
3014 365376
3015 365460
3016 365556
3017 365590
3018 366000
3019 366126
3020 366160
3021 366276
3022 366396
3023 366510
3024 366520
3025 366810
3026 366940
3027 367006
3028 367126
3029 367276
3030 367620
3031 368076
3032 368170
3033 368226
3034 369070
3035 369096
3036 369190
3037 369300
3038 369330
3039 369580
3040 369876
3041 369990
3042 370056
3043 370246
3044 370420
3045 370870
3046 371026
3047 371290
3048 371836
3049 371970
3050 371980
3051 372036
3052 372106
3053 372396
3054 372450
3055 372460
3056 372496
3057 372606
3058 373006
3059 373206
3060 373210
3061 373356
3062 373360
3063 373720
3064 373756
3065 373776
3066 374040
3067 374136
3068 374290
3069 374440
3070 374556
3071 374760
3072 374976
3073 375340
3074 375450
3075 375456
3076 375646
3077 376096
3078 376230
3079 376236
3080 376416
3081 376470
3082 376476
3083 376500
3084 376630
3085 376806
3086 376890
3087 377020
3088 377136
3089 377170
3090 377256
3091 377286
3092 377290
3093 378166
3094 378276
3095 378466
3096 378570
3097 378660
3098 378690
3099 378820
3100 378966
3101 378976
3102 379416
3103 379720
3104 379726
3105 380250
3106 380326
3107 380416
3108 380556
3109 380706
3110 380836
3111 380880
3112 381010
3113 381036
3114 381060
3115 381096
3116 381166
3117 381400
3118 381460
3119 381840
3120 381990
3121 382240
3122 382456
3123 382506
3124 382510
3125 382540
3126 382866
3127 382960
3128 383100
3129 383146
3130 383290
3131 383656
3132 383766
3133 383776
3134 383806
3135 383916
3136 384156
3137 384186
3138 384300
3139 384406
3140 384546
3141 384690
3142 384826
3143 385320
3144 385816
3145 385906
3146 386046
3147 386050
3148 386410
3149 386520
3150 386536
3151 386850
3152 386886
3153 387016
3154 387076
3155 387160
3156 387280
3157 387640
3158 387966
3159 388186
3160 388230
3161 388236
3162 388300
3163 388476
3164 388690
3165 388696
3166 388710
3167 388776
3168 388780
3169 389116
3170 389356
3171 389460
3172 389506
3173 389590
3174 389650
3175 389790
3176 389970
3177 390280
3178 390490
3179 390646
3180 390706
3181 390790
3182 391066
3183 391116
3184 391176
3185 391290
3186 391300
3187 391366
3188 391440
3189 391800
3190 391960
3191 392200
3192 392250
3193 392260
3194 392736
3195 392926
3196 392980
3197 393096
3198 393186
3199 393330
3200 393556
3201 393670
3202 393676
3203 393696
3204 394576
3205 394630
3206 394786
3207 394836
3208 394860
3209 395046
3210 395580
3211 395656
3212 395670
3213 395850
3214 396060
3215 396216
3216 396936
3217 397050
3218 397216
3219 397360
3220 397590
3221 397806
3222 398010
3223 398116
3224 398440
3225 398490
3226 398710
3227 398976
3228 399106
3229 399180
3230 399280
3231 399526
3232 399616
3233 399646
3234 399850
3235 399910
3236 399936
3237 400156
3238 400206
3239 400306
3240 400416
3241 400440
3242 400596
3243 400656
3244 401056
3245 401076
3246 401100
3247 401410
3248 401506
3249 401860
3250 401886
3251 402220
3252 402370
3253 402580
3254 402630
3255 402750
3256 402756
3257 402796
3258 402846
3259 402990
3260 403180
3261 403240
3262 403266
3263 403546
3264 403860
3265 404160
3266 404506
3267 404530
3268 404670
3269 404836
3270 405226
3271 405496
3272 405520
3273 405576
3274 405730
3275 406026
3276 406176
3277 406246
3278 406396
3279 406530
3280 406560
3281 406836
3282 406906
3283 406980
3284 407190
3285 407500
3286 407716
3287 407856
3288 408090
3289 408126
3290 408340
3291 408460
3292 408606
3293 408630
3294 408690
3295 409020
3296 409026
3297 409216
3298 409270
3299 409396
3300 409656
3301 409860
3302 410170
3303 410586
3304 410616
3305 410700
3306 410856
3307 411010
3308 411126
3309 411240
3310 411420
3311 411490
3312 411576
3313 411610
3314 411706
3315 412080
3316 412146
3317 412210
3318 412386
3319 412486
3320 412806
3321 412830
3322 413086
3323 413250
3324 413416
3325 413806
3326 414096
3327 414220
3328 414576
3329 414720
3330 414856
3331 414976
3332 415096
3333 415140
3334 415200
3335 415230
3336 415606
3337 415716
3338 415860
3339 415900
3340 416010
3341 416280
3342 416400
3343 416406
3344 416416
3345 416490
3346 416620
3347 416676
3348 416880
3349 416886
3350 417036
3351 417226
3352 417270
3353 417690
3354 417930
3355 417940
3356 418006
3357 418320
3358 418470
3359 418596
3360 418600
3361 418750
3362 418770
3363 418810
3364 418860
3365 419146
3366 419296
3367 419400
3368 419490
3369 419920
3370 420000
3371 420306
3372 420316
3373 420676
3374 420730
3375 420810
3376 420966
3377 421080
3378 421330
3379 421396
3380 421500
3381 421690
3382 421726
3383 421830
3384 421890
3385 422056
3386 422100
3387 422110
3388 422406
3389 422656
3390 422710
3391 422860
3392 422880
3393 423000
3394 423060
3395 423096
3396 423120
3397 423190
3398 423256
3399 423306
3400 423460
3401 423666
3402 423846
3403 424036
3404 424480
3405 424660
3406 424686
3407 424776
3408 424866
3409 424890
3410 425026
3411 425280
3412 425296
3413 425416
3414 425440
3415 425856
3416 425986
3417 426010
3418 426060
3419 426076
3420 426540
3421 426630
3422 427246
3423 427450
3424 427620
3425 427876
3426 428220
3427 428530
3428 428976
3429 429126
3430 429160
3431 429180
3432 429196
3433 429396
3434 429426
3435 429430
3436 429496
3437 429510
3438 429550
3439 429936
3440 430056
3441 430090
3442 430276
3443 430426
3444 430486
3445 430510
3446 430840
3447 430846
3448 430956
3449 431016
3450 431146
3451 431190
3452 431310
3453 431440
3454 431520
3455 431596
3456 431610
3457 432120
3458 432226
3459 432300
3460 432316
3461 432630
3462 432636
3463 432660
3464 432780
3465 432796
3466 433206
3467 433270
3468 433576
3469 433650
3470 433786
3471 433816
3472 433966
3473 434086
3474 434376
3475 434430
3476 434436
3477 434560
3478 435130
3479 435426
3480 435450
3481 435660
3482 435996
3483 436060
3484 436086
3485 436170
3486 436180
3487 436356
3488 436416
3489 436426
3490 436620
3491 436686
3492 437350
3493 437400
3494 437526
3495 437976
3496 438130
3497 438210
3498 438286
3499 438516
3500 438520
3501 438600
3502 438636
3503 438660
3504 438760
3505 438960
3506 439170
3507 439666
3508 439696
3509 439810
3510 439866
3511 439890
3512 439960
3513 440046
3514 440086
3515 440170
3516 440176
3517 440280
3518 440310
3519 440430
3520 440550
3521 440680
3522 440710
3523 440910
3524 441100
3525 441106
3526 441126
3527 441516
3528 441586
3529 441666
3530 441876
3531 441886
3532 442026
3533 442150
3534 442170
3535 442270
3536 442456
3537 442516
3538 442530
3539 442816
3540 442986
3541 443056
3542 443226
3543 443346
3544 443586
3545 443790
3546 444000
3547 444186
3548 444810
3549 444936
3550 444970
3551 445020
3552 445096
3553 445296
3554 445536
3555 445630
3556 445656
3557 445740
3558 445936
3559 446080
3560 446086
3561 446196
3562 446476
3563 446716
3564 446920
3565 447106
3566 447220
3567 447450
3568 447700
3569 447756
3570 447826
3571 447960
3572 448110
3573 448186
3574 448366
3575 448606
3576 448630
3577 448686
3578 449226
3579 449286
3580 449346
3581 449436
3582 449920
3583 450070
3584 450160
3585 450256
3586 450366
3587 450486
3588 450586
3589 450600
3590 450616
3591 450916
3592 451200
3593 451666
3594 451896
3595 451900
3596 451920
3597 451936
3598 452160
3599 452190
3600 452596
3601 452686
3602 452820
3603 452830
3604 453106
3605 453160
3606 453310
3607 453366
3608 453460
3609 453670
3610 453706
3611 453736
3612 453850
3613 454060
3614 454416
3615 454506
3616 454546
3617 454846
3618 454920
3619 455166
3620 455430
3621 455526
3622 455680
3623 455700
3624 455826
3625 455880
3626 456376
3627 456450
3628 456570
3629 456610
3630 456810
3631 456900
3632 457056
3633 457096
3634 457276
3635 457366
3636 457380
3637 457396
3638 457570
3639 457606
3640 457650
3641 457986
3642 458026
3643 458046
3644 458196
3645 458326
3646 458356
3647 458376
3648 458406
3649 458500
3650 458566
3651 458650
3652 458790
3653 458796
3654 458890
3655 458916
3656 459006
3657 459046
3658 459180
3659 459426
3660 459670
3661 459790
3662 459936
3663 459960
3664 460080
3665 460210
3666 460230
3667 460266
3668 460336
3669 460720
3670 460770
3671 460906
3672 461256
3673 461380
3674 461506
3675 461626
3676 461676
3677 461916
3678 462270
3679 462310
3680 462466
3681 462490
3682 462546
3683 462606
3684 462726
3685 462900
3686 463290
3687 463500
3688 463830
3689 463920
3690 464020
3691 464136
3692 464140
3693 464200
3694 464370
3695 464466
3696 464520
3697 464536
3698 464616
3699 465076
3700 465160
3701 465336
3702 465580
3703 465610
3704 465630
3705 465820
3706 466086
3707 466180
3708 466200
3709 466320
3710 466330
3711 466440
3712 466546
3713 466896
3714 466950
3715 467080
3716 467146
3717 467170
3718 467370
3719 467416
3720 467626
3721 467650
3722 467656
3723 467926
3724 468010
3725 468136
3726 468156
3727 468276
3728 468576
3729 468690
3730 468780
3731 468816
3732 468820
3733 469030
3734 469036
3735 469206
3736 469350
3737 469410
3738 469686
3739 469800
3740 469956
3741 470446
3742 470470
3743 470926
3744 470940
3745 471186
3746 471390
3747 471816
3748 471906
3749 472066
3750 472150
3751 472540
3752 472720
3753 472830
3754 473100
3755 473440
3756 473740
3757 473866
3758 473886
3759 473986
3760 474136
3761 474240
3762 474436
3763 474580
3764 474646
3765 474736
3766 474750
3767 474810
3768 474930
3769 474940
3770 475270
3771 475300
3772 475876
3773 475926
3774 476086
3775 476100
3776 476350
3777 476466
3778 476476
3779 476610
3780 476890
3781 477046
3782 477360
3783 477510
3784 478440
3785 478480
3786 478530
3787 478810
3788 479026
3789 479220
3790 479316
3791 479376
3792 479386
3793 479560
3794 479580
3795 479950
3796 479956
3797 480090
3798 480156
3799 480166
3800 480660
3801 480760
3802 481140
3803 481146
3804 481576
3805 481666
3806 481696
3807 481860
3808 482406
3809 482440
3810 482596
3811 482640
3812 482686
3813 482710
3814 482956
3815 483016
3816 483220
3817 483250
3818 483346
3819 483366
3820 483466
3821 483490
3822 483576
3823 483760
3824 483970
3825 484576
3826 485160
3827 485166
3828 485206
3829 485566
3830 485670
3831 485826
3832 485940
3833 486180
3834 486246
3835 486526
3836 486600
3837 486636
3838 486640
3839 486820
3840 486990
3841 487110
3842 487260
3843 487390
3844 487470
3845 487650
3846 487890
3847 488010
3848 488056
3849 488226
3850 488230
3851 488566
3852 488650
3853 488946
3854 488980
3855 489790
3856 489976
3857 490116
3858 490270
3859 490416
3860 490876
3861 490936
3862 491170
3863 491250
3864 491526
3865 491676
3866 491836
3867 491866
3868 492616
3869 492730
3870 493066
3871 493110
3872 493396
3873 493530
3874 493746
3875 494076
3876 494106
3877 494146
3878 494286
3879 494386
3880 494686
3881 495160
3882 495400
3883 495420
3884 495556
3885 495820
3886 495876
3887 496210
3888 496290
3889 496380
3890 496470
3891 496486
3892 496630
3893 496890
3894 497046
3895 497140
3896 497290
3897 497460
3898 497490
3899 497556
3900 497800
3901 498166
3902 498226
3903 498390
3904 498520
3905 498550
3906 498576
3907 498960
3908 499066
3909 499126
3910 499326
3911 499480
3912 499570
3913 499590
3914 499620
3915 499636
3916 499690
3917 499710
3918 499746
3919 499786
3920 499896
3921 500056
3922 500166
3923 500316
3924 500500
3925 500526
3926 500676
3927 500740
3928 500910
3929 500956
3930 501030
3931 501120
3932 501256
3933 501286
3934 501400
3935 501426
3936 501820
3937 501910
3938 501930
3939 502216
3940 502236
3941 502246
3942 502450
3943 502506
3944 502596
3945 503076
3946 503130
3947 503406
3948 503610
3949 503620
3950 503770
3951 504120
3952 504246
3953 504796
3954 504966
3955 505026
3956 505090
3957 505180
3958 505320
3959 505410
3960 505446
3961 505600
3962 505606
3963 505810
3964 506100
3965 506170
3966 506326
3967 506530
3968 506886
3969 507136
3970 507360
3971 507400
3972 507490
3973 507496
3974 507640
3975 507696
3976 507906
3977 507960
3978 508470
3979 508566
3980 508660
3981 508986
3982 509100
3983 509220
3984 509476
3985 509730
3986 510066
3987 510100
3988 510286
3989 510706
3990 510750
3991 510766
3992 511000
3993 511170
3994 511236
3995 511476
3996 511590
3997 511626
3998 511756
3999 512466
4000 512536
4001 512670
4002 512710
4003 512746
4004 512760
4005 512820
4006 513016
4007 513130
4008 513306
4009 513340
4010 513510
4011 513760
4012 513766
4013 514000
4014 514200
4015 514966
4016 515356
4017 515476
4018 515506
4019 515596
4020 515680
4021 515916
4022 515940
4023 515950
4024 516016
4025 516276
4026 516360
4027 516540
4028 516610
4029 516756
4030 517066
4031 517150
4032 517260
4033 517410
4034 517506
4035 518056
4036 518260
4037 518340
4038 518430
4039 518466
4040 518620
4041 518716
4042 518766
4043 518806
4044 518830
4045 518910
4046 519066
4047 519096
4048 519216
4049 519226
4050 519300
4051 519390
4052 519786
4053 519816
4054 520030
4055 520360
4056 520566
4057 520690
4058 520716
4059 520786
4060 520836
4061 520920
4062 520956
4063 521166
4064 521400
4065 521790
4066 521860
4067 522016
4068 522060
4069 522156
4070 522496
4071 522676
4072 522760
4073 522960
4074 523020
4075 523296
4076 523306
4077 523350
4078 523386
4079 523486
4080 523576
4081 523906
4082 524170
4083 524260
4084 524410
4085 524706
4086 524800
4087 524826
4088 525256
4089 525360
4090 525396
4091 525430
4092 525606
4093 525640
4094 525726
4095 526036
4096 526306
4097 526600
4098 526776
4099 526836
4100 526930
4101 527070
4102 527250
4103 527940
4104 528040
4105 528096
4106 528166
4107 528190
4108 528216
4109 528706
4110 528790
4111 528966
4112 529026
4113 529126
4114 529270
4115 529960
4116 529980
4117 530400
4118 530526
4119 530896
4120 530976
4121 531330
4122 531336
4123 531456
4124 531480
4125 531546
4126 531580
4127 531636
4128 531826
4129 531976
4130 532026
4131 532060
4132 532390
4133 532450
4134 532560
4135 532600
4136 532686
4137 533010
4138 533236
4139 533836
4140 534430
4141 534636
4142 534810
4143 534970
4144 535060
4145 535350
4146 535546
4147 535740
4148 536110
4149 536460
4150 536560
4151 536670
4152 537070
4153 537190
4154 537346
4155 538120
4156 538126
4157 538146
4158 538150
4159 538246
4160 538366
4161 538470
4162 538480
4163 538560
4164 538710
4165 539106
4166 539640
4167 540216
4168 540250
4169 540390
4170 540516
4171 540586
4172 540900
4173 540906
4174 540960
4175 541096
4176 541180
4177 541200
4178 541300
4179 541576
4180 541656
4181 541776
4182 541816
4183 541950
4184 541966
4185 542026
4186 542116
4187 542566
4188 542830
4189 542910
4190 542920
4191 543016
4192 543130
4193 543306
4194 543406
4195 543840
4196 543870
4197 543910
4198 544450
4199 544716
4200 544756
4201 544836
4202 544860
4203 544876
4204 544896
4205 545116
4206 545140
4207 545256
4208 545266
4209 545620
4210 545646
4211 545790
4212 546046
4213 546136
4214 546150
4215 546196
4216 546676
4217 546966
4218 547170
4219 547290
4220 547320
4221 547356
4222 547536
4223 547576
4224 547660
4225 548226
4226 548290
4227 548370
4228 548500
4229 548656
4230 548760
4231 548770
4232 549010
4233 549090
4234 549246
4235 549510
4236 549550
4237 549706
4238 549816
4239 550446
4240 550540
4241 550650
4242 550690
4243 550716
4244 550720
4245 550960
4246 550996
4247 551346
4248 551386
4249 551406
4250 551580
4251 551730
4252 551860
4253 552030
4254 552316
4255 552400
4256 552580
4257 552750
4258 552916
4259 552970
4260 553050
4261 553056
4262 553276
4263 553410
4264 553590
4265 553666
4266 553726
4267 553746
4268 553836
4269 553900
4270 553980
4271 554050
4272 554166
4273 554530
4274 555256
4275 555286
4276 555486
4277 555670
4278 556180
4279 556476
4280 556650
4281 556740
4282 556866
4283 557200
4284 557260
4285 557320
4286 557376
4287 557830
4288 557980
4289 557986
4290 558426
4291 558490
4292 558946
4293 559210
4294 559230
4295 559540
4296 559570
4297 559830
4298 560046
4299 560410
4300 560446
4301 560736
4302 560836
4303 561190
4304 561376
4305 561520
4306 561606
4307 562020
4308 562350
4309 562426
4310 562590
4311 562620
4312 562780
4313 563020
4314 563046
4315 563196
4316 563416
4317 563560
4318 563836
4319 564016
4320 564040
4321 564306
4322 564436
4323 564496
4324 565126
4325 565240
4326 565426
4327 565906
4328 566076
4329 566200
4330 566226
4331 566310
4332 566346
4333 566520
4334 566566
4335 566616
4336 566700
4337 566820
4338 566850
4339 566986
4340 567010
4341 567030
4342 567066
4343 567096
4344 567100
4345 567180
4346 567400
4347 567450
4348 567466
4349 567526
4350 567760
4351 567856
4352 567876
4353 567996
4354 568026
4355 568090
4356 568150
4357 568206
4358 568230
4359 568390
4360 568440
4361 568480
4362 569010
4363 569110
4364 569116
4365 569160
4366 569320
4367 569430
4368 569506
4369 569580
4370 569670
4371 569830
4372 569956
4373 570046
4374 570076
4375 570220
4376 570420
4377 570466
4378 570496
4379 570600
4380 570676
4381 570826
4382 570850
4383 570936
4384 571110
4385 571156
4386 571330
4387 571380
4388 571396
4389 571750
4390 572050
4391 572106
4392 572176
4393 572206
4394 572416
4395 572686
4396 572806
4397 572940
4398 573160
4399 573276
4400 573316
4401 573340
4402 573456
4403 573496
4404 573756
4405 573966
4406 573976
4407 574156
4408 574180
4409 574260
4410 575136
4411 575746
4412 575776
4413 576130
4414 576150
4415 576430
4416 576550
4417 576580
4418 576616
4419 577006
4420 577080
4421 577096
4422 577150
4423 577176
4424 577386
4425 577456
4426 577600
4427 577626
4428 577636
4429 577666
4430 577896
4431 578400
4432 578646
4433 578860
4434 579010
4435 579276
4436 579406
4437 579516
4438 579540
4439 579570
4440 579700
4441 579876
4442 579906
4443 580230
4444 580330
4445 580890
4446 581100
4447 581236
4448 581406
4449 581490
4450 581796
4451 581920
4452 582010
4453 582030
4454 582066
4455 582316
4456 582510
4457 582550
4458 582690
4459 582766
4460 583180
4461 583350
4462 583390
4463 583416
4464 583420
4465 583650
4466 583936
4467 584010
4468 584080
4469 584166
4470 584470
4471 584556
4472 584676
4473 584766
4474 584896
4475 585106
4476 585130
4477 585336
4478 585390
4479 585436
4480 585466
4481 585546
4482 585600
4483 586050
4484 586570
4485 586710
4486 587106
4487 587340
4488 587370
4489 587386
4490 587616
4491 587710
4492 587926
4493 587970
4494 587986
4495 588096
4496 588360
4497 588520
4498 588666
4499 588936
4500 589026
4501 589290
4502 589296
4503 589600
4504 589710
4505 589810
4506 590076
4507 590206
4508 590250
4509 590640
4510 590646
4511 591126
4512 591160
4513 591286
4514 591316
4515 591376
4516 591390
4517 591420
4518 591600
4519 591610
4520 591756
4521 591790
4522 591840
4523 591880
4524 591886
4525 591900
4526 592056
4527 592060
4528 592156
4529 592320
4530 592356
4531 592876
4532 593050
4533 593070
4534 593490
4535 593530
4536 593586
4537 593626
4538 593706
4539 593710
4540 593766
4541 593776
4542 594150
4543 594156
4544 594240
4545 594310
4546 594366
4547 594400
4548 594636
4549 594640
4550 594916
4551 595036
4552 595180
4553 595350
4554 595380
4555 595450
4556 595570
4557 596046
4558 596740
4559 596830
4560 597676
4561 597780
4562 598006
4563 598306
4564 598420
4565 598690
4566 598816
4567 598966
4568 598986
4569 599086
4570 599596
4571 599610
4572 600090
4573 600366
4574 600420
4575 600450
4576 600880
4577 601020
4578 601126
4579 601650
4580 601746
4581 601980
4582 602056
4583 602200
4584 602266
4585 602430
4586 602460
4587 602520
4588 602710
4589 602716
4590 602866
4591 602886
4592 603076
4593 603090
4594 603256
4595 603310
4596 603486
4597 603540
4598 603820
4599 603916
4600 604360
4601 604906
4602 605146
4603 605176
4604 605256
4605 605260
4606 605596
4607 605686
4608 605976
4609 606090
4610 606240
4611 606310
4612 606606
4613 606846
4614 606970
4615 607146
4616 607180
4617 607416
4618 607696
4619 607740
4620 608116
4621 608160
4622 608430
4623 608700
4624 608976
4625 609390
4626 609486
4627 609516
4628 609910
4629 610080
4630 610720
4631 610816
4632 610866
4633 611296
4634 611560
4635 611620
4636 611926
4637 611956
4638 611976
4639 612036
4640 612040
4641 612636
4642 612670
4643 612876
4644 612966
4645 613576
4646 613606
4647 613980
4648 614386
4649 614530
4650 614610
4651 614616
4652 614670
4653 614980
4654 615150
4655 615186
4656 615366
4657 615576
4658 615616
4659 615720
4660 615820
4661 615826
4662 615886
4663 616170
4664 616480
4665 616786
4666 617106
4667 617146
4668 617400
4669 617646
4670 617676
4671 617760
4672 617766
4673 617790
4674 618030
4675 618310
4676 618336
4677 618360
4678 618580
4679 618846
4680 618970
4681 618996
4682 619006
4683 619656
4684 619840
4685 619920
4686 619980
4687 620110
4688 620466
4689 620506
4690 620566
4691 620730
4692 620910
4693 620956
4694 621216
4695 621240
4696 621370
4697 621430
4698 621450
4699 621526
4700 621696
4701 621700
4702 621820
4703 621870
4704 621936
4705 621940
4706 622090
4707 622156
4708 622246
4709 622336
4710 622350
4711 622546
4712 622606
4713 622996
4714 623260
4715 623536
4716 623640
4717 623770
4718 623850
4719 623866
4720 623880
4721 624240
4722 624520
4723 625186
4724 625626
4725 625660
4726 625836
4727 625996
4728 626116
4729 626200
4730 626206
4731 626346
4732 626476
4733 626580
4734 626770
4735 626916
4736 627040
4737 627196
4738 627376
4739 627510
4740 627666
4741 628206
4742 628260
4743 628356
4744 628390
4745 628446
4746 628780
4747 629176
4748 629280
4749 629340
4750 629350
4751 629410
4752 629466
4753 629490
4754 629536
4755 629566
4756 629700
4757 630106
4758 630280
4759 630576
4760 630736
4761 630826
4762 631170
4763 631456
4764 631536
4765 631710
4766 631900
4767 631930
4768 631936
4769 631986
4770 632086
4771 632116
4772 632266
4773 632296
4774 632346
4775 632556
4776 632590
4777 632716
4778 632746
4779 632776
4780 632970
4781 633306
4782 633460
4783 633876
4784 633990
4785 634060
4786 634090
4787 634530
4788 634650
4789 634686
4790 634890
4791 635020
4792 635050
4793 635350
4794 635470
4795 635616
4796 636060
4797 636276
4798 637170
4799 637276
4800 637420
4801 637770
4802 637830
4803 638146
4804 638200
4805 638326
4806 638970
4807 639310
4808 639336
4809 639360
4810 639450
4811 639516
4812 639546
4813 639700
4814 639756
4815 640006
4816 640026
4817 640120
4818 640126
4819 640150
4820 640770
4821 641166
4822 641286
4823 641520
4824 641680
4825 641790
4826 641866
4827 642210
4828 642360
4829 642456
4830 642736
4831 642796
4832 642880
4833 642996
4834 643060
4835 643120
4836 643926
4837 644056
4838 644140
4839 644410
4840 644646
4841 645036
4842 645076
4843 645090
4844 645346
4845 645396
4846 645480
4847 645660
4848 645736
4849 646156
4850 646270
4851 646536
4852 646636
4853 646720
4854 646756
4855 646896
4856 646926
4857 646936
4858 646980
4859 647146
4860 647320
4861 647476
4862 647740
4863 647916
4864 648060
4865 648100
4866 648210
4867 648330
4868 648436
4869 648930
4870 648960
4871 648970
4872 649156
4873 649470
4874 649660
4875 649866
4876 649876
4877 649920
4878 650626
4879 650700
4880 650760
4881 650860
4882 650986
4883 651066
4884 651180
4885 651220
4886 651250
4887 651330
4888 651346
4889 651480
4890 651616
4891 651666
4892 651696
4893 651726
4894 651996
4895 652086
4896 652236
4897 652240
4898 652380
4899 652726
4900 652936
4901 653560
4902 653686
4903 654186
4904 654370
4905 654726
4906 654816
4907 654826
4908 654916
4909 655086
4910 655240
4911 655266
4912 655336
4913 655356
4914 655506
4915 655656
4916 655726
4917 655846
4918 655986
4919 656220
4920 656736
4921 656890
4922 657130
4923 657256
4924 657430
4925 657450
4926 657490
4927 657580
4928 657840
4929 657946
4930 658186
4931 658320
4932 658366
4933 658590
4934 658896
4935 659250
4936 659830
4937 659946
4938 660196
4939 660270
4940 660390
4941 660790
4942 660810
4943 660816
4944 661090
4945 661320
4946 661360
4947 661476
4948 661696
4949 661896
4950 661986
4951 662400
4952 662476
4953 662490
4954 662526
4955 662866
4956 662896
4957 662916
4958 663406
4959 663546
4960 663556
4961 663570
4962 663586
4963 663960
4964 663966
4965 664066
4966 664140
4967 664210
4968 664380
4969 664420
4970 664536
4971 664690
4972 665110
4973 665250
4974 665310
4975 665526
4976 665676
4977 665760
4978 665896
4979 666040
4980 666426
4981 666636
4982 666646
4983 666666
4984 666696
4985 666706
4986 667170
4987 667210
4988 667426
4989 667500
4990 668736
4991 668746
4992 669166
4993 669270
4994 669376
4995 669400
4996 669550
4997 669576
4998 669606
4999 669930
5000 670050
5001 670146
5002 670296
5003 670320
5004 670726
5005 670776
5006 670876
5007 670930
5008 671356
5009 671590
5010 671680
5011 671790
5012 671886
5013 671920
5014 671970
5015 672166
5016 672180
5017 672640
5018 672766
5019 672786
5020 672816
5021 672826
5022 673090
5023 673116
5024 673410
5025 673636
5026 673780
5027 673920
5028 673950
5029 674116
5030 674730
5031 674850
5032 674940
5033 675196
5034 675390
5035 675616
5036 675816
5037 676030
5038 676050
5039 676056
5040 676110
5041 676146
5042 676240
5043 676986
5044 677010
5045 677076
5046 677166
5047 677176
5048 677320
5049 677736
5050 678210
5051 678760
5052 678906
5053 679276
5054 679296
5055 679360
5056 679780
5057 679896
5058 680296
5059 680430
5060 680830
5061 680856
5062 681040
5063 681046
5064 681486
5065 681646
5066 681726
5067 682306
5068 682420
5069 682510
5070 682636
5071 682696
5072 682900
5073 682966
5074 683040
5075 683230
5076 683316
5077 683400
5078 683476
5079 683746
5080 683856
5081 684036
5082 684336
5083 684766
5084 684856
5085 684976
5086 685270
5087 685296
5088 685416
5089 685510
5090 685536
5091 685540
5092 686050
5093 686130
5094 686266
5095 686670
5096 686760
5097 687040
5098 687100
5099 687130
5100 687310
5101 687316
5102 687436
5103 687480
5104 687736
5105 687976
5106 688110
5107 688296
5108 688510
5109 688626
5110 688756
5111 688906
5112 689080
5113 689340
5114 689430
5115 689466
5116 689596
5117 689640
5118 689770
5119 689986
5120 690406
5121 690466
5122 690610
5123 691110
5124 691120
5125 691230
5126 691266
5127 691336
5128 691380
5129 691630
5130 692430
5131 692536
5132 692640
5133 692650
5134 692716
5135 692760
5136 693040
5137 693136
5138 693336
5139 693486
5140 693826
5141 693850
5142 694090
5143 694356
5144 694360
5145 694366
5146 694470
5147 694510
5148 694566
5149 694720
5150 694830
5151 694986
5152 694996
5153 695016
5154 695110
5155 695130
5156 695256
5157 695776
5158 695866
5159 696076
5160 696270
5161 696490
5162 696516
5163 696720
5164 696810
5165 696850
5166 696960
5167 697216
5168 697386
5169 697600
5170 697690
5171 697756
5172 697896
5173 697950
5174 698286
5175 698310
5176 698490
5177 698530
5178 698700
5179 699190
5180 699216
5181 699426
5182 699540
5183 699556
5184 699790
5185 700000
5186 700080
5187 700210
5188 700800
5189 700836
5190 700896
5191 701226
5192 701256
5193 701400
5194 701506
5195 701760
5196 701880
5197 701950
5198 702016
5199 702256
5200 702556
5201 702730
5202 702826
5203 703120
5204 703140
5205 703210
5206 703326
5207 703330
5208 703530
5209 703560
5210 703710
5211 703860
5212 704026
5213 704100
5214 704250
5215 704286
5216 704616
5217 704656
5218 704806
5219 704860
5220 705136
5221 705316
5222 705420
5223 705520
5224 705630
5225 706140
5226 706426
5227 706596
5228 706920
5229 706960
5230 707070
5231 707320
5232 707746
5233 707796
5234 707826
5235 707886
5236 708010
5237 708030
5238 708136
5239 708220
5240 708286
5241 708370
5242 708436
5243 708750
5244 708990
5245 709056
5246 709150
5247 709156
5248 709306
5249 709450
5250 709536
5251 709650
5252 709900
5253 710206
5254 710326
5255 710340
5256 710376
5257 710440
5258 710490
5259 710556
5260 710560
5261 711000
5262 711016
5263 711180
5264 711306
5265 711426
5266 711750
5267 711756
5268 711816
5269 711876
5270 711946
5271 712006
5272 712416
5273 712446
5274 712570
5275 712650
5276 712686
5277 712696
5278 712710
5279 713020
5280 713170
5281 713190
5282 713260
5283 713356
5284 713466
5285 713496
5286 713626
5287 713830
5288 713980
5289 714036
5290 714246
5291 714376
5292 714486
5293 714910
5294 715396
5295 715440
5296 715536
5297 715656
5298 715776
5299 715800
5300 715990
5301 716116
5302 716170
5303 716290
5304 716446
5305 716746
5306 716856
5307 717160
5308 717666
5309 717850
5310 717916
5311 718240
5312 718510
5313 718540
5314 718846
5315 719166
5316 719176
5317 719236
5318 719280
5319 719446
5320 719556
5321 719800
5322 720126
5323 720280
5324 720366
5325 720846
5326 720856
5327 720886
5328 720930
5329 720990
5330 721086
5331 721176
5332 721576
5333 721660
5334 722256
5335 722316
5336 722410
5337 722416
5338 722430
5339 722580
5340 722796
5341 722806
5342 722920
5343 723100
5344 723160
5345 723360
5346 723450
5347 723606
5348 723850
5349 723996
5350 724266
5351 724720
5352 724746
5353 725320
5354 725446
5355 725536
5356 725596
5357 726106
5358 726336
5359 726430
5360 726486
5361 726646
5362 726840
5363 727260
5364 727270
5365 727350
5366 727486
5367 727620
5368 728130
5369 728266
5370 728280
5371 728380
5372 728436
5373 728626
5374 728730
5375 728770
5376 728830
5377 729456
5378 729496
5379 729660
5380 729736
5381 729790
5382 729990
5383 730236
5384 730320
5385 730396
5386 730446
5387 730450
5388 730726
5389 730866
5390 731260
5391 731266
5392 731286
5393 731826
5394 731850
5395 731980
5396 732286
5397 732496
5398 732600
5399 733096
5400 733110
5401 733176
5402 733236
5403 733330
5404 733386
5405 733590
5406 733840
5407 733866
5408 733870
5409 734016
5410 734046
5411 734130
5412 734400
5413 734410
5414 734536
5415 734686
5416 735070
5417 735570
5418 735750
5419 735780
5420 736050
5421 736060
5422 736186
5423 736366
5424 736866
5425 736950
5426 737206
5427 737500
5428 737686
5429 737926
5430 738216
5431 738316
5432 738420
5433 738780
5434 738796
5435 738846
5436 739030
5437 739050
5438 739216
5439 739306
5440 739966
5441 740170
5442 740190
5443 740350
5444 740716
5445 740736
5446 740950
5447 741010
5448 741126
5449 741430
5450 741540
5451 741676
5452 741990
5453 742036
5454 742210
5455 742306
5456 742380
5457 742680
5458 742756
5459 742800
5460 742816
5461 743130
5462 743160
5463 743446
5464 743836
5465 743850
5466 743986
5467 744126
5468 744220
5469 744300
5470 744376
5471 744390
5472 744406
5473 744640
5474 744660
5475 744916
5476 745036
5477 745066
5478 745300
5479 745336
5480 745356
5481 745566
5482 745756
5483 746016
5484 746226
5485 746410
5486 746596
5487 746776
5488 747276
5489 747360
5490 747916
5491 748020
5492 748206
5493 748216
5494 748686
5495 748716
5496 748876
5497 748986
5498 749350
5499 749970
5500 750096
5501 750130
5502 750150
5503 750516
5504 750640
5505 750666
5506 750720
5507 750796
5508 751000
5509 751140
5510 751150
5511 751300
5512 751870
5513 751986
5514 751996
5515 752106
5516 752200
5517 752626
5518 752680
5519 752700
5520 752860
5521 753496
5522 753676
5523 753720
5524 754080
5525 754110
5526 754120
5527 754180
5528 754240
5529 754366
5530 754716
5531 754780
5532 754990
5533 755310
5534 755316
5535 755440
5536 755560
5537 755766
5538 756246
5539 756600
5540 756880
5541 757066
5542 757200
5543 757240
5544 757270
5545 757386
5546 757416
5547 757480
5548 757576
5549 757950
5550 758200
5551 758226
5552 758866
5553 758886
5554 758940
5555 758956
5556 759640
5557 759820
5558 760230
5559 760240
5560 760260
5561 760446
5562 760530
5563 760636
5564 760900
5565 760996
5566 761356
5567 761406
5568 761440
5569 761476
5570 761520
5571 761926
5572 762060
5573 762100
5574 762226
5575 762370
5576 762400
5577 762646
5578 762790
5579 763000
5580 763140
5581 763596
5582 763786
5583 764016
5584 764110
5585 764170
5586 764250
5587 764320
5588 764550
5589 764610
5590 765040
5591 765046
5592 765210
5593 765226
5594 765306
5595 765460
5596 765586
5597 766260
5598 766686
5599 767110
5600 767286
5601 767536
5602 767760
5603 767856
5604 767956
5605 768300
5606 768376
5607 768400
5608 768850
5609 768856
5610 768930
5611 769146
5612 769420
5613 769546
5614 769780
5615 770026
5616 770100
5617 770386
5618 770416
5619 770446
5620 770646
5621 770656
5622 770760
5623 770766
5624 771010
5625 771030
5626 771460
5627 771690
5628 771886
5629 772096
5630 772126
5631 772206
5632 772366
5633 772380
5634 772536
5635 772690
5636 772846
5637 772990
5638 773026
5639 773080
5640 773340
5641 773386
5642 773490
5643 773536
5644 773610
5645 774126
5646 774180
5647 774316
5648 774790
5649 775006
5650 776220
5651 776466
5652 776650
5653 776886
5654 777136
5655 777166
5656 777430
5657 777570
5658 777870
5659 777976
5660 778200
5661 778300
5662 778356
5663 778390
5664 778416
5665 778566
5666 778680
5667 778846
5668 779110
5669 779230
5670 779520
5671 779746
5672 780210
5673 780256
5674 780370
5675 780400
5676 780456
5677 780630
5678 780666
5679 780696
5680 780816
5681 781050
5682 781270
5683 781300
5684 781600
5685 781960
5686 781966
5687 781986
5688 782496
5689 782500
5690 782776
5691 782860
5692 782940
5693 783120
5694 783256
5695 783406
5696 783676
5697 784060
5698 784500
5699 784576
5700 784686
5701 784726
5702 785106
5703 785320
5704 785670
5705 785776
5706 785950
5707 786000
5708 786150
5709 786270
5710 786306
5711 786546
5712 787066
5713 787336
5714 787516
5715 787666
5716 787746
5717 787816
5718 787836
5719 788356
5720 788376
5721 788496
5722 788526
5723 788530
5724 788700
5725 789016
5726 789226
5727 789250
5728 789366
5729 789490
5730 789556
5731 789720
5732 790050
5733 790086
5734 790170
5735 790270
5736 790290
5737 790396
5738 790566
5739 790650
5740 790780
5741 790956
5742 790966
5743 791226
5744 791256
5745 791290
5746 791310
5747 791376
5748 791386
5749 791430
5750 791676
5751 791826
5752 792130
5753 792276
5754 792730
5755 792750
5756 792820
5757 793180
5758 793186
5759 793206
5760 793516
5761 793536
5762 793620
5763 793900
5764 793966
5765 794010
5766 794070
5767 794160
5768 794200
5769 794326
5770 794556
5771 794710
5772 794740
5773 794920
5774 794956
5775 795006
5776 795126
5777 795726
5778 796150
5779 796176
5780 796290
5781 796750
5782 796800
5783 796870
5784 796920
5785 796950
5786 797020
5787 797130
5788 797550
5789 797560
5790 797710
5791 797986
5792 798066
5793 798070
5794 798190
5795 798700
5796 798736
5797 798756
5798 798960
5799 799090
5800 799306
5801 799836
5802 800010
5803 800130
5804 800170
5805 800280
5806 800286
5807 800406
5808 800476
5809 800650
5810 801136
5811 801186
5812 801196
5813 801516
5814 801556
5815 801810
5816 801816
5817 801840
5818 802120
5819 802126
5820 802140
5821 802146
5822 802180
5823 802230
5824 802356
5825 803250
5826 803286
5827 803310
5828 803716
5829 803920
5830 804076
5831 804156
5832 804196
5833 804210
5834 804610
5835 804696
5836 805036
5837 805120
5838 805296
5839 805330
5840 805530
5841 806026
5842 806106
5843 806760
5844 806800
5845 806806
5846 806946
5847 806950
5848 807180
5849 807250
5850 807336
5851 808096
5852 808110
5853 808216
5854 808266
5855 808440
5856 808480
5857 808600
5858 808636
5859 808650
5860 808776
5861 808990
5862 809260
5863 809376
5864 809796
5865 809820
5866 809890
5867 810136
5868 810540
5869 811146
5870 811560
5871 811956
5872 812010
5873 812056
5874 812100
5875 812266
5876 812380
5877 812386
5878 812500
5879 812640
5880 812680
5881 812710
5882 812730
5883 812760
5884 813016
5885 813510
5886 813706
5887 813720
5888 813796
5889 814030
5890 814096
5891 814326
5892 814336
5893 815046
5894 815140
5895 815830
5896 816036
5897 816046
5898 816076
5899 816190
5900 816250
5901 816316
5902 816376
5903 816546
5904 816690
5905 816810
5906 816960
5907 817026
5908 817086
5909 817320
5910 817456
5911 817650
5912 817726
5913 817896
5914 817906
5915 817950
5916 818016
5917 818170
5918 818340
5919 818346
5920 818620
5921 818686
5922 819000
5923 819250
5924 819310
5925 819810
5926 820176
5927 820200
5928 820320
5929 820440
5930 820540
5931 820990
5932 820996
5933 821056
5934 821100
5935 821146
5936 821460
5937 821856
5938 821896
5939 822006
5940 822010
5941 822036
5942 822406
5943 822586
5944 822666
5945 822670
5946 822780
5947 822880
5948 823050
5949 823260
5950 823420
5951 823546
5952 823726
5953 823830
5954 823876
5955 824146
5956 825046
5957 825190
5958 825246
5959 825696
5960 825826
5961 825996
5962 826086
5963 826096
5964 826150
5965 826390
5966 826710
5967 826716
5968 827230
5969 827346
5970 827680
5971 827850
5972 828130
5973 828636
5974 828700
5975 828730
5976 828756
5977 828786
5978 829110
5979 829266
5980 829456
5981 829500
5982 829686
5983 829810
5984 829840
5985 830130
5986 830596
5987 830740
5988 830800
5989 830860
5990 830886
5991 830980
5992 831090
5993 831300
5994 831460
5995 831630
5996 831730
5997 831756
5998 832140
5999 832410
6000 832620
6001 832680
6002 833046
6003 833376
6004 833460
6005 833736
6006 833746
6007 833946
6008 833976
6009 834006
6010 834256
6011 834276
6012 834340
6013 834606
6014 835116
6015 835390
6016 835426
6017 835720
6018 835810
6019 836130
6020 836316
6021 836346
6022 836470
6023 836820
6024 836916
6025 836920
6026 836950
6027 837070
6028 837190
6029 837306
6030 837376
6031 837720
6032 838156
6033 838366
6034 838420
6035 838516
6036 838630
6037 838756
6038 838780
6039 839086
6040 839326
6041 839380
6042 839650
6043 839790
6044 839800
6045 839836
6046 840180
6047 840196
6048 840346
6049 840456
6050 841236
6051 841276
6052 841410
6053 841426
6054 841726
6055 841920
6056 841986
6057 842146
6058 842406
6059 842416
6060 842446
6061 842766
6062 842770
6063 842950
6064 842986
6065 843126
6066 843130
6067 843210
6068 843346
6069 843486
6070 843810
6071 843880
6072 844246
6073 844296
6074 844756
6075 844846
6076 844866
6077 844890
6078 845016
6079 845026
6080 845136
6081 845566
6082 845770
6083 846160
6084 846216
6085 846340
6086 846420
6087 846666
6088 846840
6089 847476
6090 847506
6091 847870
6092 847900
6093 847936
6094 848226
6095 848250
6096 848386
6097 848566
6098 848646
6099 848680
6100 848850
6101 849096
6102 849240
6103 849270
6104 849346
6105 849466
6106 849990
6107 850020
6108 850386
6109 850456
6110 850570
6111 850890
6112 850950
6113 851116
6114 851176
6115 851380
6116 851400
6117 851490
6118 851506
6119 852150
6120 852166
6121 852640
6122 852660
6123 852880
6124 853006
6125 853290
6126 853426
6127 853636
6128 853716
6129 854466
6130 854806
6131 854896
6132 855276
6133 855426
6134 855510
6135 855696
6136 855856
6137 856060
6138 856486
6139 856546
6140 856696
6141 856710
6142 856720
6143 856896
6144 857010
6145 857200
6146 857220
6147 857356
6148 857406
6149 857430
6150 858126
6151 858166
6152 858456
6153 858466
6154 859080
6155 859666
6156 860316
6157 860440
6158 860970
6159 861000
6160 861550
6161 861900
6162 861936
6163 862096
6164 862156
6165 862296
6166 862330
6167 862416
6168 862486
6169 862500
6170 862540
6171 862626
6172 862650
6173 862860
6174 863496
6175 863850
6176 863886
6177 863916
6178 864006
6179 864136
6180 864150
6181 864630
6182 864736
6183 864780
6184 864810
6185 864900
6186 864916
6187 865086
6188 865200
6189 865260
6190 865326
6191 865596
6192 865770
6193 865846
6194 865876
6195 866056
6196 866100
6197 866196
6198 866230
6199 866736
6200 866776
6201 867130
6202 867256
6203 867400
6204 867630
6205 867780
6206 867886
6207 868326
6208 868530
6209 868890
6210 868936
6211 869020
6212 869256
6213 870096
6214 870130
6215 870136
6216 870210
6217 870240
6218 870340
6219 870390
6220 870546
6221 870730
6222 870870
6223 870976
6224 871000
6225 871026
6226 871176
6227 871516
6228 871530
6229 871596
6230 871656
6231 871816
6232 872140
6233 872160
6234 872236
6235 872280
6236 872586
6237 872670
6238 872736
6239 872950
6240 873316
6241 873330
6242 873720
6243 873876
6244 874090
6245 874120
6246 874150
6247 874386
6248 874456
6249 874486
6250 874966
6251 875446
6252 875520
6253 875626
6254 875716
6255 876016
6256 876096
6257 876106
6258 876180
6259 876190
6260 876256
6261 876370
6262 876496
6263 876580
6264 876730
6265 877056
6266 877110
6267 877236
6268 877410
6269 877530
6270 877660
6271 877866
6272 877906
6273 878130
6274 878620
6275 878640
6276 878650
6277 878776
6278 878796
6279 878850
6280 879096
6281 879246
6282 879370
6283 879580
6284 879660
6285 880000
6286 880020
6287 880090
6288 880330
6289 880540
6290 880960
6291 881190
6292 881406
6293 881410
6294 881416
6295 881596
6296 881610
6297 881910
6298 882030
6299 882550
6300 882570
6301 882696
6302 882700
6303 882876
6304 882880
6305 883246
6306 883326
6307 883390
6308 883450
6309 883536
6310 883660
6311 883780
6312 884340
6313 884496
6314 884536
6315 885040
6316 885096
6317 885790
6318 885946
6319 885966
6320 885970
6321 886336
6322 886516
6323 886536
6324 887176
6325 887616
6326 887836
6327 888396
6328 888996
6329 889170
6330 889246
6331 889630
6332 889746
6333 889950
6334 890010
6335 890026
6336 890106
6337 890146
6338 890290
6339 890376
6340 890706
6341 890710
6342 890760
6343 890956
6344 891150
6345 891420
6346 891426
6347 891486
6348 891550
6349 891570
6350 891616
6351 891676
6352 891906
6353 892056
6354 892140
6355 892270
6356 892986
6357 893050
6358 893146
6359 893236
6360 893256
6361 893406
6362 893520
6363 893916
6364 894036
6365 894180
6366 894190
6367 894276
6368 894390
6369 894520
6370 894540
6371 894996
6372 895050
6373 895356
6374 895470
6375 895506
6376 895570
6377 895650
6378 896166
6379 896296
6380 896326
6381 896536
6382 896560
6383 896920
6384 897006
6385 897076
6386 897300
6387 897556
6388 897816
6389 898180
6390 898210
6391 898560
6392 898660
6393 898950
6394 899386
6395 899446
6396 899536
6397 899880
6398 900006
6399 900036
6400 900240
6401 900480
6402 900760
6403 900816
6404 901176
6405 901440
6406 901456
6407 901470
6408 901686
6409 902200
6410 902280
6411 902346
6412 902470
6413 902610
6414 902826
6415 902970
6416 902986
6417 903210
6418 903760
6419 903780
6420 903870
6421 903966
6422 904086
6423 904146
6424 904356
6425 904660
6426 904666
6427 905010
6428 905086
6429 905490
6430 905550
6431 905580
6432 905646
6433 906106
6434 906426
6435 906480
6436 906496
6437 906556
6438 906616
6439 906700
6440 906816
6441 907030
6442 907666
6443 907870
6444 908040
6445 908056
6446 908080
6447 908376
6448 908440
6449 908490
6450 908520
6451 908626
6452 908710
6453 908730
6454 909036
6455 909060
6456 909340
6457 909400
6458 909520
6459 909730
6460 909736
6461 909976
6462 910030
6463 910140
6464 910360
6465 910470
6466 910620
6467 910770
6468 911166
6469 911310
6470 911320
6471 911506
6472 912030
6473 912060
6474 912186
6475 912226
6476 912486
6477 912910
6478 912940
6479 912970
6480 913150
6481 913420
6482 913770
6483 913810
6484 914130
6485 914520
6486 914860
6487 914980
6488 915366
6489 915526
6490 915586
6491 915696
6492 915730
6493 916030
6494 916120
6495 916140
6496 916186
6497 916260
6498 916290
6499 916450
6500 916786
6501 916906
6502 917140
6503 917226
6504 917250
6505 917380
6506 917736
6507 917770
6508 917830
6509 918010
6510 918300
6511 918340
6512 918396
6513 918750
6514 919020
6515 919266
6516 919630
6517 919816
6518 920136
6519 920946
6520 920950
6521 921286
6522 921820
6523 922080
6524 922086
6525 922210
6526 922486
6527 922666
6528 922780
6529 923016
6530 923046
6531 923136
6532 923310
6533 923566
6534 923860
6535 924036
6536 924040
6537 924420
6538 924616
6539 924696
6540 924826
6541 924870
6542 925026
6543 925096
6544 925390
6545 925446
6546 925936
6547 925996
6548 926026
6549 926350
6550 926376
6551 926460
6552 926506
6553 926536
6554 926706
6555 927166
6556 927396
6557 927496
6558 927540
6559 927676
6560 927820
6561 927846
6562 929086
6563 929140
6564 929280
6565 929736
6566 929740
6567 929880
6568 929940
6569 930010
6570 930276
6571 930616
6572 930736
6573 930976
6574 931066
6575 931096
6576 931126
6577 931266
6578 931486
6579 931620
6580 931756
6581 931906
6582 932050
6583 932206
6584 932230
6585 932340
6586 932416
6587 932440
6588 932520
6589 932566
6590 932646
6591 932676
6592 932886
6593 932916
6594 933156
6595 933240
6596 933796
6597 933810
6598 934116
6599 934126
6600 934386
6601 934480
6602 934546
6603 934560
6604 934810
6605 934830
6606 935196
6607 935686
6608 935716
6609 935770
6610 936310
6611 936556
6612 936796
6613 936826
6614 936940
6615 937120
6616 937186
6617 937330
6618 937480
6619 937510
6620 937536
6621 937570
6622 937590
6623 937666
6624 937746
6625 937840
6626 937900
6627 937990
6628 938050
6629 938346
6630 938386
6631 938590
6632 938616
6633 939156
6634 939316
6635 939376
6636 939930
6637 940200
6638 940530
6639 940930
6640 941206
6641 941406
6642 941440
6643 941470
6644 942016
6645 942090
6646 942576
6647 942826
6648 943230
6649 943356
6650 943566
6651 943800
6652 943966
6653 944190
6654 944386
6655 944560
6656 944700
6657 944730
6658 944820
6659 944896
6660 945226
6661 945520
6662 945630
6663 945676
6664 945766
6665 945786
6666 945906
6667 946030
6668 946176
6669 946410
6670 946680
6671 946696
6672 946960
6673 947026
6674 947170
6675 947376
6676 947620
6677 947710
6678 947910
6679 948406
6680 948456
6681 948556
6682 948946
6683 949020
6684 949120
6685 949170
6686 949810
6687 949890
6688 950176
6689 950530
6690 950716
6691 950836
6692 950946
6693 951000
6694 951100
6695 951330
6696 951340
6697 951366
6698 951490
6699 952096
6700 952110
6701 952246
6702 952656
6703 952810
6704 953680
6705 953850
6706 954006
6707 954066
6708 954220
6709 954306
6710 954570
6711 955270
6712 955606
6713 955776
6714 955780
6715 955990
6716 956146
6717 956520
6718 956880
6719 956940
6720 956950
6721 957160
6722 957820
6723 957870
6724 957976
6725 958896
6726 959676
6727 959940
6728 960030
6729 960646
6730 960940
6731 960960
6732 961140
6733 961240
6734 961426
6735 961546
6736 961600
6737 961756
6738 961926
6739 961990
6740 962010
6741 962160
6742 962416
6743 962446
6744 962560
6745 962860
6746 963186
6747 963300
6748 963330
6749 963706
6750 963816
6751 964080
6752 964416
6753 964506
6754 964860
6755 964896
6756 965046
6757 965116
6758 965200
6759 965226
6760 965566
6761 965776
6762 966400
6763 966676
6764 967060
6765 967170
6766 967450
6767 967506
6768 968016
6769 968110
6770 968236
6771 968320
6772 968500
6773 968556
6774 968896
6775 968910
6776 969040
6777 969430
6778 969456
6779 969460
6780 969466
6781 969670
6782 969910
6783 970030
6784 970266
6785 970446
6786 970480
6787 970720
6788 970786
6789 971026
6790 971050
6791 971110
6792 971386
6793 971400
6794 971500
6795 971856
6796 971916
6797 971980
6798 972016
6799 972196
6800 972426
6801 972610
6802 972636
6803 973066
6804 973176
6805 973410
6806 973420
6807 973486
6808 973590
6809 973726
6810 973780
6811 973956
6812 974146
6813 974260
6814 974430
6815 974530
6816 975010
6817 975186
6818 975280
6819 975420
6820 975496
6821 975690
6822 975730
6823 975810
6824 975826
6825 975846
6826 976090
6827 976176
6828 976300
6829 976536
6830 976600
6831 976606
6832 976990
6833 977356
6834 977860
6835 977970
6836 978070
6837 978156
6838 978510
6839 978850
6840 978906
6841 979456
6842 979566
6843 979716
6844 980116
6845 980730
6846 980956
6847 981010
6848 981150
6849 981436
6850 981450
6851 981600
6852 981706
6853 981810
6854 981816
6855 981940
6856 981946
6857 982020
6858 982056
6859 982066
6860 982186
6861 982620
6862 982686
6863 982866
6864 982930
6865 983490
6866 983776
6867 984036
6868 984090
6869 984166
6870 984210
6871 984340
6872 984426
6873 984496
6874 984540
6875 984700
6876 984756
6877 984880
6878 985150
6879 985306
6880 985806
6881 985866
6882 986190
6883 986206
6884 986286
6885 986470
6886 986566
6887 986596
6888 986850
6889 986980
6890 987096
6891 987190
6892 987250
6893 987586
6894 987970
6895 988110
6896 988570
6897 988650
6898 988660
6899 988726
6900 989070
6901 989326
6902 989886
6903 989920
6904 989950
6905 990330
6906 990360
6907 990370
6908 990630
6909 990766
6910 990840
6911 990850
6912 990880
6913 990916
6914 990966
6915 991026
6916 991030
6917 991090
6918 991260
6919 991530
6920 991620
6921 991926
6922 991930
6923 991950
6924 992860
6925 993106
6926 993196
6927 993240
6928 993616
6929 994140
6930 994296
6931 994320
6932 994390
6933 994656
6934 994866
6935 994900
6936 994906
6937 994926
6938 995386
6939 995650
6940 995800
6941 995956
6942 996066
6943 996166
6944 996270
6945 996310
6946 996460
6947 996636
6948 996886
6949 996966
6950 997036
6951 997146
6952 997390
6953 997540
6954 997806
6955 998116
6956 998160
6957 998280
6958 998310
6959 998896
6960 999180
6961 999306
6962 999960
6963 1000036
6964 1000120
6965 1000356
6966 1000456
6967 1000536
6968 1001196
6969 1001380
6970 1001386
6971 1001410
6972 1001446
6973 1001796
6974 1001820
6975 1001830
6976 1002016
6977 1002060
6978 1002340
6979 1002796
6980 1002816
6981 1003000
6982 1003090
6983 1003240
6984 1003396
6985 1003416
6986 1003770
6987 1003906
6988 1004116
6989 1004566
6990 1004650
6991 1004656
6992 1004760
6993 1004916
6994 1005160
6995 1005216
6996 1005390
6997 1005426
6998 1005466
6999 1005660
7000 1005676
7001 1005700
7002 1005760
7003 1005930
7004 1006170
7005 1006176
7006 1006236
7007 1006266
7008 1006350
7009 1006890
7010 1006990
7011 1007046
7012 1007296
7013 1007386
7014 1007496
7015 1007650
7016 1007710
7017 1007860
7018 1008100
7019 1008186
7020 1008346
7021 1008406
7022 1008816
7023 1008850
7024 1009006
7025 1009036
7026 1009236
7027 1009506
7028 1009530
7029 1009746
7030 1010080
7031 1010296
7032 1010380
7033 1010410
7034 1010460
7035 1010490
7036 1010670
7037 1010796
7038 1010916
7039 1011036
7040 1011090
7041 1011136
7042 1011370
7043 1011406
7044 1011916
7045 1012420
7046 1012716
7047 1013226
7048 1013266
7049 1013686
7050 1013766
7051 1014256
7052 1014300
7053 1014336
7054 1014570
7055 1014676
7056 1014696
7057 1015080
7058 1015366
7059 1015470
7060 1015506
7061 1016110
7062 1016356
7063 1016526
7064 1016620
7065 1016730
7066 1016890
7067 1016940
7068 1017006
7069 1017130
7070 1017156
7071 1017226
7072 1017300
7073 1017306
7074 1017376
7075 1017436
7076 1017826
7077 1017880
7078 1018006
7079 1018290
7080 1018300
7081 1018336
7082 1018446
7083 1018966
7084 1019070
7085 1019376
7086 1019646
7087 1020006
7088 1020156
7089 1020246
7090 1020360
7091 1020450
7092 1020516
7093 1020756
7094 1020930
7095 1021066
7096 1021326
7097 1021440
7098 1021486
7099 1021710
7100 1021830
7101 1022136
7102 1022140
7103 1022500
7104 1022890
7105 1022980
7106 1023046
7107 1023100
7108 1023276
7109 1023366
7110 1023570
7111 1023856
7112 1024420
7113 1024920
7114 1024996
7115 1025256
7116 1025416
7117 1025610
7118 1026040
7119 1026126
7120 1026250
7121 1026520
7122 1026760
7123 1026886
7124 1026910
7125 1027050
7126 1027240
7127 1027390
7128 1027716
7129 1027726
7130 1027890
7131 1027930
7132 1028080
7133 1028106
7134 1028220
7135 1028316
7136 1028556
7137 1028580
7138 1028736
7139 1029360
7140 1029576
7141 1029880
7142 1030200
7143 1031706
7144 1031730
7145 1031910
7146 1031980
7147 1032150
7148 1032510
7149 1032540
7150 1032570
7151 1032726
7152 1033006
7153 1033296
7154 1033380
7155 1033450
7156 1033506
7157 1033600
7158 1033666
7159 1034026
7160 1034100
7161 1034566
7162 1034596
7163 1034706
7164 1034826
7165 1034866
7166 1035190
7167 1035246
7168 1035426
7169 1035706
7170 1036000
7171 1036026
7172 1036306
7173 1036330
7174 1036410
7175 1036750
7176 1036830
7177 1037136
7178 1037566
7179 1037830
7180 1037916
7181 1038076
7182 1038210
7183 1038496
7184 1038720
7185 1039006
7186 1039110
7187 1039326
7188 1039516
7189 1039536
7190 1039666
7191 1039900
7192 1040050
7193 1040380
7194 1040650
7195 1040806
7196 1040820
7197 1040860
7198 1041090
7199 1041166
7200 1041306
7201 1041496
7202 1041570
7203 1041616
7204 1041670
7205 1041990
7206 1042080
7207 1042186
7208 1042380
7209 1042450
7210 1042576
7211 1042780
7212 1042896
7213 1042900
7214 1043130
7215 1043290
7216 1043376
7217 1043520
7218 1043586
7219 1043590
7220 1043920
7221 1044166
7222 1044396
7223 1044696
7224 1044760
7225 1044780
7226 1044996
7227 1045110
7228 1045116
7229 1045240
7230 1045320
7231 1045396
7232 1045570
7233 1045620
7234 1045840
7235 1046080
7236 1046236
7237 1046256
7238 1046526
7239 1046556
7240 1046640
7241 1046790
7242 1047126
7243 1047270
7244 1047490
7245 1047670
7246 1047690
7247 1047750
7248 1047820
7249 1048050
7250 1048126
7251 1048720
7252 1048866
7253 1048890
7254 1048990
7255 1049050
7256 1049136
7257 1049296
7258 1049436
7259 1049676
7260 1050040
7261 1050420
7262 1050610
7263 1050976
7264 1051150
7265 1051960
7266 1052136
7267 1052140
7268 1052220
7269 1052530
7270 1052880
7271 1053400
7272 1053406
7273 1053510
7274 1053550
7275 1053556
7276 1053696
7277 1054380
7278 1054926
7279 1055266
7280 1055370
7281 1055386
7282 1055470
7283 1055880
7284 1056616
7285 1056666
7286 1056910
7287 1056916
7288 1057830
7289 1057980
7290 1058170
7291 1058376
7292 1058460
7293 1058566
7294 1058820
7295 1058950
7296 1059000
7297 1059220
7298 1059250
7299 1059510
7300 1059516
7301 1059646
7302 1059696
7303 1059756
7304 1059786
7305 1060050
7306 1060176
7307 1060356
7308 1060390
7309 1060440
7310 1060486
7311 1060686
7312 1060776
7313 1061310
7314 1061526
7315 1061706
7316 1061830
7317 1062120
7318 1062406
7319 1062880
7320 1062910
7321 1063440
7322 1063560
7323 1063636
7324 1063926
7325 1063986
7326 1064086
7327 1064130
7328 1064280
7329 1064430
7330 1064470
7331 1064730
7332 1064736
7333 1065016
7334 1065850
7335 1066156
7336 1066620
7337 1066846
7338 1066930
7339 1067046
7340 1067146
7341 1067326
7342 1067746
7343 1068130
7344 1068190
7345 1068366
7346 1068460
7347 1068576
7348 1068610
7349 1068630
7350 1068676
7351 1068750
7352 1068876
7353 1068900
7354 1068940
7355 1069006
7356 1069506
7357 1069666
7358 1069810
7359 1069920
7360 1069926
7361 1069930
7362 1070130
7363 1070196
7364 1070430
7365 1070556
7366 1070850
7367 1070920
7368 1070986
7369 1071046
7370 1071120
7371 1071150
7372 1071406
7373 1071450
7374 1071456
7375 1071486
7376 1071570
7377 1071760
7378 1071840
7379 1071856
7380 1071870
7381 1071976
7382 1072146
7383 1072396
7384 1072516
7385 1073140
7386 1073320
7387 1073446
7388 1073490
7389 1073646
7390 1073686
7391 1073790
7392 1073836
7393 1073950
7394 1074066
7395 1074360
7396 1074426
7397 1074706
7398 1074750
7399 1074990
7400 1075020
7401 1075200
7402 1075600
7403 1075650
7404 1075666
7405 1076110
7406 1076476
7407 1076556
7408 1076766
7409 1076820
7410 1077190
7411 1077220
7412 1077300
7413 1077540
7414 1077750
7415 1078240
7416 1078656
7417 1079010
7418 1079080
7419 1079106
7420 1079250
7421 1079430
7422 1079526
7423 1079796
7424 1080280
7425 1080846
7426 1081126
7427 1081246
7428 1081416
7429 1081636
7430 1081656
7431 1081710
7432 1081756
7433 1081780
7434 1081900
7435 1081936
7436 1082160
7437 1082706
7438 1082716
7439 1082880
7440 1083150
7441 1083910
7442 1084266
7443 1084450
7444 1084470
7445 1084756
7446 1084776
7447 1084890
7448 1085010
7449 1085016
7450 1085316
7451 1085406
7452 1085520
7453 1085550
7454 1085626
7455 1085770
7456 1085866
7457 1085880
7458 1086250
7459 1086256
7460 1086640
7461 1086900
7462 1086930
7463 1087230
7464 1087240
7465 1087450
7466 1087560
7467 1087786
7468 1087816
7469 1087840
7470 1088406
7471 1088686
7472 1088826
7473 1088850
7474 1089046
7475 1089190
7476 1089196
7477 1089550
7478 1089966
7479 1090456
7480 1090696
7481 1090936
7482 1091266
7483 1091476
7484 1091560
7485 1091626
7486 1091776
7487 1092066
7488 1092250
7489 1092306
7490 1092990
7491 1093176
7492 1093236
7493 1093306
7494 1093330
7495 1093570
7496 1093590
7497 1093746
7498 1093900
7499 1093990
7500 1094080
7501 1094130
7502 1094416
7503 1094460
7504 1094700
7505 1094746
7506 1095220
7507 1095426
7508 1095486
7509 1096030
7510 1096140
7511 1097080
7512 1097100
7513 1097146
7514 1098100
7515 1098210
7516 1098480
7517 1098540
7518 1098736
7519 1098786
7520 1098966
7521 1099050
7522 1099180
7523 1099390
7524 1099620
7525 1099716
7526 1099770
7527 1099840
7528 1099960
7529 1100050
7530 1100166
7531 1100320
7532 1100580
7533 1101340
7534 1101376
7535 1101850
7536 1101870
7537 1102020
7538 1102026
7539 1102180
7540 1102920
7541 1103086
7542 1103280
7543 1103616
7544 1103736
7545 1103986
7546 1104096
7547 1104106
7548 1104156
7549 1104220
7550 1104430
7551 1104556
7552 1104750
7553 1104820
7554 1105066
7555 1105456
7556 1105500
7557 1105546
7558 1105570
7559 1105806
7560 1106310
7561 1106446
7562 1106746
7563 1106800
7564 1107156
7565 1107340
7566 1107346
7567 1107526
7568 1107720
7569 1107796
7570 1107880
7571 1108006
7572 1108126
7573 1108266
7574 1108356
7575 1108746
7576 1108966
7577 1109056
7578 1109166
7579 1109286
7580 1109290
7581 1109736
7582 1109860
7583 1109890
7584 1109986
7585 1110060
7586 1110076
7587 1110126
7588 1110246
7589 1110396
7590 1110666
7591 1111246
7592 1111360
7593 1111446
7594 1111530
7595 1111636
7596 1111650
7597 1111866
7598 1111896
7599 1112010
7600 1112086
7601 1112130
7602 1112200
7603 1112650
7604 1112820
7605 1112856
7606 1112940
7607 1113186
7608 1113220
7609 1113420
7610 1113490
7611 1113876
7612 1113996
7613 1114206
7614 1114426
7615 1114470
7616 1114566
7617 1114696
7618 1114936
7619 1115010
7620 1115116
7621 1115350
7622 1115446
7623 1115530
7624 1115550
7625 1115580
7626 1115830
7627 1115856
7628 1115940
7629 1116090
7630 1116186
7631 1116336
7632 1116460
7633 1117116
7634 1117600
7635 1117756
7636 1117860
7637 1117866
7638 1117900
7639 1118316
7640 1118370
7641 1118566
7642 1118796
7643 1118806
7644 1118826
7645 1118836
7646 1118856
7647 1119610
7648 1119870
7649 1119946
7650 1120186
7651 1120290
7652 1120320
7653 1120506
7654 1120546
7655 1120770
7656 1120786
7657 1120870
7658 1121296
7659 1121386
7660 1121430
7661 1121670
7662 1121836
7663 1121946
7664 1122070
7665 1122136
7666 1122156
7667 1122280
7668 1122286
7669 1122396
7670 1122720
7671 1122760
7672 1123080
7673 1123510
7674 1123540
7675 1123566
7676 1123896
7677 1124866
7678 1125216
7679 1125316
7680 1125390
7681 1126210
7682 1126500
7683 1126710
7684 1126786
7685 1127176
7686 1127226
7687 1127350
7688 1127460
7689 1127616
7690 1128640
7691 1128696
7692 1128996
7693 1129126
7694 1129216
7695 1129576
7696 1129716
7697 1129840
7698 1129860
7699 1129950
7700 1130236
7701 1130500
7702 1130560
7703 1130650
7704 1130676
7705 1130740
7706 1131436
7707 1131670
7708 1131820
7709 1132300
7710 1132566
7711 1132996
7712 1133016
7713 1133356
7714 1133466
7715 1133476
7716 1133550
7717 1134030
7718 1134036
7719 1134046
7720 1134150
7721 1134436
7722 1134586
7723 1134786
7724 1134976
7725 1135170
7726 1135200
7727 1135236
7728 1135720
7729 1135846
7730 1135890
7731 1135950
7732 1136076
7733 1136146
7734 1136220
7735 1136410
7736 1136460
7737 1136476
7738 1136566
7739 1136740
7740 1136950
7741 1137006
7742 1137166
7743 1137706
7744 1137910
7745 1137990
7746 1138140
7747 1138440
7748 1138546
7749 1138566
7750 1138590
7751 1138956
7752 1138960
7753 1138966
7754 1138986
7755 1139490
7756 1139556
7757 1139716
7758 1139860
7759 1139950
7760 1140156
7761 1140256
7762 1140486
7763 1140610
7764 1140786
7765 1141026
7766 1141066
7767 1141170
7768 1141270
7769 1141446
7770 1141476
7771 1141506
7772 1141540
7773 1141866
7774 1142020
7775 1142170
7776 1142706
7777 1142970
7778 1143166
7779 1143340
7780 1143406
7781 1143600
7782 1143976
7783 1144000
7784 1144006
7785 1144080
7786 1144510
7787 1144680
7788 1144836
7789 1145190
7790 1145460
7791 1145610
7792 1145746
7793 1146070
7794 1146090
7795 1146096
7796 1146220
7797 1146406
7798 1146490
7799 1146726
7800 1146786
7801 1146796
7802 1146856
7803 1146916
7804 1147620
7805 1147696
7806 1147896
7807 1147930
7808 1148046
7809 1148110
7810 1148170
7811 1148290
7812 1148836
7813 1148940
7814 1148970
7815 1148976
7816 1149486
7817 1149636
7818 1149886
7819 1149990
7820 1150030
7821 1150056
7822 1150140
7823 1150150
7824 1150396
7825 1150416
7826 1150446
7827 1150740
7828 1151046
7829 1151536
7830 1151580
7831 1151806
7832 1151980
7833 1152036
7834 1152076
7835 1152180
7836 1152316
7837 1152790
7838 1153020
7839 1153240
7840 1153246
7841 1153266
7842 1153530
7843 1153686
7844 1153720
7845 1153870
7846 1153920
7847 1154410
7848 1154566
7849 1154650
7850 1155246
7851 1155310
7852 1155376
7853 1155606
7854 1155820
7855 1156230
7856 1156270
7857 1156296
7858 1156636
7859 1156746
7860 1157010
7861 1157236
7862 1157640
7863 1157836
7864 1158216
7865 1158270
7866 1158586
7867 1158820
7868 1158960
7869 1158976
7870 1159006
7871 1159230
7872 1159240
7873 1159380
7874 1159576
7875 1159786
7876 1159876
7877 1160040
7878 1160146
7879 1160296
7880 1160370
7881 1160446
7882 1160806
7883 1161030
7884 1161046
7885 1161136
7886 1161400
7887 1161550
7888 1161616
7889 1161780
7890 1161850
7891 1161996
7892 1162080
7893 1162360
7894 1162596
7895 1162630
7896 1162866
7897 1162900
7898 1162926
7899 1162980
7900 1163080
7901 1163250
7902 1163506
7903 1163556
7904 1163610
7905 1163626
7906 1163946
7907 1164000
7908 1164070
7909 1164076
7910 1164430
7911 1164616
7912 1164966
7913 1165080
7914 1165300
7915 1165396
7916 1165470
7917 1165750
7918 1166676
7919 1167076
7920 1167546
7921 1167580
7922 1167696
7923 1167706
7924 1167790
7925 1167846
7926 1168000
7927 1168030
7928 1168356
7929 1168756
7930 1168876
7931 1168986
7932 1168996
7933 1169016
7934 1169340
7935 1169380
7936 1169626
7937 1169676
7938 1170010
7939 1170496
7940 1170856
7941 1171060
7942 1171300
7943 1171600
7944 1171866
7945 1171920
7946 1171930
7947 1171980
7948 1172026
7949 1172206
7950 1172260
7951 1172466
7952 1172866
7953 1173000
7954 1173100
7955 1173300
7956 1173586
7957 1173810
7958 1173946
7959 1174210
7960 1174266
7961 1174306
7962 1174440
7963 1174476
7964 1174530
7965 1175626
7966 1175980
7967 1176060
7968 1176120
7969 1176126
7970 1176366
7971 1176376
7972 1176390
7973 1176556
7974 1176646
7975 1176670
7976 1176786
7977 1176796
7978 1176810
7979 1176870
7980 1177066
7981 1177086
7982 1177146
7983 1177200
7984 1177290
7985 1177666
7986 1178196
7987 1178460
7988 1178620
7989 1178706
7990 1178710
7991 1178970
7992 1179010
7993 1179570
7994 1179636
7995 1179676
7996 1179900
7997 1179946
7998 1180086
7999 1180140
8000 1180396
8001 1180536
8002 1180896
8003 1180936
8004 1181196
8005 1181580
8006 1181616
8007 1181766
8008 1181896
8009 1181910
8010 1182120
8011 1182330
8012 1182340
8013 1182396
8014 1182520
8015 1182546
8016 1182610
8017 1182916
8018 1183056
8019 1183150
8020 1183336
8021 1183470
8022 1183770
8023 1183950
8024 1184460
8025 1184550
8026 1184796
8027 1184866
8028 1184926
8029 1185076
8030 1185496
8031 1185600
8032 1186000
8033 1186056
8034 1186126
8035 1186396
8036 1186930
8037 1187200
8038 1187550
8039 1187566
8040 1187940
8041 1188040
8042 1188276
8043 1188306
8044 1188456
8045 1188526
8046 1188666
8047 1188850
8048 1188990
8049 1189230
8050 1189276
8051 1189480
8052 1189576
8053 1189900
8054 1190010
8055 1190070
8056 1190290
8057 1190490
8058 1190830
8059 1191430
8060 1191610
8061 1191766
8062 1192026
8063 1192200
8064 1192270
8065 1192570
8066 1192650
8067 1193866
8068 1194030
8069 1194040
8070 1194156
8071 1194210
8072 1194516
8073 1194750
8074 1194876
8075 1195230
8076 1195246
8077 1195500
8078 1195720
8079 1195926
8080 1196176
8081 1196280
8082 1196520
8083 1196706
8084 1196856
8085 1197036
8086 1197040
8087 1197276
8088 1197576
8089 1197820
8090 1197940
8091 1198080
8092 1198186
8093 1198246
8094 1198320
8095 1198396
8096 1198750
8097 1198876
8098 1199356
8099 1199376
8100 1199416
8101 1199520
8102 1199586
8103 1199850
8104 1200006
8105 1200076
8106 1200190
8107 1200580
8108 1200810
8109 1201246
8110 1201380
8111 1202026
8112 1202220
8113 1202320
8114 1202436
8115 1202806
8116 1202880
8117 1203100
8118 1203150
8119 1203466
8120 1203556
8121 1203640
8122 1204170
8123 1204396
8124 1204596
8125 1204680
8126 1204870
8127 1204966
8128 1205046
8129 1205436
8130 1205536
8131 1205556
8132 1205946
8133 1206016
8134 1206130
8135 1206150
8136 1206306
8137 1206406
8138 1206466
8139 1206636
8140 1206700
8141 1207000
8142 1207210
8143 1207290
8144 1207330
8145 1207350
8146 1207386
8147 1207440
8148 1208026
8149 1208590
8150 1208676
8151 1208740
8152 1208820
8153 1209250
8154 1209276
8155 1209670
8156 1209930
8157 1210410
8158 1210476
8159 1210816
8160 1210966
8161 1211056
8162 1211476
8163 1211796
8164 1212226
8165 1212360
8166 1212396
8167 1212846
8168 1213006
8169 1213080
8170 1213270
8171 1213300
8172 1213366
8173 1213426
8174 1213450
8175 1213746
8176 1213800
8177 1213930
8178 1214196
8179 1214356
8180 1214406
8181 1214430
8182 1214890
8183 1214956
8184 1214976
8185 1215120
8186 1215166
8187 1215420
8188 1215450
8189 1215630
8190 1215786
8191 1216066
8192 1216086
8193 1216276
8194 1216416
8195 1216450
8196 1216576
8197 1216710
8198 1216716
8199 1216806
8200 1216866
8201 1216950
8202 1216960
8203 1217056
8204 1217470
8205 1217616
8206 1217920
8207 1217940
8208 1217946
8209 1218130
8210 1218246
8211 1218276
8212 1218466
8213 1218630
8214 1218900
8215 1219650
8216 1219846
8217 1219870
8218 1219956
8219 1220040
8220 1220346
8221 1221096
8222 1221130
8223 1221166
8224 1221246
8225 1221456
8226 1221766
8227 1222026
8228 1222056
8229 1222156
8230 1222170
8231 1222230
8232 1222666
8233 1222800
8234 1222810
8235 1222830
8236 1223050
8237 1223076
8238 1223470
8239 1223586
8240 1224120
8241 1224766
8242 1224850
8243 1225096
8244 1225110
8245 1225260
8246 1225506
8247 1225576
8248 1225620
8249 1226076
8250 1226086
8251 1226110
8252 1226236
8253 1226346
8254 1226800
8255 1226806
8256 1226830
8257 1226890
8258 1227240
8259 1227406
8260 1227436
8261 1227496
8262 1227870
8263 1227886
8264 1228090
8265 1228276
8266 1228540
8267 1228906
8268 1229020
8269 1229316
8270 1229806
8271 1229826
8272 1230106
8273 1230126
8274 1230180
8275 1230336
8276 1230346
8277 1230376
8278 1230570
8279 1230790
8280 1231126
8281 1231276
8282 1231336
8283 1231770
8284 1231830
8285 1232170
8286 1232290
8287 1232350
8288 1232416
8289 1232830
8290 1232940
8291 1233096
8292 1233436
8293 1233750
8294 1233906
8295 1234146
8296 1234350
8297 1234390
8298 1234516
8299 1234656
8300 1234786
8301 1234900
8302 1234950
8303 1235416
8304 1235500
8305 1236306
8306 1236336
8307 1236540
8308 1236726
8309 1236796
8310 1236810
8311 1236900
8312 1237440
8313 1237470
8314 1237486
8315 1237726
8316 1238436
8317 1238550
8318 1238620
8319 1238770
8320 1238826
8321 1238916
8322 1238920
8323 1239000
8324 1239310
8325 1239366
8326 1239456
8327 1239960
8328 1240240
8329 1240510
8330 1240740
8331 1240750
8332 1240776
8333 1240830
8334 1241080
8335 1241256
8336 1241350
8337 1241436
8338 1241556
8339 1241626
8340 1241770
8341 1242180
8342 1242346
8343 1242640
8344 1242816
8345 1243096
8346 1243110
8347 1243210
8348 1243476
8349 1243960
8350 1244500
8351 1244740
8352 1245066
8353 1245780
8354 1246260
8355 1246306
8356 1246360
8357 1246386
8358 1246840
8359 1247016
8360 1247100
8361 1247230
8362 1247526
8363 1247620
8364 1247880
8365 1247950
8366 1248040
8367 1248210
8368 1248240
8369 1248390
8370 1248550
8371 1248570
8372 1248640
8373 1248690
8374 1248880
8375 1248940
8376 1249186
8377 1249246
8378 1249510
8379 1249626
8380 1249690
8381 1249746
8382 1249900
8383 1250146
8384 1250200
8385 1250350
8386 1250356
8387 1250496
8388 1250610
8389 1250970
8390 1251096
8391 1251226
8392 1251316
8393 1251660
8394 1251786
8395 1251796
8396 1251880
8397 1251906
8398 1252186
8399 1252210
8400 1252330
8401 1252956
8402 1253170
8403 1253250
8404 1253326
8405 1253736
8406 1254250
8407 1254376
8408 1254526
8409 1254606
8410 1254636
8411 1255200
8412 1255336
8413 1255426
8414 1255476
8415 1255720
8416 1255800
8417 1255906
8418 1256346
8419 1256530
8420 1256586
8421 1256620
8422 1256836
8423 1256886
8424 1256890
8425 1257330
8426 1257490
8427 1257910
8428 1258000
8429 1258180
8430 1258416
8431 1258510
8432 1258596
8433 1258666
8434 1258870
8435 1258966
8436 1259080
8437 1259476
8438 1259676
8439 1260130
8440 1260166
8441 1260480
8442 1260766
8443 1260910
8444 1261300
8445 1261696
8446 1262146
8447 1262236
8448 1262290
8449 1262740
8450 1262896
8451 1263120
8452 1263336
8453 1263700
8454 1264036
8455 1264176
8456 1264540
8457 1264686
8458 1264786
8459 1265040
8460 1265430
8461 1265460
8462 1265596
8463 1265656
8464 1266100
8465 1266240
8466 1266490
8467 1266756
8468 1266840
8469 1266930
8470 1267120
8471 1267576
8472 1267756
8473 1267956
8474 1268050
8475 1268076
8476 1268566
8477 1268866
8478 1268880
8479 1269006
8480 1269040
8481 1269756
8482 1269906
8483 1270050
8484 1270146
8485 1270150
8486 1270360
8487 1270666
8488 1270960
8489 1271160
8490 1271350
8491 1271550
8492 1271686
8493 1271700
8494 1271806
8495 1271926
8496 1272090
8497 1272286
8498 1272346
8499 1272360
8500 1272546
8501 1272576
8502 1272810
8503 1273086
8504 1273230
8505 1273300
8506 1273416
8507 1273686
8508 1273786
8509 1273890
8510 1274050
8511 1274110
8512 1274266
8513 1274296
8514 1274380
8515 1274400
8516 1274560
8517 1274856
8518 1275010
8519 1275340
8520 1275600
8521 1275690
8522 1275736
8523 1275946
8524 1276146
8525 1276156
8526 1276396
8527 1276720
8528 1276966
8529 1276986
8530 1277040
8531 1277356
8532 1277460
8533 1277500
8534 1277740
8535 1277910
8536 1278046
8537 1278190
8538 1278286
8539 1278720
8540 1278996
8541 1279180
8542 1279360
8543 1279456
8544 1279510
8545 1279600
8546 1279626
8547 1279930
8548 1280100
8549 1280230
8550 1280400
8551 1280406
8552 1281046
8553 1281130
8554 1281166
8555 1281186
8556 1281256
8557 1281520
8558 1281666
8559 1281750
8560 1282006
8561 1282050
8562 1282186
8563 1282906
8564 1283026
8565 1283416
8566 1283520
8567 1283730
8568 1283766
8569 1283830
8570 1284046
8571 1284130
8572 1284540
8573 1284936
8574 1285050
8575 1285116
8576 1285180
8577 1285410
8578 1285606
8579 1285746
8580 1285846
8581 1285870
8582 1285980
8583 1286010
8584 1286146
8585 1286260
8586 1286286
8587 1286380
8588 1286640
8589 1286820
8590 1287466
8591 1287490
8592 1287706
8593 1287730
8594 1288116
8595 1288200
8596 1288306
8597 1289076
8598 1289620
8599 1289656
8600 1289866
8601 1290550
8602 1291210
8603 1291876
8604 1291956
8605 1291966
8606 1291990
8607 1292236
8608 1292830
8609 1292970
8610 1293030
8611 1293286
8612 1293306
8613 1293490
8614 1293790
8615 1294300
8616 1294816
8617 1294840
8618 1295190
8619 1295490
8620 1295740
8621 1296006
8622 1296226
8623 1296276
8624 1296600
8625 1296786
8626 1296816
8627 1296876
8628 1297060
8629 1297090
8630 1297170
8631 1297270
8632 1297336
8633 1297560
8634 1297650
8635 1298196
8636 1298290
8637 1298316
8638 1298350
8639 1298580
8640 1299040
8641 1299210
8642 1299840
8643 1299916
8644 1300110
8645 1300126
8646 1300296
8647 1300366
8648 1300390
8649 1300456
8650 1300596
8651 1300770
8652 1300780
8653 1301020
8654 1301170
8655 1301560
8656 1301920
8657 1302016
8658 1302396
8659 1302606
8660 1303260
8661 1303426
8662 1303536
8663 1303540
8664 1304320
8665 1305136
8666 1305300
8667 1305370
8668 1305580
8669 1305586
8670 1305690
8671 1306000
8672 1306006
8673 1306086
8674 1306240
8675 1306266
8676 1306366
8677 1306516
8678 1306660
8679 1306666
8680 1306776
8681 1306816
8682 1306890
8683 1306900
8684 1306996
8685 1307310
8686 1307416
8687 1307590
8688 1307770
8689 1307820
8690 1308330
8691 1308420
8692 1308556
8693 1308580
8694 1308736
8695 1308756
8696 1309206
8697 1309500
8698 1309630
8699 1309746
8700 1309816
8701 1309830
8702 1309926
8703 1310040
8704 1310260
8705 1310326
8706 1310370
8707 1310800
8708 1310926
8709 1311096
8710 1311990
8711 1312210
8712 1312300
8713 1312546
8714 1312636
8715 1312656
8716 1312950
8717 1313056
8718 1313236
8719 1313760
8720 1313796
8721 1313856
8722 1313910
8723 1313956
8724 1314216
8725 1314570
8726 1314586
8727 1314670
8728 1314700
8729 1314870
8730 1314940
8731 1315366
8732 1315620
8733 1315650
8734 1315836
8735 1315860
8736 1315890
8737 1315926
8738 1316016
8739 1316176
8740 1316950
8741 1317066
8742 1317426
8743 1317460
8744 1317760
8745 1317940
8746 1318146
8747 1318266
8748 1318440
8749 1318450
8750 1318476
8751 1318696
8752 1318726
8753 1318860
8754 1319146
8755 1319190
8756 1319650
8757 1320030
8758 1320180
8759 1320286
8760 1320336
8761 1320426
8762 1320436
8763 1320900
8764 1320946
8765 1321476
8766 1321656
8767 1321680
8768 1321980
8769 1321996
8770 1322020
8771 1322220
8772 1322260
8773 1322280
8774 1322340
8775 1322356
8776 1322500
8777 1322526
8778 1322640
8779 1322916
8780 1323130
8781 1323196
8782 1323436
8783 1323540
8784 1323610
8785 1323966
8786 1324390
8787 1324620
8788 1324716
8789 1324956
8790 1325016
8791 1325266
8792 1325976
8793 1326250
8794 1326586
8795 1326630
8796 1326756
8797 1326886
8798 1327236
8799 1327350
8800 1327830
8801 1327986
8802 1328100
8803 1328110
8804 1328236
8805 1328446
8806 1328476
8807 1328610
8808 1328776
8809 1328890
8810 1328926
8811 1329436
8812 1329760
8813 1329766
8814 1330030
8815 1330396
8816 1330576
8817 1331526
8818 1331590
8819 1331596
8820 1331800
8821 1331950
8822 1332166
8823 1332280
8824 1332546
8825 1332670
8826 1332766
8827 1332840
8828 1333230
8829 1333456
8830 1333690
8831 1333840
8832 1334056
8833 1334106
8834 1334356
8835 1334680
8836 1334736
8837 1335276
8838 1335330
8839 1335460
8840 1335526
8841 1335616
8842 1335790
8843 1336020
8844 1336036
8845 1336260
8846 1336546
8847 1336800
8848 1337316
8849 1337446
8850 1337730
8851 1337800
8852 1338276
8853 1338480
8854 1338736
8855 1338850
8856 1339056
8857 1339126
8858 1339156
8859 1339186
8860 1339206
8861 1339210
8862 1339816
8863 1340010
8864 1340040
8865 1340440
8866 1340476
8867 1340836
8868 1341120
8869 1341550
8870 1341580
8871 1342006
8872 1342246
8873 1342360
8874 1342530
8875 1342546
8876 1342590
8877 1342876
8878 1343070
8879 1343196
8880 1343716
8881 1343910
8882 1343986
8883 1344180
8884 1344406
8885 1344820
8886 1345026
8887 1345176
8888 1345296
8889 1345360
8890 1346310
8891 1346446
8892 1346590
8893 1346640
8894 1346746
8895 1346826
8896 1347636
8897 1348110
8898 1348246
8899 1348270
8900 1348380
8901 1348426
8902 1348620
8903 1348746
8904 1348756
8905 1348960
8906 1349280
8907 1349530
8908 1349946
8909 1350256
8910 1350316
8911 1350330
8912 1350366
8913 1350540
8914 1350676
8915 1350696
8916 1350846
8917 1351416
8918 1351750
8919 1351780
8920 1351920
8921 1352440
8922 1352760
8923 1352916
8924 1353280
8925 1353550
8926 1353900
8927 1354246
8928 1354390
8929 1354570
8930 1354600
8931 1355070
8932 1355446
8933 1355590
8934 1355806
8935 1355946
8936 1355956
8937 1356150
8938 1356450
8939 1356546
8940 1356720
8941 1356736
8942 1356946
8943 1357020
8944 1357350
8945 1357926
8946 1358086
8947 1358376
8948 1358436
8949 1358490
8950 1358506
8951 1358926
8952 1358956
8953 1359096
8954 1359570
8955 1359646
8956 1359976
8957 1360066
8958 1360080
8959 1360440
8960 1360516
8961 1360530
8962 1360606
8963 1360630
8964 1360686
8965 1361020
8966 1361046
8967 1361130
8968 1361286
8969 1361400
8970 1361676
8971 1362040
8972 1362286
8973 1362336
8974 1362370
8975 1362436
8976 1362636
8977 1362786
8978 1363026
8979 1363080
8980 1363806
8981 1363810
8982 1363866
8983 1363896
8984 1364326
8985 1364476
8986 1364580
8987 1364820
8988 1364910
8989 1364970
8990 1365180
8991 1365576
8992 1366020
8993 1366290
8994 1366296
8995 1366366
8996 1366426
8997 1366470
8998 1366576
8999 1366836
9000 1367056
9001 1367460
9002 1367580
9003 1367760
9004 1369410
9005 1369560
9006 1369786
9007 1369800
9008 1369980
9009 1370460
9010 1370616
9011 1371030
9012 1371120
9013 1371136
9014 1371550
9015 1371640
9016 1371660
9017 1371816
9018 1371826
9019 1372026
9020 1372050
9021 1372420
9022 1372726
9023 1372956
9024 1373050
9025 1373166
9026 1373346
9027 1373440
9028 1373716
9029 1373880
9030 1374006
9031 1374076
9032 1374340
9033 1374376
9034 1374510
9035 1374546
9036 1374730
9037 1374826
9038 1375006
9039 1375116
9040 1375416
9041 1375456
9042 1375530
9043 1375546
9044 1375570
9045 1375596
9046 1375900
9047 1376130
9048 1376170
9049 1376466
9050 1376736
9051 1376956
9052 1376980
9053 1377036
9054 1377126
9055 1377456
9056 1377666
9057 1378066
9058 1378080
9059 1378230
9060 1378336
9061 1378426
9062 1378566
9063 1378830
9064 1378906
9065 1379166
9066 1379200
9067 1379320
9068 1379680
9069 1379820
9070 1379856
9071 1379956
9072 1380240
9073 1380250
9074 1380340
9075 1380516
9076 1380810
9077 1380886
9078 1380970
9079 1381146
9080 1381270
9081 1381276
9082 1381420
9083 1381516
9084 1381836
9085 1382056
9086 1382596
9087 1382860
9088 1382890
9089 1382986
9090 1383666
9091 1383730
9092 1383756
9093 1383760
9094 1383960
9095 1384026
9096 1384120
9097 1384740
9098 1384780
9099 1385100
9100 1385476
9101 1385620
9102 1386166
9103 1386730
9104 1386880
9105 1386990
9106 1387020
9107 1387600
9108 1387960
9109 1388296
9110 1388380
9111 1388476
9112 1388686
9113 1389096
9114 1389190
9115 1389586
9116 1389696
9117 1389810
9118 1389876
9119 1389910
9120 1389990
9121 1390246
9122 1390470
9123 1390516
9124 1390890
9125 1391010
9126 1391266
9127 1391286
9128 1391566
9129 1391596
9130 1391646
9131 1392196
9132 1392430
9133 1392450
9134 1392480
9135 1392496
9136 1392540
9137 1392606
9138 1392846
9139 1392850
9140 1393360
9141 1393396
9142 1393450
9143 1393626
9144 1393680
9145 1393806
9146 1393830
9147 1393966
9148 1394046
9149 1394430
9150 1394556
9151 1395136
9152 1395346
9153 1395366
9154 1396516
9155 1396540
9156 1396560
9157 1396696
9158 1396876
9159 1396990
9160 1397160
9161 1397250
9162 1397256
9163 1397656
9164 1397860
9165 1398030
9166 1398250
9167 1398406
9168 1398540
9169 1398576
9170 1398666
9171 1399270
9172 1399350
9173 1399366
9174 1399426
9175 1399686
9176 1399846
9177 1399860
9178 1400140
9179 1400730
9180 1401016
9181 1401030
9182 1401066
9183 1401130
9184 1401150
9185 1401286
9186 1401370
9187 1401760
9188 1402030
9189 1402126
9190 1402200
9191 1402366
9192 1402390
9193 1402420
9194 1402570
9195 1402710
9196 1402726
9197 1402846
9198 1402936
9199 1403080
9200 1403146
9201 1403250
9202 1403260
9203 1403350
9204 1403650
9205 1403656
9206 1403886
9207 1403950
9208 1403970
9209 1403980
9210 1404286
9211 1404426
9212 1404670
9213 1404960
9214 1405206
9215 1405450
9216 1406076
9217 1406386
9218 1406416
9219 1406806
9220 1406926
9221 1407036
9222 1407046
9223 1407186
9224 1407250
9225 1407750
9226 1407850
9227 1408150
9228 1408200
9229 1408366
9230 1409226
9231 1409326
9232 1409340
9233 1409380
9234 1409580
9235 1409740
9236 1409796
9237 1409850
9238 1409956
9239 1410246
9240 1410306
9241 1410910
9242 1410930
9243 1411060
9244 1411180
9245 1411296
9246 1411306
9247 1411330
9248 1411386
9249 1411666
9250 1411726
9251 1411830
9252 1411960
9253 1412140
9254 1412170
9255 1412316
9256 1412320
9257 1412460
9258 1412470
9259 1412856
9260 1413106
9261 1413270
9262 1413426
9263 1413660
9264 1414000
9265 1414576
9266 1414630
9267 1415316
9268 1415320
9269 1415590
9270 1415610
9271 1415740
9272 1415880
9273 1415970
9274 1416136
9275 1416166
9276 1416340
9277 1416850
9278 1416936
9279 1416996
9280 1417336
9281 1417930
9282 1418106
9283 1418686
9284 1418830
9285 1418950
9286 1419136
9287 1419246
9288 1419250
9289 1419376
9290 1419486
9291 1419876
9292 1419966
9293 1420090
9294 1420260
9295 1420300
9296 1420620
9297 1420980
9298 1421290
9299 1421316
9300 1421710
9301 1421856
9302 1421866
9303 1421976
9304 1422106
9305 1422436
9306 1422600
9307 1422646
9308 1422690
9309 1422856
9310 1422976
9311 1423110
9312 1423416
9313 1423510
9314 1423756
9315 1423896
9316 1424020
9317 1424040
9318 1424076
9319 1424556
9320 1424560
9321 1424680
9322 1424836
9323 1424880
9324 1425090
9325 1425496
9326 1425810
9327 1425916
9328 1426140
9329 1426510
9330 1426626
9331 1426926
9332 1426980
9333 1426990
9334 1427046
9335 1427190
9336 1427296
9337 1427346
9338 1427736
9339 1428040
9340 1428256
9341 1428600
9342 1428750
9343 1429740
9344 1429776
9345 1429816
9346 1429950
9347 1430040
9348 1430280
9349 1430646
9350 1430800
9351 1430880
9352 1431210
9353 1431216
9354 1431316
9355 1431420
9356 1432146
9357 1432680
9358 1432986
9359 1433010
9360 1433020
9361 1433176
9362 1433526
9363 1433740
9364 1433940
9365 1434030
9366 1434186
9367 1434690
9368 1434756
9369 1434910
9370 1435060
9371 1435096
9372 1435276
9373 1435456
9374 1435626
9375 1435786
9376 1435830
9377 1435996
9378 1436026
9379 1436250
9380 1436536
9381 1436710
9382 1437096
9383 1437186
9384 1437256
9385 1437300
9386 1437606
9387 1437696
9388 1437840
9389 1438290
9390 1438830
9391 1438846
9392 1438906
9393 1439176
9394 1439286
9395 1439376
9396 1439436
9397 1439526
9398 1439790
9399 1439826
9400 1440586
9401 1440706
9402 1440736
9403 1441126
9404 1441216
9405 1441350
9406 1441566
9407 1441590
9408 1441870
9409 1441930
9410 1442226
9411 1442350
9412 1442376
9413 1442620
9414 1442716
9415 1443130
9416 1443306
9417 1443960
9418 1444446
9419 1444566
9420 1444956
9421 1445070
9422 1445466
9423 1445770
9424 1445886
9425 1445970
9426 1445980
9427 1446166
9428 1446396
9429 1446426
9430 1446550
9431 1446586
9432 1447330
9433 1447426
9434 1447560
9435 1447626
9436 1447710
9437 1447950
9438 1447960
9439 1447986
9440 1448020
9441 1448356
9442 1448410
9443 1448476
9444 1448496
9445 1449120
9446 1449270
9447 1449306
9448 1449366
9449 1449550
9450 1449556
9451 1449576
9452 1449670
9453 1449940
9454 1450176
9455 1450270
9456 1450276
9457 1450390
9458 1450486
9459 1450576
9460 1450846
9461 1450906
9462 1451080
9463 1451740
9464 1452126
9465 1452210
9466 1452376
9467 1452490
9468 1452526
9469 1452636
9470 1452766
9471 1453170
9472 1453180
9473 1453306
9474 1453536
9475 1453596
9476 1453830
9477 1453996
9478 1454080
9479 1454376
9480 1454416
9481 1455036
9482 1455126
9483 1455240
9484 1455256
9485 1455360
9486 1455430
9487 1455526
9488 1455606
9489 1456390
9490 1456500
9491 1456936
9492 1457050
9493 1457076
9494 1457200
9495 1457740
9496 1457790
9497 1457920
9498 1458096
9499 1458100
9500 1458870
9501 1459110
9502 1459300
9503 1459630
9504 1459770
9505 1459920
9506 1459936
9507 1459950
9508 1460070
9509 1460086
9510 1460110
9511 1460266
9512 1460280
9513 1460970
9514 1461796
9515 1462000
9516 1462036
9517 1462426
9518 1462750
9519 1462896
9520 1463046
9521 1463256
9522 1463326
9523 1463490
9524 1463520
9525 1463536
9526 1463616
9527 1463836
9528 1463940
9529 1464270
9530 1464400
9531 1464610
9532 1464730
9533 1464810
9534 1465180
9535 1465546
9536 1465956
9537 1465986
9538 1465990
9539 1466250
9540 1466370
9541 1466700
9542 1466910
9543 1467106
9544 1467690
9545 1467820
9546 1467970
9547 1468210
9548 1468386
9549 1468426
9550 1468516
9551 1468716
9552 1468926
9553 1469056
9554 1469286
9555 1469310
9556 1469406
9557 1469436
9558 1469466
9559 1469596
9560 1469686
9561 1469730
9562 1469946
9563 1469956
9564 1470280
9565 1470450
9566 1470610
9567 1470940
9568 1471090
9569 1471180
9570 1471360
9571 1471396
9572 1471486
9573 1472016
9574 1472040
9575 1472116
9576 1472460
9577 1472586
9578 1472686
9579 1472836
9580 1473076
9581 1473486
9582 1473976
9583 1474216
9584 1474356
9585 1474396
9586 1474726
9587 1474750
9588 1474980
9589 1475146
9590 1475250
9591 1475260
9592 1475646
9593 1475730
9594 1475826
9595 1475926
9596 1476510
9597 1476580
9598 1476640
9599 1476646
9600 1476816
9601 1477290
9602 1477396
9603 1477506
9604 1477710
9605 1478380
9606 1478436
9607 1478470
9608 1478610
9609 1478626
9610 1478986
9611 1479150
9612 1479160
9613 1479216
9614 1479280
9615 1479436
9616 1479450
9617 1479546
9618 1479726
9619 1479780
9620 1479816
9621 1479856
9622 1479996
9623 1480000
9624 1480020
9625 1480180
9626 1480200
9627 1480300
9628 1480516
9629 1480860
9630 1480906
9631 1480936
9632 1481880
9633 1481926
9634 1482126
9635 1482136
9636 1482180
9637 1482456
9638 1482576
9639 1482630
9640 1482660
9641 1482826
9642 1483086
9643 1483716
9644 1484050
9645 1484056
9646 1484110
9647 1484346
9648 1484386
9649 1484536
9650 1484590
9651 1485750
9652 1485916
9653 1485946
9654 1486140
9655 1486240
9656 1486270
9657 1486410
9658 1486570
9659 1486606
9660 1486746
9661 1486846
9662 1487116
9663 1487196
9664 1487440
9665 1487820
9666 1487866
9667 1487950
9668 1487976
9669 1488016
9670 1488126
9671 1488130
9672 1488240
9673 1488576
9674 1488666
9675 1488786
9676 1489020
9677 1489030
9678 1489066
9679 1489156
9680 1489176
9681 1489560
9682 1489720
9683 1489780
9684 1490170
9685 1490370
9686 1490476
9687 1490506
9688 1490940
9689 1491096
9690 1491546
9691 1491570
9692 1491910
9693 1492456
9694 1492540
9695 1492606
9696 1493026
9697 1493440
9698 1493716
9699 1493730
9700 1493866
9701 1494036
9702 1494060
9703 1494070
9704 1494376
9705 1494460
9706 1494886
9707 1494936
9708 1494946
9709 1495380
9710 1495516
9711 1495726
9712 1495960
9713 1495986
9714 1496070
9715 1496170
9716 1496250
9717 1496430
9718 1496766
9719 1496790
9720 1497030
9721 1497570
9722 1497576
9723 1497666
9724 1497786
9725 1497850
9726 1497960
9727 1498000
9728 1498096
9729 1498666
9730 1498696
9731 1498926
9732 1499286
9733 1499290
9734 1499496
9735 1499856
9736 1500276
9737 1500346
9738 1500510
9739 1500856
9740 1500996
9741 1501216
9742 1501900
9743 1501936
9744 1502020
9745 1502040
9746 1502620
9747 1502800
9748 1503036
9749 1503400
9750 1503516
9751 1503610
9752 1503786
9753 1503810
9754 1504696
9755 1504800
9756 1504816
9757 1504830
9758 1504860
9759 1504960
9760 1505130
9761 1505310
9762 1505520
9763 1506316
9764 1506610
9765 1506780
9766 1507426
9767 1507480
9768 1507500
9769 1507636
9770 1508130
9771 1508416
9772 1509070
9773 1509186
9774 1509330
9775 1509436
9776 1509550
9777 1509756
9778 1509856
9779 1509966
9780 1510120
9781 1511226
9782 1511230
9783 1511326
9784 1511650
9785 1511686
9786 1511800
9787 1511910
9788 1511920
9789 1512040
9790 1512546
9791 1512550
9792 1512816
9793 1513020
9794 1513066
9795 1513206
9796 1513320
9797 1513386
9798 1513396
9799 1513510
9800 1513600
9801 1514146
9802 1514230
9803 1514290
9804 1514320
9805 1514496
9806 1514646
9807 1514800
9808 1514910
9809 1515196
9810 1515570
9811 1515670
9812 1515960
9813 1516006
9814 1516330
9815 1516356
9816 1516590
9817 1516660
9818 1516680
9819 1516896
9820 1517106
9821 1517506
9822 1517556
9823 1518000
9824 1518090
9825 1518520
9826 1518826
9827 1519390
9828 1519446
9829 1519516
9830 1519710
9831 1519750
9832 1519950
9833 1520220
9834 1520346
9835 1520500
9836 1520610
9837 1520710
9838 1520746
9839 1520776
9840 1521010
9841 1521066
9842 1521490
9843 1521570
9844 1521670
9845 1521780
9846 1521936
9847 1522020
9848 1522050
9849 1522330
9850 1522356
9851 1522446
9852 1522540
9853 1522896
9854 1523130
9855 1523260
9856 1523350
9857 1523376
9858 1523380
9859 1523406
9860 1523650
9861 1523806
9862 1524276
9863 1524516
9864 1524640
9865 1524696
9866 1524846
9867 1525170
9868 1525420
9869 1525986
9870 1526560
9871 1526866
9872 1526976
9873 1527496
9874 1527520
9875 1527606
9876 1528060
9877 1528446
9878 1528716
9879 1528770
9880 1529070
9881 1529190
9882 1529266
9883 1529776
9884 1530036
9885 1530090
9886 1530156
9887 1530936
9888 1531020
9889 1531110
9890 1531336
9891 1531446
9892 1531566
9893 1531896
9894 1531986
9895 1532106
9896 1532230
9897 1532506
9898 1533136
9899 1533196
9900 1533210
9901 1533330
9902 1533400
9903 1533406
9904 1533456
9905 1533556
9906 1533946
9907 1534080
9908 1534120
9909 1534150
9910 1534456
9911 1534666
9912 1534930
9913 1535350
9914 1535740
9915 1535856
9916 1535860
9917 1535986
9918 1536526
9919 1536810
9920 1536960
9921 1537036
9922 1537456
9923 1537690
9924 1537720
9925 1537846
9926 1538080
9927 1538166
9928 1538280
9929 1538440
9930 1538586
9931 1539396
9932 1539450
9933 1539916
9934 1539990
9935 1539996
9936 1540140
9937 1540176
9938 1540480
9939 1540540
9940 1540696
9941 1540926
9942 1541050
9943 1541380
9944 1541680
9945 1541706
9946 1541820
9947 1541956
9948 1542090
9949 1542220
9950 1542360
9951 1542420
9952 1542570
9953 1542660
9954 1542690
9955 1542840
9956 1542850
9957 1542940
9958 1542990
9959 1542996
9960 1543050
9961 1543206
9962 1543336
9963 1543356
9964 1543686
9965 1543776
9966 1544020
9967 1544176
9968 1544316
9969 1544406
9970 1544536
9971 1545096
9972 1545360
9973 1545390
9974 1545646
9975 1545810
9976 1545870
9977 1545910
9978 1546116
9979 1546296
9980 1546360
9981 1546536
9982 1546686
9983 1546780
9984 1546900
9985 1546990
9986 1547176
9987 1547256
9988 1547406
9989 1547436
9990 1547640
9991 1547806
9992 1547826
9993 1547836
9994 1547940
9995 1548310
9996 1548450
9997 1548540
9998 1548640
9999 1548720
10000 1548870
