0 1
1 2
2 7
3 25
4 92
5 344
6 1300
7 4950
8 18955
9 72905
10 281403
11 1089343
12 4227273
13 16438345
14 64037453
15 249855417
16 976205516
17 3818779616
18 14954876080
19 58623077586
20 230007291334
21 903164858092
22 3549071519462
23 13955918890440
24 54912972103772
25 216194101316654
26 851622127750060
27 3356355992770690
28 13234042835092760
29 52204434081011150
30 206015903692715472
31 813320771567350022
32 3212040177295258107
33 12689635345400038985
34 50148531211475038067
35 198244295411530172119
36 783916288454357002565
37 3100693380704679339285
38 12267673724780639512425
39 48548344092693600010285
40 192172117289225547745375
41 760861081840651210652155
42 3013110235635796631405555
43 11934802351365987747191475
44 47282689619382784531975355
45 187358008018461703587523955
46 742543893195375645123981895
47 2943395527367401536027316695
48 11669406658735205617072511425
49 46272160757132905184628568945
50 183509691312596780766166964333
51 727886992076981770928266403193
52 2887568446516637322078000540893
53 11456758687134783845611352085185
54 45462182794293864545507901196993
55 180424637900513568091386085854573
56 716137710514692389652270328212097
57 2842828000587859358522752474005757
58 11286421127162884266615923596855205
59 44813814470421166151964748137658137
60 177957384159892662316824969403107281
61 706752045725214034074631283210362037
62 2807137472386033417799763515133632677
63 11150760458620364833438062940991010105
64 44298416238428017418550147575867128972
65 176000373221492576415091850313555703168
66 699325677637267054337252892425798519744
67 2778975569103230004406813328164954276194
68 11044047578281708960746956863593622376270
69 43894394080266975704115050538978054429524
70 174472145808981836657162942455123729605166
71 693551070358854019459883930892029594472288
72 2757180340032492008798197878845424675989368
73 10961889040874719559792837999964179259966010
74 43585123907658429890003636848672869498242408
75 173309754856530961256012238171181505592886902
76 689189712810997501252730921375088368768940236
77 2740847453351170461769464668439937834458179306
78 10900853817143283965322135143971337898871655860
79 43357580355657241755440554094212072595751710946
80 172463721911586390109458713833610506824038418214
81 686053545517188346908112645032960400440199405292
82 2729261721880830317478453159470194514877850540302
83 10858220569876796601345681810902323095404761609600
84 43201403032678468350421994165588735069348533116402
85 171894583580376982368787711320178430733499693376068
86 683992174425606349042759226492389493819530756821794
87 2721849718009537027853920652936131024111543287176004
88 10831801878903810254590330315002583713814162337753510
89 43108243876972565442357644907326814622816182783814544
90 171570466104810035383919051668483126439097714359788086
91 682883849358996209618316786431310123686352599540254688
92 2718146188562346653642547079473846194225128623559688238
93 10819819107040018077349909573547223597066205365206816640
94 43071300543026079006971982321782917435675403096829930798
95 171465344021517599354545423694440272273963197619347404232
96 682628960528202494240375989447251966286503886420709249276
97 2717769747516232834230637789685175427764358161781939033486
98 10820811482786655059312083255855102039258288786003477628220
99 43084976096147984503478491932399419339929466358745640690866
100 171557765496872896240473254425272647847218028408307446977344
101 683145260808497797385982251024673828159128447632730014270262
102 2720404956044863019051572815927605219109955470407404518877752
103 10833568843389347794165413998502557021181840010189195190392670
104 43144626423020271927225013189473905856831123710164256250464132
105 171829903111052766991880293750530160857537755839103645513880418
106 684364296459903599878087446331525260236137011208167024579986844
107 2725788893134445170546609033033063604211156884159550680510143114
108 10857081077292947386840761922194532512358463407193746655612415900
109 43246369788789379671284957484635950353211696631087189501974094914
110 172266836084684103245909061924570092619106763349328263720813178916
111 686228700375148993932786045702485904548747622703745189589717089698
112 2733700942819575106314999956499690084426491207732994317509821880968
113 10890499570354504531144601338743312396778830283051796734012788048270
114 43386941219065592990152350191686200790241961134411506739665741068048
115 172855999999935743898974139597779570138190040912506509387646742814262
116 688690111587476772988922848358327570891003987226650085529496170197696
117 2743954924441153899280799348834270240285578899666127066792544854498846
118 10933107423286440373729083851423214202004991222313702893281088425081080
119 43563579736945904957621274836563563214362194066466464411826208641225166
120 173586759660484085581190159276465554567079385411726575990859448036569544
121 691707556559197123858315087499685422244320474109052434164681534427191942
122 2756392955586800739297162360315210856035481077425237543150845558461378112
123 10984296173991558461303635453929701378436830122212903849421587459755754390
124 43773940034040626739159888880546578442608810520663635051897102024075589672
125 174450073780154481709899877451780086217123383302030487617878339806158324454
126 695246175762564223877127541588849934570608128916734657435920880938646887360
127 2770880614052775759426931463467293594377943917989712596625239875266024232390
128 11043547409377199787122434487103026963644905838859142824094628662645501231035
129 44016022554383877116095905710794286788903428773586182240787842935492789015625
130 175438229044522077612665471564500793059049978012643025228259202425613584299987
131 699276211756112014814486029549898275659268605376025102328307855277003469564087
132 2787303085949213850491257502860632966209145128889834131033672843754447302186197
133 11110418097781455022222351205900141923524106442940926117424162930097307368698085
134 44288117622118117775772014382102320910204785260529773454709356044617157091144057
135 176544627205374946130905100111574843605853417645181239405074113527328401573346269
136 703772197613541743502450179245195045326849513879470693840276162850077205732656135
137 2805562071039406637614310273647542658563417634724637811593108725332920239082580355
138 11184528784573632010135393737555444019493912889279257527192719727166839677775046875
139 44588760399587329394981462102671583652278206626100188977419469227756346347072334955
140 177763613159561959498026514787634715629182548090653130686943576679610781802564308915
141 708712300507575111278615888298846247538699043238351754670570030537396772340282062555
142 2825573275681890089988911208939841045941879068617919524306848515708761300490333909855
143 11265554013985947055288402285748494395309657505228806022310302317989078077877640218175
144 44916694283095148618852561576256875690608021486339300361714474792099769806426019006605
145 179090335019540418036317819985482228092927697206736687398161396290365048918754277972365
146 714077786636291118210619340436681260018312996694618347216767750584041710720857986009305
147 2847264366184415508913599220857694045932308745146102434879015728103187342421398274119805
148 11353214498520359979788255614359489357662056614864845170088152387148705378856874598745025
149 45270840934237818923435811714042189427839755541183579041680198538652999678830920430321005
150 180520629388088882475734302909710737953934654309354707694742226130078241014481879117076757
151 719852581916253612808629167627134131354430702837832714738423043571928874288607915288009497
152 2870573286160299057534941488699339255769184891491917210452914383092190259988696024037723997
153 11447270672361664015720366096889857882463584796788168066292666297552016002628595674132457265
154 45650275575218560511324690665958154859338001099291030408472530443368699623277941751230242097
155 182050926660719757858900718386753958954965636995287095864151901634834010323564649131899657997
156 726022908898673830104381015847965742793466075273218109483020694096227108605437674421312848893
157 2895446864071734871926986398314834550889800348852225785478210216897962839794821376093107682633
158 11547517349897124763240248411203775441274202234718777400128712050265522730508969810920159309345
159 46054206493978182270397182416818816179582964284434805243146086132441585663093292439607956692253
160 183678172369889661246636398784878010385935812051100498919625834937911103679267165991383516462799
161 732576984832137988630440243584290926342179686151238004888969703184495996062788458887035549527563
162 2921839653914013799313531100424619149093359568205204149290895746532426468125542534271238418848723
163 11653779273417934284346176346359444487386146433497869068931669000369030531403429498780355869720595
164 46481957941566499810460538871160750553477192249770050010245090224091919352064131572002520026841203
165 185399761474302021532561867497943504300076692472376107786778737195782841108069074645197280998814027
166 739504769138696017315664942950169897657821649214068305105688200455378386048557212314386271973975551
167 2949712964569740849113136946962284766709376133445907078269805920486383088008173499703814645270544351
168 11765907381395291554397769335958500795951603099416262498074467583652319461678012013193515067597969655
169 46932955782292129285706243537336093315289392649247925147802148816612329833518720859559587776089013271
170 187213483167300912563905483302738944106213899468935738639941402551219780938852738164585247956733305859
171 746797751096651561566987271136512541586319671089484042547188298151878756884616908360706671098462915147
172 2979034042883096106990912015518548845854162868583804112345702598167365017762594359519971189830789107767
173 11883775664615253955994486459141033359694704840364229793378965894368812637804675505463338718326027929215
174 47406715392536437377516315347418600865551344788774924874300402865258550526964024787012814754205882050227
175 189117474288939018829793403167389253920693909319807820677614662461865424432955657507149127340142322097339
176 754448770450170187993676454448693815431947296449034149337797794044490780782806474578930089916095188892035
177 3009775382777683787895489284389982881525394206158006536507931787927825169664838018459172438476060907878715
178 12007278504922878074869181305912559744133419419280333850586627627179387302030552976631719871219843793839135
179 47902831407871030854987789204309452462593911882397549405674736076587841843058141420021775527362586428852175
180 191110179818357818695007836607827901165966813670951956393431782372940323801858201455887091191643828954067587
181 762451865147765959183724016210441031120150656360424510003313321292827946046642617127424052160450875993305587
182 3041914138344951693460239155596102681537810096657309326547097878151516889635001570966310630754077715936316047
183 12136328412520238431761147970039905398063519004346967430089270900442662813417464009492538510789433001972541535
184 48420968998306168304595240385450477016058488187872880464501464691300332808200511998834014950571283988988899507
185 193190319226603531904268276513306572889732207804935921464106983749554023850760277196591398541895438434465863379
186 770802141560669016769764514412089067522719048991768545213131937870702477754143234429209095488905803946527758495
187 3075431623181161972242380561157208240063097944488311877714424573366769703891040021552653015156229156812306318015
188 12270854094244852186211490579100265846937332697403437018720912738856937932444167408589944559258188823105910862475
189 48960856413950696835931094122991326545523046471310882088482907586776119555493942755295755604749009112035451561915
190 195356857706718043993221273858027613757525818075075919987361150618887290965677588287351503761704477417408044354935
191 779495663429553788781544028246523709276014561516635326828617437811612421551879214869159516621191460324817141251255
192 3110312881654523922522258217426903126814007238486147927255363680344439391249859385174337683135008118998431415593505
193 12410798798166712732828306780549882959948886887926441251224763444949306090141708339909859899878623947751845389147025
194 49522278592358092440071292738023212617058140615527628749874438841238400647239952007544370179458121666429657175378605
195 197608981483904750313994258488601494877294465296545048256329881974394490268330917884023377868354345000283527895346745
196 788529356494127261876918496348777256165062414017182092077477729592616765593226368980620242634904052322340264672256685
197 3146546320465293992457638455173808787229542496388287183573901022048771495979595392919777205181321295093495500325256785
198 12556118890026973872709820350514482119340938722945229668401511513027909924091325585972314543406144677962180944214663825
199 50105071657531596043215584285241181634617950330096346237222518715044644791629153136286056694798293603770503184670061085
200 199946076555646017531448643816841864469243437457504997484810690361717445770259757907517548656663697804688342920553825225
201 797900926319197432603054677699271317840661805004995036197175829679545182918319061394559413285751024948972875201975224805
202 3184123390987712771860683291914302385211554650879936353144811174994167615367470272211967534693752989723880532574559740205
203 12706782625127732830434287394282903211024412564177377693349598128516805309899927650040364058099826450823461798170018391025
204 50709118171325358680671602231405141286483777253170486118161578011057514909182552718769486695779766829844853479077768878505
205 202367710328715735265475799090891033409808233182014754512898889962178625493236383502007816201338546405516563502018169395965
206 807608787276426791765719740339420948589050774690848327893584833401563618271410318923880813411743168201238345771534578827805
207 3223038314579057621126948561586936696774127869686561324125749707187178767834635484517903618996370538406468666459501365144705
208 12862769085742370616418988792204748012602839918062149847698023714333468416079950241446908207487544826513760461666668373982725
209 51334343022584295321700989916104125008213576797022563229996021742439530828069012595600044180665794657762320901107603096079305
210 204873615713774018424817640903493888183571667643581729418233732224904282503008773792369570216312227338178924975106793314710105
211 817652000998203397441465227714379173155462181306964034939494509957665630417383730718271843973485827002221091689775401255301445
212 3263287844402681226868858952237593038938797683862458226664481650387592426685407119038785712797322270878027071900970328523487445
213 13024067259306845647319038569960472958279263233512461300851982301666697538880409422780675661612482438172769157595010922751677425
214 51980709859159679640205705497089145623024702044913824324641796523499294128306773756924651007370840419093762326408999946048029145
215 207463677313728366647488961530906640098268803729039159313024022248683644032730018855222082783795395240341071841916413289425094405
216 828030222908077381156455269710770456632247598632214220645595759815985829984767845600425903751847839557042647854230661821909192565
217 3304871058410895022734771070974850000297726518481867135403648125948026690287029453146073419339395658312279626550555354784920420065
218 13190675236846671939148397740323675116088359023174884738197310453634324333782486605902042355801834656770692852903123531099440396825
219 52648217983948733289503809179621263637018348845361250088056536338915037125442687255284953716147991081801454312078564624844872293365
220 210137919403178656335097029339647030844911660012300814164992431197910687837029762310578606899190686143440549887956986569404134358685
221 838743655665673415498342685115088730324800552437638165123676621230813041011148770566255252794105096352235257263786135277625926998905
222 3347789179025315192230339855416228229740803705703506658878995371990900454058047806375708760741078034225997208170011753279885690456705
223 13362599514501257873407894777095398599137873615057262419836421972055405227876546222743733104662181627254167629469468828116811226045725
224 53336899649125224995446940267512881009085958609474181439915895231955767459793659293250197817939470618813032082003965649453656387029105
225 212896495446021045060516502520368683069845127189462352287405827386046240570900374635049622215436625243983161280376475489259557349500205
226 849793008554200926853945281081943757656586694408867165906467787065250958980463864922846428521165968365837239202457752681187857074200245
227 3392045415779560333318074993173554395904828156800492454786337762811321479436384360467787426092441969706697039324048533537201542056155945
228 13539854383788533586560964620873554238667985857017783522866275415903635684383116764492129674431731283162281075015234232673984834781041425
229 54046817693366266499000747947097673780058269792729880423486619171552982127688468664738274070796603271240980256813707220828267292064257845
230 215739678938984109448333987104271212475157280574331564922439806395259081957837412990240627787481290898142392166695540078954932135451340325
231 861179461994411408524853022410566673717791940680899060427385887127899796381172841677502092859860964204668941176921419289093348223300941785
232 3437644827785175561232312680118139350335174239490342679577356409931064402316825098286234431381154161108403113435548916278664492841941865585
233 13722461398534113238691962562436592216520714671420806892225726652926356756392965767882420924930124789668742537160335363058613273992031894725
234 54778063475614525933130645812490352691561319206487142273731164855983923206419352311587233884232015991042977035473918697285059791972889355685
235 218667855402314834830233107477242786273944634927932118078125667870000866813083551233023547455032202821361086526001906235868156123955632049225
236 872904636496939704153418360358281364787552350408105995680378258288134320908590958226804571206329996919795843847047688697302596524091117824505
237 3484594203372303890037727243030929022942393938504314910478989955666768473952313759748127149131366886014411669925043045128549953968274955097405
238 13910448908269013697030691567092807887409439685195317610972800034726630681619657851901185857472917341080610677036609679816828338406397181689325
239 55530755066118171059135059263043461969784419353227016740432619737459748197280140148688553150784357349249343024190655354669387902430121866018705
240 221681515366438278928917333286450680160906637127140562671552881453340010641358820572364360493414507862969553118754994729878682786312521825251945
241 884970565470786308142910268889289887816602389720430617832041668905915032472481666106955228474886678861619449242285838121865566784599162933387085
242 3532901954662324475614641260499930845564219166284603041787328812290665342994469698241899618607549655056533382712537949447701302004284594088513085
243 14103851649455600030220985337562112503490817413746372091516698657787562835452212441600299736860199718260370725172270575598621400968389276060817425
244 56305035661456969241490343777773053644372675826919844554817376135507570116815061185457643875890593471272490126341562307176103573925456911260244785
245 224781248226299316919906069060575045999721945467488572819333165306205952633499263218110179729409260245776556022089961313978214129813724017433363365
246 897379671393491830786682626036493020557367590108727946149667801376193228343882702301788577532620931663170825498761392907920540322408468993841259845
247 3582578025166543817434093764259226579688504827175119274605199235340665872575149866342914149118963361178521067808107511144490340394150493933464787545
248 14302710387194194309699735322574718888228353741886760639314659815069596567046939241139901985243103979629539852099027177640234576569697440393820760025
249 57101072195224906055563358374071080360881069848318013875847533813265084991036425837901395231034240486317728490041220287102297660792121163991868241645
250 227967736854142928704260005913013094362751640922013282864511773119548573608472534688763550404654893302176837475849621064426013675653487074913004742733
251 910134744921688545615638266697775480174865301786134500175732530486028679212928668477291047652030375128624383028129689875920915153323843055853393968193
252 3633633808785861882835366972384346097745516700110449456509384321200049565484417703851620678349046766759495309169987032720868711031159674302499633274993
253 14507071601141367953900465091297400069730707228505066531572525527476435324518154943524461091272509228463668512722186202645226821110450486066177363542885
254 57919054120182745063304834042062024587927189162844870594960813541556621180115863163370124547882388980366656338871883969600995994660982048799294078258693
255 231241752877406235138213069825357143729307602836805678933768989288207599561442956493592781365199682712811706271775129829353808430704129724119065754329913
256 923238926581871799780950103816481749952624154015077211719004067337430049686732085410774627060742766645594294888430345782239246804405492386481108575228812
257 3686082078821360524588565757769771935612067690976097390425489199258990809559012115026254660026030577792867728794242817404372120066563747122488634214454272
258 14716987210274257135624529292144879650929478375639820383981632248050547052868770553499091053712234025918600754502005790282720138279679590467861582823585280
259 58759192341166362790494061342644687775998218362216143124852542219883056755373721502265118785144185486310392226025495861721989381016000957100009137601143202
260 234604152541745574278456154444653390180081779983846692728475502328462733597712900863307859234242019413282780234693095650291108962741625972695194652727034606
261 936695690732567375027854603022111290883385864911792200750298231531877123404965981833600143071837938630635393887924863870499525498439115206447793481656546932
262 3739936925803174850111919819980372546169604488829112940116298443887562060625298214133385435510525603087444566803772114041317053613146506824572347639522364622
263 14932514331894543452402508819616171442851711760158256500239716773436006330191881429787672890063992397911765289918364181925867804849002667954540913381955426880
264 59621718280957577588619955381644726583214977653282214729375136624576112157336253318414927620159713272320647949577964915585625153026383062835563068138171565192
265 238055873090459528125404353948088739911893531079673809816829513709330953943739590273099159807296555871052166311390430177480747947394138747893431113765487643658
266 950508831532311734343722328795234466112256296957245524125602014447399638500523742182506862644135255799650862269676273507353269889280967791330313467398671684344
267 3795213703111415958628012878186535540676221213863675914959832556305955981137608285365169887146985646116456413317808970359691870498831361402735128407905331136294
268 15153715070906231496171150620531170531750481385696555782296731170581149206867972834393939558848585589494381326886893457610748349046888897252264918349818795226620
269 60506883063789713432279155420942782283313292942049009264692974173725570555237891681858674098231246110164552120782692429518946651088797136863437189801041557687674
270 241597929601060948370413061559901284331345924369531123256645028860637693342361823494964119023884331223130361981495643594131580815131027601160098514507253299069476
271 964682450684411200483926814567364280491545541065049854447253681032435562991842594330835155826823763570059025923595915401468896008200432738805470641773037350576498
272 3851928979503662953189515602010704464235153925095271404692762397570829893575219469635863859843846467356199182704162928446452591232374560164246967450963335103498478
273 15380656335943447770883843732161517665935034908733557987699295822369889746654606155507963898658775286257448881797022903679283840891624291028863020122781245440488660
274 61414956803248266385616403611657754297116693879428948468382603936010254253523832396425705872685625928610527101957022606576655742898924581728042544081109821731056918
275 245231412227795472899428329602249382357145837699047099530805012889840415100713487829448609368327700391899160017247289672549401362820179242650270566446914851092817048
276 979220946760441044028077524939894308985047057975424112793295786834891048802297242899356774593516656805255086584307553079192658757641715632179834428560061705381354762
277 3910100497782979577349089674588736108832984720395902223052119043217559740380755445975245164279548246306284376715141095027249492254838388061824111539440861424509931532
278 15613409679384789711170638405057420047391691253220938804913702696970438804326785632538960124530690915604581410820523689099409960583965858107009745029876352084654419930
279 62346227983101246881896184033599352476613156471429747535519657893828737204705274435372429801126946433052890025471372297741689412622219956663313717549736948008435992972
280 248957483805743404138215539054027193178467922883428674530074857091938699011760170866628447738952895643096778360185537744549265106159848219618134051201626762184071212110
281 994129005930813812845775216293013547694858300415757153184829102730140482893206245236047538319423861071677880030679801133303091333697304513965520328519376067367250387656
282 3969747138942083094685310408654911124455778375175945270988710413536305042400138338769892298716706306652142043959611387225427629102155495392034319262017091937345975487486
283 15852051158682833637116769948524460066410493929466586821912560656218963820210491462494439461610645669834032477271229682764763963965478535171255456032614457526076656411160
284 63301002921105936899963677651309486961039751886953821612591294991338595605459714804252368817906959944975925717175146355640558603869439121135523603541408864920078798395446
285 252777377777974607887484153728003335961699923732353133520605814567292052831179262539409873876841865341409969657914179224790051944020633398662665324070802281104402318756600
286 1009411593953247375766311022769926211855933902501730687933849331497704143402823555154784565204409263775665690588607187759190267457762635885669526486457567989988129620587798
287 4030888891206105923388529209963619026813026972539680858681290506748683231247441075852144742475497904395390656359068740230333813373000857197607204324599650899916173938733088
288 16096661216772387403722029323119349090839175716763282228053090598205234600121765695883023000575737784548080379863199811178425844451014982596700832748217919076259949892032920
289 64279605307131496384327188547001735318099857123938489587981454087612667735936500796014997275971786289369941541800330050985349006708536153079335042316504960379912115010873818
290 256692396412215254303893196731549760829819468423340739058524258183784346824122994661938439461675306989589338015228995491714308894107889669094556718028580281080546650133690552
291 1025073949289221063535538063681202955689678344449405528258405352166294626841293947791887624041117115890542911526260509428232476311257773332835191008124870371588541862344526246
292 4093546823470733561667469650791573231421804084169306083128630242490466021447224497887452759915150053641571329624789209287171189819317886546088374563475242112944576638136921396
293 16347324579608099045973953290623734539699319371952146115092765651182601892980180413913659108556602185630867195259439275799675052039402731471848215625930108789759867121340686930
294 65282375808045134064384447387784228122033011226384587063689324536810805130538567720632615439525436612882129634931501397559380990889029354669589702077541887058231367139148647516
295 260703909277765064321811399524155457776977234227550253065070865427638352746302316467882399728178730558566638840150936404668224872643222771151144121541199532146931141286873143354
296 1041121577235037568395719415313492008185979380691285502993609366999995068531510096551057236245310257737157873263914021377948426638544613574302978665397738398700780581756383512752
297 4157743062696347513650604330999983001832498911949609655443725235066301773767173193829849360746806803356443011332612319606663691110276485131043700186554594382260089149128367482822
298 16604130169128665015317014577576735884213296730961848291519204720443845332835244607790222878668041831221753829433798160056604112443629148391555063999366161927149800229989440778040
299 66309671732762396109530689986764403442238569454620750372116210023825609490707924193431117367679880557780472115283826950843829416507574491070032658151535284192622824277507969916782
300 264813351957085315775905795747710990646504531341741831859432438814279174187479242498998396431241115863161944916749204941223550347668473114052327121910741790274503879988375851977496
301 1057560244968334783200054391204374358203735290384535545554750261458182061101711717711898132494509519500365095234433721987398658965486070049798147701615587669328082283029462510024582
302 4223500774873782376513147649291697480669249363103317540773185621747665564992158102611775404923002338198620556485965645235658599013907208436244415949808529592420989403910746156475312
303 16867171030157384154558746735399395889278622529343375820295602425686718713000977928439232585386349341510308598462231722842776769648998669513606206641815018241849322181083606255845750
304 67361866751683547309332228991824063558549514635420336671166435370807044432917515792336770983963753775979681228669123862932180774440361799077534450723429867618301152781885764102006172
305 269022224969653372731744759188708631757724649234499901653886466201645825639205393099836525220309654082515605615170349877441204739997167696974493922404863008641834715668666753748180554
306 1074395977423169155623117493037421550524283645932053276690774019934093969456307768307681291019609072620521303670664004746793277913748965892900622713137280342493619937298485886008914100
307 4290844149224778975521850606508003448278841086073580953620955823748967327603903030847258367202481953448884387226884365606185517037520720431091374737114177938659173749600440338231642450
308 17136544269932384240788730849983584988471936300793733784889367246893439868684235094804937129897349977835392400754742700324159547679843631998231311518049705588807374362395700577864926980
309 68439350665448012989547512365379494082171756426437481079572734677425542331293499581326932799956518485112383859584745634779150420818519508568610149108613596201303072937295903321376075930
310 273332092888425663397004309137325381553726025010162048638204685719364126994615460338320754171188940108689508018892786968059460485620759475107332888592034469287514158222224260029575981228
311 1091635053917415005474750257477152940887688412237595452015221234869935064126708726286289024584193261798556131907114192062847793016569259300091376055359987773117990865916907890773839026618
312 4359798385341311631452263859907546256344872577620631989245855941613691247108868412982151989108850714579199005341705999648787716654938721197301974859092356230979893703456351899975857889948
313 17412351009118850778621771009707539021096565698540192100552340607128012949097412730291116475580989015749029609525723470506501052135485053162911109552174915270879379113067177064548578334770
314 69542529218554099769683117977365539937107718684377974379562687425755189956160696960980170619688293520829817445663335960333759117969789247104195371250745950351273431853868021655280337649028
315 277744583631631932797564972215090743029487523269654308813142098588787576047073971177623695814196174141915821311829333822956218260770737700657450836055776373426155250324022423906769377744882
316 1109284005465438799275776383334728055140265967505972949673062222497071502776385014040513296601053095762981922511139150829010061109809433854790329007001155380055673468534299303229423973906556
317 4430389683003633222302428030338332091382120634436895636602845274703223612181129040793863318912414963382208887472436612605632323296923064301414776388319657897487103241348681365167996279285106
318 17694696343293647453492093347264379997204311003745242974919252181500280595726685391353700540759573926747216431137251698578519499060243348159956299354624451041640622659885221362810453482086980
319 70671823953925687761194808043348534608081934827318594755094377198527480507348112089139014296037773314172431327421662518374353693513473370633990400635877897037443664445501270063639925087093026
320 282261387914692922633552920042960514613802017203010466285793686816698489469896142539377350533568256107126028215173600814655913264734590161598854254090813259968922122143404415711068708802919334
321 1127349612717019962841946130726356497485510323605952443200172996349052386702589118529470667410912960647470499046697649594868789514656255489879649368267720947493714564479179856779300775481349612
322 4502645234447910009333213279251849375813740066274469210493377653988974383798449476703058462048946337581672903752187410424842292737233101519179672164583881303879470196833604082685682598128636782
323 17983689314012884549222667475603573087258052179165405629624917260809583659858684713452218015399229572123931696332191081512062321105797361772233252140242755287848402664817419012201968852836734240
324 71827672104973015080455511904822587296015025345639902896092019143021598407494011405136767629085096312344485160407274941964106359918964303446457474470568759695148398495330513281454631076740206242
325 286884258848856489373438513251184361781401595926891277238758685222877138417511522728058791345532400260517275945003081774569592179345919238689611421241750201097855513920583388896946670937392859508
326 1145838904470473927665363062988880468173154823870144133143258657326664816184607777417430740218916200552741706548685865671870577735575697061475741297389586241994401719055347891842658948939597825874
327 4576593218881376571752429458895278830514702536295906760718549442487545469758979247323855729787735209734755488378667631923051295216193811141054589767144262023286348354195033871771118221464739206804
328 18279442888677832943962137261216420816564652485863944456670152661498645452769052458728934937185359952701830214674986335112366199004634513182722034517138042805261817086939969732657151105966953392590
329 73010526522100934947455086539195394773093812011519753448261420511443480870782845824756800994542624575640325944068102325246019065018478750330843736652951977379266009980193987388757589976743894560664
330 291615011674721569417231672489152448194021519864862087650186761970808635775665018368848749662859614929368244218792042264425289161515718897678509755041882843449085782878312273861975224164947796034846
331 1164759156714035011404152937164418557272477422096511440953335327041371127380166217816084536345785563069773007332209448113680630781691216926656873911715694320984040791705010043530134186197342039292248
332 4652262799066592551926845885516963948662984159268016007723086264912967829827534519079920387794701783946371732069051378905821494580672167386459877380464581011796528104946525033462113331066505177086438
333 18582073948506263767575335230359377598757676465628714779645021755323069833498727164130312893137690737140380226466344727121569622996444982399925951968541043381785573843675307046666082080457209065281000
334 74220855630973457150671321903063866594519039062795539831543763784134438893350980240067729083344671554823153658388373022768911094333777595851564754044565872584201663519959433414488722227020375332466438
335 296455523620197449584082930301185794238885558589052980711706265440795185530777826390458944996783589293199200562162992363955284789116766067822282815366656620731672112810172940534197358074026467923877552
336 1184117892154900072074256254340444114610462226465551365990792817476489537734190543889325842075360380077313469503550421225197130985958560786903379310146055179086763538003927122308086685690016573223957746
337 4729684119817103385209359325217730604076417648630218203468510408419942839184252539283598365240833156767017435928647280506223029278762312657914647638120343591990326210600901740960765296837839281801458836
338 18891703283996651104344038604382826169713853688205177073114368828573433260316414832269220435948008141323449859800487648078339326565208863131885352309294746725119184255365907087276310535057698759008699090
339 75459143420155051843717563399057220644033088702198392177059276982855922094373600271265793717698519218667384468000491591869423504210385151583412148401616348216959846444255116686178870802149453688969340196
340 301407733873654707215102992996258757036293306588033138036233578858078453963058483170709640106962775315860247021910060921653780250686757865571526109025200960393764367311174286147748145414702993802550846874
341 1203922880200023453804269659017777327174078085459702775588568971543239022550768085170835334273432834777321712866871743589256902406235290692995191959846685231414443063298114656273016267935433569945566476692
342 4808888308265000563977051046197294944200094104639553337620540573688017526937840158491669962225815307094812042391162007759454336714091970102580463285524261898849448838768901854027165779724622049301189065642
343 19208455597343263129358302461093049720553318196127240624779090820983562319423623889442880793326440355019009692864301476615462162481829496543887807217179706896505709934255080932875574245481189711179195709260
344 76725889456023090169887811287990741063611824652323962406316753841725112917771627430352756722683436663711411303748495841222782921122178938291439348523169247460235444692726213511475839917833893455768615357682
345 306473643664087053925104148629908719137579206864996375535722086046479865244010386814005402598654217979320425614514925478014188721745380415214720159743834042361789407504866588487674483952599116974534701666988
346 1224182137356878622120578628709339845633481777926705455945601977017753758261127773993832850878391078243473316554972996585494544026799237526795750397347277153427519518623559423338885871531725329771609386149634
347 4889907475776886578009788422663573072272841445079385904263038320666498522006385960817548745648819427323316431663431220700348433010968846636446619563050593840401543408449488852322068086212446924660206867587524
348 19532459511322309289878119585000489010187644958606705793914455101670060610716537393797025329350271024051056132190844671846960804107273963457072564992561316295937472356725120826264893217337383179743734116349730
349 78021608923087025893162413819821207385389726835485243132872546700385645055234281043272814600612207782004578738105889716302230009683834259959611952790700366941180862520062917947278608042065127315620625282296444
350 311655316441039826268687746204794927506658052020956634461951307496330376039561062295174082939022317064430630450131638481564875998815706628931835068434803591393109736381888684709420538130750977707763167819756306
351 1244903928026037943402026232884609640553655381913480207227512795060238064283174324828707816665311722899031744165012933976231136811067054234941092044191711884916814373808838432466914709043900434320194429394319268
352 4972774721408868103095548090268741909153563033276971070873565344254687743560574261274316449132893262213285596655329269928940443458606717131787753147211141385977028709081670375698950352461386295436067977803672678
353 19863847584224136218459090867561608433769399490153108399368043186447616403229302254510468092396310547986334286847121861150448903028569513350798153692670381163852803629933698007274683447569539652721803752245554480
354 79346832688062838599819465363787838645485914808142051858479271904419914174387665914997201381612571378711014181429629364727653139495926255789272469342050656897078478318829142161518676585679466945318405825530856598
355 316954878147887810127013668454889207181778869894798446679028346522031613276118412937180898715570646275223159589947214365116476480241452378519251729547279920193618839812104363154641077899253911354241193937995989472
356 1266096765660634092365728837230448161640047910664032428533492266149628094405427195928144921213219612354244972307185599485094348268449467148946132669834018275793422416871428140151166279958638459827813994562375774686
357 5057524136803678289163097003571776290752305799362353725972992498714036530642891025595443782702998303672209030211477737109134020165898865076752078583625065202101778453917115474287820338580368373754073209049192204816
358 20202756330454937744734659679929137957502990493413344845151182979380802073713783187850667372388358291699839240457073390401491524449576677354282027685193628954846242740347760315537442571683749942649707383842031401950
359 80702107386239585269368765314056761539350429629046111418202599117929759762694202027830827518550663776412128189368245187552756364784194859931930692070298855114054321920149203422705398088452787197624994771018823978616
360 322374517582776833065867193980205275643493700305074996001117669452994255128938372919928583686705712873127002052799163277937371238543504454918073743176440452732428315184279646822726447949304835097461545099381275168214
361 1287769414270610038191105236741186012774765076599268260670944500544856603083713264477384772385378048702442738264183038173414590165487204349921491807243757611494039918998556782309293008299460131463694406634793232092072
362 5144190812444079236230397832731588228578131056121391798276045132241554060098908814436301252187085383634184893658690397004753141465937654486671748618587588840838342690944929132882830754434334361291516369923690852425302
363 20549326246474391239603735030932078523852639185389793101238364621849753203262660694095040774373061038241223705573396472667846806034886659140666060667151878608279609037376100151454331284401504706538238623372152469579280
364 82087995528841834477046317276454567114018577784137293267724018534996111558811178638932599695999655520112427353257195713571859229507319589206353564118863823894628671560493486766561052231150319120324417165899923836312422
365 327916486842192433078579076618050691586006520909505901196742823072802049158347079585192128017333878722182403584380879036571435447378556423496220321478930247471933108435159037298491082934380292986410135792405192124642968
366 1309930890252187050255291307429713393495301083462746309125431906110252594847264745583168782679447618688943049192089258910945944776812501517924572936771144178835751609953162651951269670415009035849799409340294506671812294
367 5232810845186502716999825149949100400183807081878212204467950048202769613626938183305303079205177926612449412318077717029210781976776038265256351337877462456389997321828172364276762707991949948298395364080290420349456144
368 20903701841773763378713690021931896095758853064159834706921683649864716199664607243171743961372482136052584488277051944440200973835098121875970000502117418380095213896746383702480048706972844527256340723903948531197401870
369 83505075630240027887685379486684901580556814524462682063454751609779805945460061141145935146619289371196939475952367100753591023400958438753651181697332053297324735496718911269299923264567630179453707119944440578037248624
370 333583101842695504171812516550081697654021143529745113905089077334589919149878229847322279979154683413339490628850163349092183561614151192159555908904608432942925658263318136822657952532912965405508778285362052992446680366
371 1332590464525222595480191003733268192881036203109850779978057936568948562042764716560236354374210132787053999374467356967464101710513689900664182381413431012878345950071251828581709765211943085045904459923711020115470928088
372 5323421347007608998240189518648988725868602009362636306975581563734015627402533783408209945497658345048459475762166109183889895602792480442447057213344725220535580924593944687587783401994060471927128345936862976797930266718
373 21266031674632954105668353252449745666216417493657277979231625015535445267079988737872376918504682221127206988298979968897383208158698200609265099036606767187562525854479354986505746199346973459241001999481452571564772744960
374 84953942353992787564025765911758356877642732984455186053704713777425247345605357030323396551324039549356870770926607779218256808426512579186676224939725585259866964348697100292068116358577673821684319284690884815990119566558
375 339376742916878251785616868528482995168811092388776077487542500889593948728499480497314676245740404087343893776712264124490406595463692010387580811328487927362346425718232588642708707112303616738507405189494638776312005844952
376 1355757664963127629557979948588612731621764383333567905208740227562766843110019354607368375541139501277068369621835905346490831198058808692779661534506203244695551958602324183002863689501414778728488239183166964346564453715086
377 5416060454904216513859112601742435108994373271915037081275805943109715942451232747501248473195034534778966503379210648893285413148547031950656029212923006162325351995049516170804316957622153682459587023116226884744892003740256
378 21636468392425194933376116205892114663949157925564723783442005273997879294823888437213276240619645595250740645473287594669035080699299425126031920108327410259223935185140343875950065771154318694309758011284957754278173756018510
379 86435206676822901609163797440277678422929188771696820393013859293946267347472596620324856264468048717679196970175318656544351496441483985573008096635249033163245055580853493512180808857940908889151196984600283031042553511781496
380 345299855480051938337750836601178888401700602354317520840734437991467683139611849401024735902909591838834506608077143646474223658889532960748764940482198586354125216105186230395722733328234433069902248206640433814170635324000014
381 1379442279101796060287909848999011702673286669407465336579630534085958282172693299652998382105296987465993985127275839384252125689377775225696796090322783488011196992143868097517969005785960534275124924155747868682561639414426192
382 5510767341893996883855503505749767543794890164510507056481181164494915729456805870201578934663563941368459719440470067836176976382571197636266329174061086557215589986803642171058124503367674715579535242563316863990956834707021902
383 22015168776265142042063650000083984423406876613024334963372800007969908625578534717551359373636646315736052428698119430083591768039892575032326689856082594003719358914005372063839782331203412459102240435800423942020168520983763400
384 87949496069733935663903823586747044018221223831670007587224046100167529586466698131152552721446038789784742967616724554569748669289513243366863726624057337156274530852423257042328426967585500848366677347337916455452358207279299452
385 351354950764587571990971699044907091240733398794151388953584298879105894259985610981097130344046154678106167759776996301124978052382140526968060969133691067680267748252771845159797694653415441367374668128702637761814634663591285518
386 1403654357115594427816706898899100957656102765719593758872321212820375254041979177799522021381370812085150902762126529182855931093686836301226889973397881900280062300259455288438005054889910468750603052954448531864612469471634066044
387 5607582229070542268927843535580173356040824597394200441696856467396917650041775221701002815278038732281093278182685178614510853477679898840367931535621789219922422339150409772270651120196234265814687638807142267276221753760808151154
388 22402293789820300193825012603987648223694448070675679785877057613338936568854009741793822309256350158731729426623720750001301773610791201490398201340464705438421515601962715805242861233230678700338856056619648660053185243767826691360
389 89497454695568659273576357293534970461934378418990962337197052165434400907928051027984951103582918229770350905683789044282639916524756706344886935733130910745243126754310202307532984203561975100827055764007114887567189308459406595094
390 357544606619197792725206608852178399445666116282182884339238952970415804113855145815214009810674504681520756401706686962505662015291874989004520452059173815081385835867996008821380121365919639388719760605836542739591357711774238022936
391 1428404215049889945048542326618677550789534170399241258055949153789751587159027775334972506095566717575017708764340290520532947626065344934018764738479160192446756088299759352338527812247369653213853003311513728272889189727233781914238
392 5706546398671983695477159741202674393937242964659906124104991525727581570905800634752721955432954418257355382996424924489164352621327628776389383745364675895738290168501242333359436063878556742707724451363652197132603611365206777153588
393 22798008632127422398329085175207580115786423803063830585976591408464414880693329868318674664644493884017655348338827049854084253798299140266638115443163913174560232819179598609087341861955808449299297524311322409253939285619492697243090
394 91079743622395068291333756707679628577543102916790581131640479932025796293845725612724317931275810210351010371481853870543312026598010290098476588635954527864338096333610333478061680928950556047822776040536987051229959395404764553663948
395 363871468370777864611083561275614990896830251032966409694709838203420363464653831824164084746849408709715017297491658667544157886589184613123644068568036151800198726212103235153491905590132243694526582822842169470838622768924533226173082
396 1453702438300879814075168170990179877226767570624500560347629725478924033490734911797287741659962683375747947974838962877377000101092777502335152221043862042752072168990342354533159359981917442735696141309073192410446448788524411570421676
397 5807702208127346598069994652572047502197509513388805143889659464213616905926122323864187386717175633257350360746557701118130306637087848244901935525833999816298192651503444637374640111724700954423517543088435929950052483021348656317535986
398 23202482794275049951579932650560723563668885174952453664685066661473144677632414539701949843368362773858593737399629389602892378554226981895366313578347840483710066198984513006812234095628071340405895940535202326671836746980002819715205620
399 92697041052181878911393930908923562567237645456163447703783275138105663838890292914159859979741019997217675065017764667752046570935264401948451387095725636454623099069594743536878138557911315498327680808973381930912487125236961182816464466
400 370338249746720351248640761851622523158254805257392691743685076297148438707242004849385350514260481427019856911418339560087270241416705789162476653679444264274125882276467818555685488549578483259247840990924976085553361730600975557661404304
401 1479559885334641450757748513615616565588547359320717188334227022270100863998903444022526142996554817838218138263629696125267605122517402033193037013474440822424532980516655300749210065454846746538709534104100287608177136051230138965465775222
402 5911093105049340289384595718864449421702367537274676592752657862075852961514054487186786624821455727863553247083983789584261042616139220915956284484246296627907171193267180928427126364237151971641030361067278268291133394314587787307955837912
403 23615890119830946980309986140847430102562697068857878000665774869079003477848699105127663417474823024931975621395348289689396469383199818803432371499478591577226237651123011983701054325920913706411134023996033985624249925323413590592151862670
404 94350042564293969050439821403416638971536607966942835277446256134670433645161326200815178041403878202531833769997071119412230619860314953594168741489566457871370709905719436458119504298083514888342316052466479176198578770494940736545075547992
405 376947733855885619666852939807359474359773354158387686130656787355688719300111145032869648406301763050516249532297184051093065111769200691110557587952318721432359794362992088161413170780145276851576279129860037083705622982987191183228404709478
406 1505987691638366967964828921521234198211067092021564018626684446986946674958640764361605722421298506249240478354654728050131262172291647080707143517612818756261844630231745793602774978616673073985515976877880657987595377478565685140305192788784
407 6016763643146349722139963213204222911704007695488629446048919071029384834692432421073799749554846877078798354761300370665171344384293114675987154672332894630545987811563306741523164995898523816198388046131521898391041666106924794860989531813654
408 24038408868909069005650912056095215211861242102623401287435998251603040420553572363946452939599874116904070978949252037335651223706186112627391122378010290462272956150141303143206399070959109288897777159963919703221948227183374530946941262999600
409 96039461373400224520425735909274074632326853397995465810100349516213068693329928502836080178282501764400449734583514233710295368894313813287130151187786149154462366542551236314918265635234847981826032671467958514471677505860126411918173358483454
410 383702774226652180822915019133561831038363673295944314787890101457280778972554160425853746298948377841843185327178749528287719283208225962725454564603210124665033041494482005726002094619775588239243129836895809539233679934238576928349139619246536
411 1532997273897689142570458203370398051926644739818728878946873796657891291081402493540065982916719669879899297454973837527959122733848808569208578676143120233756805835803897603150070919821414434471534528855208457989804032768499128471401187454698638
412 6124759499030081734921977027491618143950290127834993625477122534661280713367773683536771049968451978807026482162871050404177275596218543093772870303710991782561176301941485881173700527980297676655198143994757265309017124877473595481067711416017008
413 24470221785785083893581845338779103527241910949653148140885236645653603487798275068586787641009948679669218768125037416490921096349584047880494672105610372685172923860483938648849660344798944926586780470441589167637754639347781692502904260224167070
414 97766028601442376716108307239272653999186964550081756978171812370780406411280517226573236271605654527684803569921462510270824066051670364352111385419112281396729722669491794567822478754169102403451611627838328134509217210075061271134988463884461288
415 390606295900690001428658844496987708295961405292656919614471127749029879135955439642128671136890218168017942640952812603584200122900934631276559693317594985757128345277057575554922139575066267602570268833054702578380347442782970028420281837598563422
416 1560600334394861633219491385578079045489170236747187835779739673896482585613649216175165819679179489184076838882334518235501270180847617832405706242525648240315874775800911859504746368594071121440966049074775925549254238220293904184043744745036939876
417 6235127489898658603230049547589357887143808033018255964330239596234858764709168997101491518728679064263939868667587754149019427552585762318522151148507647093773385830292948083700598064692629303795768591569134983458723805866010501100306812798421406626
418 24911516169982508927499380875001522074489922518899502061837607162840194223403166169381792286351809911332786646815800977724729351252139423147625519598277565104097683018702858703385759644554568051977374709526792053765264342511804850923397128744776908380
419 99530493563364366358332460885044819361275622508640395814975694294602606532082339965811751365540832404628048103886801293613042135670628861829345396402075996046032162106268263626291858478095348826590304037279167432998303958407653073845300829493363943146
420 397661296581298914138452545901628519201172106568053593184270067976218612775716729959039206062122595540221322411770697419499543573524223680780065589896660084342044851571249038056760846846075646356639725575506238482026967294070085795024464069419928297164
421 1588808865623333515839827618493605888452818735395852204839930662341581003411701992754105494924568586830989726913252368467068939338991771900001597613595349173920285251426239025947270375821036315865965428239434130717925270889876790936258266023046631061202
422 6347915592077988284345999143810776112513817215786413011641787868756343769250862084895383106989136126442464800365424877128926821504293495646292363424251879114275455004434769967294127162754682929797695030569767687759473304838723308081491998685374341065172
423 25362483950763391414375657430084375881711992732684551732246577184790788593538199712592451633664673142073504983779558259796891050213845095708593471652278689673176435621748337906202375766692450248885741426637934472817176945924419027721975077916323069551890
424 101333624066348122985931041850697326982170997149160278116852214612593826553491386633500985773398751125465363761721129166278720916965876236529449475897884355681057715771331666025155377937013607305052354916108309906379537395872728521470788333770488077103732
425 404870847835335395201283942175400139523474841431775107524005621049499811258738407009427017772542465432935600169192437139798156642985724531007781936030275747921288881582241365017676055883925380033767336976406479641211191586780953772788529665627089593181178
426 1617635155114966122714239717798930943155397600104518331764630870533578758544256838078442502974227068118444481004744443214005771220564345545955133089158385602246136481344669938489119424065596240426081812065239639579688079156406624976972642369944198991426364
427 6463172960407007626915484619984242498791114711525865254261790976024716283507739589760385185162382058227983843600843779509146756217281499684609432966190732463339631741234995644305403098513996697839140030776879056455299876530299496562058718774662276424675194
428 25823321764968275602001428423730125350623022742337493860827964331516680636038815411333174577014299263087748006262906160838775110250995293387784980047302324305318760319281927150769975742856389891402954975381874516076272925400468284715624600053780385988327540
429 103176206722343929923670185516400940215651702411565998937401463801192925911200205083292054299432864769363064885085960436538482830982976559172167322174604980800393859533068192287635825747766845273093540914385596488322953238694604228633058740045287321150938554
430 412238096347916278839467526747756459831000968563241678939544197406458879656822776709219632402377630889373769722402065958797921059702750034980402967414757307366476927078547893346731812130610009005747818481950725252581616643898365846353285601929773765667523676
431 1647091790476786502389132293283523507534511647674553494325150068732479862898150173014138696896889079859481149489231273805703637082664895877721314280600622946727505241094490996462698839945394388531174785375249493639428004575966009397247648040544654110114594698
432 6580949948454922260887895738651065791662121798832477219914131070065927271717809035231725158299933291035550110872530452683173525262288685581132805188182612933002909462290763471592594361448048659043596066656576219610880591604969263604448503824889923619125434988
433 26294231038160083138168568917486420898298201266415870831863486363775313480122769989925226779307095764915478228322149368593947680976196690232344409381750625469781049154997513795925425220803307085510315710517461387448254555326562631952702204908922172480647789250
434 105059047273722205047502663309146872921936418913496210410237366034715346088416051657792703832234052710435047250583948951146152187557121120567704674313923918618828143777667564519838481667360412648649941023167749930586915075197226231665665678217334311443035759188
435 419766265229239204685187970765151949658762411414054257424769647118560974620774992887486014177558003287463599046779974138538987506911547300744391549892730062968177906254389008682330251475247866200766103703192847615973917792302959218170721524779048641759633647362
436 1677191664634763428330351243132983364130330951896182280340916544219310577462756893269940316364760467641013695780785311178820650248055522019884288493273845665771832691549522662881235228145713969351753584195138325841068816731440695065838264187530812230670405067756
437 6701298129560881548251799173453496301873819030113739445414527857547074705496126570907685002970402242789730890076378873766599805407419345693620247842749803715353966657893255588463785263394857719112478304798121179349534686375232161448263168310478246469837036106146
438 26775418069035591341205123863218596214919068211776327279860444767739428064157047106521975491464769142948491863766983495265475212250838104922922943452823842636894522440913194682975464660639800789372719149841661756142234854402731267673298261052720376193673055415540
439 106982970931908970677349586617941717534048169296723025761918578673451106357909031023529209572959733379072448699656462705995316035094888239806591669999789976981746721679130078014298220300794533668335388701927785271028182701690013191030557744962153389347968711828306
440 427458655372998308988161332671382475714304074221921416276885786523804434537491920038294289608179265407651317531501911781699814113258166836627318021791031790731939582239873552022108773798651906088876458962315422483545058245808594181950321896293568535859188897730764
441 1707947981282634833467193580565761010557577178621057637316958075975439588455654465366962258256947246857532645220206208073596944232355236427633178623910926607258714974852236975410782246006483961616208185225711076679010574314358979498661990676806069516978904359705362
442 6824270318688652391579099203715670882417770361482975438657783703567604107682178946292485467966018966570908814116591836221018991928852943263410261341232039745625928934220178756306562863842143931837333090913325441372844023614785034922629345698527027498183887241104212
443 27267094117076514566228014510698595378638560103607126632178325301324781504794534845592334456471494684946083451096365552448944748191322560011949428500245677368415929902814707046224745255815590440666786696449946018027041834051275290108298758004778622341600165048342210
444 108948822728899866313918818371505307356267204750984569844598284372141987525637401710728114458077067390605857220258699456677795114805427841170938818268596932040955026273102040993679737911329851306448997205468277383127537934238258828451133743740129969442513581493253052
445 435318646866001250759151596877540539708287337428528461780752700135532309687494562538729831009114662761390189843451671085388452824893692389049479299055747380286902069658875102072804841804355462803403066052517722285744345029305979842823763497916076190182400747734526418
446 1739374260534315191344884797725471478653947098504730479122900682712473150826309047927693632064275395014211010949947058793215289331578628471646868037725685478614575794325463248890509421065544289748956270410581133500397136484270059452136651508304748051465605333114622724
447 6949920595090812671367413062801801708224559361580391844733123660886659969458712790594843706435005045871684440994027568219121466217158661064952499668269155861668594613607619223288214783410705137521149172818159353061146116178221949574010156069593106577206453393214209314
448 27769475493419859772014803973623871993741865450498849245038967084788099143050824556725444776804631448957409220995835628271040990345040967778848421868376097502267199724685120054187494803652006717049329726973198017373967090293723528217402520581452892653918144398510097480
449 110957467881577589738423033241553432953149494553035793819682199844349203536394167069068466508609141556181875413112343212029816664030670465537479216407587669999956734221394709938800043438799294495485973276706732306750846179866189559662629631468280151685637849214780046734
450 443349700448711330719362695881704543958541251309020169535927779876607019601829604468116281444969531061434147352477443470371955644738058572644206961976664611879499471662628521987855264367352110326993187127323787109477956892721877391469685464932414582227138240912134620816
451 1771484344778872443805956100599763851945719290124894982076290214970964079519724793377717499629832580904647045444025988574729932498399573910340269778500192286667094099356989256786816601469648300067984961005088570196643778848781621127113048532697117762225387327277677255798
452 7078304325778792038872409377777979301923274993359436631820272905335292796115725534212305665316686759327813229686749340538986477539928592626679365976821541128052379768680693795374430661305152450557337339275638046280966617822716337504357410476705133046280062445090642333408
453 28282783654934309619901878796778684476045044082721109797454916074775267057312410188678212338185611579182093119541371706830204687798661979887133254087808258505282930283755735931230379398118729492821687733507610380424977812316262299175159959506390410245564750470945389090430
454 113009792168785413482354657296397301316889343354745078253087779868220697845536107007303147970798037172987285009299510792395348277702009956313187555484915672077099664100886964389724125759627982252619033013270832096306497981906428588585353879170002173359216933358922701743128
455 451555359026547295428471393296382913932311126396541579997320006400713233180385620336909116356690301328330420831219787775923435645666198577472123415282780063986653179415945311285105773394761115472108151575396124405119267522593037164193300394782366476799519875800668425317742
456 1804292404737490793808392855109566898044747875434420207799550340054796964077894285976287282643956299168094067675948190537021250983245838156666793082624796362970215888885609293984840315440929614341146220210273124025535541943337493268295668894129157595614036207455942498332696
457 7209478189796761069626936393808056690268751115652346260559861802667117396565950830945056790191778804876111672803218780339544944248575354977218864049219966978916311275001328160293040926418765789782211545090163099713880730702758053055786638313312592657096726867814723698682326
458 28807245301495948592816143242009736397961978325693638799867613930846278458181348153029105591797305153796672239257397986761932590147781002094406565060706363952801178477329204548540376483098991749721563263303558718048034058982891760108714533992941552780681874189096015399146000
459 115106702321135161807754344728274143197004734466551506355558950834582952721243433941408813014125710425082081868742257790747229590118065819142809521007472106015073304452913336091731304034635124123020613537051823104229194102937290239539567008074372593572155062908431395343744326
460 459939249231874381410430783819996660569136536565078777326038979050676479260645142845259107980709123522241934298673688285662367245775387695249576258315129127869587208901049195269858191740426737797247055292262540722904481191313929507705915887367197665263022104943092106794663704
461 1837812945722231773322841191933454931856612050233459596178118015954495210343988222045823619468040158006398950115625040161715922254466981708236757828631190089973895816593122755082865414276493621678296561266526826260278536289340587204506940460898381923847119312147494108445245942
462 7343500203298923900005122640171809032352665814435753629147021091870318110038388509382928012803109365070099354915505575602622737280902989289578004816857990616819012282661886355828691674253010505506336755326797032827150839997876309853906889935755659275365258186549580493708453872
463 29343092476462746155722693019093091383331375747537671024777792560702355519225678332018379978557405535998376358439842969184370282873598843808187720923298842902117223886337648345736639806654120569199256744068968053490914279139716083674337801502023365617301632753368176325001289430
464 117249126423551967626943203521817887569253720292098988051975246821431341047297637377182309429724145848418226165323370452443673006012449412215075150437472200964211161319834442114854962312505897881811002341748468718399929745871868789742343867398678714796840883133924662343531616592
465 468505083036714098177861803729025934961051304854533195414967088247499746814937871146550220284270523981917990932913651108571282636723551764306488151966066524968648765154333443573962541827918696869370049285917316169555290650514244731097520555556000990033007600895986793670009316798
466 1872060814096774780506976898805050831362821918658691146032600255114211181062346177438936297622852032897717659200386976173162751014356997958450378483700122063849733344588194561305314545726026872157454283865653454422738341723878246389652719999971108762032720138522301612640336655784
467 7480429745431217339387960070456970328909620241637912812921883649021251156455894086656335868249687863185998025501360683829802901141892311707146911028980219817221552822941412208647682893121766271860240013320629314584193293522757857573155257312707465250328619013923263238150807825934
468 29890562670352896122664929762074256076317567771992449976000307518853314822896146322546268007158040145114204913783262480174721641510149635375256745471070660138622579981958559020707002193701810685293977508991798482602083907721276627368989266505454123225216932940456065598298247369520
469 119438014330580454647184755643528639089217257497239509168049673995222065637131459801416015614044654398202494473882269152241573462224006598471456588297224734828277548082392331051829299537131017777863447490038683068266323261019808381731045028194937050627769448965587524980722602294014
470 477256659416287934980801901580918751948591988832563702762948400903180049686081906624059490759883535929977133952547383699934627336483249883560405120535494868861847619263347195549703091164512164530339309912442716046179744286916784335160407810711192621901620876861092269982079182001576
471 1907051203939662715127018103836280155987446077092885258160373708790649335193104521316529405965018633200029613998980718979060495206944243179435530001904432554518842293093513418386997005535691979484060756965663939352603822258968422463256131483556884407417572909283787962982298031672318
472 7620327585019772580972391052412043529530363582936621501926879814183700900889587711487492146201915600898803025078506478174144005805359825648009467569414930566710750236958101508625310691902919750087255965401725645185563103833490730366233551137169052999173884526933199867484495514156848
473 30449898927737427924724151681666436687429101878600903925206903360200530666959454999746380735095642719533738943424446076440424937696628607766426230254338237363244252572647089058515388502796989610523178682449400588450161034013172129010860668548577886519452076003009450140085126541349710
474 121674338094497881677950089079949381033496764658327424596259922131137220092844861804917615184753303926330501624438362212264488009358847330545112851649196286051129424889925462957016902824973991249759523098602192761389788883463818242153729247516710121525854258092595779490111399472235688
475 486197866063592281874594322077876292567714726114525120684478160451810292829385450172432501020722923426849884074218542811683134632943997672875187962690106991865124156326152407108714361946690459671540730007532551710154239137132023244627174271870524030748318399719644948226465702975286862
476 1942799663910901065061214585616621603357801117082437482708586113226887555124585323378875633245536981798895596075366800987377328306827154098950062741869584291479228518270583890386075438983425453821422206346412698730849583774877971208674578040317478080487827172009754375291230600548879936
477 7763255908069764294224105919946432143249289373005439019666426007075712634215468310084709706417940258048321951457343127996208635881831476468753440638168726046287989692792911478183725200841958222159827922443056498935357345229482201986320806329740607074233144892379670348342058242840209006
478 31021349957362493357153632230786323441576343244816834485103465257239839455347090477594607621534233136264866001016149524903849480245950954963452745738178357390059288349099034776869699287310148698837395499557584674931373263685337846884113367457259327371806308197192116670258807985179091960
479 123959092406299399064530143263141787141685569966554093692157663821673671810566626608762724906489304197432491203563188947704311790094596866024170921941486155734637228703825895129124114854580561713172261267643619892935269865121443441794743736373003185619183984528454940618053063086804264846
480 495332681155278986927535196750350803477393053801175275212433530622058748816542122044458593173820199986508812871618337928663252858161206221403681443207661697888334244223013112780724982518174100879689868257435801474901303766858935669822794141005894962774160070053948456746099165583372191144
481 1979322104323062167267483746445726693276832694569739804973752196847748276058898278108863347563534564782867807790880116356295159624206149570085278436299984012733514039105123492555559600292550559169952586554320678786423552853122675024353908503037550196544219457196496366711047196697596958022
482 7909278346079465249830095358116841791894709864734454022460763466016128322629548696135588961231071205270916960437334342137785389584376888149305896372624501084340300330122593871395751126733809145191846553359060856937656656932441072075955727060960681620861748838370351630073688639902300632032
483 31605170245521427357744177751695043159160050149857531142904732833841242629308975788842484278707151244724396740605250400455353461246009961539788460401948355266323497438825303060345102780191911329050881220020563522692834376821017456160235044775768859182645571173821301086119508343183264880150
484 126293295049639040750589536479142617235144523112270354274413313078930411514404309138345786898978688269758929696894203602328607715721199410316802636087947704717940812257511953139393224292601945246539447939958051985988803572018511576901840852600676284560184483314269190816524434393816185790632
485 504665175169188669859289556369224890014242052274046536678586329486485550165080805047112121112044393335299834838698692195016461738078444892951099065530803303577737352552444444718064335802596883991057086752178260047531951465852073464830904540456659198157471419875593651662856314850246447115078
486 2016634804418332493604734817175856636804769315944333969996687744715726101485261651579818024219604924575313903614542240691064880320076512691190928610988405230099326177883844785072250005795767267625803928810537211578688270020466167038385383936116888053246801310535220552462047409750534911111744
487 8058460005175450919963087415408406325402270122535423248429533405511484436707824834482640363975780697992568998691786579834344004340604081901754770358805950855224859698946049371346822367962830055276925392664517709154637619383309401905307955410919114132357530760617705337977387922011280942500454
488 32201620172701115430876626117100891791512434036259651183100450898794013118460307682486488658451027344528061485972753428216162414711178281760972172933427873373089478321176811489618800816780502356229442973519253172852020531240514534700200577018834125118335615966788838658326289668709168169211560
489 128677987367827534153491461344945108017762425161525601407861807329323123107699133905023627478855097616740921205005341330411668286444425242535734163049758954251867875836506978769094321320378809117872529324343425874878152400707526725217844118435170915819616000994854311805821666362805716898756694
490 514199512753952663557568289694273731166647902134211411494282620150829164143470137762621587069928236976570312353180757564209893115721275328367761508111229873071706751480755746727458858276606113334702651963503867551252692239650970788810184443687440001695024829676902161835173803414371883506870336
491 2054754419853211586313844082770996478034767851552532619465448876897285847458650404502934428227035712302017043094476419074775989377980614174746113445057148946243407616374476724639980891177295598693265756489898133267664710863658261951829056471153262289494458939003468613533269340957541849219402038
492 8210867496075965079035800610423218983062686292674365134869678198688644114275218391460597146978796608277976279965562417018703274364225124986237942653595412646154472073858622808277791529214478732492693277941585128095293158534861414081829762685096816086537826072621114799274223042643571192299610488
493 32810966133531402180432823858323268656810907246410297015512926734947387110688956230287247142435412052434368501528040244573484453949091041712469657716737251498974256997247499430012097603450270213090872812750382057936125754804143180356415812219561654307329409019191540369646153208988839723830663990
494 131114234744004565667677869971090003422619296116296643878352995651083284768887219854688074664021805477025872427920452260899835467597455134266285286872768944823225738544031697746563698999376591437173478864378918418581689814461823387382272465689371341018613912949024105720731717763926688013279546448
495 523939954651144694399877963986736493797452618489720090529729575266641143068868309620810805897253997241006361528926616761260776330151087641663343376722042966018229685679085153201840479291004568544090696106779124954405193278033300799821986928215297293851021193894491699633132006075927206676704441782
496 2093697990392828387268304477416718199436226851416570557436489798631351901863816925378275983837085374320512831087141667061672668450649269344430780180040972256919393438296960594782492773715431179069290712076585717121676386723265423609559618015632808051428370775374167371521592892905172165541618567576
497 8366568964890470917621983210921084393861940728438332314123567222539407388291500018953149912299887387880088490030773887481735131309198293896173621786864777527384108518301011844191600965229308643145428931791740843986607209612382732597090246026355404809966029090706914239402211536998769446219885974086
498 33433480660070270827624669470164655973688601556432560411796946098057828898120787938102854308688790039697220416228175254736668321647036242864955351536677447598737607713986483829597406768712243794547667873223833028777588425127721156202798544859380932443076835440221698544657593766363379029201495463920
499 133603127094618892656862657758092408738340635169683443658572314280770515414791754434257848188491689338106429075210545224081448426011312887015486954409357098435090499470743919409939080218739600506656911980053819576583925461317898533962357612360408763324868470705825349276302798986177676586084802489766
500 533890859670525531671081662814786646207564578611500859551163474666703963327514997532715962045112957346324130847530612371129852092127362536019484025458100267099189677393658014786472457131151021334971357778203378653057568402819321168924518859391568480815575803344910807104711837030676926528789076231144
501 2133482947817085695522472551638131644691788111044216035191850348497853244334754275971307245855944823919832702105287248510281983037758794968690631846153077734558292583711376854924940965198325564754511024926157646269553484873158643485210488638656850694131524302976309054851787205652821167482187903749862
502 8525634124764378524149335876838112541127627644297071106081629436483450515414841184802468358444347145003030482125922451017640111112374046807869939802626789011770714651673445064528473008773495899828084025038632999049095976569683164615093913116336735433069426602419597131360315924733878455186654316557952
503 34069442548461335758976313544269952534226688251278685832680811289010600962323127309624929902733324998885411453878379364386952034087010931817474440172723329056248453410363613886768230563053857512100978491607919504358138634095241032478980442918667258625001353438246653936262908888415785110504492221740070
504 136145779376364733670894875031044422715726136303159077110184547999246200385554361172740187281204134063235870689727992145110795711268164851391044677524728386236262024740679951712847745587809059387064284835884048260454942184127620722694987115734042171520141099742843566056526299117213404333955017172013432
505 544056686718983188128756233617470908514678982513067823378661588329846738477595950947205027915380652719704029075126811419302725982353670748881017196342989409171432718880352642650969629796908122744484327799755619110364657180238507602480057149869521435989368763124580048039519125375663068695668879699926118
506 2174127124041077723685051504538081840933228423564950557729729142550844386627337637152675772417894198569697313109603807148493359384088256543526600297979325993431515981386927777926279951909378977266701432272098478788326951352907700637380378115841228582333892916343634551452287488763468506698538497793920144
507 8688134288378864144811341160701636786390748344927849000732477986453013907022587967744056617601305367212603278374037981918559751804723562457997858943686619666767645800524292356286704277278473993343444881686040030939457450439722493530394212814723312546013980222022603381194328298883076298388006219318224614
508 34719136989003839974861570454241398409030591439887478261668739506584524261985556498437287524774854958760361093174742465532373474040793972747379211328746587638054464934717754231795569290875165577826387763583916100632653344172209398602056956005500365337305292885912615912968210603619226807263607813798852200
509 138743332106737278833210757910342702609722088468458752252761140170015339470771957784662809954602792766821181300104199359002528049826464761862795542997946589411190118832385060219963769830903030539013789285465705174985789879498439102901304110205854467321822284997269672349466347213270602624856981130393676614
510 554441996883828155805207024657937899111289205758236186086177827023553788097222906207363690110451734856407426645727970173618420126708860075592217757633834281439199660421680467554278193941919636633852270174844603053675854867040724895485109292086961347981699890242132080988438578545834510231753061361821983616
511 2215648759452450445064587251900369033094339019871849027065015722866825718076397807663466507155673488108741114858754999722605967207681150810821286258458333659912833758899520069517664710939818720011166056769350037080012164169107229765074532991635098643633458613045518665511428908124126240198740703415291955398
512 8854142401316584238030217632174515386687113457395970316064259002876474039386616683923151212379900861529414141924939082983703614504940423390878405013465194176195509918973361903874953680321878644894473520624168481408167621562398394592050356377070030703616716316891456140546127580263837320797505575738122016443
513 35382855699678855655311729809840256517749339099533815523169726911572080102811079536467759142116260617385971504664175483271895217272984856185026490033988011658873320741298455372597443313580587063819731007799948595793410044005843788154393427758916070928669056045402250523849606219777999765942230439664431516745
514 141396951898384015485494395579298767165506405646897627929307069797672524165109775144529344516289288236993730779082534596131695631743056192407171729664476603091096301330472592619160219336500869383657979338440205080111230323884288315319397249318106603224789124563763658484787999789114489793100513129950220611923
515 565051455571157900574392416411036638934568573532146604648414032683345308105689937581819758153271712104554135538948825453373268267377185584122889045596774411503592170054623113323019352873006214341723192433510594689665641154707692637305821959096929637379480611086097612550046596350501825387820083816857908856887
516 2258066511468590750648742999430355705254309245296434253805403025702376780251596786239057804549629424736102268051081558497146243142503894620316668448047203030887229181596963237459448937505858438582812642856829067228363193622476925714434650480325255945782537950072562608575614296269384432600828229116566146105621
517 9023733076304942366989915689056826125236093202449896535671415526403422509014694322156929783166243991349004407527703589408350168107843335340571854373190805306960699333097990161555480195378813652919130940945523811770463447123783879926624312837639513382697840729867212178335611847557674279787392774161583786806821
518 36060897063178765984864030418756229610712172899947108082580845189651608317418756518336747699732756738165315089956359795708492977964390837772331284229457788253330599154825370220888192321723308750556654453988786409351699020707937938441125570619776981962934052783011424019840754783577134901612629930627872305534905
519 144107832007441926814574477894732086000149645004722961061108347120615056025837924092736243719243227236856566896056920229662017833286502003319503822246845000588168376728903407169635602277352221312992379090846889152895160575451712951230359832232258627563042444607281237123597129664260943863360781328853024422646941
520 575889834700057675649311644178464574511626401343818770665015833089096871300032100136909197600041160921866521331331217671286175908727816467813823851321225759764412882670560449359436503180106271827046995065049190892616616285911495253966673126388343622115327687040914695057526039391911482205316264761931437732398119
521 2301399463316739381780861800859385054987660408506418340273006532275492177071225157340669597942702581986206980483990570941903743502971095624013494798898998679637964795139402798062465979671424854731380625077231006213405234475356874178639404564493196972676326208014177338266621715289013695488664714111930595779276067
522 9196982628349393380170133428598609427939797889478429290971719169607249257008983256569971176695570302144651051678836747845947090065636805852176612487381483887219191134146472815270342593683567630361050493955569095185978423463466862114330379617098498184483122341643224267612694371125923218442579466906485776292398587
523 36753566267490375332134358209790259152370444641267983831900435163260330995464276302521823354608457760327316768993674353528370286555002425091903576536277013659644704009947593222568625571292351879912931591589722117623149548020930411225642945160375137656513883697282088786912156079886446291948815712639620508136147915
524 146877192896063553637957565572055123958800858065481784395448408508663619090597074409343273745616127166495404446409572722631010328135124721978071303109615329154000211327905956437349307902088805614638793724819658081891496402722325444240388289686561973909961694535364589617095648129284037818232902855907448125133833747
525 586962014953455883490579452047037092537467230770166105001356669679782168100664483283439488917952272750073394917577470517151800910974514498814296407751194751562138411779158833488547546535923590558900717023630766059386394170678026015562649431071842480837070782611471793596456625258356556633230834945328757000290480123
526 2345667133040325090302153209993147813640524036836992248958027343373800176207959214958110633366695303896012216201230770702538312506308208086828664824583824360949212069533269773253337990789236026459078905858001768398315755370308647605610740454588750158658005259701306137785737647969835484061731037003924859047962966079
527 9373969110770070705513603032567585263241539092745966256365357209725219473299045320851417021797585200380926665385735250218288300052040926930376363313004605272334185683234216055800242520595979772156261723867816680575316965663859046376842523690765653722642179961368547235152523040058222560856879032736808942965053726559
528 37461175450085166881795146498197335427654363476050265889808649207565546662937998897103716337432203745737364168720532629597465310467920122181262139152280553057041760540734603651750981692315317416463814593994838815859487474545816889340894368931826028592198231950751255972526091376726206831753510249661688489652264150365
529 149706282809347466537964655605806550776203875068762529714905178413016410943260087128662842293497747245741814522144758692017129035952829040944479683603693078604347118302387255788498594833328626775418579058332144116543879553805588395366901442898821755751244309836105704603847630652000655423515685874302892780717605376669
530 598272988086501931427804426984776800480590415690492625557992138614448815460990490440401293531624420497765814226298906034364492522753982519715656238186838009136364188942696893757960776221643034125359017170436114652721174543608927096005313211087255045761369407590414100157842069433495246428853650668692321226135212464681
531 2390889482735014338121512599387950430882944572851435438724204298596421913024064360149279005604669844162277528157624919704633082199532690752597705787063588223313246627896235953198158660633088167685949472610946813718789012367408802796000770200183149616040656456998516440407589735267379049108825008260285265989484769035373
532 9554772352155802191230008466445285537128905598488548035728965322966294096046496584984271341160969217465857938872091727621914293011519660685608052665538148109886948457616519322062799475888588099074735285827968935992484193326196010600511407513600165066913125812414951350283965717238195004651843811414137609343525822094513
533 38184043845773314611113537786442158061999631626735399260025354726745537515611847860831413930067755895765045421703888175228542414920629634424048209003472949631457433797213355768273481251054431643709461812682371520005442739970330688007327947665043803025597183321813673767009395978547038701099904353221009897913558785976125
534 152596378366900926899591300400029499010147501064611851575109032068909022851710184652200886428068538492038396663378635009938962481167050532746467500193112147609034371864816605673621377329356573261542350620552141071871125930564437144016993057278308139850001168424289206732879140837284139510621370202888920994738565969273413
535 609827859293382983152617598512392096596178519217327979282390485374538090207571713427791034457072285884124091854121665014688953201396183797296738619864484197561601028647050658492270765745706027488606140672343796887130161004975950217128998033521588385218351261102602744034241498813952187100788794821939099987858286535096297
536 2437086928018162842760985198008387168245954060769397215724482889561664960262921206172563710014698403821056821661804671890727672615501667008814741137291299727922337097411355391733735813915367059964970697772762901939861734848424275133229424911520357344670511626933109970883154236543506769785253934693448048421678657570952941
537 9739473994250340735519738663547392664121245594565281052599488173326284098035256437234355789360359197454668835793806151963407543866722375972564510385299542048360060992640583737001481014882822377941696865507081091856653091666962276952529948708065966129327779652846969828224892069128079999172694710183526131352284137073910881
538 38922497938281071697801965866105726284394581473785053988840626635233644996170455645621620629959989265507765774539704159427405854757339262002685441928036554750880285121389300770982714831062370845306783788769549869688302565770414284421667496815547307445886380265799873204890086711518194545681751655347686132791160573787044865
539 155548785169274466490040254358015033883118415446878363600161760819395524236111618232833621964997601574174467222641093504657354775731803577653226791414667962816993265896978681732979201377924025876357009923198718602508216883908256566960047541192619083073317229783805906861473243682058217772304194958933245956630599608531681341
540 621631849633543383453885128412514694374894856929377827259420840773462525742777590951346316298077817660408648322989172751485039351891773420074738092085341833315053292650103965476492745382931308956654751186118080993024062543318081707001760831209295778492592531484541618050885435469851113167897618799034144898275364292365764429
541 2484280347735543097525389629935634758032336129979749152403601001765114645830207471552430641965327589945521367866119179598877863104599669280288640693551561069399546905869289293294398612913960965989180104963180068550513674231543097180690161081585021629959516413337274194279206148824202352660382970872396745810237099583408862457
542 9928157530786380668266864268737503289412048864237605761474542906949817506469758482615836516347809203333950891381419651391058769020389444095851149659112201853460309788530228893721137311831239873390853184776500651250864723790872415119217948457653794444859876746041937557686436201710778200533362932616471311527082912574171153457
543 39676871615614110633893107713914207374046979783152026215172268943765656948026944919406869041507338183323059222619382131913560467979842985290441607073408965417499460607051504246036170293510846594900362827267435201127412802381917115553380342679892809251958559996158884083981458521933167289727420230056450750665813396787647398285
544 158564838419519827436621996314077339455398049323908504322475617612773209661862553950432580151847344714786763944037262013762196354193048288457037441247895708624808539348580446933157218524289505920028006165098783143967354360354159890156955260201636654475027461822478155224983186690762615352265530381902786688512079627588387425847
545 633690298518316989085331414021891604667283303692200967344674236200599075102828535212334866534367742400427696876601823638388795494911384235273713575894669140731781004057333984664518176476840627416814926863327974302178910786142755844216539167253377509090611683320541883799913814198139946726039126345008801202234654302902234327123
546 2532491093909406277882926611858461426603092371480601364798837956122808360102715735306170717900010767624377777608431778756914080872186379606062359014340900884049521526865778748366018450198765956115562385510346018513185241308394204608250215476999352067046220858059042010725056431779939462490116239198309440245377900106858464799739
547 10120908347283661956837591195349277749931588913128014680045320810753440343045702006085612207964997964720318558703874813413897714799362053328469445722617836798501701487837231647667981084445370862592277009782770857581599331618820186465263977049558421774076991616020435527594320527534376918242124296885731894057735297431700194944779
548 40447506329272291189028550435376627528611243728525688760838735660729216917751255281448391966354590439237650387373940356629539149412508506502944847834096427486422622103630749784769423793772661175728336539201711934358165490505806317499235784418422616626540203178799663869134838906641872593312715054746374474469275846111995633021355
549 161645903560134215706642473955359036684950897520567283625939861018363904411565687761919144893322168026839243072493150899443407218797972077954178125344507525715152693500781448446026089622277016916155199135388251721195479465589615250406058157353483798792083916184412346851636037025469037206174110177396380708263770585285894803763699
550 646008666259028322712482985089800936642979191652720353537486733225125729709612433928088313938092533203877889208217040842567779041413122140904532432172411773323382560871662518333904626231586466651784518861650277293057123951536560361881662347232674384314165371008546440610244039715933705554723675200613606507177793201386650814375511
551 2581741001932118269320097178078286557676594411187898862474834686541363839229210086524241984621009569143410358181071826594416500367225207403881877260409022945129486192191259288460957571726442303008855897232387405133459613194361978372997570433539515484756500980558118560092961410017493397465494907430585307387713890821940095744598663
552 10317813761828184074408193681892938329537225433739470583416790249266767270580731821262451406811107072778439741570465467293230017560864230123820535706164142329103326626781362260936767775269596592496580332652305911640787506738271717480156199771912397390384816063495573299423504128998415595898332227758288533740770625806662847649596223
553 41234751257384189793798600701227268381976628335436065408194633630555218197143569920513472244728049111260612628055888886486066318125387679872139634369800576436200627546566448010416640393887621310477073468446509589677045551481983323812676961048781904721891212386033600884820934332498743300165869532667799038788689216733892327763681455
554 164793376925665166209042404321236185270193812567763725803868266533904564881855530769699426253860885073039256252827681598489865812572479651997371156343108533982945942016503069113790156483215737609707358431259221518629583855221324478495958264168831828582840099282033239178884313284002944330363395852251256795829619224627587679256235243
555 658592536677663515441217333748076714188452071426803702865456203348806917537595166582385546067014318351282627312308193368500662187568740635038263921956121629403620015732779084933935464674070741270310697163930787526354810615800712487205359140040556361936025195055701181721758422806050652403241877038535946705375388474365238110034517347
556 2632052401009788448493258705421891938267800741581564221293514562976885425246891563732059035923853185621109903699941273663908846128724291123272590213260254402008971060770970528450621852938855495525940103856238251187778096501759635418377434034708519101966632674914364457987266547137961953394186281119585115971134357555112140394929967071
557 10518963066850261875698814962811460723466516575991780126785835338542540461859083551662192954335481291912959038619577547950781744035569198834327915896864973171879248957271880142239040217475745220644893925929614632397506703698573343676598612917309619799343201505462571948306974435052856620729601108714096420790855618312227066663501016151
558 42038963471832546053646430512741360649925575610853017953472646147618880949776646467099057446985318758539776551232266604681837793493143935642109726004910832803631442461656369176582418531327985200560863254045357510255162865978079563644304838645283349796009077877507877120894247276767214166413958883234986116797585588926508343388126521275
559 168008686411261528346075549646050057255036826834547859078794630547556200234177342350723523098592104630445189929612292572645081902348923655342083876815334887407480194834392818813145431904410567320346541792475824549466136451682753594323142367313802129042409089760591181788626306987851915570849769053761266587112231922631779744453229118451
560 671447619781256541475138795534171036279099298647974369324560636052573685768122892168164396397747836844004305776781001874827839535279093209354868710070846656929427101184557719741813068711861839827023244137316952285078090132724676163247179052500001305588742285150339154855361488644465412513485192782453463221118063351887617627491678786939
561 2683448124860486808371659710823435794440418706952918460091539093242742299333461351804770409802800277215780317250514470969320932823791881963629097981100251822238044305817317600107475581593136592030473122612085021644650956841789638564036727476797172392435129482223133885196626067785052372461243419349250269058093127948430019495874779473827
562 10724447571919858988269141101117563192733107100651031897925147145939793842311359776978623552426105753338080670647665430639587259492512458655087460671319344369516177266426927565712451183287851812232294267851762741575643027663566705171247075391582906832080219440364270209532213759881636683042177346663611725317049232336251631669689878438007
563 42860508109444576462917402528842375492897580430668379670238802341115623703646628093937806861126347716816814018278946866079594734771251638245031828831221162779410486505931775735287433835877178975054999717624175718382113186245072913103609515810476472103247849793752609610050953527864625351023487660675448764776604672476647209727059081144055
564 171293292157467186646318587749639179650618376053712058779130906264839006900978557341260929716262303614980951762844922020341999923943839024298714597366718775772238453882845279535332815125184852540389365937918597092882394166627641869742257485015894057214265623157887715893333872368843053184048720211246018268552243615570584084567799319859227
565 684579754501180391158345122695997233660541027012336660613923398963265065038019937240325883469449958791199906086252215136587505039462501196599340841232842688428099734488015181943374927552336277054403769967816404832171502094796876943057092618821451957007545663409115939149953346374229303599979984835824365416718746694830706360044004073279963
566 2735951522671820490463265623385556409362834766473575053667348109449373319999001276928088790245055581832905850293861587298372171370896571773407535698885862931667888525995398324277721558724020215152641564491714755109912824655101941108575611406183284423829666421751265536816018804587537399374869047980874299080142169399276492212289080364027079
567 10934360647578331815480377178720928258256267253800641166015820803216837291296657589437983598344980365146130966950630157899025148967778154924574869534545372510012384864294366068851326763824818563645981881275939182736105292330254896572900092940745064261081165145949287011820022753969638940444068573780290020772801168062844123911663202374562279
568 43699758547323878893979153117118720951532416469966424817596711128667129328708186175349676159757609722149863192338992880314080473207445664318352931227585981678341297533086763309272640584770675623433425849702909462291420777744999502769814127857104953428104057881897634450432189348155400978232903610188544200048801301319764472342082255313041195
569 174648687251565159153492342965671727220578215719863173408663685459707593801913417087432082120376789772935261830559506624773245232656315145776863166899082654665873369386651287905050104032527454551004249232692818241963222055817595938931606158835816189724269889720737338488875873543455702241242563060751349103329243838236645739862522509096212059
570 697994911498576682422523646285101172185778407882858864537430216623232772132926053985384433788800967765206090433406381668108562242617619778035032152224223893911155049284161624467005948191743728083434973801902609592957436084797517668395940302765608989158559360570098248331215615742817963317281599791976602171638943721085440491030324665674453431
571 2789586470322815190132557995883973246633490265790506315068198426296659448203180509378709631268036894144103384531229886576536902907831198633821856767878635047733834833829609510514003372897749579157811571665770775887601025816273013116733280433059646818369775620167308053614861209673915843266680268618592528821092124809668169426349211496819943783
572 11148797770226410894461749987233514954054645666187352576901514027740055801975733233247379351649091740541699448578039092265035454562057197112288011944205591603258597226729010552251890340690304009852461452940390247419299783586498501458590602169180503382074242621098905512828472777078737026918375739224337047644028988365743338933046207662989282563
573 44557096582403410496263355650824344850034782212347317176186839683409633277306943521144122959751089933760095526779586001463748260108369417399908039251749366723298669225519416514950945997244315738285248562560616117982867016358977923043685978707801881850772569742261753537204027042662122527728730194625372676380275740855712693461703050539849724035
574 178076398445790691654474907558355664842803018118289039479210576476516671563494805324515456577126453758868205817783233310923354671816180923264711567357459915687449059046958431545439013397328649289647876151369394310968786046258312483996280420928194705448929846877436500058882509664082370277136932312708724673446742524894408970645672828329161298703
575 711699196037200873994628425719215734776807730240476481730058669690013582350469586048014031085226566189777239287103685434693909260279271567594695434900372284118551664946845149328692676388614407126007803207883407407661424155960269029957035290389162138545637511698320342105581944594700809417138735642318881617050429583684056809244246010243778007647
576 2844377381875220620822188427701725820840681203398266066400632680645155923324809723229493307957132981787705253736962800729264755591783865651363233176896068567865788891223262690691326075399977947700518651943631909235080772737339162328785886467556997118841536363377498683934630752056799706020009565718267071491040393232146203156214221686738892164141
577 11367856568088937574262058652217597660474106228938023455905696531138410816294116413953236149764013357424492527826854476441966195892636502174701022814738366858851751942330693721011671876259693291679590228559039892388136393771491051126833707892332624543853065719043150025711954685134534239564650833386922454398390200800054856888497323228843848385261
578 45432912615301772198340390544705812115514073962387845870093935733003180191247576796253670856031834706227614733851397520712362928939026392828068557041421443872160269400391589963330718527339566159302274382001096412352663115303431314176758204041079223281948448938646545488452467779623349011432233282410685048876389617722945387301946278441495775572185
579 181577986892742911920990150794537106835258936150574042481253273999437051977913089536236003229443189663295300001942424121337772758748980785935239271265886929763110023394394684198639695280731569029741683457420824042147104905258441605330570044815049136662668439425074546924368315718474283972502045199472909361053246385045120895165855067500670233877501
580 725698850925003808110757482224482413598474347630242324154415383021848755075179781204132923630612493008671048327622006687014264984240464064173852850815890992191641803371376413315019629636899071321095200431217598455316695366384576283048122819096673627600496644477845974614325400069626773510677225621810630469072799684175341779068306785219307074806289
581 2900349221339532618607405189563968392988452589874638797713695431045225987089975231666952583187748674289184037245807899963446563353170574370492903399386722383706035690721797010858610315025920066843477191809459263298160107350652094741871966254712771240398874097039258169340511890229432661170781600537662898126687218288808566491626834153822387897791357
582 11591636868277564184306907248134302702509633469378893860089024864193728847069711619034332915054076866912289773486248745704536677659025294021176712824899750939948153957355085886286742529454561775244921715107526042297390802532695586358153665796126399538326515671765404372343651292269348003743558930234610285728497690556892344269249379350112192865801317
583 46327605838567780590452664078259458994701585360342728975591742146963892251814105393768989806423089172103086752480136278219360342263712929066362397315757798474207797512056153086803045422550260594706545293918768788495239059362845561131412457626186045225759829580839807650071114903942264329518591470343762733879424732285557007970772220524361953549799625
584 185155048898335546609114342356443746402767396982110026869111292447160217452970499893391669267648808332067224436011963134611770810092159695136495313257841529425538428873977878860182692945931525718284986159029742658008653337987944814644977209244091295894975216757129678182901065881426581747070268422957641042192713537889618300732026404915486972787713317
585 740000259525813861091229162942184522875472443439139116399266997495079912390347905531158323694875484723978052447150587363904930831570606774050492589133697690863523772850527321259464364196107863559511681968566785063233682480538340557402363372743687972112277083903040459329139408489828452514463634659785804215232592923405995163945166975460604885114087193
586 2957527514721197874303851558225396939859998447118190402786413703828527323162249519946729996648880566299701501887197568740916201227310660540272882658772316047577635723138445738577253387315436954065489090767589881739467068117735273786980311562217607337818134632756246308123469521747270102955353062270293126006130395881499859712629780988571273087768677689
587 11820240744973316364132178104941318087143057406935419669137487289835861494710478738113848955338042809434014186583160906881302572429460340974922859432905867579504974320818228004184942787392769958284504566054350252842125071433851772549105272534945628948099257995262773299361870188606362918994999443835171724571720587545824872079851077826648160936165291749
588 47241584429401057730435738635170130182297253683227139524504391169455245373384809889096909957601918696704856302729487294428016725096844579491020089507561849834430163321151607241033601955687760245480037881180343599320534879949231799319876087566600213506594618343120650298390636492477984518780006498851652437127310438033771320023719721158447055859968345685
589 188809216692638154554410913263801730797697905687600541773289022538810255598928574692811036575117718355608499202990799542255425965296416815201150508011270118946485788788202118043504146869538093053028342952467231674449677985431100722489145628853114304099724779033299723129244583064551405527029905630068255187693245006341169492339480863576291432111058809489
590 754609948842527596479206956933187904583872156497525659793547673675784968061733002816409311423806137939818861096041894096146949477595083958985369677819120014251283365504734752837354029961562668049103001742653015918946995518019827537398394537137048708548036617040176385628238343710982844969625614157125956050972961119891048125467311200833482545874643055641
591 3015938362352641008674331551263253617754085019735238185942803737859127904538445926869025021159747375584832756525240618392226961286355577244511523756267211673717858713533081019405173108860548149202412618376128432979222003004670238987427233441271279461662120531022793051358626736978361664479032638538344012612126707400313093955913500801435238388559098526053
592 12053772568751608249260396988278497463798795834358272462030020219337940647782459379516464152029149345435282649830007798689513611255776525131283018199849192001634372830039530208255637392801883964977169841476898259245178943308964352037468457878928323757630073821208989962861403161140558052031006343861570371439973800506521401704142528251209950755658144969353
593 48175265746939126184161195702955221840984085423421978881166965569279499408154854840320459688697861088449591484381514623755781001164985219905736139371163278826975877429306395757533060998222261081026715356531293110527309391386136302261170130497719713756863759423608258055446447264100652831018604256725489768141893906960939033112710543627427937620728167410965
594 192542159218970312864516281110161818702665222134402770321393455677116865369402619559093401569905448544715772923490558823595444077521478414680021760042788446094376971919571860528768982257600891217025225636408170618549402089662934730240306273980661375978723714556748693995784253243131643699001406673811730214557133770249632173651397975292893771956660624343213
595 769534592673260571989860927448668951328180872812558197773623289451794553866546992163806019166164043360751333606599407534084892984060356192442330229395520667639369487591955019380185398244571932876505205383503921663463496437078709030943716227725546016527451280334302717111012289902816336282501568450640133517586304564403079325361406641030372695638541183520817
596 3075608451516928049799508054237513085984180703948242783159508580982713726954222544457707331227927289873980908058122842031816270748017655459158686238835423505174452901963599913035626799098593831314762273751636920017880559463539290620822525073959168117905939763050376524529501503457935444049375781962425133022089935831185556353894789830145562399207836389945481
597 12292339057072995905466850743509664353071741249856558525757929688423849597865165797926045525610643003706345381257660635066277254838166622054937246053908371301635098228955729053056169282143743592965824276183604818656763651369493482060377396915219783256430865644389011666203108503055464572317136772024913871842974316173405463168508925811560459891879700264559741
598 49129076534204264905411434227161788338362124125289969809339962134118042981329561544076437135476500518808686687875797868782466667365161248740915756998668627885804600113775986771999644371981155634133259230374238799279240015526472530250485025584841845853790581073413736385400325835521139364841025140868215153559434821910915925465322981005503722666541515748784445
599 196355582941622224228888591207102039212720239129578471374363218343336539865370421389174412802622716542309184137027812581155984711413230840557881841748146140008099971063626497905856976098946984688067975040901669118363231627587041102463622347581288868358372309359349178692741282383584402809821106202396003707264679404826508263320023987664692189428404953694307521
600 784781014841953918190835890601172812333107106119940683083064586348881434135933298472660729526250364248080181359795956200122076684121400229203530544928020163693536866608335080795793037625306306042498071322666838138352709320446881666247979772954541334957179501152385685602935612268249156163986352148309482269971666875008384129013555658132801639498007201141862329
601 3136565069369055605424728196072565955011405117842955708169068686989104863583481666123759188130199318983867061494882452148458240014762386309498424063776298641729682699670264220639927393318061172521722744484249969671370840507361031193678804130745185794509390692909920272408052444327519098833878093539500466592933121881714270236051722415390879297305316710360673437
602 12536049325963652856353754003647514137132303534511101466069124808893704241068122997707612519245798629475507386422159016669163190581934436573849533397589441250631536376669141206198980714676681510762620569698950752915247764293069755636491973502664424393021750003162020606020388380556050221189330914573809732078062356168833297908907280533095654767016126617937924877
603 50103453124806165635115550819717813156908569159559011327559163933610009194946046530056859714844918066024569192407905871320660970416916408179496782393024517581346446072715055216897120150336802610494862151812432533504562710939168248009707964561595347875079673141497554097063785990704975123291734486087917960909229885024894173431461488627816098202451104178514534945
604 200251232672586311980474882684140855707949099236608724143043239988061366099228883548046968832007611651298773931700459620953643059261701196284559130875549129322619487404752665654249193666986526739203521286675567868394317391184247007441219724573834515789513324913830353239917716564477321743109593901526864008275517652217048293765444602383692912110955860621705170657
605 800356192504976549519817514726360181203955924345194850518518545753789083967703813379949048439503965953201259628523015743508122136620794420222739024951280868384795679317506020290985282567241933180576800047822147588241515993019043719681816822119343013030957297467173696289222449905138269311970433247075554218395796912953251019866280290873467292063014617455985665173
606 3198836116161031406338305356959203703159387829021550322446349390507231353734612085503117139227202368584241125673560559012763526307455657586771028325531048655297613381198227459285712143496541725848992450351442016476210077860531918657595520036006377271420526153323458427832941891264420001224864603036131481575084386720243495265795979979321223485034443679547843914549
607 12785014942910254777548741425517962049581793000766072804858142820272106700429590860646179216030393105691666609718096578693864288924131133882172787642794810703176211155006043496567650266009500572645335010597248883099284660159943126469323117395545351961421401166810494531666444718241858594693303180368525709951953488264013061441326995149850065701353299922298278848969
608 51098841654499233372908219951805745025211333202172898107882339625079993842046820059558838176453904030507703228345680630121946021259337695737117348707877259019422818041010458652281557221928535235152669626402541944570121156157262586424976762046706883852164582260202768071302331615699209752989571559448201788998719041842617837852196286659040510617753068344869931550925
609 204230892417695549469605799190611598484616155839254848189474411393021481847766993016593836495143752195913465083717198275044718774113860028939851260171506817877317861961473036727840293715330119701561528099270584605127565837488704074616325654257155954114550199415333040134983459515850204088499448675313472730258755874318514687724753206959319774568446715795002503571169
610 816267259535307449203738003281470063464383350094718898964253023052794730082408491810942878828008774656776566163033752395748586330964177223432812576967018005801805412968509366006931820925205234054613884830084004280055211388336624808235542497032633306859953978820305212066039521896754230575374117172477695079162447942141765718893851726206980676007886792373923864134401
611 3262450118777089674755413286534231400866373734396203737168014921169453231709017239201582963922781093061226317284963578507889016561546694861992459642734690920593147952392731636796165556566826898245439582352389971686160508046171709771739030226773302078211300700457116760797071868843640589620682750578597719578386558223923246322495410925694350457695063805644481647073373
612 13039349980994669400571772515507137593442154359687085263119211157858899113181341615121647296852638714678980076280206834662218183280262409826642531200206570455168003587548751197301777871422362675826290578386921800797704014036115334355252873645766053557919253942027928777125196580202829990114020710542678996885068529351735389904460928495129001861295063662851441595393693
613 52115698277696201948392722076327748198728470065228224452319401134145844820072283325682142643526557440986811194356019275229406230825115179030686169428697226691509361331286938005074827820324093886697570390682263057550527251364633052013293159564945237764517082506506489260685146649007549924899162159188051643458129610173365754668599804500533916013494894222413299291599145
614 208296386242575547229368820360933295048301158806751539829125763960805372640722184659515163891503901373716995151067395712289239179090162602303077297788615440838981845655666326641596175178671303932062309415884319504188877655184912120346411646733566848421304534537306587112420788983428093073842341967377360329128451396335663258081497835233667605192695958168791063819510273
615 832521509985927447907354019332963718183366933669616452223539281207039903051264960963400291448734444946859561466830754898981646873159388967658306652910124759430343412425264627379749549819570725745383300586680996335561660742081242842179183887808292321722195601191092782741729300056003036413739863267463295188499918574795044383550484852525756933164942359530183323061734237
616 3327436244585564176880336296913186159256907310400149168993460285558889462000455586980448090931773094249003673251938343309574302108083663537978064751431480846476140076439615044412283809859155136749107655152493323595195719709212811393078115891768725361115300967932977346413492399544970693266119639888594912256042894435106045170124085860319281211624984306308583894767810221
617 13299171074294563297142723791652888232402276916546731110058941502404470800114012393426026848288806099097687129326849511371883835763569343398958282097593426976624108593820459747020338273820754559574080198829395949915775103698645728335460433574280653906763874117763289876927502672520499707620058767744011941425818688948493289692803879048220413249770505574004201250879194121
618 53154489389042590408278964020967698705941507212609507414740197547604968630925927028757008220085387932545572990939753675618039756684652675968661921735922215491826585562811260609312843846132841329161809284988251278209107752819985755581121303816647678222085764407290826753084781659246075089009835688530892719050557320019233965751021231885857354199293602812593372901727526705
619 212449579158828809466196289338979393275157271518372875160752269800495503149020159720451279693625540348238969533128364249635433946354119898385212845555582887734711632832056282355165655371253667259567226637449324276714375631333412875455565596925728871076166784745189963128569710135972196627812550636498180948141935592927207996036865776604200517753165465912510874950032310941
620 849126401634095347655610362035112438304067741977797723275662627098014056323990148913313303567995701435222050938708834395204902441435486062056320707658706111337483736377496959010330726195987940362806070139104867162000217344054788621776648076412620935104319708929611167925860015278900200855422528873370362291012680930400151903716909565071329493420328940859275510519741884469
621 3393824315614123072692359022645267748983615182922191152715208347437778098039382155299530099091062221381219078966473988544672700733576249561719944674508481923267125811348347890521260268455725456009051495810099067743147917614994671606342957768500360549832221293437491325441116493248580409916598891161972870590816933485879215083255296904254447579151310012747110856850737766817
622 13564597474576760373496813618501938805005998882122662443457781384995144197842772189052872208752595620307666137558851225361469193863257642249686000326522473205312651644368905275793720803959937907237243012510925503873430340599300884856111183848528700724986819333760008976545148880341631548152262231806475769263442492002569379575550380779254186914341418246323716959274190455737
623 54215691850159411282111966858166256103062116275728048423505699088772624650260698047783655687300451828141227333695773200910344892641003925586125958152212573434579083120168549941479202516463552238101676447319132729805170526129637447332275022937627557357264678005988696325351599111147835908692053598578463096679152839005529330189279271453277263406791993233724578206425607089765
624 216692378030881084181978082278667314538731694762780206224174015981006038816905264499145468836624711565815163179887617921831366475822470643581831896659428961985029573455750930955934544807767135229416096298274818091739942917869382046473878866402892311895977450595924434568106735614290478974443100589746676393636821308110223729927514153631145647463905466706267914821079504159797
625 866089559608229181328255786755427065375545858654465380039347638355877618840376554318152378719637383921588145143654058311427837962657284030710482108224377459896485683036009064255841870200712234056394198079682696370898855684634728994352228778922196369052011887484177083768504923556039654078536034108704180915205781801795913076952591780410196015399190331239330939534412515035329
626 3461644823055252989966376513442229121414851519203925249055639547542732389701670420129300867777095924383977829417727770690887703742166777053588293954140791425218302190424071288598978415830272600484182511269316219446209735670557443397368268760291281428853604664725527682133481855759742127705998245873258231223904006382319721767203802123714385442624050592270051590673271939176985
627 13835751109310918428418008898145091303096115155777948429301115109007212148826501698075775539710897113212198252910929257789950253511036383835763182777635080054902036770642999573295292842208670188009904691368670189713889310482812782037816490788641075745258334652383102874657216863877391874893386082544758367992380797214898439464312352390291006638538257223716821780896022856287765
628 55299793221664461086198680577943660367234051514682938568948734323381140594332664177118817105163328705540982631661066434072653781033093924306063006794802308716607203825519292673240975866426147325803227309440987021619181244252990876482084876862890821832003340660832655098619241507443303717735947234621507596146050665032155510963581562186018722668795908414484266881584659968044285
629 221026732503931381721007867880657622580532269647015131021482066871792073324564828945678380073965104038280282301319615054467348345874378807681413824245039871320394815703153475751121969055166891173711237844255690425246949335983960547124428050061305353260573716991453751073058084347766067367145268649840715881597944089459207342417800467556782520942687347371979521579914011742853625
630 883418780099159895121807158386963994843151589004183315671336857211287207709039620441686259694743841998286941446650379377787692387552355995921603206837802166783988746934681120496014885226550955980747711704589331541221573283235605464031698148704853779052383986780591139621799892176922891218274665146306447693089309420715046397264937466426993818437720297559638033993085443997827937
631 3530928942109065326161013088867175998033447412982078683892734089500425861881522613301703232942557867842440250353614701881474551443153513716394763520145374130597249168903035548861175006583123569729038954711140212975950637995584089293596139315795926308143367536099468948186978176146659323646363149103193961350495193821288405286258244865478201097352145296682102822971914595656371037
632 14112756641031830818053209832140793971558643739745338205701078428535414781301872237936808278640184673550688220193098211616351156792008003398920345161349166675911108981762000711144698977380726408054325925639718662874678855959670506634514869153521046826669068900849993212017855674121806936434717708820722307073421263505024046705844725277404980937012533191258999822324823184537191397
633 56407292000585479831421362357160854898129451910141711631269007851238034181133482336499518819732348460088551908475078158802728101665641133648002292113230549187653203951674713381806276479764724261166213723269941972108836340514829368170630647021412416304947438083960061617295916826190884618683839561234955663172706155480719639109604045522055539961966850450718641095435020259304963585
634 225454635953459037213144474839466142547767424929808960564370218140662816487959244861029951106227823448214262061542285726661083045082192267847637445107022363255897249412440215251510853994459775582403251796337317869405333868083124490590536409097793125948023272140171931083459517888221130245928515710326738158068427478274970929299174687447144907037796604905688712784579144769617801257
635 901122034157571846099385664089249327244541731936188371216539175018191314130430999970262318451416027056280760702069717470841995127795121857358771854848248067339211267437104562191171956435125771624569595397525377379691269307345981474949674518281624286160828648621229274661295827993950936175626282535705314625828927710106969213805345328438012364516053943750232853206429521128133771269
636 3601708547170685815804579343428644094431519547392139864871891334137740174629165269613850109785451520791184423106483405201414873315683627780252231003688722085714627981216711851274185597608689312630859997842750282683249366478384822206543465610405433155534004784523077132630900113478623360448262381081034331781873015229121473705356677629486534691248104267111409020831713678221031587485
637 14395741528079410894532779803975574746903988139535879926048531002894735961999183812593373312047998948822086233481402365792759721421041741478720844354412678313999858870744921784052095865364130339445922570740800629732689326318283467267478195804230215447398144755962471627746686195325002388283043232839268225570844995021467865858529704339391148591877359768460423063406817478689947831705
638 57538697863281462856440431870762143770054074087444715846846300720164316026080240803154699988514953440681851470883188848563121522671628229388679680190728468852468406211432857448312892530533821864183005431152993742181639687576952529574092483214176723411316450747734973072130757949849684086618839898826309860856787370097458493555883676757267429864489368869202361915087733476977691706625
639 229978126456753155271040574956722577753032821826779160221800726887277002245619569731225482099355760276027009750023031328170871773349984565192678763353473963556139502245171953047252329011484693683243252310806012515039902776394928876030889665527687812949790921059045782615839624450529652992607395924488493886775044828259206464594094911936993376075091475056497934544521941338887202051805
640 919207471579492266806154368017463009385405813498319170558416141489903582012574524577713975470556743782191709850558957164613927426081444998769738477982226095661006422185366719439944537952476617032005369839846471621510441828308205238869046091383896854627425508611003651147341803964181565897480226473867237420754501292030096754097805511532845654252502753704195408958388003246249394345615
641 3674016227369679080180452877215498855913746623342541225087343504849396585744383365333325367391214325048076803902242818341418174089471459837052076317881833855104901296522792774555006024349258825720162944353919918549010019970001186697197558085155439584888265290565556550712113883391608910964172993431621840974882712613455178417410273086707627547004071723109844562805327748737463966996555
642 14684836086746178186531270491114598897268564448001799144804607442062834980807068279609139026231149157894748531726715136855302691415723721793691036822155875835388406148896236669179107874076293117322289299542164430718143842690626154696552097272817505185033399373801467743131672600443657154217475211158165815018208291001739256093098730359377156605470916236007914790942124928316326096758355
643 58694531913991447949636580522059301379027108927452158955534015735053342068923045463250174246698376461384437689511589100602578378657950436839514593642016130548031533606198919619407459901766681124507982000962360168469741326510538494695475819762378505938945653216968936007276441021421671153412155313547860261772920225108775392066553786570072998917239657629359501358237728923909962640406675
644 234599287786941912007025372105302645330201118057282440464779162125217497499700258345602208466887197500202385755498529834551814042871226219341314118165596509871648814893804725437970744095255828564196887606773799112628043348013933369752861086430307274978537027576268977228852982119868114443144738738033272790510868447653679223177368543417974042009498221749578531394486334680212043811662355
645 937683424881740309851132719797348552976978281949024116249837434826261217502609260537973816601704130722125437217894294813847964439728813285619072293270976001581799974592800526574627490838236667501586670701765842535190283775446893123106198329709974831678825755448249671698332125526879547560426502088460076862433443555550899822988076451493846769511714172361154164834424646997289598102551915
646 3747885302469153382171568390236457108551548859834098575986996168045565702468661833744554263361342086801542945518995105200838197280821617899288312180817566787410444205600905573443151401112397103416246383818677166161257342727313768645402128739251220212739393532031255873814198516318039965034940557163585198346027178896742585549058376802654367186840213358422410941692033140779857312239869855
647 14980173554862837987097488954439459460923432714527121830165092915960722383155179425013422889364454669449919871110868119676190851371222691049251372858397342708205831970985888845055809243143972291565067223514999107754711193283515804517018770192257045099780180272785071111257078212906978162099724566494104248776570829074600432137624033281374072792186251153745693751261512445952744680698593855
648 59875326939133186295851531070917503521245073659571633581152459955496832359029131298388349544664458672419269937617131484880407228243217729889752491816997622589824863612017052787571935480660546170851233921424551398511834760649051705411288393981366833774172933147934497490790691745072287174368467088644305701629956045064915259595052516274616181534822911945423748177484192456626769341164516775
649 239320250430011511222573845954729581963836316109578669809787830162849909315783678193908122449409792854191434188798671662124476199241253719322431684067376639563600684084399157160757333129979253328583091347511815824351347604731329752982588276017518122476059491829599686552789188448070943595015734374631007278369161123308238224080721934152535382971494216179202159950919054634366819291138786055
650 956558413369295491905347576004870665184810525202344746979725860862048100867728638506944953558832303162942627891732195253781523435971196392945689159938724614641151132802328111403845612726221453011615297571269005782373933317044055023866154359326075643641920571393159465495780199442237826996597228845015538986488598542246395145354001796045179455658472273787523313127049258084782836669548938547
651 3823349839132387318459655927554927860362184035697031755155148452798284242376647626656604398908160251483343043779158196936910851291996826764764543332463301298061007963174350436290952274872430942091917373307397654657453817594535659994972600627411642087919917118004555653565233688315512742336641208561088785800078955954113417597389197033674437893569529941191030785986510359485515987490249476187
652 15281890156853330805693471994243551686147261810747353446739031970837499563930848246555427823896453912187468500326209675624941633133370208772013242728812644518211036052727123359190811013379551965467722006219449760220852411572675980090105162005402810051525411388852643125692040299735494595068516712262403785894429379727295471873174367640227745602100206956976175950526042745294222520677073759687
653 61081627667477240052571479013573769211540779842187773322555900732981754168458082815393093125761971041066124165274387618301524568689475681254880004966606285068914898712155664192896617768708895309310684947558482215010826816799623874421456313416028008824398862634788539317097838679044107852776982770211978207378780567292911044586862893762333696987002599487409192887493689431890287880605553776815
654 244143192625317109439614000594472894676107475907150787873284198287881113700517867132045678158538078441856802696510669533735764225739728355271644647867919861829854401082797500650004586272110611546657109435772109005248384657938461934456254754375482810986889141457070692947283782724073967467346671926283502804503477282566775597034829512956789205373638870145606272807842244396278419822464008566787
655 975841147296595352106115072894822303805993125499930459731994081695138480077725546074401805462538159589878405638999033738295325592911425883059901002053007510775607812441218391435160200594103786843493779091854116443300813993451875763526208291830619772810989052850185607659670968665877293122766027079943279536120509692462904233756760872907016472066513851027097035227077108255132090367700023351787
656 3900444667565019865653329937238424191614385161360034274781633914606196333592814919889134800906449380880760074502866941235719257951352658035755161534689684617428502490330513118838523551853723786409061114324555961524864528358613207352171373743055270550377727519693197818132503668509180671121298365145010416438239643152920247371712080730746761065879092103227392840183600091587403875107032355566603
657 15590125170291525707842267377019947367973915995286597806465528530410872064124199149151322076196900912708272957721422972243375539487252727799570530104555028262606424120445305852980942199633300379374302039849418487134953659579386420312870138840128950262607746199002396881155599788111144228442532989234639160863906236469718634699730783253268478406446832868109354396841069494716766339567816274036643
658 62313991036325235020485619649369005985993055207577921789906160975124234009646492310569870500590716285251458804913071889442996609661868012331070870823957177920870798885897097413438876132878529271647256127718546110816043769892005984491737806210899674954249032925126005495039804786850950425145036942571290699989771693638128224223551111164945630829580469978125784430906733722560096749098571541915495
659 249070341430100748970173226912850730352673897513744331073926785585199625244017632130899650390028488865705145935088336081962232374260195345508403840735406725307867446003579115379067006222104512894390152725811697777670464480096794335161058158045463208841091109602820918813806293908096582359983450882420600709275487120234509635963113927397591990134282474879822109623248009515067021460654234889002663
660 995540532124822966719059692936073582779692638601403102333271958819622079147077115690955120078122046059380135119486042797620568394987507125664109995565194998693932500588922276196340961510128504370299152539860289062019164932793666513050580185385172598561577249402065757592421045246382514582352352940651222497039002983420257513992139062356170873303116235454615441730430466610255904427250900281953179
661 3979205398541048224114254943314715033396573196533360212876214685135155074260428342573899591152386373333655608264833270492218887419527550572975974908929677358667284653239828696251288565766839684917701227848035183736202870296755726213570866775758529934418245960226436693264531067162705470826608446618206443674871242802450583752388544074209393282897648141874249040754903317146546647241334418852782523
662 15905020993992542572122819004267867581267787302885087795824907007614546333785703346317951044332969760548054795183124960884688988783519992242171613889325697950379697587726099009941000823744263548669832995663691836215130350131181241086421691319976586448271596149738754770465996773960493035464384678456332796927871490930587872047478019176638600330253923817937721559937522868949735201826844131894509383
663 63572986463824236561715076435948510903504343023509180789408301337958799305503370523368345993439010493849256001890776812297368456314878723441752055973709798056330121274516719480564862671675102691908871379890229694849068662372656341559206358094407854762648024315710039921117156505089673827842625947343214703133258333603025763535630925529482185683027493993817872782659168976014769825738973658220211495
664 254103973808544279911639698735334192095808602924827554073568553120870158461422695973394721336647372069156727282308780409798680634786008768976994359158715886119183802720624972526582953377036961735566943628803445215028840040496591249160844520621644339630407709267496248813244587034616791889124043307486860021287396806455919011372238914090592998501100570594418929190148213664980407169230819795749847963
665 1015665672877296661540208065173941700861312145756896140235696928741171475042867119644823948633410023556172970089906306564161007628482883049410734903429804155911289466571476691271054376035939063908038045983860355080493415758331970646393033510977864238174598319171285258012946569868626594929065532907898973920904193934468577657418385400914624943803687880894909927510790043221016596346989180761221419467
666 4059668440821084437628144047239652866876120143235502004402969903439592348119923746943443648605631069366400727671407560299537467631435439805782149691935456547990331360005149796315268266484167003452759863410715312710343399239917252459973742651518338789278203247331988160875892498202243391873221364810316547336140444901879726089579439657375150226075342123794214188441214175650378187223159986589012924071
667 16226723217672513392365566926551549297964416122357242404961415695607175910365858109389393813503315202979420878068466736665610404443691479771954734665263787773982518193555413663812503472574989677023216991795586119072099505339532225520720312212334631094585047521322621800492140818498149210420725101952429157853470153136848806150686017494713706720639740871331360030175171936557702592754975511584596738871
668 64859196127552513221268107181263441930173982926844266616684571955454504438666249108608574929530362023275403500671753750320221523956838771239773715215112313643728034275826236131693709771023333051415305613372499051011058228619741643621656306731286442675686167551157120843247415678014996156052765906801862820840246046207035649913455601907739049779747022191923980257405262837258911046398728321120571388755
669 259246417745898421067310011798706499601522084121155443812686374907587751885416456748145970378631395075050286934254217694984906257837843675225734228654623166209580811807547491615765681937884520472449333863986160148436829539037268153618009868449174669827735942781614748399784217198697742397350287561179469785701847825925951930320055404468568661668968591409222819598337127542700783313398964163485931176691
670 1036225878595126876619131377080402970634673187731573693995546488267928485972905111218767962572440694040271844860460109740147329191705191914136154739625330874446495203134318823524620225203256437517249859295637383234182737991289589169775756042425807836276599903703804603655083404938723999723229627763111477714723205126974955463630167204649056371711767563877470481808400479872211235122453078428421007332639
671 4141871018971531970118534934952143771075625996223289631441915318823834871405475323652783743159148614920647852231781156826048618540152667520414994177887993786142103506767912088917904780701265450751016097234323148508305756047482903722338314389211757930670525647341416046103984198063968442185213484901198378909774990328352392813666151980112647856907256459702607995283272597482664571215061057878642710228687
672 16555380693211432583653718610808829062256254913772239997599625432259660272685135833130682520172014315317825307680462010955934152801968513508246780840980024296265835854763697744503389297091409781372222029213669589278817387824031976842324128617401413992057144085327859281726044204074923988165674858964002129993297230464304484367499657631306706671616972291779765810517919300773101213234492019390079874815207
673 66173215249515307966889703505751681229045610397030939082218274848820130605405576083540645429345262253654451346635185149400920606509356565391499502201006724073726583333189499071865585308878235033644718020701692705303668975078096266611169361959681192885607999940699085077896678427590183353384185007803348480234453658215279368638634364270584575068461732843959168078910859092797278698914089267367487539115015
674 264500053388242516421520240059528011204933655711050175164431867018052189529100075859606375385375649633997423454676392408421171946501495316296246785819692407741295337202934544954511960329387547535388855664931270578965346303094319519899689512211560255785265994912898240576114111040949848268744284576886233719230492045258082918821390639859688089919061999412492819611069428412589876704783809164261959035350867
675 1057230666895358704527005440197724248869416028582247066484336989851686433147741735528534106667587834840986358587745033665837963024656714396215876688651474863723778277327690210559593178237441954826394811193549244170420735666953053366898797757885298424262561417445185664208981337107180478998082799374229881155262503259926332279472996254402540801421021814094946992336626595033581662634586745424746034596440539
676 4225851191593557451433527716240209467815753759334918444422244332425916084382826951252475115838914688589714413156998797444461110619024720085038465749989999899355896113351155432121283691651055485344263057891747700374501303515325113836089428255054936512199944331557936325419365335099459056308848881407475903958782687534265560279920502214055551814544274436179688492474563872942190586825877889961388246824338455
677 16891145607554601445862900649209818922644018498347130878752201675387299471438234853299689258068360549709380745371247792140856689796585194403564831659032379024119746106689664939023479173035093889739518728207152727443730289885100924001080120305915660565223293737127810739477778033319960939502263154123388151657543523868554916086583710604784754993449718102621844303539941907909921504798652693093550307366800735
678 67515652387692654088044451316554656039493052012451613442802656522089363550450739603566818418000082843206359810881528344519355925481268655986933055142237740497931541868437535782445177141156649421374847836774904952986368193232875906965061004529859415976996851700097537083909031652973084639128345427603649719463559529736755142326421327936972784496693639390557500624087584543763284273775448711049011143095425235
679 269867314208443197908094544833221613427972027430876745341024795285987083966421229355499488306791591360830601437381789986225166407987873189336772565025877615686348403071997660520197595875678420690440953917683810183781933970074740953174922948153831129156084254246446605450721908485656010609907012742701125873811721249318411437516572331386193456298659512376874796952600045777192634240805013766825042381054998395
680 1078689768633873183149687407874135402461274754489423803485315430698255451794776499724205464356997011622269242541728020906096003370587972406248474229693007449837471396532302808335727842768440144574788038660745208903570259570050007327288928079319552369204416356572283846922641192442927191427972513681275704215788626730468142967007409973791350278148468823997057844906928459092895841996650477116489842068473442247
681 4311647869970950820024292117840778886845465889580045367370605239519901063277234930270442855215158214277294860060676632175944770948104682343530072618902840607602568471158308830478126208246218042023994713364309992133651731076572450570717631378567382628226997044075885053050626411899504047700136461465787812570218886142273985361480602591821803534709189277114648967431485965952005282021437037026632286129478090207
682 17234173557289043122367351139080193057052869823069684322834891459509628314365757760818418751966928700786377490566943418687029395050233358147184242239489952836914779889055652475677009077675841150245883054426880899657777746005691263835329829113116118329161528196617352016012959286428816698882272162707886145836625002070625309927065174614741007628510638849705321486324677584930334427405737914903049040421032567267
683 68887129734284754066992630693446363189012155995913880589680857109957913524747708174876031638308342870248935480973139278687055447184111295046482382723934995569206702697907597169313773897786407888725143057554208542726529100220362019344355010367673667869879957647925599661964272611377709809864042725906793113984202088852331536267330386845209765348815787029735985272678619763928870960431997305486141471338079537435
684 275350688198894076656801470729863576311803503684955680714006523655172447563143284458295784473610159384786603503110630879912175694805085398482301049767778156553370959730647523292367516881349815181082420473002579121733392697121809355012588990311842660165351705942102758499030972512718579483680044061800815727274823157411737233125513131894588158109303170242968762114120747292781788878657049906466155251457730136127
685 1100613132675376016023673056462171590405605497989605245728778387303459375356789374652363866717271900387512002204321357042580518453291326614433949218966626769501946100031773367639227923207950962993184071194072075996912382257600942485466635862215656520981285574598797455369593949941476260853958832840747522872118393747760790315457592810795401974278565865311855111449405473281632187623156762611200479050639007357799
686 4399300837146189246739343207582698205074253104248227966434833251669962562219310938394152657492650323034081720939550484847168148126709887655102098361034192699818180543556439627492507120810036032058063269730034115588568809155241090610656684056082306623596629453314129119743658735545871202425968269075468998787394242540935819906424676442312106977304949682315136217008298541131997983631323773031367936284358829792475
687 17584623624932152182879900094653342918359542780477532652601747599789549496596911601851524384453868077842669936437782404712429706113202387094215779612119278843628371060217219280766869157169236566858805165140930685203258020168641802768845365209712112077946956774999665663117193429926424042887384082170829605249262668184298387596196069126742989269206338157108458740974168721351642422601527307359312174664428080170995
688 70288283420803987612970429354670294347742100323232028173846974916121041484410532545600242968677306885697927211993723870414485239996762813253227127239141271635264903081985941582341076973786978079401745200401537598052991243519769197825510651920173514061416507319416955614685697611093248847360625611368550477370348132988820432147180817392302183620902853167821008464777234382234393598448570189625223825523227087582175
689 280952719091632763460912730934472369844789318473322013644216143744938398546207119387626292072450137065954919386234492567814000601649814498239479403719615852430949917455470418176951442506295960816842163259025977933440663181873869059751106376951569276018534010995957358637120121676171814249014592794050770245884001973355837010848074374155544878517672381076286181939134165085948948864232966392135091921556229111522695
690 1123010930772859056417783196089214563536872638268576160636495601039907379235440439064889303746777564457946128890518296465178664695217878432170544358491606649112542023277382500684584489679602320452752201125726634137524427912565851617073771952152539029019871123135968657727767544030537002676413772877497032350590811181299644030036031609213118261734268354272537582410002118671829338000078364718815424726780959043494555
691 4488850767434246675510961184858867660529473684115302031006439863262395054219679209960909197835122963603024536554799215995151627151375767109479491111499506468011085741913127791979195903131205205930320338556021493328059518886540344483700146920245538378204969099627539077505279360342040084313063562598915804126235420474529381766662912048373197971620941933450729343843187105568549668738674319487293109151151749296754115
692 17942658456970747972647925604755813338076249206583565810403286775170473088279466141068336812496581464692042604277044859106118419183240853563729227209441952185306343628804444904372968858396468518764583478780010517893142996071713670885375045501976921350432307925848360790039944034972791329588752394950737647650945573434275721881112060020441113831484760736718617510400221337435784011160259096574800454766621282724022615
693 71719763830166231977959629829331018775814380830406553831819630107721404150258363327008094725256439315043564861139139172427578075501664748752260441434785716082462326997176278907718785501171217756629449726528319257061102740005334732243758311998224532575535500635903641846719085269165324167306753884740494470719093825846235677335020596094623232649335154158142808153809587080875708481759838095964186469488911773737870575
694 286676007606445974598203780201592750952901016332351089750152412761901214211967339518728850583492000306424395868462153348898806495984074600046680645801943793587926603052146163315298559916497927047526494109275600058380241964122893568817434202562218732645288132901845606246883828229664503707401602065667920142019161768205996368392869221435425737136876679079923906262945481851591056674366582637256489994214848753690528915
695 1145893562558977664349937832545819384662875345638731629555786681074503304890902100810226786053103546915064682863615415425294927908560371587974524014842690734709177077992534911888516064394198807801246177525235087371889372184997530972652609776616795828075298666430250417345634339750634907886777384022459288041809925846567195914006669905045955481274939974192535600145655795411242035449478883145849276564464885222835503835
696 4580339246383921717168167966383735727334745594259076990874826673317275067810645590022523828335062749627688840821102169527841113400797534742041149385711676235884432382977028972719446830246942963853481589117640997605028487686773928790772407016436420461760007177645481434489618847582227214020812281482157173650426754710103050470297636244507843360839506963346894365875504025928329034131742001879000310208342720903850465455
697 18308444343689623717068703648837385459570842532518120197157001006524329243311298210873934784707096934263987732818693304867738016697892368062006732747036145354261147816667302679435011834430855934246049497399964868361026006438788119521346001103309765765430929139140981951603435645637709910706895113285039785922118275506921466377953757596282130489723052240091586275683442978250701311589170199056363370682709151275165149255
698 73182235915937866082937750820042459527349435079767640833311874860493766129561670291552334274308861669077224185656670581348628914294735618940711888641631407617805111883423359870084327059278736118393697496313255611974375774126974515054857173286563549638673836823525700348426891566352093668311024882516509837254637679835564744222398235451432553923669971190713323620984467593221963895601156494688970696899728924957777422475
699 292523212727588221040246833051873593871307632682302635861917254341401576247882976085900881368560004751822728048300612967776836200752108719906909578080028075743333638282588320079470770757202852979171512450269177684274432468602133225509875783626394356364736272915880016709675287635787164591289031284532327335055120000441657424902674663117484996316625296023272071816996903143792269652917428788568494504075623012023521547155
700 1169271660651845967043984728537780618005374309133543860938003792842549278177315324471541336487366180193208870403060035945329525771965570492986182405253281927553185686580428330835535180199032709740432006825832567517896186900942693009527548910789170950625626900325409159251655732447952876413806944215822517862468153811532940810361241103319708529199421916062610472950606058795318860646255395633364775553349354587979837293815
701 4673808791196692135292845712740174251887026629244603831166058008162293649726143068119765717326992775331057335819749724879688433422368394566292119910100690653798602430313269450082876673165282745631105355578142786013923473407895661962846100548720278128962343086491048892988996925682377756581020819802209894168383181697425070361903967851372308851689356733612071374932648205386968002650239153914771554237678955864923632162255
702 18682151300829624661387138664953086054058280762902111853488209533910467489464742462597840907249038851088023713057273997096877534052216602476553805671831108960576577462709993077956878242365668385017787565586634909156929876903793114802762422739584149070154292845403836135582138686487566037131663124709627238816652547070377611591950718892820155889268541003468368701312182532624705195428937379736983526163267596239045206139955
703 74676379528898592305373019558142825495472588859851304898681690679408899755272247158273618556357974686156261250728739697195336537237018625170628903391279988942927432588638840762839965003999017299265549489857438957127148051369984438509072264294860415954675388030630126929505928071879924947995688494083942285864729456716083747752891990190244948408375146183411652792992687801917851214709190243279320317780903549526319802486875
704 298497053009754617167166164909946185463582843950629936809991820993093479175670184458231023716295724251765095926417378012658679414009338271377508006431698218612350228548262254166841213146356565721924594206456829121176994698555622804099696219814278742308693650669383752964221083899125284320135971311947220299497314879564868327937287387879047968665639691576324292141359667293814741930999788994953525671694162033871098505080355
705 1193156095877812161455910008566896970718464485520813032172089428346780293809978890063956107831531129107160341400506896069830462277840376016381034891601296846576141679645844863541668598636812286384228646711297616396809325199978883268307053874173247787043685167947716886735581159684406713790330906511608939208573869734548384807960205963133143036457112573602114178356631435837720107632375032708286590607698883776662890698831835
706 4769302871613344421129782055159445210486494214171757391180897828346364661736208678369174587587318490352614535179399394231535168662793371586077767612834780854575903905119400033221524018073833985161727584169366552669377392175496761479396515364204013312044966288230369287594098605465681547464756147894187202928217069431065181674899291178030502799982696512080449207367807873867865691425918433078465990703356404159101123503822975
707 19063953153116248869385299248345185267154132407565973706851392513184154415441137859790294958259851846819919462117709563167294714865697713271865046280193612354730247130567972443744902916147348863859688258956585321352239929520756789024567825135894943649383544475467122200053345643754670724860496253006760533749002903495202576046962005874569487176878538950277103751147054519407204129708905009826540066985258994194697711829708975
708 76202889751084048440405881243213719040164169754961489808893770760421691102753631128651798799573368627925764577975832758231931518716371518584815990299371941740673176812165194611544639311340708403114347886408597631550637240799030377364084704170776496027975114227141878299722371602693046080040273466730331135698183315456654937425252443133704952650542381133974778788387032369892839227110847081132156765098723093394144483202507075
709 304600307913963689036541410790199158498698122500230927341570346793083430191397515306731846973752532296559101269458692697572766969318463705165510059400044009930763340757851919947615436474847387714488334185423666088003385928145610023247078026591474591891020553938982831149752956342333038271698668251197673269304618490708226660105951563711006774973581526419822024933170364166736083869978510245535700228856049690055388097677866675
710 1217557982613837330937188385083511412963272230725602022238402305840750719275626809531720158269233554935488597971577046193436151003804354656595107097766148672719135779672175436771934340958164579950483231981918061667998131720728350096522596983997928680414813324590539197969257117019032229463886949541786718656494411402065417359434618561332035965745770168188857610342358571134938384330926148127686061138106724555407381627860927695
711 4866865931278872121413977282315884844483542817388203289528601705518807463931163843943928301917883892252212547617720096733090417333842606847942139294484470120297131409939091304601083530263729066192103999627042333121912964230214272902181938516269653880819719123544837761882548554069685987330139499455892966629010918160616930498877333389236083748740937683248617418087536366545376157538099213023460765787857165393509973770737472095
712 19454027619700744313606860066677963175622038957524745759473279280957428757222981216451449672146258728235345999872130142770436560697718783710861446234894728522085559270808316455514942699012956675486961270080774609201582150844204594807607241487227437056980858907807461630430302914452550256956545952619697745378380977811267743973353197092914027770057036543618092713973848141706137005909905248753684985377926586516145411175962481795
713 77762477237476099782236330903089853871163542102954057346523658221671394822866476673741082688277518458836286063659814944903358600339059642491259283918628075628315417850238982892944409466997562457183407233533833587637013234145012169099337311573835513222916367533053357730085742631168013925814383533203238353348901674230275260869476092795893278082301879174848837674394049940558440778138598714281985873874214294151033358394271208675
714 310835819174021721725620997591201987720129835614087791077830585815512889689962393776767605926968048403080739470940497422387471031007329633890228363054385012487210947970211206047073236421101466772701287366275389999918328086067572701426307502152363735584543486775139618990786462847362156201911280319711729177351708353169721543609110876721029285183104051243309401348669660697555866441863192742345298165919606366327301066609831280495
715 1242488684252163845455382526110482596879943143266446321952560010574166756490102694698682774234200489375637251089010229842861194605253885967448638902274834869821826276681748694062370910111060115401949730381627197039972589749212271623106506150950897247648361869937383139024471406739852969818136090718620249942663388763626290038805208708617812882469975094479315931005101781711144130585449507711680257926859103993060634739701609081455
716 4966543409596386812364898765470166469771827979841597232159316652573955515202521159372025860440468908968107377369234750474598413577568912138795935373920580223148263720588041823246809762986193366064101774013478786210529963697338354831588912531151878705900167227465611853289155696726576046071691332032036872722393467831339053971643997159773745948979517633051976402801817326308598849104143550228548575999654289660851330440129606777915
717 19852556401556676175336664886453351995307971250816404215734362818437429114606784341511493335306776302297477800443710913763103148434062489248260587740577476530228014114791060222196304995711217218803367299256241224889277922464369679259680578349502426264363991409408896820111216911097422954741953942137796296225478618042306307689942513963601248173398699557832631761652295952587707294637524229496922097248067289030699436262709179003915
718 79355868565512699919753221279664152176624554891825524947284411191312503572566027632700474542379906763206272438784632227350350454748322692407411212242382803107899287402225429554229890702220812100933530793902465906088706924124540275247606987060617281222641862345482300294040946896183534776547231429214955323466803139856141187457669506974178384988637566432908847481897071155662000526349054208337776882489672630826765811749332740041575
719 317206492194256170002027327648791149989195001543766663286873098178153985598370857209329323641041456230294488943579475194212993644588525655704989327124696473906016671420430161699343745530658091206083866581066528392444095443626050972362102035393716511519589494882414054567879678628102546842988499658819489586325692340743701565758061863170406868553150445941481829284864228597607547590371821011892417869133367795598020311210414648942215
720 1267959818790023314817420868267979643728087542154926252410180099893400475775522872728789335659069326879064151340497214999725524606982054757828906182474874320201329156611734600992736273391501259964595298780398608108934876967028911712079598243487284917714691613844041970586024493731251290746019066235301935483762968900257351857653812378972028985762622032419492096096796555873889599302886510394344955765535105710939154240306913893722235
721 5068381764081041059476342811925619065815531936293336652759093464854843441759220820142717584118213377144222872045672472506619920573504695529357595929134574948343834510221557298889614052060110196543182164643248768235408519863770962791213256609084941925331678238405358861742201719673938528811745798554104532089815850535175004893500244588053188546732529499022709649202327436741793544675873141469843498123357829130456617182675447064567755
722 20259725270875959450848136664415886177240395435889898804981810686933443716747011401979054257208415810034702255339123338682456558409698872172158926284276205317117202727088533400532719458261930621980888567814837457800411831178599468683062445612250519714252240803320705201314311089513800807400702431820423038315513527193088586625113009165504660135057961264020444051517959398982329575360813926339189090320115926311840721757888896862058055
723 80983806592593291154812686925592380929278318057413659577941630707665736695508748459027067813483730684819005548297885355465696429938105671929317270008387106682582266158087295233205196441689442071127370864081308177932378699389565028374688616241775766601755589141431815861625022799274873474284208241965080112748285487713021637429791867957256431614426053280411841039496425766627955054464023428439596756429042882008266580444198205144689975
724 323715297479221976358570896548798345768891973919564855706011704810987712983064222628934113458112102682021579400488951998036038950883290403453225438583547240614125391113293453547546715395235240759277843007449038954106372989175005522118167515479686421239482405229133152197808129744308020447221385942297422343104645717650241977691654210188305014039834848420181761736316568040545037598811796414084036983867298919990451392022285678937471955
725 1293983264547199306018379503606584058443915986669027316375689597234365999181457592794205735647204237303182535548682903823285565675119658155676538093491013218607235711056667656874387088361953947797836854655407064387032325681619200287889071642866128869538087221748915124582194870473927542115284837302181367897435944282573902381958564667772871856106128299935067297513205161935194378439029531678797833616269175392990030893604705038959263315
726 5172428493225223521483872950857571623934423369046999608798078495900957521394315030671940386795770088252963716233951826789615182108876374937100810490372808025334307413778874488821973631804551382930961597414497786100309528113674072996890788388462322362056667298440975274453211332647916792149213722639193874415480563909843694904286633685096629536404470546530346515716849346054965699962885927810581122423093468954789616581785193238577962655
727 20675724162509394650769397517123499234357817572941350248358709977442015200569562918135785236395962910817603740694001347146464558895414293701893003585815228217218966503353160110959910095751769739054420478962665482344209195621266422823638550457555298998861040882082288772448247393743671016460232266260977859422207722800530082653978039879842545709442032903197533517113417703465409733921024648954448033209654473288245579165350937090221535855
728 82647050821759883902297939661209247207320946906585407997961427909180168996539980283472841342206342581151301512474534488994894181775679498769313338207814959039607641776113374830043457849634378971867628791231858431119712073862855150878353721662179248771103756597604684092505355919009977652726060854573017912461514082608920965859279798453677708029893329022995589914447317026041801926198784753755026683994823879940025260274888109545711196875
729 330365272096101305118406409515824991121804361944196823798856060565933656898495068061009448875517477058894658505427968873030335108591595494568096403309406596771821712886063738169712827169681170022500192936002659431754982096505272274474938178098659224374574486441144449304467072523780127452063711400713094199133993051935505099404317642917497003639951116497441067834237306439367177689077316993789686099657342196776380143002188053189777663755
730 1320571166014326658424715682321240974375062263186314778993094759172403496381667968059230505219102720449938300801287466129431011014948990443145007085590062133029036941580637999920806843326371367640970457421898254572528996222807252717885950391488611504259007815981800041458604130013614069865049372146917647778781256897733445338126510393833317457216245996948863892293025375250351095619959765316016269544466561074701926563516366382797832535735
731 5278732159886552704550333994506577775031860362275537937400695026027557657620847499649412030380205527905562360936151840083610159764527562208400412479878210916267095068320770733075825740888418452884061514865166625779376791603280931095761873249108539634808041291890771191682149597010355439718895604637417576939329266973419534738849710946462797356755561519623197399063618041647843468927443591040475344187228591864615555392584855064560474333575
732 21100747267497809205982278006051037456363223993529109056592559129815691135026192104208167270323029301613170938070990808442433160375823691296183512828853514509713361960607159085360582639222318861554868608418443226488147640902028909277473610861030204876705903753136765907621402632253327211884168581082318691927241394064618824382009316227223433003460870546704358404382611720058256073704945146708365024610238797712186477704669507557797227689075
733 84346377775738211507266175820342208649742005378325088845205796941963056272394340778214829716332095574947541468850566374734931601860043943158885857796125499940634828441161352174378068788277370871528831502583152582094046464009648078214892090638048679590720972615651865867839099044499093603347331337926653794161802090537120682895103839885187446881891963631801091776645057079848857834932329184297413360412247821052123100862425284492785644545075
734 337159521170534220804036224985398066744949722983609243762742738186879611672789085606563932243969836290042613998425629143440526945712001373080233063005212353056367017901424047085447333848445434477080751545450834012045775889832525458183524321179678366606569958516856082553956628725380461809087024569490221504391403005891081578507304289742374556968688284955725490269966275819199023246738410698986531061753082456194108768441509778080840216979775
735 1347735939834877273584377585345402260886591384815968530293609872711807041535621755228226023447260265367025440037048873803705371177322000367642169105178912153735793673337640237280727332634709510554637317303775507910501102644252483310921259925030624788157152563038118388866386836767712600721296025742248311272851851031927492408026991792100874903270148228615390600569370910478314880025213191411434690223083583177345020212883499150562564490074095
736 5387342415210467907168229115710144175539840749729605366455226858396717681094694852996585238738651574774222925776125009724649566517811273979856626896387422403184104202113696395173713570889644173973386435337610496325230913132264684378247309717918628301350784018715835198620608989983808314749432332901376851491885862470407906275122710789585188807808543319113230999154589696150417096632683176020931027441645200822905209389595015507009001216633795
737 21534993128740994786030790837086614978764293042074996211409878112013573299142769515106053122326398028074142053480221989157991027632792994522301188044050779763349050091499065379818516119561937189629223120127587750263524792148280695122025859560054498122934214706043037887231782817985577899277383001325336950121093286072492062275146765561938485561560920671820470951250074408265834448786227138930654244683136988340352363270156789665979187989576995
738 86082581379527705128128497355077837904156329156425531357186616872800286904852537663884427721702332094698535937902162482835809430728473640803446239685328917347811378242607580700678476779062095048390683724980653986650813490798133636813469301703093621677679238798734287574514908530767022529691606409589177066851038217599531420692573428035647848072949931554958087066000848451021374159207214128410686799257862969073140178251467601837459015814000175
739 344101219416635223287905986848715426374400667948363757243626319209185535993030681217851407619267932738751891740129918231344402428920827219173983572189337214577987324461132252772301277949409597985635892285718947336780100552624524957052061137101296987766162231561518939040553973129607906904507005684533041187783673571044460140209464371650974927715225547312018596956873222288742665865335273606116414360452927803038040780299019265566556547858695695
740 1375490280923851760009382180258743967538063867075555994928669178072842643328493337362989885649722851808966881928998755011480015426220967970752036460939578592063891407280461872459992426238347326498388717818476164281594706274970687717652930318307469032806662621221200149801622343719611172450659985095314920319168208302060296413458392989951592309545928743983151190520602114029217996297565730796543442465107881604072752784003600358217148066651346555
741 5498310023099493776997877525600765750695870931114766900586948472588681042693939649375264196128163927354481965132230606007078305166333315516305186864551188059889945924821495374771553773987443487114180593616773589332445314050713010610388685681770593521604264935123879033445093340790765218323358186539046759713653225388230012550820108695510365108361625410290841648763892601672976583871303695121927933300044705762718707827609061593467366498765179115
742 21978664738852741730749248124611673383415936880706966760429099826594993584723336176897565388810030843874734105820034036391041356501874855592492352262489359243268987818057904696159239026708989246468036524281926487002688145062451098980270359895456142134663660209231274135725466509839762518565085001507300323419948911958806083075581692037373505223994646288402764841073913123417516131400577245625938265460644750482874360951734561678645438041479176615
743 87856473351733475224027705979128866607588390181112078357786001047141526754967998761468856673368167582232373232260251521074659906203632692794222964525558005144038955669681765343140686403990570639365300951079990698948685655505049613460726676103668822578947974107910371995155232888395582425751982085634953019318841439097708341077787088500171654043125443372893766725880447853632119221786122464259327779155613789179829114590339745202871468813330921575
744 351193612701968311530189854820223386644779332371250330411374785898016656050019626613019203486990384554123415768220083299240519809561201354728445631419086010622801605281235951375246998982462795156806094897925273204058076638266862673117251176982939406251454823412723139422834070269418134971790075405020722952408561180585900252602933671908417526340014745384831980389035786390656621666884972806389237127617597064489399076843787125215299631538920956915
745 1403847168726267317704651047686240240421607147774848865172701595390329080755746102716959668930068367171064091018202312458862288242770436067207287124084827120544729899175558422626879151605240662447901116605195939669752817123939795797511984076846178004561351734492296672630141350848325668889628767681631679296905675830118653949309848923611785626397825292106529891022757904664043072433618924486498667213477662132589683633723091549810968859801825780835
746 5611686885241538789066346509607209398936024449225219103162473450751491641339531423559838379310699854092526302926673739641340955194790288549837677477899093927913185452053477445019448165489505271328933908563301052042311391351562728551920382513553981671730387229412017007772983282083268962623369707471891849925878825255111944094114292671590097813550572737124721496793173754688711547834385724834099651551978450908306910750768383574577758582568561179455
747 22431969640251406836062568252459986359701503391529634810438406056347414973742048880156050403545077065867894445630212513333790138750617358433735153440336463305304315139742523361747691352099475840601608505060675702252785396152773906329927612183160326385998090352660214018291540164768394531657870415177892973036577496333609900932948377729761198129457720027399875063153582532478010637609862889659300978464417047005760738426588572321688924007317232496255
748 89668883604838024316609536897750887155446250801249619275877714892110986064740115544003070533864023631601895931860304979214602658568692180911241457400589227632774905766195648865273749012496911966004842635787855071061942043396197311642851661493430401922795221981181869568195447181256071814894976401266201466692489185032259208708479666804452088818520461151069750805463941451067098380332216435960944115454725976777271468848073645151576272433481291264475
749 358440019648271392205753787572537407490755100755181875441968850568784423291891908968064433808430993766938088254426903771332910604189725862267640502372710228991221558027651686456458239145822332672271682670429589664403467883990055176551888173798829379958058672381120225129825721168582905430183293350971593781075138220098348783715609889857216871660568085784015045690588645161178111185052248532255125430885412992102632111716233395505683991472124349822155
750 1432819873618604793405611463861045790208831728877599038022312831799083665139979689500342704134043411870036487115304036281008232640970803873245070329736172246001229736581341390711122349385220593597227298833669942811453047034425596466753978851887783822387875114733757848464874179502261183176821518511638396765918859457184162168749825804839501592838299472786430515688817935941578203020781382229076343355666991346741360847963179092173438829678122401068807
751 5727526066709878013616367816691121748188854728442987127184867591892168991911727151007006398513859281337488548015683222178445207257106975320452764589950052532901942856826146262179537169367926394891884881777360758730843308268019926264211778284343229591923723665866193532725715956699087540579702741860438991030414342103652830532868577952835049763570783993859575459323171935872711834274836958984286351217951928061630960598600343162017133245269299425998247
752 22895120027536610471899968899526871516379569749546892416112091454036832425468794429535606357389371102409147764601822867302926034659454877897619356709269788912521378023895793541381021535355214474177561671685182319124892356017012622270417729503075794830167538393931162224482379825648807477381590040423106139068701760802499271467179390369090444706156526886487328327094983867748104480088731953818590557800591866846067029475877872936145472636557900992736947
753 91520660654615052670479205759771774907750181998048388737653934147467464593539559032077748609567688346681484610776638567532945278539453922217325340957335142946461739344633868185201582546440554307555239184485693771241270558786543817325097161753525818241593678067401087428022147888652834975405637810988804966307214880391200309152457023321238777440536271547417903532921213149637775378371654803258688360338666511873436195624683419221397957551040519295870915
754 365843833268739389601871364625962927025119505717758086910506466957976819355217786626132582026537954068669476798652961201227811848676003418815721019983834898984895892785694905495657332781562812240000699389815285662239653364957062950168345802475083943677405086869871277225815533192516314294300399081846892511269958067124393928998840266954368735262001262750504630162575421520884414199808061962067092338326255796290110198047018306551204623630253887138501247
755 1462421963456451966847165436775466930628568828996881104906618824000231424400231438330134756354824578753260485928374539490006511074358231881037514627125593579955222054365158948491834350807051905827684293655400096483863275852474702667905675366549800219041870469996066737717474780924529868882005796103036465423060908460266565777746738576636542599410338745895888248657809603864331923072386727005810840928114887751384129093818627753980193781653959756872829727
756 5845881822147766936715704059481920505570907592707179695836222171861841338955801903947416939402810834875744443101815684384959119047564453341835880650304266066112501246029219733840823744522550768774087966038566340251245796741129407417961350517546756604081838857157516871199008745904780170950049017166109205018348044924842178397604640993031469588802555160059866193755709909838285914015066598729257900655787710378752440893269554117955500250539762025453012123
757 23368332852203844103741220721561600057640572168775923829272147113368547363073692258498602258860768649187322903403601770124168097330636144053976575098131111354047375222556343506965305313755808611861551031098706412775680864451972921460827246423000983487268174457695016365482979315896485724680928911474663797622649320362483561252508848616222949643471984345119852424193650324640474941589841982664512565152649570199719069562983926928581461651853056676851529963
758 93412672038892456986859221363329579705215072189595887556511925546916859114199629568243098134295788186892644845084305373644385435954019226680668810254686929738052045951381992157389778691179874123449390238940149645902987514765148687264430532391603275647628806641466653700322633080347036951562155013051951487550169279171336201664577739046701422756940239749361800218339397888578167773540600006075603201007606563352556687862802067302163685396098944124912519495
759 373408522642694359346448806194187718213980477383593728741852470477841894248943751793359182826389197851543822768594120403879681009652377792874907674648844428046800811663538179834202540489994324634395107035349938452092441226116675378167649430012128031519139073111048522905577432854940507323098446960893057800734732419775953035926551489613569401034694032390690001204756058361434937260156477741507129501154677362924338300918665259649854594248341257681838378183
760 1492667310271655882897854483383731216352011193499615738003263842107338656263951275540506506618183528133823188454726394020151879389906213783225763416082445029817136636284085925895617099521677460026409472645098675518923828871740421750829999563899318237635094755950654252664209748645742159589113997754845249507402963649327457019869217558706746486973122482215966863911162083620751129667804293371594705364866583965034795584585029520106109621570570159500727408899
761 5966809622550935995113341293397891763804654954753905275074962540146931134263648983422841424079558069064945969266062689479941071479877748255508967068042838206044284629139460700616029714601676146955769727343146500032357319676674669567337938141485878297141678121117061672874780541145995681518770520400054362091284910453010857585504791830206559014939694963966204694389303147434577568160163746066706223253283978561627685636913652197406663554207075121303107577203
762 23851829929749980408610419432152997963889402236152545114922390877193868403121336110780465405099157601737786351958291691633036636348676743981768020756907011260268063808956841636219688106778454259357121851088691739304827355262395946655662689452500407045054497316425723244968954298102945012228923699226241138441390581295043465772233226601788170708078164109149723363128674389491823886654311081599445334252951304704379999938739242463972441842110151271712057008463
763 95345804745876464802874608140674366005033795943594663869256152482517353920632672261296468934404343576016491306195635807434744788570378025859832295084597604283472614996530043724888917131266503879513315809716224254500196118442148824983486608812478936234680160837531765390734193118624522463706721176560680451729168303627162586850941041222101573545782275502050568132486562300125446041633131235838504700306203700274061559663462012823004999482047385498350818806895
764 381137634628490271470067028872542400179357714564984712715296394840743556054553983992551480670894933781263037677325877796553814288787260145214893326865460482080020171007668370368045345298456430026238396911898939192941479442139903180019183730008398216354352885677157451384148880963018583361296597106114006312326724972196142378942969913502399764735979297870252970343536099125963021578514533432116856402319048337456149772214595585607051757303279762849848338071243
765 1523570097122374466646069279997828718140809397837837661492249682276585609956544112615666096396762890223977889663343333688982000910350403154639247806908790084470869580773349046214627257168191687630841779813457280223763166298413818531152539295039399154096331332741626616187812552432753657371004271543349443791392554438734786394550567313888650263117852188146506867961383370750622358532197782661012118106148588695877715111191510081596669569706050767068107348044507
766 6090366182661525058821967125358939730991043938637975055670218189189312332700896948472395416770050390581088621861417343274738676704987772165172781695377000282323502799637231007738387616554833984485308073035031516909162573151675974895775198147659640676842204276449482692719485133986703158217627225091893101744505144011316188789762839454266860385553704110743521444730928522836751083925274222015260608854723000025499136135628903421319791417992104629651737762474551
767 24345838049223916000417044540464117460362571068838641075753242752583709700258441145173463195695191204163181338512716780106640423007161285866646143679784184873571300233756638146138969084447072932961714828017349314255383093236857255119774275273517255593978946545088757709631795291919293381773368387726895921898026481648290398807829614526153461340104518520104051043681428077165014510154072607065819825053252925180102599902971820573843036259109524572978391000887351
768 97320965652253796746142656833010908674255904068848175115256559036289321216835682905738732006797500024751436505613148427947788816088009776463308230768182550562979313523515880712010791880587632503744817217358268935640593170462214102429105938655873726700069882331234717640886423960014579898748184973893569338172106593225307632076804730449894898191992175783592281855106147161862595494120040091325976935524635992971155238749367009154571737579370986446183741696947105
769 389034795615519918842500253997297194524808960402795582778966953274192203983772663095768895837139975831093009908929531148599045008005662145528090056009777935783748805036143077109655816551375584523949832722917589442277836838569658682187386784873282476854390252186073192965718009573175262116497544258322503455994509931843063942082126194863628217491041320702587760790783118034776856576819097807281068013527916417538926553624184378754554374580412034489350175317423121
770 1555144825099496791762255349330423649221513829637320651750672061408310222821372688478722606888056088304036849174978307635169482008295772123615795340979934532720124603981462530578164206383151395737264982697451219868863502931504753813974805600121355982752636200532539935555739016175471527614612169328642338448326876954996254841816853077291538789243118765309549743613994807213414385607720193538422320225891574399468439120898642784429148935826442240714974638712358829
771 6216609488987333513204942138886376562734030237009168267760235435539879410062647440630192630167454799200926251280519723128374414808070937273455287030349409961384057186816494940503597825619105570982395252063400790893450845770691572639955840515731222602083425815186667286002839480995842496863148157214483235951123516878258666285502299437315396762107045939981622703147898619952403875661737911353065335678105001583440709513801348554579244537814474896163440689328661817
772 24850589085277841998069363024443046469875794379981353102731501864884561076743118166326428890672645673099773211363020337260318965799965461173057227783200697144092768300786293279082328890605490169137796903220071394359648776145661209802466822059819911776587272369121062852244649448117552122071622843436351912850714770216122451381846639338445701021825689188730931088813870968369109591743124093729156009892200408660103701186990437892606706251294684729698970966259712237
773 99339081971293807865210415545817974150649408305918866308741354330186421851550163623359660608617036456071376028728166416883661072234686801331922741567480817801793461891552157411436886813589737607554441477029546910599328589443192854160688523301650755283331656843997284937153899434146527104637985580148475044801981715830976676077751652694284012428149032822412116118698345377041719222567707407103203868917775554113657709283067492703060386857800228678926690731059301265
774 397103713316211636155602262376931920268270895244527835183860707471968635744535090402232972454762460376218316429078464042919567143758767443190156260930902306962722267792932639010590635732724090735076852491098132076133775675912633462705428429911275784834421956058905741535812012905077208691584531556605653669278130181204740529060292787547431490562652337389175146373872608483608256112027589111088265381543558232471379191665737902577252628493093002998653227952543500497
775 1587406320492982260615700955611926173055177206963485274548038359915288041377049135679526415901317389447695592291473324399697607206551423426840886977643468631616777349399710141294471403402348644267481302387798140499200533171761260110372021054206785089225094138020931191935246601800839438940713224750492245785924453902490273678596795451185621522462562232417682031821053937150733148953017139330624324066699227855130623260684560941079957945078457842341883465411094200797
776 6345598828460585032421461127563350959269704286573837618977454234982878954282843162195265248955707467303702376689507921406465565274309221333512825375733581734231958114107386038026679921403943238956520696903435914744778140674065606849336569477342879891100093452756551762261686421796077999808613978692436541038094365584436105708827678793176670461863873362238891811245019830058063520032546010832761513307658741830469604373485304946282667906460410689199891572572190323753
777 25366320112775930983602890336662821173154801619367960330314936473243347295554269543333682158748425106144541497462292740094114545163965594846047723920967683233815930312177301057587151143977332062116532294385440813969878997622572448692478253079449447806652504721671176584927886111018544843577072103511424054679662972138449588058791626716811813009864149065346325281936303550670100547283530943534687223771600643069070745242819737922760421181876399193701867464575292699333
778 101401101711177730740214792312257056874185060906204820970471983726275149462275558891533619225450405241225301780457869621150325174390649748915057477937157721827343428874119536063785723868117875640353875738130407060953050725147661058048945298796765424185837699035688185338973468539183980285962690897548144999101896755082836253548998047271932708095046196561600657023722281853160837832377784992775069208675675799059018278012276386123972994423142041399594203659784502562445
779 405348178598924193531020623453436707685476069637379966092090907041740005249639395429327224970535213563547244378818575508222743183877185009416179405883643938009316463993538823200110926594298495716149433970720699775826945758342888090582891330005783023314207534764527805296771609329813704850222599126800490059230216819186085618618547236210075386933211364818546644993372809705787537446375510648985614145028426874500508828124101455736541461986500719274298222208095253112593
780 1620369742121751642359830484335749949634662011554339988369738777246082586614562539795657852231739394117414398137150649117882864575313636826646109314566700722451896768103277271320810038795002666657492852744322105366114988752555539422506423218632144204840307963792887001468550734585211562085909101365448161163264842534313344780612217764090454559356157363653869552806419529163093686535430703713056008432625523027370523070780575810473190348096840050436555221199781485951945
781 6477394817750736776342224266836114107135427432517957463358486215772361854033287239392595684235109182842841898303134685000568256859647240072362071992005374884013320579763521077511911682207165983849743112339149089767114141858109111987999250419901929436927143410686242427789820892458754863130429533793338296421216182807877078142134553338995743924013156369163402002907342699125681727872452772493070737330268671134545616152489547312847842807045464526056619900497764479935069
782 25893273524018551019334198531916566630264951210754499622364776345663602736125720192949550656009290392910173475349752149763313857164206748192259914867445214475078343131505063381491954326896776996923897657059695549233269663011219975609776881929057787927847171747384269811362594404971084558614099462299999319049170825170478106193184575750551074339005438425364639366438880252974835098558817478834161298024269054898457226149198482157327334892360437057530885268859412448556989
783 103507994143787429821762562346843922164871747974392883344548556686477068236613860621668766334362828838201357717793527170222034260786209388325465714273604455078536321464896535772487359075017053849222017039631956679873970505416055455982381964074723563740850148889296648958270653001785102213775417609486254806536138362660692405120648372817233148496488289776371073156130939146169260290658082876180946526381354195858250194863981628615234068222504199866093053056256015434692065
784 413772067362669368885449463453985505091033677139285729527578185611914355584521202011558983890294528120603345030343665862942670666764096028419224372823001332793527287343687776035930522602565178601180064604529957261219507284425564960506185192768445890324793002681615611387468447549891686425975041158878435354144999665386028017116121252584294421138838546322753674145575937604636719393753584197677813661859699182108946527546334702265037124324451315795374920641815257241904629
785 1654050588830847447946538876942462841636589385745864242122984471985075111138351163004405207842104534314117058889933702818448102290691159930890439969729499260036050589999837312328148859663840326514995915111529488398465193095166887073751519150352535218512165421730789692870967764201347081863042720006181273602368247678513325453146093453140005879750950610652520186563418421729731133121914099434396223947744072565542535980662474532698363901419777785143974910916950748506347385
786 6612059433246200764980822651373245315799815996008810132395973142991878925274202569898079342041466520473283405965459777741524542542106236464310826520228721444351175735287147994174952699964483569355950869086589615625358523825757978329247517215961421124191039777006879878857451596305598993038552977477085132124956311099695446886264518343054862117236283299280254194006431168455728433322027517193348084213310322184105629343785721550065303404186443459462047405523533999253870537
787 26431697148641469047823509490953025504676424438291358385929336200212573902698827289825814844850752999075436705550769370600405604730452192532263848021095800532107654380232841868987723476157630521042875997951371609705588563109023666686742110673505997315901758291429793164851092695409486740218560733571795205172787710180001986616568518921968693984681011544922007380876799943678780653444553566248174288384781646247485379411969130703791319725134412613033611076682781074137768597
788 105660750284191481346089891966907770752119155799786523110936757366968515747480485069406366256533103145131970919500587247141930734644710638519431320016863055870163036872862751188212095026805472776042374075573827478817267153404739730187006363148171625641216612675653754404295368496014046126114892814712108237896287412799324035813704592949735180696356481361523113562828083264945844640719996425868037260349170320970505246559363543412580505063514037123445984343885342871606637605
789 422379342454613315960608135303297295063179569296656917954827290310131122107701789407501747307416997148558689739984913693922134717517841755784525249655401650280218972520978114204531072188408657056722052012206678856206949557418288543726662299799260609226327087442247644611912538419194476741248626205941575848307938399817034013762812122477245477991558657384025550470933505992104508589096774045241709835858937718735408442926962477111376074480384127717019195009479122356165685217
790 1688464707159667545022920303435724836200626532277548848798413123917609310478189241322766563316785267156864699250925173656821724537544856735436433639699952828589356150129615712743185085690164083424760618788013803819172065228823868699099883396408865391525556504763292953275312215905683957777785779544992348244557241341708245135292765503156547555907685945327187516096821519138967988805241506276024024786366395603798819874374400272409084304299645902690993369844096127916904615913
791 6749656041720190772815630057160761024432758874255402235370267708273811166841663491738486302192004602880609008326762721714009502450940437525171495019169093134437149747438943958079526875848052193432172139693579577335318898285900258827204680362759483124348165822210308276741808605612271919264897878978025879592526550247765595366287460691689101209612941323260555247012953942070401949015869544455222778554984142384923816999447299318042176164952048194114693846083227332252887925749
792 26981844376250887924243508849764218243701589859515401555370244920639090478350205160945034351207058007207053676004225641829079716872862121738301931266728790023857976583228461908315849226206932518522919243017093784640593662052104398816873349848429050955388745086301100706357311040582279403535323739211685065964076638235031330138418572689307968480497505363295586173524260505062104647058212623188052504767919620493918855127306662834617076439428267809938628195526517008378547325349
793 107860383381071919179843663146277613081339129510457188224751883978952198746695771676704865860455586365802957086651457349733849115751037782628468922311651548564421338762021434744437573468821431590277278950698479732121806751905714962370980196459494706485124351306141952116956404694074922919965015564513431094463048374230980676425104933073851766975741216086761210041910708700838803162716983023006061249192816522952749421959802434847638433038945895667541095650988727566372080642545
794 431174055631329942201740325228233900037626775829818844206035709508310866953140689359053043252856228385322179752531538276058121868950536115150462472975699681243953967907011047742309970947272612064826313805035562091228717860047231965702863414268005634264369351918291277878820184418613934812894314387479249160232140226454439444450339490064353782444566780690478249707535066519168141179073392718832840163335848506208160057104344969829937663166023770518676828598081403923314166789129
795 1723628299185164277978390816371809826618891286317245595960677734064249968390141840751246777346839892462767451822627485406861565944993546278454880978822537568319917077576046233408771123604198249454866647667692344072662482374558119729866596504054160414846273969838415503346546678960926778829219638198181519082288776595886071246308769228260457478370206442826761324857302699875437670230410332722178019733844415634785751911932053992118925710868146941933233742777941554363292568650501
796 6890249431696261428201262480588689296058369637829705588252591839451022864232049819513016375159635225571414365205634905429881927420543660608028137132862976325718111741048915009802922548022498095271175788672524987159786327134373804034830420065469556278229911515888222850931022698226304419411884075127811065456081571099960094648665480599336967791062731543701658972129535608214076283687906171259115200062034169642062369118492237914212349000535662649912115080180038807791905352230413
797 27543974281856574279194046029987470687781945408016775680754612683432007249476822389343788043474035464053829145692315171358364661073085177887125929744198551817333676405379829367074875671622101063196412675968507589381698463957555409933544987431330294243657042258718625865298944363669043595421178810644180940755174746094795651938747846013542841269217238825138427942416495863019260544081326700471396263443526711993014095370982606479354799192211863086884212324845415106087515017961993
798 110107929418340637061514331312891719138566200601276490098294855355098605835644969946355586516812281956497936855720747997402935589332893754205540964293486231938572719985778925266307937937402452422799002828660606348529443516922731846062654969625744497097800995296817899540460946855433570807303519960969932288682377346863905583176951821545060564170010656956784538345065003944837944243834898979302579576508885881374110306732384590231625670315710880377524714682292940563622520271374385
799 440160349564802104447450811907583192543084589257190397377728427380160950488117171784899819525353550791317989308583324386667709948743320665481829810604373370117429656448310502437148373358812417380613421412818789655134713398820714574185256457067405134698314850620540784229437988845541657524478596511947738218674200506169992867817887330096984950735178458081928339408092899442973671709914248440701976876269074850178586774596699651257548636743433424054923866448316051793909571917386733
800 1759557930543991706998825414015552794206339829460603610795013921124086961707448467054249382336535200881147854773343147961583562049600103691422013225116663627613422111625595271013557109107912694366676209617199465274593848582957748165383949535016849585022643672192842803635923737041229455369559816332610118987387897951297047444325352737067928432807003566661368663284717491219494960220129560514174824912305526005885471853659232762069382398398111438861557955432628410476355048361093209
801 7033905845529467492003412670488978078325838817839704187527377979911806514942588852321473738318461319265875390399089043579353039086734230914339133766247826614297483487724412427021966360399089473119772383217730733216497120572427911682528497032425399695321532742861313611691147447411596311840883433649734532150815269399683970924392114420281277508211632942891947731231608118472959024168713241511026058458397444197717582420160925520012627857693779451128027678090301420563943491398663093
802 28118351754166779146777397712613245919815153617306219675869445749314113440471899517464630774561861256544401629518762374650347838686610859418409553700702890123584089250544078824793347756064550397584845929240231513281393860199991492729208577417999618471725495798654130125108264540952652406657026174828541163471746683540335220177191885371328379178200614845507895021774905923054201472778093229960861872580439317449135977195034473374673888017219920302895462355747070716946929020817813213
803 112404447628200214988475070297702008308490551264030045546657339449012828849521728983794880599939496269164847843837013453817387908216787713042333506282710446078551499445496052184193491446214342270607939453609890666178352895743243076468397815958373060157384195197621741170902550886938328404312254729204483665715090216470034994894078490718609858022744666113468627303787431957120900419924135851667676840275056031403637910397100886810154628908836091603810152194602793375035739643983729825
804 449342459894189532902717326764797933211581716591728776496259588553654076416479644713689430152203648233712648154471203792096937107943457523854017044741468407991310006549004229524424228240875716189339185275459550934499880468518786371035047791009491569336499474176669176414501450070179491271855196746090736820877796344159459754083169431815993320325860847143625774489298491776406348076523301297426566835660049714317022241216487243312517056156888650193725666230835487197242313356359756553
805 1796270538637675963711010962716320563090330645323846269671787983715612317545753485423921053356440326310416218144348404019445365927754255816693854663661477082174761900331408039432789798616891293641371213967611668128934282585562742728067517578845690218994241406221417584668952906443127402239101718790504025824665395139887330510765525660485128894592277583770286570346506992533124504634244724845104757632137285640913811093833946555359987332292245219601421048277203055995263391090231317661
806 7180693012219440719910424043685472510322371746032114769831069773382931690183042352970466359978648616730187855376330266842370643818714643014602308990322484351716936202011673240168366045065881613007275939105196434166923548955078993191185188032268113165259546226919660265503055196019714185605310573526289899555743948648524342816477870727143497024124434673983001768224865481081164284367746211109164380906960072338389247421008021428296503841163842190006516828138339291916414781575610991165
807 28705247626810130598237470561664495835874217422414663020911909733471704511198087803112360088766803922374465314486791352251314508642638224075250384069693690672549827721175179758263150561185710959354263804962252939710337879061466833229641263359764252418001581073170177399340995523262106516808815724253204581205142944645975008931078337572582152549030114490116764258884631406423669168787565026822609506873985203884815773189641621681538078445521889599019752538534211255119599776031971203265
808 114751021015909845067447897487849966285670011122931796510824306822645106700160327460044313450298673789576250385842266102003663882459248755881032510729325392356501605256711313169005796435053847598762582226877507560369302440516228435383833914004174923638410296983114757059848511236644148045382223548988140726166175986950333960124337612427760299608829615599034187521072321893141232257405239503669410892417726021504616373533174358953493404901839892444401547604529621345438008633925843708345
809 458724717324406017569643357648079742369306519264045699906289001864304857327818414391577352410611580763468939731547037823823355162802357379250462164893924151880692071493762429495335995034655011563985845012915019056575897898965872927321463975046436079451341619062809755767851737580879275683789385712602407308564520466191539643161809853210147834201961144371515097304690596271191643363991003997733098714554556585741522495314152479283760057884224699892450334448380275939421100866712359275485
810 1833783441024978189676588311671418074389445469097210395472431976926836542130642135021235194918619591079585753785544344157976936865879282695876584801544458947483999500488585330092812050295788999792569665359600481216544278067508139005323592875622675904713857937839789200635527705166088156275070195597065510362480543129822983172545988354326488527505737144047687319961290441709824710965505651120966303943963029736119163785238895996298782375084802841350457438765191668412143921240691063156877
811 7330680180972059483651752985044274550510567233386819244370976035640206425249017149535566903128537968988101498167077768755794193236085487202901223885112125980137933487573665493290196535177536101832025239686269218234026933431104713654838518484290590281601904123880904183003938941563189028384427307435452806806342770832731089716042882282618127384098160654505215700660361940393542581239391164421219750209467208987059051420554636680084446377016345136900206747912502185803304878195183149372257
812 29304938812551188291280692726382566378467708396539557086859968343061188616208516096136025965895932922373473501185524875730234374625939265237316018362525015126497826524172549126086370867716660869577873772872908245760332845112565357987502795695391989096858740347494452055561485526477783436088343513854783071587687445821553417118257493956283162278902455670890466801885139102972927772240206273023378271846241064519481587855599700380250133734422703104077983544573904760460128962254131026636577
813 117148756896523073181803736184736490985432746656859250724315087980619680608546541207643140746981767768873841408849629309668135821745394075772952765093382307355598162287995096874507326240773232946140036341034421631297939115023457629716249301447863898311099175463622443071387235092519175873895496858543414719126408222663599740596365882631758140841970439518545385968536193044129508522401726756917949136978856990011118811554049329637408502238339015447761299470133025150384064277632155393907605
814 468311549772572548915563018126032309043202823934540565210754288241440902433348050719582260420449538100096986651023195586242520434213781152583703229976866352515052551934115938227141867498860194132292946645096830324259824016212902585921449428964091206276302013683833177065061320407428532279600281438022225834484277893613205380429454885953096902047019413381237368020672211640912954095968404579194639141926689881730936228265171107486176597564056914359774556078018751933659649960446532861754997
815 1872114344005716128412767132367641272092569031543125081348248401290657847976707219298005935767094969171408080376998332215278854627564286231700974034039133119265299033216398106212273017427364239447195441303688076939387055143239070444201645979829711047211194967963273258660172881472112778843926654062510843183492480014374654712204538087828302662179934539672778891308117495809283297645165738203634312289001607914676117972618132795971651618936244216130072027149693130308042447867920839721797193
816 7483938155526772640596662358703376583240922140130348499177697193252493773234136650613293313187986558707891876239081454059838988061307203761333003329933270851329935647797552225891975627569015926558660519975307114205215441921655706371736430907329605292965333325828957954492734342195629138426545986086318640719675100963751850368382871682309565819373547680657524707569570212021522432020247721765689870350114444557754184347701826450683083364281257130925842332676191208931294822549447309519367969
817 29917708440567894690731055149320208041015996129076139644534236143920008133924489884357123740073949949765071435596831740073224040303974669386516275594189831353918717379572434806229038105101288971841608970321756707177546419665337976492720416587632216264918218081564371974326714435841562481520261070354510507803422855811430781998071559011821330731143887773358825204453130243929390515901142214945532933207887283821252346914037758244617523830396847339510475461804595899244101891699884591169303669
818 119598787443870250574459441696290474864002314746600266573343491825380757785548357780815837702255578856522374457319466845180442917765695901615677604383335085656735712787082402577182691585983073437317878333591986368397507093991191008627012878558355819622963485743081157310487883730964133893910642146517713215101615137458740636540828048111981170964396541054333733055907199385342911275834793575722684669427834324956324724329764454000196592009352155579138323983028194435205048065617611089152738645
819 478107484563437809027705813049968011567298387992311292239173537256820497804256607404286109737667646548061051928048249818389060774096432332284839310704321906894183698077407606608220472565395532036569061835746981994220991281573322057015879792154040721633040319280594340880646896329027249420892379803884753421617522115155172676186231576702280009479537751544722104341293819480796830077125183453944299884630632329982094617792172796016515480133025506508126445208025498673843896013528991493970352249
820 1911281351400409233587131370889934094525598087157686801514978227559126809725318646335492827761432420075822979669062729772200160852450725981702868948350252940774027957435111499944357860914527763795554342592726524721979447833950146029116702837465132719636253373019850484610532325714988156927747755587193887673165139189585763932750973990451558233335176143613883152777740646798274677571241107550627861265975681440486604092882146368277222383881924740028362154670147243167015393940175772316004223241
821 7640539329267034206000183970936803838251152362695762230478371701624066323606933325594931210662248890244257870918588170188535878124519527898427854220364458543042194510978585584263367363984941070950353776989851466025462215293526295667344501409923087329149766365486406884049432083173499894409193154509452776511064593713794815008983265604389024481217951356208162359076846722472407870166994842754870682727336067678581833638330980432795543601503598164760263350665119709860549997367046658693766062413
822 30543845996860737565153821800442551441838240600144153944089078988910245203432838208124154530966121566608257430136249646759624072530206691760411544947627377724830384159255551369834493318385239373858926206407436924826878252363385340953723895078020174850382972124925556415210404792621320559527201592064507592350329583710995921130155043619989733520526806632237982743812130790399464063608621407174472132872645809012607473168676639672099233461143461781067399558556341625238829397753229672869976994493
823 122102270252064907208767561671520187973387977717271417492525051175936029467984714333404248231121388753159226261300192669642849710855480422396482508225286381238386790885604654366582913643062005005841891022616794236463736829725202202657388961937071672815974599052357990628778575939338281229818576162117613455583189340043210453811076954873543909655972445395519764612972589785581058022667367540133517980325540503177860041165300152819667104408642542881276783702826957017201091125563690995992505300385
824 488117150674882674062342326818598567739019687997636045985302832496021737777967892104758611061588532911377447872259306337726552196247426846671272859132436194164350636491506476397779186880725331614759298232501529865975573573606470918956321943384788159365571435334063634504446073413642386015544973496344836556993771344395930635812643997830598977517044795554862526759949277180666683576681696664240920013645394633065947092880800674354934667506200769685748969104164076836120423042753303735596259894033
825 1951302973530213188416780214776456459988934861455441207098655481035446846435870660495171493523912446856812945663758919778910100894502570993076478414244378801218139851415804311012476124308367671367330310519711967461592122687148642777034389163600048674846435291649079794429607592812020168380828575662659336454302926829215768167491952865433090027182630840305936043718242021525397860376780920622304496562282987279737340389625200234912354233968894453853755588416829042397054386264454114108196203955637
826 7800557721131709408804479164162926982919449215185050714251340507829014052131110769210947277377069851067594717798607740206879412719017435114023872678105113382044789880806974900579383632390356527172733877939871979098944575196281633967065796997708514982209238854678601121104207021441649003564442977636505810459689541489077604493657989008955776712482006584979050747428063846889602921936973907565081591029972415575697562680601285882256158753976667321947782646922788834739732729900290561668718191357221
827 31183647467865054061120083765678073749615997141917285808565897186059005203125619805343732811774420614793635788588304169092494835691550863483532247443359761056538768656217649940736780228745127740732222564511670005863670479616728824895374466743394088576702308531266634267401163647363328579880806103891418355020573496114933844505754266987492497795560221560734191665769185333066124618637962592327733421490635178449936138864684919246551570674701521371688377907843343800906675441286934514626715182336041
828 124660388909819719927853370618785425008174381598533101825953710315129071834445651179032081162751036645197600377976313215315806147048140428932717695955976700350316332281959569180352590889198252328085406210820694420493358357411584077475659902810807496874731499736564403450632059998723082767072719185433482466244097539817783843161061271042407241112276250969727822710652111592283523532446596914890112531713008997690086539947714216880316487037786994019062914474398783951856732913189594600641958202262185
829 498345281034651226939756402430672729945961754048707650582931533539915462479337096039707134473648290413529660163205050242818602683882197244440154592424746464781540022079722089898339684301319704348852722831602403965845454602862482580635371011895062657416971642498052158335741528451568525524928006054353159333916465781169971929079098373524271570586744436040964417934479892363205523181675050029306114935856649602138536826640092132252355220406456871575038697464283985676387075101550905083007077989283181
830 1992198136401713058044756455061728738737923064075191561318831655574093542896869831861008270483360933258262687824419437993118655464142468018939248292900898136763699290118451827764135711479363467100950827142356431855542305838534584374790114143517606865217543370641710765360704069599334506446177576329670152014851719609756561537673392916624538253898674085998221557931020764024003958564065570262053876760025203228137676122146876869657806915598975449245021324098006322666174100282927900951840476923846749
831 7964069012345725916039827599416770767884894157800335814191945157980508714945895330320308552301142139231290576771175136189827370473522603513758547562422994817010090372816778485115879490975026471821725834997873996910325245670967687016143317402106419286589922695012859775862881291573338070750641930983112249194033288648606402833712380481075555400817899623382084976990612098219240644479892065609581385510896236724625650392833949186692711152087167532192850594469032948843890525730670256565014366966241057
832 31837415487339559063916263885052304013222329862015861201691342434001839176544857935823931592652233615949737066487895442900637847607587483100301973449790444198414579345220904072237837279055528658412367635332142484125252102180746758322356482744130955751498573538656306244242656592349169811490591408373821114571518243969746543644377075086330983285333958884126426295172999393662962559424801077264064191379271497852929204269609446351328614453653886671858445353722886192375277887241161668266723834498868517
833 127274353587864356431317405443711830915160762163949064555841905579437764831657841030179111695224174992198077990337617234193744327852393083006220022548905965519718456925411006920048098661643651594170156606483216211224132502537647292840349008415153518988625141077811595189251437651130843105510304080075858449565940713194286630789839887322147519188844744285837149185500073592018293612008350498293290552484755515176233056478795657120862633523762185242897812354092917617642642426260946675033484736645854825
834 508796714869477204739860232781338045309788962716152790946256159308553349358290820131465087466025523173387153130800867237933536114970931955213924032363747029750523592629859717635273501540605294958812836973324105260866717360353655145680712091313167639050410183586239613484591285384395223054504276925307680097800477042918199721580040759384589532529850009342065843712887306678687148273440000582871339744943965981086344913471837692160746136401926712125225960279498003580415534149984693246455397483195820217
835 2033986191101249972836699809729690531137308970810632181523757699516564883918184561052308759836957541343183450126403642486438600455793947560169052516704196534382891005552907585543048171308644741933412275202856467622414892176669608887444759871787323794850187657172047906179308891410034998576559087706600401783360329859505238621340661771355521025138891678818553338069051054393093248474635832563187116517851212202416263330878038589465987089296379349108235386858025773733878846557760738294517889271126031013
836 8131150583988666612637103227523363314128633031452204863992867263463837240659385293511728916395173127866636567052011849004593349080133578974478507009580133051322265521874033627324548802744715807880941469097534649432926755975693100684197767573857531035740634845857970350277169996982163523905193843114123174924285936024965618541703117658514068449886737872158313356687948679000952811793772736607255851937780122866486799905513039290343600375938593391699813272249199356227199724663601360370582739021903882709
837 32505459486605870550748463138575719063907015184688756528535109760210530530290769217061677159213853761037899862372712148002429463274533786681496517511138638942401682180466338419105241118343909460973245764459304780919261947380501790163059414644818233769485414817409604609230535008100262845484949706934372604978134260391759902695110714819858043085796045840078953068789776935478333157899523534139029387936567730938249050877259328465595198677292856374779553929708973553117004495400318511428525284041831929969
838 129945401639764234445091711740537653280325080528638126803872461586820501898785522817760081958479227207713111057632944108066495095434697380953557022098001550114775637682568072636081375375945927733989313735343680098852925122494424193896732972493562837714622900151493759265538675638718156844792402670233234833484063707968175839066231673111848009310266326661418064586033391286299072218285504815659205996438085566185950682637793777921668073653433807105626802430343429228404500175662226596178396792914676304985
839 519476400107801832180597773351018064714678142160279467323465062150957471459493929418214714092782993404102950082198925295418915395365215120299487589109255148820623991257387128624388289995621549025867339894083767760802132492556734480669615420888745988126912846650351540640040399177508049245730509025357820192366349577713842150160587716756355800759236168714304486872053926297985237020891407796620671404217854819027002851380765535522015312143498464397422267722106119677930230473542481288971617661378756163909
840 2076686923403564322360847055507450171044305693083326062212593507135834589297906100367360824635081836922567284087542343983589699155479961915615203262767106298758681910331309915853017722743019989806634260159368680988959037725987342134942264808907207825096336790322173966948586922241787380986895561183731421019275790007360513674908961498602646635157380134802337375982459263950936857758896785385503189905931406418328910956030936566403836370654835965437906146676515195304376706613900564631835598296236841856421
841 8301881555420432547626878660404114209091526610492678027235423471390907099977358021887120917757098077450048195899489011475118854028297091060543944598293483028746599370043921257931965337462157299003639953208187049042944478561680376154324349704449120872181863396520223464664242253383571006556556610380109640798350226929852439661896356539930960342013634795999864190094072121539153580402628057474975562806033023325400053514260287039484086172658200545908241019105257677042765272659826174328414618210446017626193
842 33188095848215533128404347611582535873029079069282430270232000746192239871205802920423493033786086062606605681196824153122249013415799991112726369174762261904183441999421363047066574872888350187248023336292185455072164814451536336090239556199332123592337697505948277830144522399545106265673516270978518211097940902401338359563983287194900011570605135312330607043515272440270195742204528641666555525096695036077750441700111920116708669025729556107776300579713094427804305033266776617369725216285704074641993
843 132674798216446147767740671957247326468830255790392618303381036436228371223168637488924469376916331313263440223422246498584587542637416588944536616456469606335929622760139786710611891396721024528754881213921286436382444682453874000888628943044993661348598861657864220051148408299232209874708934093343898337628300660040928744089690372743043816152903227635381206150168340499510787114982614436792799858753369125983734518944413983331446689592571154351914488466238636722488433811859848543202499012063635430692165
844 530389395837306635273535372262790312986840878239793073328605007094845184779697017136714310286386671411453794912030505263364662522370238645901501645599051292333553011461795390319571822415323135430305274839072418430772852086444666833475230052353730914044317345894917041305165736394913373291413761766789851332241726842084509862905131791602369998723309825578875432740965454456160385313773579416272583322637242193098042103455030879940372854327922406138937966945903935694930690908672554995420552673194229303532653
845 2120320563599648984698208543801260227385924898719037711845636177715064041399464385973824669603696804537290535389706580306723224649477769903959046536654379508251536562210546109645772993392521562891868070575501578306078632459244216112735002725459458331156840121145290152066887369097040934507598743104487753329097658936284060638765139405339508411874315741974059470881490909449479844497395626556478582571163497153671209212545379862317763819806767311858176508451454747223066322387152580200132982399680682565169577
846 8476342823583546733790404204442337872264058982285106523606424244995966238595457937879293936027984073193632302571848428092829325644013753807669288665943959950976614494577854066799214182246390118229062686790872062124952992003816398602407237961867658161249931633078381517662614243065279152970791702745826983329253747385094607195637849117570374055473001202268376426429590648227673373287438415276949386454994364071618580305241203234421750683370077680913571361438141020652252769706298705834752178681115500824492561
847 33885648063122808839557670897416781444922740034591578298346657087375704531395414067870114594615649195818181385928441045181734410421432811541478931866862777893530842350557370405468422283774167374792479764108787344763378715860694164899859088430616635397072711526568740731410836221456384086542848487363508903267769040285518330448075895015985012752812822402587203755248737818780762733395009808929990461459185306981014243445983139452010030586013505913393563101192564187973640757443142043716663732017366184301564621
848 135463836894743780803299574744237890401988292192878038602199274400956336630232341245917923587086998858098632549053830239690826934141587825608535767198826582032813266562961340187844922522726297964026103050961695814516477257313630291703339170217080332127586476007151300040999609511292289215739555880021759346126407843257633287871750504705825451301011766892850642834752244257798157385603167483450814300833997373233833435338477030925921257003841879290976030217677012895870639464900797862065339936475598782122066045
849 541540874818513102415369694280321363279999152973409006116334605141185569803547759617600566959454575590214974406600220621174463871723898919277379185226920315542690057054922686868919568739146968839157289653084884872764976712553997351468124076031195969638867731436539761063399899987800885659921064242663061654387777151519574255011100866640979017822492255898059173795550329258099291554563037936799540775592494262365110251878533971191575530076095751060244073370885294054731561541094105221801339740852497054026707801
850 2164907796548819182315923379169043737735753563351968755061836819809847137388194000062079945141903472466142326929898409283369690298770958783167942090631808591488311166181519199978624442397617364158964922078475378559328775838883897296443646757507675627117097121121188917308958062729122071151732607357699938272317032370179599846356271010519371320123365839153422710093739954561232533023341770084983906542590549554690592217877298303284480415806565772909916350615396949570465604317483277970766967314522259079663594369
851 8654617103202121650283236090652145786959097406244693591494629799241874308588944151849478177296791047243310831656399315865281286843844527616731152501346571589800895513729146560155599013282905691383800790514803332483330253736985038856045718059202370327940875766449367674235778840024788879036588371891642507567064138123868713360003124380043026495742944117136077739564458305949239799288746171308220723983156371396075007153104768786619859088097780519788852702286004221287611350124330446965833119204297709492471087917
852 34598446891443312557724212287626313347515253026399039381203965295035596563922701688858655247128594840645144522505324995230270796737877765866439272656579930811742464566272121585558594148440521124359388434386840994906206356624094482941274063046261190409669164091593148046252360435629411348679329194647290083953986782993343417881329918877651146227303830118177587065102120454636671129085618593808363256229486155186198174348892929520119038343863106454484740920858401138837316479300754105320388289398766883093605171557
853 138313840320283364484185402076218576433237164694861828995884513354599719924424066113943454487529100905004785900565913733353409485983028042462741125702226037233822625161843250760583400880913124316606232996082549772460940701376113502506750735643111833476493820262772071186234131216986737010933276851401919619136397138767930580653838130491134199125739645133420003581616418081711054565307789338410473271554887524167348883838894217962421863632372376162184888128801875110277489783031346220800033271381849080354665148945
854 552936126055729978772631726653924909264677636550811108218682044121707778717056535910071195426153020425704252852839898224056951879631229617820068845407876817968677966367070296167879160485424336842157218309636655498244587354213738370055553341059318394783163639302670444882931288559691431112309308315226417707620250270224688863769982507141263952554621147044025904687668764360692136899247459542658702395622265411536240001802164787959247782611009815358120022013229318506476169305825177500274050650720138614611654909737
855 2210469771960121203925481904285052423160735145219809797929190624010249782950154624063378756249930209291526774523299552384189746804320097603288588535954972841140305410842029474566043825717783375525195102276954182610894456152507812312567460749166423393964188443105671607180761575396637530881292589510460342228252388211417739507377719062725786106234546611593850612340387926369581407839641421848955761409930334272973012230566124442070023130481092695820829665583817267566531929417226353209942708585717097842400197934933
856 8836788967897975786060806671871092203926058244773502715993651591456316812752727180492963337057945421035533882256457015052577813907760574245100646470814135517745906325367204412692239186260885374424289172463675521823700922007191872988593981828772901764684795379636579474430548139963301928152236015137474713886880296018447441974600996864704812220458410518125888949700896071525217644767955316438929443040263056304733777103353105624958698194024864504301004927419478762639896126578944778466704608543479123831042198128749
857 35326830526880418827808193171505695276093007095158644028091843205782977982736309733131090666203962353241817674703332470362993912166468735636960977292676662223763957189161138581604059265519459557139471880857003099634423486439086723793310329873197832322694000660869870241193183620724123073163704917322299943377317407621877134116226587053258422034535515029821215965257374153710399933211111931541520232185669131626543061596501905689983051467610324659815007013543836186477738486596330936432294762851753473640233506738169
858 141226160865037122976057838479537146334513321587374416024810807255288996212014291738417590623440002986215841178829288003302962152565715100612304108537177591717229158429391653416733979660567364956030044934040363109486722469130560721421991039777387632036253223034781377195251379622436459810486495326567467754368594025437263213982796932367424635993940354184966732846411231173673482621064341446568213151252708366747617552622652167827658949153480717343930423392096626105429213467519203966951147460616712386378801834372625
859 564580557426658559155737970033870869940850706833301631243277612469301265549552204150727629471451064345158416371666654250516208220165080808934983774164456787107211006820557687488007132037924001416971209021447364258891369989359155966557498507554764688916830553786540528064438084710653783577541680611820038545957456140725539821955134363997738061310882799990102294304869489803095646708612273982719819062409033754078223696840488325201022066802910744866894004697053710783329401799374871359030354180597454880594828171471069
860 2257028114908320522735677589053071405071381761792358120208258670242910004141551551789708285573560262777516732896410039862728452101525717464047075529571015024640678701728497456635419232926173504074156712807244735383174003874657853877272204024655947387045712139522758291118353817524912938135853290761650361669733206167916754701123618231226971158373342003874184596168600901595992329191279151223052560052674780737583339593308041575200635705902572659937546210391436457816628070847090531863759958015947584262513377387216421
861 9022944892244857620776145645208990448621486544834208952552092954618557349992878987853701285910151551626454502293796856085885480862402400400896739311428869761425182069462889324787491317856326895705878678026483026410001677623445658284929552298767449559328086079522917375963594954323651654088022928514121033269743599189664531230730075206597054188287607740233974129823714258718106706628990604955092567921155354582081885747131805868654629905634095786396132011178950262978996800782976527864632896439424999363970275458912593
862 36071144764903258825503975645360052864493103821076704839581012008570693875870190522964672569385153373161491830912708705635461014726339452998291728561131269691151089272551810556801795044556439062441231258866393737736548858206673082534550036579582776932118973482341847436722648051282817148631355829217113152718952157053505690861214249952657754877366545248166315913764417251162902958053929168735983884502462477066127555201174382049420032907037912139679756621570421884052170766752674624907491605470285074546072856299403113
863 144202181299879726151214924997132846260704121595981428190344963129802308983614132268490347396127307967874107200025540192934676083568263316310157856891497821003006510215187169412644035222608756737699259194814492359939348892390244285353500913525831337468725217104585294990772580406324197366074522957836212428279180162492329001077196650020224100137223228341855708435856014872056269509292572881598001675294820106898706092508708661350089079853696884225503712128648402475499838972157290846999862627707394285904200594917995445
864 576479698371996600296879182119619847558314599300202940401069245910741081576571562142301649074906624718063983829662817411696130919691914559881658452778809060606763215048961286238128984968581359359819509262630675001572945951668388266309490961586918145200482671154065487329404844413883368178759113275256001341745595978806613744806172075729940405952381869126827705860245780926490325694441583222151143193779941376046229376321654989403416869401142662460444446824105163935775672657452025049858177383714533820216823312380337893
865 2304604936589830837827899754773559130261431472229159393036708960136021195329319673437448040832583601053605483605607246165372159878444931651254544793250002754682917043638503389505999720594632600555052592182071953879533688313877211432929802273817121738908222643785359753338594685026675136410579666848676971606756073828003577236248929772057128925401897136813742460937014896030622799000111943103432252081884517007822115354480366383843393260624817287786634065092557473864175988935860409487769172910185694091193912887117297617
866 9213173294782219319208920888618120909742131583524647400390918240622386942828853147638775858355504404063598125062533597293151271839592269753087962622855599503246984191638445889013795630225854879754075971561872195940811777124858807204938117914819586235413559534448069468684922088593301651389261414111751340057552687711155994768974207231617830064993937511092236365219723495747499283040726406081034315246771956899938849304951963623338145909685956741669557959011484595568133969140638355128340866656938536237629405242532199561
867 36831743174762061204187611574672943861233798081642064806744823702405034976670162437635807933888643678317807472745158916177907272666526851241231228406666717745651967663197338872291429462874156141967055726716938237493785046497895147716813091597817246496814712685500604622962556321993710923694505397562157957420780773148298226639143578260926115332100318261022954356623428844322358695611379095139974315072313280092318546581033657585524751733275836056919229809462068324225013891819412708333209110850867852362162167485605871461
868 147243315482490701515134203075975805698605431384371162510047733999135790195734681813253821153525830467976488976237532528472331121735897918547433676540025489610734623335447848894129466651425898801416902861065956779554801685218601939556773842213311967530488700832531413034265129057136260069858994852748826810794729457809223476049177784624997444321108187529050853668746858097647786500740598285432566231686314784278432023454252875404228435541877219580384295464105157408468395950126596366185599726215465799290390606745185191405
869 588639202646412421525397477520398825047264314522972292710417445598061368966664950954814680167763480449948426203591930308420645497391124922270676718760527667118134084795320151205792034797882836532519125775798787973282466853956847170730702904372675070293206670742267138094215214042144445285963334218255202601777615106746748905576877400639237773962685827152018110026478122139754717447723549929399468023359245501307806084114759858397126018326061955456776545518209296287759515722826672959445147025956446457982994189603696811081
870 2353222845324069330928515527759198710701967129255038480676136863398241805229931764697725142688994025316522603346338286912677881995585418849069690006509240076785004373405939019009664690775546704916654691336361047730758362655167194033221697761875070535181633814266972793274917916287227289355707752548157469206550155299454928286253638658554197465537830941659804734270455234250977359189554216504362219164071887312380467730270350395591627119337667665371629166641289082948800109283521460096286103993024180370651352735520687069329
871 9407564582010477370719942321425712251803831054446339615667035329679090152983694534527457512703692855360548272777117054381800922999873764892190742442006269488876170707915969895986778010344786503090543556611182324637258532332872609774951470413611772725303123073218563609603739860487578616472963764078370570032643832922836812953482216859269507842608668262204434628830170574968667605559882608932716478653322749459971214385707480980141161266113286509293342344809897113778472301674850431096540299163075035447561029272073977711597
872 37608987275428569993937883431392560993262755873320933895641951861994356582654376532676460278682148065979554589280859441091759890901167724989414662552224312071651675603434826696799222179103168064869539975302130223580394325843372838037348343888146306812617310911759840123648898321861228249131428868968396522382565471554852084799178156640288905540075442944659178570864870002863794480299121735376401332204437187799180092685001030949880495230456994975158087078587885458406976224411189485281578753070597513681500317499853155435317
873 150351009060953675156897016457561784516422246469752832463282613480817478241610820086620959126441935925277130774349937612008087298726652632921975027934492426216828905126961771211694626363238866319807827867983178394300657670670683260903121326014980095477258299195255268768693009041695744825925070586030518507345550211445664044640793142079981760413695719168540071246327048211552655108157637978111333868385962145306052621267360359202347894453457633898855042478540091833021567123373961157684165652388463342387481707901910254402865
874 601064851132292419607136121428750876419019075233450085809569589838264359415141892093077539261066125608383192164583756081819630136990770560448253482645080390843146103418118429794437284662508346897933791246814030260491467488717430541486217571928899158013527398441209659235134429996259465156868429982472912426253176971341698358004987851594989288492104722705274191658837323738840746138353948100674354514949253764378490328174441471317570513078582737294153767363820096854590247978339763125267978435843897730695935776556041299374777
875 2402904957805850030936215334841846986071765352115247256374663440763681686118678917126150089754609341363875077511668629105904922308313831379506187504910065538968921551212072305799720852183358580540075203925797586662521032998816992893263805576484886087006909001835741391383817667118402179139084722738303009601267088475944214094048305022882749865184452149064433789130015194387184137067355071477821406310448542458072355941828762130533260469003677266259078167704769527276536470421914833194105584718357415477148982136442684909547189
876 9606211193390203697834511048710697315547646660378602868907008537981492616657550908178971886847994412580376004390243961945198016490951589387648820536832780040565276420026502444165906045999781787133969889197477492885426028901212405229020504219029151313418298483060484413022646662556142681383524879786678927847506209664013517221262141107905529311162683234118759919267230063686819081017535654131079139479863993015038740175472548330101080110145550309819619918601032669721280585675578442466391686293647079086191339116562204857235885
877 38403246715551297458091426294757496723653465590026882338232416953681852849482744609019367256218212053159595109977047988552129111504132212762275416599579162087041004494584090232640538775368399340047267631603131940656454265204075390043777886151706015323247933663586821789389330451140744829575266028356218968394411665107216955866716509789707370689150209193776955305895284009939396037698967299372750019682684983471268386904621453859081147928636227683007014722087713044174097750050870343770218100558498547287733934139808809351857865
878 153526740193411408543421893735759989342462263601163110419556217545566309491431195780202537670992876451275454217011083165527387202504088276646527121490469477553646577097963711337673492899277064150805425107123130673311307680698812849179918570434293645995119086955994289086493427930118841815459264209358326344087135793818307919201601406382290818447436343471204416240168978271030072953377269051426581075580304074421548369454570392200939400736629195146743962794322384654471213485222418559982668598362301164034515236428409359943487185
879 613762554717697605674512900264096938856229981983216435468766360496797338423666708935926935550160375269386382359572014397314255683723027435893339928005869293360120128152757451154096466185409809802404624546563946159288640380668398499568166226523429720945361077192591998069733646463720600124712283975577019314606793415808845911351111575604053155113302022110175806596330611475002446069081082216033489383751364130446442123384511231433563682424016989627816959312586567854842652371929351172826481644652569712854408727429345203461042125
880 2453674910614556679932268078012872199803485062573199886379715073399751449514628041781824348433479565210504188048703063984353305797120329306760719007114565947910334898513597992526665288691508018027388605292169708833612357468719251954946475887271063493379085993361780689588975201473998070269411289217147846384293213028765656595144781089988524907234312691121036069372946771197593071290490431346990659873609281758907376695211088745131985967118937586654400694059790247916107555531784751179770197285724083635130918425034278555173740117
881 9809207647368208654749993963128745287717962426235743595782875392614380650537053197766713606692641519383162725449655808677305409904596265670710212496007583992706225281885738890553644786098205890667175734611018979248223815258445954244496317455112458281973183943877246229364262792338727673683026290275644336614363000589857496083533956381722447055277715640594079801166132533650230047725067670402138237169283036890354031250414107863511296340606266037238911055242587465430746408782157984312851927448338177336619924836251610261572055217
882 39214899457517440965517911776437784673150789901014793980747439264693770077603987083852247422298617707925874990250894556397833225676492803075047667221061566841311059687212457625833404686795605132172212541275012162481731299121027714526877196504528806973706752852083537323439873526411921283676710873481244077897011381341834824245691908296204524880904436139340355830809139090509728912080064381072571405941480241291677275197027699049281544957551642878090692935601124569671842620385684389794461317056941679362138178887489693420938613977
883 156772020284143880857214637960698191312761796943863146146309547752664031678208560645876576500338569840111799735192285375911324709428815924195266351814034786438310870877091331851269538318064818306993233401427368451262018701671112207398666678146604456460485399016288874946833759290422147621643651561435457788150816390343814053140573573449326807213377223810898244687527601862094801481336201297334930140991078886301859465682294908241596053918841365682204808396146599840673969422765202286214160903918300562320390480306948890186153866485
884 626738357239997896785979001159063744758662284814256209810395868225550988239008086212723736102255920579282957269332383882083208144073835232175054913088654271071218910663079581623773555263801334969722027602896069326609556476266850476734011388341604555462896564879219049760015559616359523820301503497069193212656170120233639353732969676480766212199009893287690166211666044602992778333807565432956262355386728846890172884145986698629008333674278999434359479859343275010040028084805460943203717127714583335896041296755241459074783852237
885 2505556871985968965292066897866670994190254690373040951388760893367244376872563448735323934225025101084896321783543115874516824139760865420435027122045100058741887681473887150922899708088758952083246570721002733831065221633902699609807454682920234501257293372515831208191335928490270642202420155826339689160805349565476466523658320139565224659365725643357242743850770520665882912236168290128789313610835925259590717066529930661946323836237706086661745700593733558091587829246679084241119187986795270147578312347866374684103935102729
886 10016650588454007110178645719181775668146924458940678781968352644805011056796185948996854164749977293004864974479455597422885074845541611151696341834979998179540168424395166616577796463575780584295483074951317123482916445319133594204554885469621972629468344671964892569910989591799833578294534553761758559345388916807069329457971466837938673982453684234374206597498844414181797586278240896914362727838346727098862147050902267004430806981473295976468013006403510710007939493060082806820408668922567602334852159475827051755099517491185
887 40044331965715411592595176360903571252782294387243186361152214847685054236039861872552777951022240856061857681683368572721089572177344259553239888170956708983699434070043551353326375727753549163119763744870635048723736911344036511017030929172753649181372963888934338887017162268473102777954115780455430912998039555840824050023243374748672957757286560965589601038910244666085744808684342702340388524718891498764562332843024391468848292515878588462273764754646079336598922458321979473419238165646381740298806061217673513825549852120205
888 160088394736445139450246663806315125771107371392918571628542249542519916724745679259688929622411169531664299729333759497136443479599842807097235725303415263024843841125185482746503733084487095810397900913221379938595535766864897540253876566121370101216585949466930317027745171871878910695761633539339191285500912862006078971913705245417155510484285048710442537080509355441698235530215194760476175728212393942788841765057405236409299289794385332600762394504605550387969377097367863813210794113504572194229683723360207706838027022157125
889 639998438496686779161430385392464524077125199440775047336950251940978898367090050799267839831715614463597570951905238242119230658655856748942469228842227865941931236425754187237163963044898455330735277472815713483961160366195482064231357001175831402355897050341405980937955471383405909031094864835061340513530316711897714606685696846324945078131727435471665284515693181961418276381313604422153774237817163602017848381885926275964132290828393365234927135658844290570936256288731211067143120830523934896818902072953573159110232105178305
890 2558575553852751492681701838994518830663678390989789001604691164676172886209737710374020652534330262217799849037229043057454861114784582168852504715228693025106786110983374969394904412424687586437299170396448080863897323620803389467561211267704160206398566172298324204401412948828276874722966648122882105376602187406518980770323964194375437486158801470441782863746479199861450829085752449803989081145538387224911857185598778920421774226253698967477890219709895020598705032523099185524143340799662018032217265399029582657567499779749065
891 10228638835370700738403726409433541301338335735375676529095820042681552867842777223029880415363664223831512052184881529529321712034436259393454558024449585137255786358055858132973401424297695253067994939775831566777693034708021088182932878774939910317850365092761869974533588317541576313258932301444396947353323177221829922097269786468444743196719855436073406058745124573401055437955017838558681882240062495378378314235414970170670819178053585902631400243406446996438374656294577088184509837552261742069385588598841007263955463102372005
892 40891939399094089443023015347942418658679656400805054702683008853666964622773893921462074079039634008760125915157860063792591740489992756452807583887172780527961710237932654145531788062788163343349258317715275443535328975775240781508188018198563566443156793379212311310947256908639054051280977982454370059469864286335036902615557992764313075715875331813548619585055605593880132234841378640114581411994012217359897481847461624305561057657230174856268477056573316853589137221724458023270135599746858719392847237438168520997023718761611805
893 163477443722683308312588251393911126843476821755527881623557310868899456874497065881263942387572731197913599296395555965098630010159296797756913709063784242983713721212808200209146361884222250099957114329176289696413939785658931091202102986132555588706228302480666963978816065301309793461532534430485732561234105451609161629039030880340955559162870962722778117575966702181190182293640979961809204139892664256366743784744335969367529334616491583071456959931771527064802829997981268136996846711766374589252782860403145454207236129853870425
894 653549117324913622378363716852081856578600786064548170020592258845747565659472075033697172387559789457096680050818906062496763501244355133501565686719280108061300839261329545532795509922053348464771213827331848576170635444013782281474630652139900887288909471150384490957562181508965790739538991217203132692046992873902010631963287122881242571227429301792298265182850573273513456521315290648693498804310077195603170604009845421484023546418647459660928609742001630220255708904077609657004095658411821357155010711236758954665746643739666305
895 2612756224159753495478563301174359800849661896655515996057085579007088194505816472827893329414835045350101795904804852101458226958554775680489935357137089543626459815361788930083778327659914093583559029693988594221400373746855855148797250084052602106034447980162845570710121008994441169943724848677344622471512078161897635054702781683540648999524259001446784741077904483071943237070267592788799744066680288178482354953947735771468266045404409071305116821990241176219816122740696072940261449410327949908941207924624444207498458832191987165
896 10445273430304864012916905294560811101893499195813599146566314514266188465904123060950233315019482674969489737906899669844979492252771811928843837582568107373852966747809063989405451278949560231059872907223194174918649841554472237011426144346111093169611106868847019219735622455998012733133540562018310483119355639898510276620235326340511298537926474802650065002849218000221385640040156917771107068955087637709505288367300800232992772746376468692411203343639164888215531151958221480860915300299062276691426171890127829497494087765204230705
897 41758125808117137706473723511978094628357793736816179945229992484956035631805812336190448946505078912690613388932066848810216121450883470805915298345725387544303665753636218924835807054784212412815500148685375033840988143722379918949538625754172954695534621578459639133267891016655296984336942114701731459933449056577016755655814365945664324261453577792034464867355217732309894642228828585720901215478532773716943333128494649548660987085049413395993022953072331243960954116099864559386985514441975336980605944580602625874910492029139380205
898 166940782971937010793502484456204763154465451055137606885460061175675123722126110897346113985038028872254362902224360935963282626168361217585492204109409142420290491736771199756770415704851310299512257626300138883315315792959089822374781480244662064493105015363078529349726251834946806542524130870561177849502437802947904810845641128814405939149265291487250660448107057108571835117669100116933007378486112217360172123255888031673520279948968401896582523650853777357117122526425441651162752538237908834534617472714290782306757387832069665525
899 667396854751306382016416108700565544791602573599410671553294929371405084114788107288391237385645992502654738142986500585002308777646728133888603408294244689104268718986508096487849280178280022440971865451481018518512317266049371450817349458401753107636120342443055605222147486749226790460886303474758059595904532363442335857836046653848559863238455307699132769940073273014292491487415199096994163793206355140801803737962558874884198664365426682973053833781182021901164765129422545847101179218041413995546236162478852709758234770972232620905
900 2668124719460409080415526737576997002675854147032100483456413132249863540166400213270496256398792177472183604834007813360180853456646132526489703490600060989985375355947977000127752332893587575851556084777921814362995038522847937958513699997572729359910024190900281033727002030570252444576538123161793644870094535501660865602964243594927809679756191419253305755591411861086985246340248785107094206701485629221781969358549675627930860221138106577120413282488271712159136422894250770888103702825482416747316335118409540314842372969988325988497
901 10666657689280588500092662204178608821647880477266351728638473679752295688228516817272897696577969235314401029319342641006307015013885818963779255211416184905608861612731263305949672669353692094415091081246109172856786476019801056041674858786538036904983422448597275095345522785686706244923829253366516988124465896490878343561142915893534869956025327995184339014735729200129408193080241726128536690740960677945630794927774512124187307500465557309637458478988306681943539696835833441919995983368752921621843762951212487139069519493580718976437
902 42643304336212975434593380409278252911938143660691108183603852107866123955672690882397010680167634895949568351328892575666655029556339430438844659761738293900611198488189338151140376782279388873226358167880783185250237772255380329041310790124249004115674590239195589006477505835183545947842154607968126143050232522556758159816672388965652836090150499331702589712846155783386822751826863598548027240272750185562436959295647178957072749603254437298656524704048970888021034795143403224239755023101998597660796659734883222152090542495013770294437
903 170480064575610532827310947289470307080209144841434971356949280112641780309850742349595153372817195579018627916645850379478069055055853496817135132870019026568921462204504186891836663056665942705343641890168190663466298748504949930982239918499877623251359294569352640264695087543323850391983681433800796379654163356001111170923657436707575533371236533214842845218098230870360835158642346738502103377662745079122779054309024280201710433336947181104443277304352980857297913779712972286533208958044353095648080914993134217147675990512098156207065
904 681548257213693701049844862838831244727748014382476338923076426559485234958329431749342970264014866630390585928382509506709578927392711808910888632347737854924546571168185584307669551222367915885274044057484809855879155350134697130396680187502880237691869956390707702508764884965854193588413034662917870150135357911578304891129611038974023977372422393554715883285356382612494731069896416287242509451805888231857850180477709142512500937112812041709369304196222538990249685080435484733295710314915366013108456934364755308087588698102367537067537
905 2724707457800672871570461215372840765747577919639153829795160548190179167572814915981761969150341560557235482370017701929751463077595077404382904391072240043028267379733874375849472304798479368918735054572203502261463391323641500833579380557337241167015079192475117274591421968771640560534059106185979155099344580058582095993066483572906363190352588223129386617350521905562778737254151110519545605044586788363304201778879197947462337089748574756173229214729176601321923330015354846172749806063328952940511069896109601565951955139242878183684837
906 10892897253683420184181383954330897983018558431560281668672358388303628858836990550492643114646037424802156207065843221411739276811418015613797213858002393644618734009013941839641937660543417055260395903614707515217074364367916492646934528060736280457696763121579424201237127682936792352564392380899667481452023333687046987679195629440088228656199371796175153239413257712291467758824246856419028551396975119286724803305209443467706147850091929477381199807246919395433296087518674951531999207702272970466391476274874771839828545051495157536227653
907 43547897425823329087265174093474153677514766886372643802689170885644621135102260071186989185803763165134190863462108010268373177367569690715200599628589993203084586435261660752380579397652839656198863024665412105610464282576408243863213169243989685684239021744185131255857353969691365935232827425297231532602314499865150093167579338216133724525997385750623613791491922214374460236830431563627538707875469497017857706171716518143591458929506580838779340854918353405212413531436262663281470878403018547861472168880919047301530190770556843794337193
908 174096977811439331374035607102052908766428377745760034656908425568666186497410194438404095734884848748423765756913177249660442724324425820598980203854316099487034216234010903339266862010353115802188262560212090977715872961442651127467472912492537121515807854960578922504602793234622970648421294442383161167532562249696469351033367636204859016557655313035709848546284700478590303841144267250899855421781658375790506808318764600512776522745166369649145461002402344670886663236546595299186721294477541515319429056117577020955691161655232098949030745
909 696010079856372526773430858941157272969156784677398180304668426338294213230851691875516581207423669571824055690268154148441956168568296403365812488909679217816380586458612696496656544672343953356475439509876522514878798358914047353296422674310244157314483002460242121953217235343816777202040370242798195799047834477945743228453698573931623987552923666148175324771029654137114977626069197203179056631105918600389020795486787413223756123805837781874551849235077096564827027536248618882608721078557847024198247286906174420498347506869943187427125213
910 2782531451897074311445349900248074153685173301151652763738381164838083857798923559115542040020923705717567826398310980722396492023282659234134049793186328770721536100046815337333836932187973907802789002357811532561320420396788965637032633751109800196310075452247103445396152620349560440244379698515706182301342073165117976460951897125182618506962940519457814409374569598525718203639337887325537560532066968333899490108689887093900497316051298769549067208049693358572201799936331333224087325442780217212126957784074182334970167001859653717047367629
911 11124100142960518024338380163420018858698540806635835234155972437423098279238362028195920020618985559943931475482860231980750020042246189773996688422293101450911190181917449733499905350795906500220845600196269925045235735561942616257072661982098963462701174738277292375384877529338348360110470291106452662578764654786061660739064419142243645598034832179291399710617563578840803281273644752724979745051846767617324626417172832656856162846539555473059559444016709828301446163581062329455363748236458205993118740825270890078084934882423947049376621873
912 44472337029155656312478251775428547876184585908604937498544162515257332725432070961179423428922631159333465461810829023318771891374662477815354982860986887646377790407343348349032600708142439689848417790760730025971749597045139831748360157335885043681779102809580878478928222992565440194080692402450125934671319514309260872261498529023825929178833922995329591035107891532686642977118926541122280402950293247038445897968080233468929486232882744336204540586839230922955792174522611210782921574406472667919950283016201400578728946232884789805832426233
913 177793249986306984560900766040512545334868988916837992045587670240966774848440645314453139785228397689446657981698912167959096216129927780566065445704602168740206044708269988622608385455705956464862273516851605658873870650020399213951509227137904373349242617728094144996096871146662828242719569761394391407980058315577925853109161321140364376612935970494841170449353331900161716940752664133762409311348094034427242411740483817181270370121300985683232032036396493700178547583178930376483926865504499723533619464678198269481575121846850363525248057245
914 710789229900605319703196061662867550518151362090276833641591865662671757040136132929306640282831891514897694333291397182539111157385888130986542767171638743900538649217656715140195421808199025668900709153461661177623762146496613569167327452699483246662542247680110330755042455372247441617754842901859034252263524376775437553574284544160642340353906610410321354681082481827748565217900358755295224574074552709422379448726502612642111651294806678591445687676607902003748325060942005684767340589307454114039532965519701691760807381697859459458651156813
915 2841624322615625686765349921379652325923043956847588871099285178918345436225926495144052465923325028634767926735511128018797275310389213458843724425561231461206901760795203891917867617252955252547815416803682029912451191551959719509429508373652861221472657869096773323195103241316741914339547609140370902222185344569340611427300976421055901784556281943827316013896817218946886312254866254572893397969130644755535098075977581792204389261104257454688647343186923307425663584058198132727735314513321761631075084021727237804542049708683853345210981364417
916 11360376808523969061221363349707723803057118667974825084826687104915000989210501587439581793407673554730756201706962061466185844711486349877701255357504740193749588214455879633309368090011653399117976033515538910312661567142475603440689828681555090647347792790050654548275995580643643702826465346749174222067618073645066478525099030058920565821069176208397494317416413024774212010549470171526107163964371779743012735527715097241529606195187414112063061677744796625562010362384884760876530074757161923925479311862842119460294615630099025696253036340321
917 45417064823747163416366910880211991937711651738170948275211122679260918936172277464766429997494616527694531375082884248815525849933893079059756161992367537825659181285803933072743093012691500843771306507793243176337394855971681917501601790000245935760783983462792683446032859809495866854736025507544989933391244225801530239621821851418774367258003399564829280988710840174630579544043268520512759424763878720973646838267922388769402856381906278036555001821685959376106823036893903940891915092380907034217959608691865421768433243995476992994836643677621
918 181570647298304390090964031454168256546263579848893713746405968223811258693331319666707567582425793047705098996845694450249006692728304727540205394097782196273131719049835946624702257869301221126545276500726782701515548807532654005708205019961475933844025991323315802263022192113350913767189482177704495032720887110875662450109809801191184391966003699002481923803406887493625158334486339729315166831707456480838420074925399610268519891951607927104522319202942323052186520941566617302055464379753018262228098617214377339186735357089736430508506579758005
919 725892770092069763656938136219441817282681962619328666784481732331838896775704129916735405629937015202358386925860369120088284684777650115297670422266831998104747352155528926449125076373620002893147846511528162870558020979001974711628602008093059029271892446300654068320675707234817348019559043103560461094025731299966179445748017335315844206360451546324900003129840430223023778221691485191567503389363721808572460803083900563859611728362942318358826403052117029882685087462808013704183719494904848343538807852014896642442892693902311398422348151854441
920 2902014312758474247508101078226727968986102400450866111399580523242073252661174041741057057526815467993135533994238695480540031875987626927083662794798920318897784812327925866237568504511845867461813599957211047337971228581862516556645383714352136817499766025202350795191481899945701618474587685362147404701661420940049396098191048446505779223470057687333823773431504836261169623087771390200559878775755382593762739802569354216222461372487326125165140499691704346109185035438444812597215825095199302158994489625342643742409970812744208700082130348123689
921 11601840188884816473724607534852552013207389866411538858903231668526436104484034517177507503557436726149321678117229917403651580575063645828311726555052274505547295216888074733871761492660447693871973243463542124428782053022807992396226622891485077400188125416165919629811479806348680889504075306662764962867329551845755289607104683957355234296252847781451291493262805792605039795120917300164141861825713555648633687862499294292311295670067256234919373746102512885715366239047516631892496310162701137231361795857008518670856850321534549111188935119350237
922 46382532432950621831034975372172777938195489403717728262297606191401383564980654070434744129044340517689197663785145585916435856932512124381833827267176123842864207140350651979211626594567005605000214603297117903616607034559411732623970368487212413972494144453247304186889524412339745700101168489393421279518534616080574438213776168676934244142399091023021085577500402051179881024374698420120586988259208669757697769215079195773204572819099287394872766104556339758969434763456763203711661143626934287370741770040098568525431587737640485364958044691713757
923 185430975718471951968312736578966738116513050281879367411721846642017202028511001354068231239270596302946468367048178618598283518999394487491748532921857453364390673404189367279470785507922757686111988804589873086636913695192078425849397255467686226133665557912718786039173896321335619409395165117229359428993247350107115583941361832874515670252916249292341592915333460606138330788212085427520307184333290568170579991804519649474083409503349490874953453666397312380142017201138859313384249131516229079301969516692546292473670210426237669127805572157353265
924 741327922227023612481320397718491724871637957347043814337133171358898486381662684040258869676182473863661960269803593559425938609344880191316665387500027897561794160472468190659946795787310172744776197931022222885793764998578130972695105216589550169749313636432256269655631031430124936589281119685730528666407689779127195613901740471305390508069759470008012628560225619366946627198429788629676510381541076112674331462447614566354257848655736893514052266261711230885287028612852006958868332611750182640175218421984642963725637461686830261744928533677996417
925 2963730301165347662088964922959519268133068091960653475920895720576600217458193770348748460543673973112244083045519918566298124210137446056047664048703736768271528601149151348163047105292062696391216184089438583953221303759582621340203008907543288342334663386015827237966290523978008870886541839891849351394916717032528385116289426887656184761004158311655551138050346845682620176178268960736833058124731530183458215100730921964930981099315552556528749878149138454524931620290684361103843645134220823519648847764737118872219219272473509951606147311695259349
926 11848605766045992361759477415175745125112321237278619374537620062258330065259047121523266685492512322894672389122918364703568867793736262562998913588796538036082837867383708561064766160163982751348580844928798536052173063242690780536331873361063669843587866745999334285243612378653844000968910483184389744258185093215899832924923996747956956187240593044087353833887630581880203431212838102024234904273428561798443238447490427472455067340917674983447019159199853527128977592786808492592902353078169289363419501577079687719071620517212725367568869472435198165
927 47369201651454729900681628314856231891170283907698611882897774804822683083180011445735399858199257053296598952931071155288565415260540014769676702631174696538466646890665241638085010614869325813278181876321972570710048070421423023127239832393574232774821459376609818637271799177620124683019315973411769048954604933775367252710219025348052632148929408154393612618110838726046509315930502009478349906605258798112187356457263101408288145747121526270066660354922719261461590266138354080089217288221437799752092005892513383401803507499666254091705114449140643945
928 189376081892675657690234829705791159841195027390565685998245392866266133193951537147481415015176078532458005252920566158835502161461766712008034448699251319080577953331768578111925689878279241199178828975699239989192221340666051679960776131500773493495196444508409870843998534172866828637827533064069862821402659795371892385512519411425841786283223475313008473913928572413794757249035794970754033089296086305614863334610780668739294680029019319464406589474646924036751486754822950772520253673597491820874428013805110232906200038378728308840473271781258005185
929 757102070758987949506365264072778159733342592968085979728978310039866045795207072960671870543502887252975841913560541287461028354435017058791493627498028536945387696253520169380208998962492215146848091590967708026312695725570166747466049183927903996198120597910645494813956259741979835544356255548589208936101185313170265589080222102816240192487132724025277595998327300012466870144232458552712023133722113608461785227744304924781628697237863513834496938916532105728521999003066545345241173232687254612952739665624151668831874787121000415284454603051992451605
930 3026801817137004582975622807407783240103108270459777908145811153663344722118484720946387578009785266123921479072044297635317387835568070083503407160904290836107295192335178268544815753740147508686593439938205277911851882221067152987344172336999120200131700164445663322302870268437987283530854546573563393816387053621437946530569207282089846359947943302975267580466865635887910699519095150164886010924007999672489463461512048100615687088014429705820258149318472012479836949248487374967689766774810168499925337985870656605327295076262287043393819246192658445557
931 12100791623182997032146672375515281086387177456358242540547656740983699135066091690344751666070432504464146717052021791311906416691257546636779057085850378486555142265104727147982408821225753913570017032300554669363212293644742991114885599276919580650346246013318603733127555899801200624462880832199247811947167686626390505616653956503913632501592286130233636030231419280812804992456086979176699175690093723303275457854377812895268115856846161244066246660618427901338213993583859621172374409346279059247168762319515353369859886450719941758127954721563754774297
932 48377544675954365815014999387820609327004145721130699316928254948709292102618627794723653552633582683498619550847546660542690505695560248565342988968987822368942501339705020973576847576868450588594797737171799793190403340730402646685990736243759456053503658119942837466642178680748732587370328634036710594060192380736065175604661821510432489270056272662746818650739141670446312142434700318527184915498209588391698452907086127842575072526345856582296745343879749997358723070685007896453885293317958233546866682355665586795018969500682077242210337259973339742057
933 193407854064078344109162755233838901705750791405141784811702220809884798004860886124534939970399500836448107618951308203466677068586763454019587660227757610879102482634850096119516745526466239443583466771274649809377844141042806739241603957055753853183779873595695431507945412786692170558587322042390055992038106706406475249006488232939786696612826014999430633569036719128849389754958041955957571427520034628872579165043937856321425921346230115735011627225471854412775740002316832182327881836887160586318070499698749996005344817946483023898869914335283775482285
934 773222766487793712104134778136464748563340411015382701341984220707404685537417573732875702504510292393853476203124340862894059828091440371921470013288378220066078621549138532230172031562515457438754994024886751161782083554872374022198807322077234697812911933116065438707703754084026667282039619660100749940455837107532225487278206865652938694374064289465735921296465384866637152916403687823179606534894244767940143281474735505419011763338848639210629921815233778542594622968058962109149989796455745045562245446919908003086961880260108021249549930801213272367517
935 3091259055188068370583524307275682354903086667776310031475281278716698467883844716445514550211200149961502883911337248807165746171104286257577512075167762854333518438182775131596022978811244558138271590304762400090943608130819269554514926419065109951530544573792910353605854228235939064468002133872399043327735357711450426037984640989141488264280591457637822063413718092465043484399159829850936035262839812709439185923863145995919704827852816525116439039304739457040961691649944792647580494708590167182220719907024233182819681548237364615366494938810311892647169
936 12358518503641831532768157918207275758431864722378073434197242825015136005400040151920114893233658428719777954342168485536694461636103701889666937216858888413683245963002689474204456668261023870242707690715584063052926590952829116565976907904940906746884505183969894783572933543385376757873870613974525271926211787446214965342001569573801490098373294241787045111500425005347588048276012802587246567746147335930601910498560379120180981862543772811232988320113113901058593487772590000872801100373095746036796658621543703842400606971264749280334526080731301808627665
937 49408044341088736887115712759274759277514636813148654764363725217399826324172211648282545862369650227609621105527918711236042312907470061742654176054158065801549890388864432394643062551408516634210647428371359957387332830120379113800278526119986708388662254973355317519945105078813419270106434492065210500760341130254462836857504110906418905616946215518673118794374351990540442299117060488047348521864326825483544196622898922251867431049228141384377060511081603205846361678791678230580712880205921457957022312967501882898188778290961028826177395162413383059178485
938 197528223016678085626296200697513214072754597089773682940486596526329198304454397889548127170985851589268659853802269929478274306907436006578525077166068617324976923325281990888192228115726358023516337753132147687044456625226813756045187645883411433323379207427105988031364277814676018921281686910307723365691697342727842233749792662167442962348415726980819923870416159322882711339050849609960183333730995786720680432695551658967278501796768307271946608746399147760057029250382981599978664188642056544007952976723806336483641525985322802133875926451159011528519525
939 789697730332878867522383214844993673421553716292101536942466474395602497198275686163838833892573721679485276878330251053276337592235800121946637867154855089773529345357363322027921481032613277576848533314226829786567933571726399353660150736846340258679480368971943299117813504840299359474496555233000776833196926458452102001787024262834194394485765358551498051556452647005910278048319344790200780094902715098944181829191087353121702649357276162960506661568937062586567233649583434157944276426316206905709936240988721595661255423090501656306054114176758579688476585
940 3157132890136792126357282569102389460059358108724183111348696073518407485657078211975195928046685253234134271078468805458993327346034071315731787072207904146524570444316485397738285900712409747378419798741323406546635564211934953816263351900105662248715337604193765127675730787703328878258441319858213383572833836000694348521874823687306619543343381867834743616684887344461142335842760073696429526578447279553010254551387355194776505717816719373615486257486721893130516654636735935953252469559171151307610849411548498321584050143324967472253269612765754049157949865
941 12621909871284370464038782417974998401972682655804404929252465132113756220176624305650451707352952671818557378041114937913701664034139193172530704151334732826123909683491709239909386976353486132570952707079863450452514938026814014890076282066825260401384598196742072447671801955540410730196376640550053227059403012518234538540326988980492298557084877921405236044679570902982117144195909081553336421839923694329645841827915429735600881961306503574992158635901167404150644119169185545707916544239935407969552788778374034451173069251041320909923417764862410530156224045
942 50461194360768150996091931666732110444531247904955838914759542743700471638667186843972368209957506493459266148324335136160161409425594659543883241636295453128039709978651290829435803602284527273261569907796317085266854094387680080029386359295812470901791077692828704829004483335799925474569968619677130170574241968333371380274428769614578434108666454006586638306403554716982775903617111059811631400058607057139156893638847400375958095307729326320783387971852492487657844554119894934362626293491325425171618362243921562031269980537665536098315834892681604645689470045
943 201739163040396518824583495958124896752043265727881277365356569692263644391376584651949548816930576564509507312947080848734591887113355624772205854374028467476669064924909011912039143511744625053843750422039520689352372823145119400520133588030865616370094776816209189658396578630053052519218124133719585323765971245405296028971801095210535433187511477902038219439385329297287527752534355164991810416464033334876296805747324691381739732584571497867168766353970769700733300370143652467558007890155457037821859095828475156328774653291153287902624481528111987441285744225
944 806534857192767139770891175929231772723216144135405245865271426904039261298637305114949081310288130581466439154058306542994937233123010795104468347222213005835343405230983677411624360845737929560181296984187132392456158903042037523990842354161166646138766470056543723548726996620317013012140643295791728671918602820189360007585838235007042066591163687368669892581355248102944670553201500575893849965653830591861655586782871074346918279536088680083906636482952509223565170561399795307897469390485119498546322279516384977733405973080553771014219877401303039216535056945
945 3224454892539477207712045823243058530387005833277592490802221323344787867201446986262173106298929895249668596429643587880543531345842272401496525650274100539195975771815659784771814168066962725338547231314463570704826144704484150990857914417679750070711015302975825615701273601418191376878072041899880645293259551614331294465224589071840592311655466013744793428997600824320036359822878528613505063797850359312871792620087600580020656979028015242696220515057996027910938584367149615517791884433202242874876157516758939309084700277299676442344068060470509194005867086005
946 12891091972212058053380002726048495710379864027798292800654524664963593121081834932929765921950363425317132548215110920100880007331303664244193387331146096512366971004132618856408080263778628342592863328619632970829692952850129510249450253127229388668742197977848098972766128670790522285322232605947627258791588940267237923107878768238780281008932793431782000986873751211730478964826137632745952177586774549781124571073887488073583641246275179819734395312954503420902139036858255791443322116685690319676999767068708068270488500923641775811465069604599358456098923168965
947 51537499575012919320263349533539181997568840507944525866279924415667934126028827581857598444382659727868236282884681896313379760699722903649040188602950088546260192760517560618607283210347304318608527340351571112572604185080255721666468404289263144942973583694433912033214586665092350628254335729172413021654147480347519167978955067580249188467386209770736751570389935585667929424975355923222787883416074799587466323966230000578203692283365125328956268324899037699310577606956694179249588396299993244006040776339796774944508394755691506756368352506054013835240750365865
948 206042692918211048788797811583137612211234735669121065101195184279879573660384414310063945104915839986933332908677554007162922319842376110606057844603782712675246651759079580068398250445649870187971217044497234187050948177113048119030294266871295866523013413889458033070062272540734029635488952780472301499834972607948056206778471049463447621921025699463295435230790634430225195131104825590488115801276394373822425190560458814072036627376082631752794483339624483614053298416363526539508539206771549952585602117443446677783468967011831317536028217080608041287386535532425
949 823742219892703703583580714134136859043713063746334120902328388178028451976024276362412704136027308560338779818274237446914425521452307874191299628894054019702135606728258906324626519007617026699697134062378467270988655602740961682632375825847552176693426849814089293338768438743059083471678871776625583305813458279083626290951756919673949675787211454767225564359166381894356492260280255109710611707408417175331255514555113839248812593377472537305132250854984718318665366511771101209375127245487188471731861731740672556038532580235256053473918245730179539682587449115565
950 3293257344477445429275726157143915019024412231008853625184757811814686515550811915211492557163957780573205955992191127036012297749865202120120349437110747208793045178168405701225086987965718142682284057685342308249955965944417278217481501515263885574276061842082582765532457922364656782724266833969597221288773510567184996632996561175817976801315674029094536608143186406139952495153796443786126594060463086961951981584145975447423728777004646812167586449653212946034430819746975075542481844280415826708628261790973910975456023313580943257575127298842576329171599253959485
951 13166193897899522472763421884397743980429376348506963203839317646051749531967622709455350985217352427684440201380880815108404141884905287418886689169913170495792267123719126796027037087582706350839612870011221642377397673320426642205683795978562966014103233799600535280474119478116757793360508111320868143428186962094996764279703178110020595774197351562173527157058484614959366520679865743467571235781130129248485446287123944252732577640437321023442725737235453215089026987053448052841681548779837930526607041905698235857671202664583936253858299685486438380491791862379105
952 52637476202430746934123836818802062975471386696501994752558560757301919557073314305255373724634160078914357231739560050747981027272365402035488152594039096892583136522103518378210923370756858037243070523196371174097440114366751864564699757963808444683479629014675168583751604715755876327181372792001012152289011409399794152733843700236039198370648925983311838035913719301164487205682522332416813120800805407213923736780650718495253798529870959577567394389340112881398633054200192229238815924077977335013502353759111132482451034718781940192938945059665302960133391918036705
953 210440876935836270033148244920516232132611617362966007465740316071455164326129642537371551832575763606993970122261786668102995491492591337715466035223922556389282017736914026105733466829081652807061717372579947816928620530451404739510950188142047295793082689223946974672824437735925323627910459770403875754724179838009962114551928827933713973893314701034099700637570430077427797912585923925954315127573729650004698973192647385880988485433313577432609672341048451530083215750237617310587360667949752176404966082856724774111962040236592491769487469778192034465479080770257925
954 841328073222468803711916494826911102396003872799052604164907822875218357688595019415665550848422309310727337588221876860409257833566701445737997070470185979975845176838612387846049085679132713398382542286116607446472578591929952673440259710694838547987620414896000412170904916044048160616603165021328938048719244347609636434260263456113352725538275869608731453130253208102340208794081232371856586420441884519973533018487456533848599209475609060879125559886034054363270931025334118357756585419942187121536456572292639712768837806162227578232828829077410120327058612317804405
955 3363573255704647290012389434518314152922340465481532569914005633850181270743722264397171225815194669696773796106530744010745143770920093281511030030361378385706969649589571484244043357391556291572851664945694408300228939911646277581809984843618250304584312604166393866182336239409802848027024026150757907077458908244345137695757832466962561435888014403262150212214625855838569122633962142833733242942671578557280529866383214303926412951369909840080969067183957072616705697066737267665095728866573607910129179939947088443202711467734530390036449891197643322406852772079189145
956 13447347649770431784960780029066839025388241074838457917930882696268876127826007503821280415760166424105288664433634312141979699222521740159121977684890971768268525343632651573174752533649092102059866703031711597878840269589436243005781466946659417891201535849642710143841776765781542325217902700963369970115866271300222469027309057609565569062871080694764968828217141900228865005033247330191463268229562037296058251780989770340298115096741270365888847297743488820431357293676470943523712282596571029701772404194469632334520447334735926510721394119355001372748834445111276185
957 53761652098461880925334567427891740703377042295312375469719748014989433393201499955052261840389074929141396490565453322046713844118216781197211354285086902065388844379862209907710120430244404519735617761898351858889948498773084178349225993499959390561735609216658985898621326159491589421750027109810443778309817235542942633578090434232515814855326501089455809492805752066602114965064971244435686406890484839181125539178355414365411305468188136529358201293958898907406098432943920758618000877273382565940054387285031060585699920375054061276665625917591058635103029671379335485
958 214935825914471585134478543015308308943328573500182302982557946429570997258416918387145047094175576689240166708704149187667517041950897103465664833598499789395231596621047725097426087789796783521344118334081062166984751288711723234681237511985163793786054933756295150819889015109791408297087917148809491507904143643111422753712244922546018865403733736427374162901597548021078195228545274668974613055426245605776932085189303532771048345356868243446284660431128366572331929893096269399234094138947124542575330235519762949982913833413553391157219116059660932464146250151914506125
959 859300858066436849908655074572941920215597046455399167300629241678899892248742953924026881655233487241346885965940452187991344278887189371214928826574494042165650171640451332680870317356672834919265471213018229627914985872679930945650369894876320416328251269394685348273273515439979474411610126962053770842021257223768715246134977137759656276456388269172060770110626669803711538090204460538074126856433089555603129041120745866609272925317652265502942419985359111653235134725889652403686777172661091591064143884737734726221677635071952070069280032697179681801182527341358655985
960 3435436380164174899836107760987446593482177739666081604868378758572587399473749078467123698225982567035409363043581851744896606225816687821921146453702338368296649505634634809639281515634457915001500029704149164925271929129302003063033892515503779415152887447066742054705252211424079311035357638351888138370573534392098225723032390098377972734636362177290645817088177281423202224193394854358705369202801992881919707085087409383382365724217810024859269794209262829628089693119167913191659744083018570109842718995218494047780847353863932536076929390987847420630282695659102657865
961 13734688205248660102879846363811583749377160266804280250447092924917157671245645536038654506745663541971712623648616877113726908075315024302681168282264453771686289334275228952755633261161923268557942811918576592211729222098995828393776851472854689088394009878925636184013986549750184509336820377090900629129171339965661387851569767794074278203360691021505544670803015252573947478615032336837353493242237035999237827018890343811670418493154691795227010321413817129900747002874150626803948498351491678991363137015544879392498420677037425984719551932156029766695525606098087680045
962 54910567019524265934142466097835790303456467914697643460007803706735485344652138485126500132402839947759000861364111321779216733619869780283616112531948533953774880853569630860606604971298016282504324179220072267068734412359932722965139598386342899207772732552121641212574210596139280385185504690969626596552238725848827812735656866703374080512287936885700359362109080990302746575495442218338825870543496668253372867378441694365822394811401875531081219555634871671863584077201566833063016154632217489899003162246766039116952832001185684027855781525808553084158129321398670242845
963 219529698267143922960998190483364996376876034086730565924949774334858649390484617383056048917938713786520201035495178096446886871516890674097688005776526904262131425689903934293176192832953364797097807995000567129130930297999693311266988283543905614719992505943449087274979679405839905346623380482094519143904188274164572588929530578986541876606462251406935344613227180528203439637715511012012520884377259587424776311288794394647197733364213543815480055167412673277866040411243073289224237199817522663898655850814409774798723331359123769304942894598768375712097521452636533597425
964 877669205627996204368283090948315475714849046565362759570512328957542847157271694204122700388887195411663083268025106814983631981402365075884721362536592376475907821471607165699372482777034616059274379695277581180938230021565702773910114119680463403518017827999629408214661700163554208937179858324224194171835796047951261283871316474460252650391337928198109618785273624736266232227608957493732077838187108723585574292719320188181205208564749628285257846487306656693746661454316993563830326129113104663924153180688942932246718080701401236781616659063981422458438361667328413742545
965 3508881232882138909953865456153584948514219545217092802284172607836112566816484882072634170207074454009717567047038469289503542558611586476326679756530657680665444084452085187371869012522747168569376770873338194127265021950130562873620227662638201165172379935970349173328066259846366733414416692079235231546494521641418067672509235909552008419639252566917019989335423022190109140982989523649857847311796385766247838390658242531148863093034145022856742118846086002668632304858869889389560390292500913824368134983796432345477494849944400473464451005075493789805159546985384972609605
966 14028353585318594929047294708197003268408588916169512701369445912028893060493789246195536794860315967182530663899091912738467027326581695880615867116963353829574353109358101070255591759486483682372377082352546461095095893924870205985523715258080145451591081987584957194341972218578832306399192780315852354639590727041092273811651510155858063027785945457409723714849835459456140006343986566926023373120152886182274896326729661523474523663832063437797135012739052148731035863074452121442917700438376857659410956365334575542359685944730780181385685984435789307419670708983090506564965
967 56084772893194005989652273855206952402274077836659730944534322414983024468364477878139653329288006063510507189592220410450990256744287055615300533081641038118183369616358079545103691750366208027891058284893741405437214507063970954396594748345106462827766373450028241658591319049539326851243491132034476328694107737277069723222201987461740821211952286882234777918456601531292446098566548469580131507897761996925538828971544649079152255817971819489309492778827692096109175097164144251550201753532889471118034058529717609613236235791455242145096565913493614347766615240048779239561465
968 224224701079186652042424107826069568304585554853060525841295651195645099487320307846062459373805987524447632262332059990849319712942241929143217449995782498174711123409409320328144359673250909966800820242644114495586504766561128979456015090493838240976315509400408920581218754474297849617735879049322275344772805569853644792475286140525742308486771222640274935066198312086320063637743537334859403409860967456322816012524088503575765674146822122517534120051470725111657177369581498199635988385248398910890572841299081338394875153976059349362047925262350030812132051751330841520580825
969 896441941750493644095611497633843816793598191006534417418086203061948464493749196388531379363754574256938547996399870636060293693410046319249307665953121483306426986547619213593416213277423496565701663725960796611546253464669802712732864514387264239153912020428784563038167391406024147848154520735836285744474723707971965834520972389008728969499317118215130162098437269013264992204361391391604208389212450256025164149412864556606363800904686541107213487109180896286538239016166524828609968869755930179140023294697942791412895939312705072761395522737655903447725491664489211141414765
970 3583943107247563778362585239963137804893458198732458948491112452791295963969314674458218079993164562119625915017483528229344181843773170812606340794153119103639159131325594434805949969993545475472321073943261290539913424371763737872890428813768385330737286210851402785226451361915199565642587071469133368472882386852673578683509284768884819328125588576784346506029588476619691170121577093456925784949166244496669378093522015701282334794964701350774306902219057819994594467850134372885262008937696882933092418283869373973419301457306820177257340250770851726349141258003317697256871885
971 14328484923629196608669567030637423494719137092418412905950285939608810827860650885220435964331333615545340701787759320705553409695436578371995592864524571689735178342419267764802435283448610630485364643027372322312595127217678417320877275895117183703572382289992979794297256300507342213031795918576290657978141351301142532433360984136167272927042428000236004629706057365491973659300032441722349379337114489139623437951495412800065793567749020412737902386797210390431243629398724878773870341493441050448843603994819575853568284438465948948238937445109897893145079208836155821550786305
972 57284834094559550813991059448305586861150397181443558082076907934147728663538294833295046470897789213555021768597284949682534953535977904678882864219275007211433396537002322541426787362273062560686589829832957260438088899738652831994191840002587805085549676817575534191937582467562397254200561520844397023538044831347922400051948366114891800825026181884409540594500822805054949704099617565136992488262022641426039327958013740395486735931613444106134323497237555498140133760653768126165825290495748299713811937236466248388398186984815849728006739272805101006125621239248665241683869105
973 229023091213408259540892996350474550769829359306574998545159000168787003353330575407224874656349499839330062131661664379667261491108796173403183023539566751096091908204166948905819895419825655839430156449381109181050034601492838038322951520012391775144386523095865495548084157743806698758984346241181349266671513258661096376888028839892311948603519685762374033059545320640550605463607135346124745032912597664334099735091153283268476222028779789420848717422626506793196734289443762412895321444978643397852078793507928352512001976527024953359902349802876029217906699142169327317726362725
974 915628091336917371246054275216766984481301086919018209109234770173721122645866027361681420453097053092397803206745737000658832375082600459397361387441111838905319538645859582401532713450329378289773104868158590314105134949996854320548043019273667618397100191439217818257117775910123125204235994278778432698477321058119924145457434113692603655390772384683861100039592572320643679014131203272242687506081338562696861131881051038156068530994223143697072575431120583743701822348281186997398551489412003923179444055779547464140784887590869296257849120660035190706958801440386188924734280005
975 3660658092687155227925671509022194597472396650990097112981118612564427448120470476699665194035654787864377498229733372561896890191723061434100471924600514176778078320936574068909410967873675829673106961095928061611581990105994097808268028529002914898804593001474613808610726359646277943867485016032103283769603155556096240693802255345329125258770318185443805114147091779611237024718723304820771456772356419436424768148902120899798016969075761710860726377338816188560043777550038758247458302817492065970221047494287886927022131283282059225367486081542065308878865355653934420551039215545
976 14635226537177218788709191591134872116671097033542139753047671781312239388919416280940669386698253056410172421891099990313183900022026439220156952880623080510009648667232140858731299650909768464366381649279700710986441954724106923571055058754903735952856059912646827681506872305391839276788977613344094610023666448810234906778408284665009979736864227056875642004775691831054202899095430268102456380713652735783876125097392168468216373537730859021861140639887929021562614955690058541082982329338516128443555744180894931254982116387718677438187095071967096527324377827188226766873851753785
977 58511327728891216022072141836825397008954465910252077673558392313296133889493937616844200233265885326360893068386395139928167143811252093883319000033780267731996496103699842279915503103445690543692206802743715269523728828319258062905990570610254582343158318209000822472495889237341697794546049014597267520875628967535025251649845108288162875671409889547184384273347701863964176727521021852964993395753659922166598385094648898925519543626346489454034143374137491227244529985499208921600210846676843388537666621781473110749269493821415507399105874645155945885626441820989442459378601909485
978 233927176440517128993711351338863741167309546374163183356407709782665271247090105683197167538189866948979457026011958861213008758816527669909561376084073845303994013488758450283350094404895552425884230702654164767726591147217788216432778433704134382534964089108375379397407940168841370881930583002398245267652199623941045521302367758143878973653428263249217497685178548166835002938729515599268033061671650923295385208320573806566373504398979159973423837912889480766199132744637503580055341674146636521260823012081141047562771597090397757974427769559896510331984419026538363723023706103725
979 935236882870583486077861756721207136251744869177913916336588376179357130223897521032032031772797301073294924757424016883798032981409631476957925382449981102303904933905106026933698799142635718197293846391320580653847897968742487072522047917343028033397269555421057909091635118787919609959450016328567222397514013918580434276273115176499454231802882974149821526884346009943963548572854358602312140608578471728171718191969747202757735136427850617817831574647313804716884480118879143193200628923937771554986252786159482224240051978202587611674259720181036914412129678369920467634166271280385
980 3739063092743997883879858241593522578627457884003797696210505298992653298741799682784461756746132641113835732702486951639303251259506112171175095500926816334191842422545239977493275546780475756412229665616264302664821958686866509893398882322691200791601109150654738223228452953568023378157769925200799849203978621814128776552345054655470632953399507928637414467770906397077574526815529885898734749839814801514888456687213595656744599802818244682415238297193559250883634153228171956035483926329194005064762757942494711343166686941367877530821558594526840746694635174683836623933806745462865
981 14948725998605815145423034289711705921867766970876255882605600734738268902808193005472216059923779653660325187001010626697742630413504095546017654589489333377189973361917065653541184015786749907844868796073019085691520804032822812901239091535472066545968199848384637071431619560827935370981505967265039570290968577261269706888074431863168033150696066430684152092144615050360826664993887690851717423313625532108784172384044897493529077522881136557275213320629634598013049041972109384983684768995369922205168570150448126846693462153605267645499541719491504599709094636039911873995691955195045
982 59764843920770911534541045391826747220096142821822758807689850586005894400577163433087463551866812404700277265556730000217991744710683103252380966282224468717754867588629020566706140843473661146752579721843507817340324394949909818360640569310872529000595837177678542211323317865322826856164819201100171157014423431358961546730308444462183269519710472718769091473295394997034261191128067802640579772233123780019160597409851014718173729210630320709106127606161931114881496398705364195749697334522466806017458005644117639482676639270260885109904586080458456999007353640531540033838918375708645
983 238939316595381807200289966388606774466724921861236511724610973523070114055882493317964569463027563540689237163508566288637849745553490809592065585336769194415430182763569665587049339016792269626498808946141726022458299117652628178831449297280881356356721129646773386778349968321372037736392375044616857992643565130637554021933701285853806979777778507255013824063265343365106185273566161042004497566702334993105927098209405890343262797004379531680169717933307629258367555203195001531628070159529169423707676822454880642114233209935166937712354935501735478981819041741813668450981263737957625
984 955277753039143056538400783273946859137425003650266358927385354756580323833906428093168040868617050017064517959518337788096349648707831591332283380046780744499917408094512097949410516723302244953412665822654700543303777287023081116769870107477325155248696937130705446746187371367329688688112930482947761220751226317217170430593482910427411603911932551594750243021116209857567008537152469197707830053896103146999553782156454189006855534464316507526175468241556552418508232238098215443614183609322719978960987441342120280409876778442126009100085152979171357453474249422098007881950163782695145
985 3819195843569449917495307233262425163281971336628589920689743443100131599699942897426811258791505789100010282772000469311941637839172118698098307401676927673607367649455142234186882340863042776435061921006060335739981493219696884339977269616544824356575638955793760147693342721330307774104418773052280756216636436869898165700125023451773304521832333849544354016952807411320554739534917244602850578382728024495746269055988667073267401059263570008083561373027517601021146878471136404385978321420207282289988912418592632443865927333449060920549190533073029182433012544719979347283505617243267005
986 15269134210155592851828053210091587383061791443288608949525130648192215356991280630944070294745358635877576885485733579216935401762777454696674370487825869616958583904265377597670837431736164570739133489069015452210102067662516018419442427066340661855923373036611466989334584029586291665371665810705151431741787998720080690197228151008584719461665090478952049273435465720099243660659578191767134346372779305720885784268898339038981372604596110435400977071824876620434629109054607836550426517175843257609805090891420128495695131244644042486065055335220581449582968641385647317467614670019612765
987 61045986109830292756283285543867847789477440207887019824195690937346575953919587914528428580748954300011341517626636374135013604553510103333642853730640919615424725714978850972293034165750461086234114724062170841734633062522202769401828624576139694633391682006685668861733404972928475723157380380138440612177645394559054433395355144319280947996131340882151094680705111722715041805983929825373760878473037675319087442807523337627072467214990193532584198591207669972535971276691899971199005674360129317542928947145827453972996973738250150132341516578677689843894937186361105244202096912897338865
988 244061924759719509162058128901308802651156055478976126042358487965917532534969037385887239242071888169784483768602324311621761686253623211644140471976693693584744316911812336212449210823959147672016980832016948702870524109425031399891915692125939647715253017445434184905131736390401789480620902182413064831480134484349793312974587078692252468327139468771762474260208571891229652964594162795207941468250677262684224234813589699179431970824517183504015698510625581434792170206906923924589154447605811440518989762061175137669778143308131963168066454760694257233807676127595878108127776685820544225
989 975760351464280343050835102760475877779167414253218883821177360619836502496705427157175606029075886512893501892483678586489895661174707689219879452169908735978588849048919516915377999699843924449242083608994749699274017746708557507947717266091375177331207224362324444251727371271403542506595062502055477328024375835095225641614281203926864619971469118986988939753864150459262836401797190050339070842823816243295041112912377154112356158382549170911437722617779164716809436749866640783775075313171764663389031357669036432554078918311227074279194848460079488351308806757657818671322673644217635765
990 3901094932837715182420231579137167183174059171245276662613452142745428223822474754378422225985505566037005648585340716736331601142780285518041653749983213702333442891374617847568258721011104706705221783492917829558866016744419672418845782912697579032676505854709377896777357165164797932560566785255359729631218954968055426943796073867171818536231464970436089695779261754677593308589695405381686895614391007149576611287114001341544550719065328292817567453312388173185062915137842641011488702362331491295915241663921033417532906850144142548129625505470219887995151860311642222113077582636816911285
991 15596605479306027742467044252047505238687887951421992116179330833397209782710588195574481882755628474273273205625802592627902509427538980856648367931484375888058395280238023321891542810364371511358518240608075172786468215892028044948276660287104879029813238089358270032050365023321213310899262872284774666417562542840086792139135155962243360043240504368434731056796717845105474418500664300781695595687465199867452762886074040149984311969202510756047226775835057238847831349706010839885791768694020976036408496708193953210740428033111076716627018035744007564821120393424220691752063360746303728905
992 62355371353248966403785017348463132185902572546867675035396900055961131214585898703547726855149115286412476238653506053709874157883898880799870744028528983600183954823406576557294670562650973968956791543446564824043858129378651629869514037635301023918572656418812573447519527784294162447749259891657232569952787494039470773529149416975393371361232439459816520538224516185156995108798112886075722983695902877958223446217493097973213567380554655363437110079282411976081312246801792425407216932069581675118872082829836716052738035181425995078176042508619597636663048654269192474112289941901075400905
993 249297468471819276859270034367542910702645687604982432380591794469726858230632674509187726107025538272525823919013818532240087890402787494298669291634199541532331129779862688823488295061253680954904891233835463764217555717781412824114309525738148063801694837063835353945514791692939071322637454690584699255269050218012181958378256372364556555352691296780104058623703683362646110098058993927808088206600969368938005738879280194821260324461870059738212067793579286420746380840898678156165739443676460001898517790543630872331268049540146304910459965099842473713301962261313051482516533263737826322525
994 996694545539527394783197933484461425044977779343302427878051884084910197745828268588165582136249920375170184468102930166753806640128720922318000332958006838156243949261444465068899225335767534432955060935567848380510949130708642746349827768181892388335958780345204043689690418136868451489243948821106543950818458960939796878703411485301545643113746525221761445524167804623968150924076873795389679496033201133501125304097738439786603835748960966648430875665613478491880945383425771935851322132901691490562801874473761546003524923560788717800538151806770452964985596613994150720518730280288998651005
995 3984799819092791922001381429897224418404938688870858558078990598811370288520051703708021668647451339441351178025938250325809678769359698736264396004193904998093073347865899142875926958112011522999742721499797322171758880128634137131785005067423333813209123500993946858440518454857797223373068628576820013636579601845013312902171144813144788803582067211022915325739556798178111989601008647988142980403923937508472451759327754327374060838719252271485012558013260391994327015335494837365618127965002423182920438471755730924949079483599484029990707293798119892440231388379109167141347697448549436770545
996 15931297596146030343623339414599602685488846507121912289130425446953484090042058766317653838089480386630502032209823832896873963972288366001519389545849720181325472186680933199680593643058750207643099217018963760930984320956869966692279929409176249616219172423194010764275477442845136593673624867769861988277827527959347084549951653422701184870736982229909444376828772455405627122947790646869370081349661956892550874204830078365041548002756984318221627913587712488546904455034464602064571062658410653720697099385489919777433855508749246847509077026789777520750749414811188540020688618652759310161185
997 63693630635167879083268684695091076052948799777651319984145161947819591033197154151680003288035088911017361960373129810979622784157752490755365465260534405612270527831921634191738005793419026661944661031168804030758003842903745441160483541240398614904654297770134725844101546419927543702110835914703687426635170297266542335509435981174108514436964885448769794452493323133302616105516376453048455087459307281818061742846867116666939166511847511659962223555272209541180878964766551655644528855304787587006815915450452795382171523443160153231156404177046333575459481275237383714761387856938012204699285
998 254648470963920190027544864047636847771883757143207732592133864437166672382313149217069721028617369933204914334036900448875140864848473325121195411779986252238470561350926835914802090090213795747392742864453715507904735424581676093689235619588948151757019849114985286163241943964564807486093194763622264545174576614749277028921621162584616474146350198362635767383183380756105980790731040252240302896040269281724272927842004291694574288578715563370988979249939793245828661360119324008029497278791396881795596391441638823793219543255434882449282526599393806017449649096822238084817743794567203140958325
999 1018090425378676153224327574547017044841927774131917709229646549446870362989608315292557069092974465071530515797953783456763493355300981609724938281208539199336430503815648739616040855202864947534541911151552592675657278970950087858962803818901645199569546126358690346307265054090176270407685024206896464433953728630968077486346746902883232452973850061049282154718855486159925681158835143600659772190639147158735741926441613267538997105517758246397043454402669258682905623659886529399793637536814630736362831341957270673374119673778609472940500397443650206721667270722600289046769748876170912910652585
1000 4070350851537720764185006134223350513071908793421083693586755154402350515214372232880970976368627357956462083097057884733682952109764188928402879046260366148418592411227380062457653786664502307083379139610780862913059860321106138231449627127250309322717313956577248758124263795053342039131185844390787972730048760428875953149682419891110670198123006266287627824704652292174151302284869345955183146389712602472540761931100667824982851956607950076824529898273684369167704219232321741806372874729821063552393176124030164048049862294683298163533163265907671181615408116318990865789877863461996298515543225
