1 17
2 65
3 145
4 257
5 401
6 577
7 785
8 1025
9 1297
10 1601
11 1937
12 2305
13 2705
14 3137
15 3601
16 4097
17 4625
18 5185
19 5777
20 6401
21 7057
22 7745
23 8465
24 9217
25 10001
26 10817
27 11665
28 12545
29 13457
30 14401
31 15377
32 16385
33 17425
34 18497
35 19601
36 20737
37 21905
38 23105
39 24337
40 25601
41 26897
42 28225
43 29585
44 30977
45 32401
46 33857
47 35345
48 36865
49 38417
50 40001
51 41617
52 43265
53 44945
54 46657
55 48401
56 50177
57 51985
58 53825
59 55697
60 57601
61 59537
62 61505
63 63505
64 65537
65 67601
66 69697
67 71825
68 73985
69 76177
70 78401
71 80657
72 82945
73 85265
74 87617
75 90001
76 92417
77 94865
78 97345
79 99857
80 102401
81 104977
82 107585
83 110225
84 112897
85 115601
86 118337
87 121105
88 123905
89 126737
90 129601
91 132497
92 135425
93 138385
94 141377
95 144401
96 147457
97 150545
98 153665
99 156817
100 160001
101 163217
102 166465
103 169745
104 173057
105 176401
106 179777
107 183185
108 186625
109 190097
110 193601
111 197137
112 200705
113 204305
114 207937
115 211601
116 215297
117 219025
118 222785
119 226577
120 230401
121 234257
122 238145
123 242065
124 246017
125 250001
126 254017
127 258065
128 262145
129 266257
130 270401
131 274577
132 278785
133 283025
134 287297
135 291601
136 295937
137 300305
138 304705
139 309137
140 313601
141 318097
142 322625
143 327185
144 331777
145 336401
146 341057
147 345745
148 350465
149 355217
150 360001
151 364817
152 369665
153 374545
154 379457
155 384401
156 389377
157 394385
158 399425
159 404497
160 409601
161 414737
162 419905
163 425105
164 430337
165 435601
166 440897
167 446225
168 451585
169 456977
170 462401
171 467857
172 473345
173 478865
174 484417
175 490001
176 495617
177 501265
178 506945
179 512657
180 518401
181 524177
182 529985
183 535825
184 541697
185 547601
186 553537
187 559505
188 565505
189 571537
190 577601
191 583697
192 589825
193 595985
194 602177
195 608401
196 614657
197 620945
198 627265
199 633617
200 640001
201 646417
202 652865
203 659345
204 665857
205 672401
206 678977
207 685585
208 692225
209 698897
210 705601
211 712337
212 719105
213 725905
214 732737
215 739601
216 746497
217 753425
218 760385
219 767377
220 774401
221 781457
222 788545
223 795665
224 802817
225 810001
226 817217
227 824465
228 831745
229 839057
230 846401
231 853777
232 861185
233 868625
234 876097
235 883601
236 891137
237 898705
238 906305
239 913937
240 921601
241 929297
242 937025
243 944785
244 952577
245 960401
246 968257
247 976145
248 984065
249 992017
250 1000001
251 1008017
252 1016065
253 1024145
254 1032257
255 1040401
256 1048577
257 1056785
258 1065025
259 1073297
260 1081601
261 1089937
262 1098305
263 1106705
264 1115137
265 1123601
266 1132097
267 1140625
268 1149185
269 1157777
270 1166401
271 1175057
272 1183745
273 1192465
274 1201217
275 1210001
276 1218817
277 1227665
278 1236545
279 1245457
280 1254401
281 1263377
282 1272385
283 1281425
284 1290497
285 1299601
286 1308737
287 1317905
288 1327105
289 1336337
290 1345601
291 1354897
292 1364225
293 1373585
294 1382977
295 1392401
296 1401857
297 1411345
298 1420865
299 1430417
300 1440001
301 1449617
302 1459265
303 1468945
304 1478657
305 1488401
306 1498177
307 1507985
308 1517825
309 1527697
310 1537601
311 1547537
312 1557505
313 1567505
314 1577537
315 1587601
316 1597697
317 1607825
318 1617985
319 1628177
320 1638401
321 1648657
322 1658945
323 1669265
324 1679617
325 1690001
326 1700417
327 1710865
328 1721345
329 1731857
330 1742401
331 1752977
332 1763585
333 1774225
334 1784897
335 1795601
336 1806337
337 1817105
338 1827905
339 1838737
340 1849601
341 1860497
342 1871425
343 1882385
344 1893377
345 1904401
346 1915457
347 1926545
348 1937665
349 1948817
350 1960001
351 1971217
352 1982465
353 1993745
354 2005057
355 2016401
356 2027777
357 2039185
358 2050625
359 2062097
360 2073601
361 2085137
362 2096705
363 2108305
364 2119937
365 2131601
366 2143297
367 2155025
368 2166785
369 2178577
370 2190401
371 2202257
372 2214145
373 2226065
374 2238017
375 2250001
376 2262017
377 2274065
378 2286145
379 2298257
380 2310401
381 2322577
382 2334785
383 2347025
384 2359297
385 2371601
386 2383937
387 2396305
388 2408705
389 2421137
390 2433601
391 2446097
392 2458625
393 2471185
394 2483777
395 2496401
396 2509057
397 2521745
398 2534465
399 2547217
400 2560001
401 2572817
402 2585665
403 2598545
404 2611457
405 2624401
406 2637377
407 2650385
408 2663425
409 2676497
410 2689601
411 2702737
412 2715905
413 2729105
414 2742337
415 2755601
416 2768897
417 2782225
418 2795585
419 2808977
420 2822401
421 2835857
422 2849345
423 2862865
424 2876417
425 2890001
426 2903617
427 2917265
428 2930945
429 2944657
430 2958401
431 2972177
432 2985985
433 2999825
434 3013697
435 3027601
436 3041537
437 3055505
438 3069505
439 3083537
440 3097601
441 3111697
442 3125825
443 3139985
444 3154177
445 3168401
446 3182657
447 3196945
448 3211265
449 3225617
450 3240001
451 3254417
452 3268865
453 3283345
454 3297857
455 3312401
456 3326977
457 3341585
458 3356225
459 3370897
460 3385601
461 3400337
462 3415105
463 3429905
464 3444737
465 3459601
466 3474497
467 3489425
468 3504385
469 3519377
470 3534401
471 3549457
472 3564545
473 3579665
474 3594817
475 3610001
476 3625217
477 3640465
478 3655745
479 3671057
480 3686401
481 3701777
482 3717185
483 3732625
484 3748097
485 3763601
486 3779137
487 3794705
488 3810305
489 3825937
490 3841601
491 3857297
492 3873025
493 3888785
494 3904577
495 3920401
496 3936257
497 3952145
498 3968065
499 3984017
500 4000001
501 4016017
502 4032065
503 4048145
504 4064257
505 4080401
506 4096577
507 4112785
508 4129025
509 4145297
510 4161601
511 4177937
512 4194305
513 4210705
514 4227137
515 4243601
516 4260097
517 4276625
518 4293185
519 4309777
520 4326401
521 4343057
522 4359745
523 4376465
524 4393217
525 4410001
526 4426817
527 4443665
528 4460545
529 4477457
530 4494401
531 4511377
532 4528385
533 4545425
534 4562497
535 4579601
536 4596737
537 4613905
538 4631105
539 4648337
540 4665601
541 4682897
542 4700225
543 4717585
544 4734977
545 4752401
546 4769857
547 4787345
548 4804865
549 4822417
550 4840001
551 4857617
552 4875265
553 4892945
554 4910657
555 4928401
556 4946177
557 4963985
558 4981825
559 4999697
560 5017601
561 5035537
562 5053505
563 5071505
564 5089537
565 5107601
566 5125697
567 5143825
568 5161985
569 5180177
570 5198401
571 5216657
572 5234945
573 5253265
574 5271617
575 5290001
576 5308417
577 5326865
578 5345345
579 5363857
580 5382401
581 5400977
582 5419585
583 5438225
584 5456897
585 5475601
586 5494337
587 5513105
588 5531905
589 5550737
590 5569601
591 5588497
592 5607425
593 5626385
594 5645377
595 5664401
596 5683457
597 5702545
598 5721665
599 5740817
600 5760001
601 5779217
602 5798465
603 5817745
604 5837057
605 5856401
606 5875777
607 5895185
608 5914625
609 5934097
610 5953601
611 5973137
612 5992705
613 6012305
614 6031937
615 6051601
616 6071297
617 6091025
618 6110785
619 6130577
620 6150401
621 6170257
622 6190145
623 6210065
624 6230017
625 6250001
626 6270017
627 6290065
628 6310145
629 6330257
630 6350401
631 6370577
632 6390785
633 6411025
634 6431297
635 6451601
636 6471937
637 6492305
638 6512705
639 6533137
640 6553601
641 6574097
642 6594625
643 6615185
644 6635777
645 6656401
646 6677057
647 6697745
648 6718465
649 6739217
650 6760001
651 6780817
652 6801665
653 6822545
654 6843457
655 6864401
656 6885377
657 6906385
658 6927425
659 6948497
660 6969601
661 6990737
662 7011905
663 7033105
664 7054337
665 7075601
666 7096897
667 7118225
668 7139585
669 7160977
670 7182401
671 7203857
672 7225345
673 7246865
674 7268417
675 7290001
676 7311617
677 7333265
678 7354945
679 7376657
680 7398401
681 7420177
682 7441985
683 7463825
684 7485697
685 7507601
686 7529537
687 7551505
688 7573505
689 7595537
690 7617601
691 7639697
692 7661825
693 7683985
694 7706177
695 7728401
696 7750657
697 7772945
698 7795265
699 7817617
700 7840001
701 7862417
702 7884865
703 7907345
704 7929857
705 7952401
706 7974977
707 7997585
708 8020225
709 8042897
710 8065601
711 8088337
712 8111105
713 8133905
714 8156737
715 8179601
716 8202497
717 8225425
718 8248385
719 8271377
720 8294401
721 8317457
722 8340545
723 8363665
724 8386817
725 8410001
726 8433217
727 8456465
728 8479745
729 8503057
730 8526401
731 8549777
732 8573185
733 8596625
734 8620097
735 8643601
736 8667137
737 8690705
738 8714305
739 8737937
740 8761601
741 8785297
742 8809025
743 8832785
744 8856577
745 8880401
746 8904257
747 8928145
748 8952065
749 8976017
750 9000001
751 9024017
752 9048065
753 9072145
754 9096257
755 9120401
756 9144577
757 9168785
758 9193025
759 9217297
760 9241601
761 9265937
762 9290305
763 9314705
764 9339137
765 9363601
766 9388097
767 9412625
768 9437185
769 9461777
770 9486401
771 9511057
772 9535745
773 9560465
774 9585217
775 9610001
776 9634817
777 9659665
778 9684545
779 9709457
780 9734401
781 9759377
782 9784385
783 9809425
784 9834497
785 9859601
786 9884737
787 9909905
788 9935105
789 9960337
790 9985601
791 10010897
792 10036225
793 10061585
794 10086977
795 10112401
796 10137857
797 10163345
798 10188865
799 10214417
800 10240001
801 10265617
802 10291265
803 10316945
804 10342657
805 10368401
806 10394177
807 10419985
808 10445825
809 10471697
810 10497601
811 10523537
812 10549505
813 10575505
814 10601537
815 10627601
816 10653697
817 10679825
818 10705985
819 10732177
820 10758401
821 10784657
822 10810945
823 10837265
824 10863617
825 10890001
826 10916417
827 10942865
828 10969345
829 10995857
830 11022401
831 11048977
832 11075585
833 11102225
834 11128897
835 11155601
836 11182337
837 11209105
838 11235905
839 11262737
840 11289601
841 11316497
842 11343425
843 11370385
844 11397377
845 11424401
846 11451457
847 11478545
848 11505665
849 11532817
850 11560001
851 11587217
852 11614465
853 11641745
854 11669057
855 11696401
856 11723777
857 11751185
858 11778625
859 11806097
860 11833601
861 11861137
862 11888705
863 11916305
864 11943937
865 11971601
866 11999297
867 12027025
868 12054785
869 12082577
870 12110401
871 12138257
872 12166145
873 12194065
874 12222017
875 12250001
876 12278017
877 12306065
878 12334145
879 12362257
880 12390401
881 12418577
882 12446785
883 12475025
884 12503297
885 12531601
886 12559937
887 12588305
888 12616705
889 12645137
890 12673601
891 12702097
892 12730625
893 12759185
894 12787777
895 12816401
896 12845057
897 12873745
898 12902465
899 12931217
900 12960001
901 12988817
902 13017665
903 13046545
904 13075457
905 13104401
906 13133377
907 13162385
908 13191425
909 13220497
910 13249601
911 13278737
912 13307905
913 13337105
914 13366337
915 13395601
916 13424897
917 13454225
918 13483585
919 13512977
920 13542401
921 13571857
922 13601345
923 13630865
924 13660417
925 13690001
926 13719617
927 13749265
928 13778945
929 13808657
930 13838401
931 13868177
932 13897985
933 13927825
934 13957697
935 13987601
936 14017537
937 14047505
938 14077505
939 14107537
940 14137601
941 14167697
942 14197825
943 14227985
944 14258177
945 14288401
946 14318657
947 14348945
948 14379265
949 14409617
950 14440001
951 14470417
952 14500865
953 14531345
954 14561857
955 14592401
956 14622977
957 14653585
958 14684225
959 14714897
960 14745601
961 14776337
962 14807105
963 14837905
964 14868737
965 14899601
966 14930497
967 14961425
968 14992385
969 15023377
970 15054401
971 15085457
972 15116545
973 15147665
974 15178817
975 15210001
976 15241217
977 15272465
978 15303745
979 15335057
980 15366401
981 15397777
982 15429185
983 15460625
984 15492097
985 15523601
986 15555137
987 15586705
988 15618305
989 15649937
990 15681601
991 15713297
992 15745025
993 15776785
994 15808577
995 15840401
996 15872257
997 15904145
998 15936065
999 15968017
1000 16000001
1001 16032017
1002 16064065
1003 16096145
1004 16128257
1005 16160401
1006 16192577
1007 16224785
1008 16257025
1009 16289297
1010 16321601
1011 16353937
1012 16386305
1013 16418705
1014 16451137
1015 16483601
1016 16516097
1017 16548625
1018 16581185
1019 16613777
1020 16646401
1021 16679057
1022 16711745
1023 16744465
1024 16777217
1025 16810001
1026 16842817
1027 16875665
1028 16908545
1029 16941457
1030 16974401
1031 17007377
1032 17040385
1033 17073425
1034 17106497
1035 17139601
1036 17172737
1037 17205905
1038 17239105
1039 17272337
1040 17305601
1041 17338897
1042 17372225
1043 17405585
1044 17438977
1045 17472401
1046 17505857
1047 17539345
1048 17572865
1049 17606417
1050 17640001
1051 17673617
1052 17707265
1053 17740945
1054 17774657
1055 17808401
1056 17842177
1057 17875985
1058 17909825
1059 17943697
1060 17977601
1061 18011537
1062 18045505
1063 18079505
1064 18113537
1065 18147601
1066 18181697
1067 18215825
1068 18249985
1069 18284177
1070 18318401
1071 18352657
1072 18386945
1073 18421265
1074 18455617
1075 18490001
1076 18524417
1077 18558865
1078 18593345
1079 18627857
1080 18662401
1081 18696977
1082 18731585
1083 18766225
1084 18800897
1085 18835601
1086 18870337
1087 18905105
1088 18939905
1089 18974737
1090 19009601
1091 19044497
1092 19079425
1093 19114385
1094 19149377
1095 19184401
1096 19219457
1097 19254545
1098 19289665
1099 19324817
1100 19360001
1101 19395217
1102 19430465
1103 19465745
1104 19501057
1105 19536401
1106 19571777
1107 19607185
1108 19642625
1109 19678097
1110 19713601
1111 19749137
1112 19784705
1113 19820305
1114 19855937
1115 19891601
1116 19927297
1117 19963025
1118 19998785
1119 20034577
1120 20070401
1121 20106257
1122 20142145
1123 20178065
1124 20214017
1125 20250001
1126 20286017
1127 20322065
1128 20358145
1129 20394257
1130 20430401
1131 20466577
1132 20502785
1133 20539025
1134 20575297
1135 20611601
1136 20647937
1137 20684305
1138 20720705
1139 20757137
1140 20793601
1141 20830097
1142 20866625
1143 20903185
1144 20939777
1145 20976401
1146 21013057
1147 21049745
1148 21086465
1149 21123217
1150 21160001
1151 21196817
1152 21233665
1153 21270545
1154 21307457
1155 21344401
1156 21381377
1157 21418385
1158 21455425
1159 21492497
1160 21529601
1161 21566737
1162 21603905
1163 21641105
1164 21678337
1165 21715601
1166 21752897
1167 21790225
1168 21827585
1169 21864977
1170 21902401
1171 21939857
1172 21977345
1173 22014865
1174 22052417
1175 22090001
1176 22127617
1177 22165265
1178 22202945
1179 22240657
1180 22278401
1181 22316177
1182 22353985
1183 22391825
1184 22429697
1185 22467601
1186 22505537
1187 22543505
1188 22581505
1189 22619537
1190 22657601
1191 22695697
1192 22733825
1193 22771985
1194 22810177
1195 22848401
1196 22886657
1197 22924945
1198 22963265
1199 23001617
1200 23040001
1201 23078417
1202 23116865
1203 23155345
1204 23193857
1205 23232401
1206 23270977
1207 23309585
1208 23348225
1209 23386897
1210 23425601
1211 23464337
1212 23503105
1213 23541905
1214 23580737
1215 23619601
1216 23658497
1217 23697425
1218 23736385
1219 23775377
1220 23814401
1221 23853457
1222 23892545
1223 23931665
1224 23970817
1225 24010001
1226 24049217
1227 24088465
1228 24127745
1229 24167057
1230 24206401
1231 24245777
1232 24285185
1233 24324625
1234 24364097
1235 24403601
1236 24443137
1237 24482705
1238 24522305
1239 24561937
1240 24601601
1241 24641297
1242 24681025
1243 24720785
1244 24760577
1245 24800401
1246 24840257
1247 24880145
1248 24920065
1249 24960017
1250 25000001
1251 25040017
1252 25080065
1253 25120145
1254 25160257
1255 25200401
1256 25240577
1257 25280785
1258 25321025
1259 25361297
1260 25401601
1261 25441937
1262 25482305
1263 25522705
1264 25563137
1265 25603601
1266 25644097
1267 25684625
1268 25725185
1269 25765777
1270 25806401
1271 25847057
1272 25887745
1273 25928465
1274 25969217
1275 26010001
1276 26050817
1277 26091665
1278 26132545
1279 26173457
1280 26214401
1281 26255377
1282 26296385
1283 26337425
1284 26378497
1285 26419601
1286 26460737
1287 26501905
1288 26543105
1289 26584337
1290 26625601
1291 26666897
1292 26708225
1293 26749585
1294 26790977
1295 26832401
1296 26873857
1297 26915345
1298 26956865
1299 26998417
1300 27040001
1301 27081617
1302 27123265
1303 27164945
1304 27206657
1305 27248401
1306 27290177
1307 27331985
1308 27373825
1309 27415697
1310 27457601
1311 27499537
1312 27541505
1313 27583505
1314 27625537
1315 27667601
1316 27709697
1317 27751825
1318 27793985
1319 27836177
1320 27878401
1321 27920657
1322 27962945
1323 28005265
1324 28047617
1325 28090001
1326 28132417
1327 28174865
1328 28217345
1329 28259857
1330 28302401
1331 28344977
1332 28387585
1333 28430225
1334 28472897
1335 28515601
1336 28558337
1337 28601105
1338 28643905
1339 28686737
1340 28729601
1341 28772497
1342 28815425
1343 28858385
1344 28901377
1345 28944401
1346 28987457
1347 29030545
1348 29073665
1349 29116817
1350 29160001
1351 29203217
1352 29246465
1353 29289745
1354 29333057
1355 29376401
1356 29419777
1357 29463185
1358 29506625
1359 29550097
1360 29593601
1361 29637137
1362 29680705
1363 29724305
1364 29767937
1365 29811601
1366 29855297
1367 29899025
1368 29942785
1369 29986577
1370 30030401
1371 30074257
1372 30118145
1373 30162065
1374 30206017
1375 30250001
1376 30294017
1377 30338065
1378 30382145
1379 30426257
1380 30470401
1381 30514577
1382 30558785
1383 30603025
1384 30647297
1385 30691601
1386 30735937
1387 30780305
1388 30824705
1389 30869137
1390 30913601
1391 30958097
1392 31002625
1393 31047185
1394 31091777
1395 31136401
1396 31181057
1397 31225745
1398 31270465
1399 31315217
1400 31360001
1401 31404817
1402 31449665
1403 31494545
1404 31539457
1405 31584401
1406 31629377
1407 31674385
1408 31719425
1409 31764497
1410 31809601
1411 31854737
1412 31899905
1413 31945105
1414 31990337
1415 32035601
1416 32080897
1417 32126225
1418 32171585
1419 32216977
1420 32262401
1421 32307857
1422 32353345
1423 32398865
1424 32444417
1425 32490001
1426 32535617
1427 32581265
1428 32626945
1429 32672657
1430 32718401
1431 32764177
1432 32809985
1433 32855825
1434 32901697
1435 32947601
1436 32993537
1437 33039505
1438 33085505
1439 33131537
1440 33177601
1441 33223697
1442 33269825
1443 33315985
1444 33362177
1445 33408401
1446 33454657
1447 33500945
1448 33547265
1449 33593617
1450 33640001
1451 33686417
1452 33732865
1453 33779345
1454 33825857
1455 33872401
1456 33918977
1457 33965585
1458 34012225
1459 34058897
1460 34105601
1461 34152337
1462 34199105
1463 34245905
1464 34292737
1465 34339601
1466 34386497
1467 34433425
1468 34480385
1469 34527377
1470 34574401
1471 34621457
1472 34668545
1473 34715665
1474 34762817
1475 34810001
1476 34857217
1477 34904465
1478 34951745
1479 34999057
1480 35046401
1481 35093777
1482 35141185
1483 35188625
1484 35236097
1485 35283601
1486 35331137
1487 35378705
1488 35426305
1489 35473937
1490 35521601
1491 35569297
1492 35617025
1493 35664785
1494 35712577
1495 35760401
1496 35808257
1497 35856145
1498 35904065
1499 35952017
1500 36000001
1501 36048017
1502 36096065
1503 36144145
1504 36192257
1505 36240401
1506 36288577
1507 36336785
1508 36385025
1509 36433297
1510 36481601
1511 36529937
1512 36578305
1513 36626705
1514 36675137
1515 36723601
1516 36772097
1517 36820625
1518 36869185
1519 36917777
1520 36966401
1521 37015057
1522 37063745
1523 37112465
1524 37161217
1525 37210001
1526 37258817
1527 37307665
1528 37356545
1529 37405457
1530 37454401
1531 37503377
1532 37552385
1533 37601425
1534 37650497
1535 37699601
1536 37748737
1537 37797905
1538 37847105
1539 37896337
1540 37945601
1541 37994897
1542 38044225
1543 38093585
1544 38142977
1545 38192401
1546 38241857
1547 38291345
1548 38340865
1549 38390417
1550 38440001
1551 38489617
1552 38539265
1553 38588945
1554 38638657
1555 38688401
1556 38738177
1557 38787985
1558 38837825
1559 38887697
1560 38937601
1561 38987537
1562 39037505
1563 39087505
1564 39137537
1565 39187601
1566 39237697
1567 39287825
1568 39337985
1569 39388177
1570 39438401
1571 39488657
1572 39538945
1573 39589265
1574 39639617
1575 39690001
1576 39740417
1577 39790865
1578 39841345
1579 39891857
1580 39942401
1581 39992977
1582 40043585
1583 40094225
1584 40144897
1585 40195601
1586 40246337
1587 40297105
1588 40347905
1589 40398737
1590 40449601
1591 40500497
1592 40551425
1593 40602385
1594 40653377
1595 40704401
1596 40755457
1597 40806545
1598 40857665
1599 40908817
1600 40960001
1601 41011217
1602 41062465
1603 41113745
1604 41165057
1605 41216401
1606 41267777
1607 41319185
1608 41370625
1609 41422097
1610 41473601
1611 41525137
1612 41576705
1613 41628305
1614 41679937
1615 41731601
1616 41783297
1617 41835025
1618 41886785
1619 41938577
1620 41990401
1621 42042257
1622 42094145
1623 42146065
1624 42198017
1625 42250001
1626 42302017
1627 42354065
1628 42406145
1629 42458257
1630 42510401
1631 42562577
1632 42614785
1633 42667025
1634 42719297
1635 42771601
1636 42823937
1637 42876305
1638 42928705
1639 42981137
1640 43033601
1641 43086097
1642 43138625
1643 43191185
1644 43243777
1645 43296401
1646 43349057
1647 43401745
1648 43454465
1649 43507217
1650 43560001
1651 43612817
1652 43665665
1653 43718545
1654 43771457
1655 43824401
1656 43877377
1657 43930385
1658 43983425
1659 44036497
1660 44089601
1661 44142737
1662 44195905
1663 44249105
1664 44302337
1665 44355601
1666 44408897
1667 44462225
1668 44515585
1669 44568977
1670 44622401
1671 44675857
1672 44729345
1673 44782865
1674 44836417
1675 44890001
1676 44943617
1677 44997265
1678 45050945
1679 45104657
1680 45158401
1681 45212177
1682 45265985
1683 45319825
1684 45373697
1685 45427601
1686 45481537
1687 45535505
1688 45589505
1689 45643537
1690 45697601
1691 45751697
1692 45805825
1693 45859985
1694 45914177
1695 45968401
1696 46022657
1697 46076945
1698 46131265
1699 46185617
1700 46240001
1701 46294417
1702 46348865
1703 46403345
1704 46457857
1705 46512401
1706 46566977
1707 46621585
1708 46676225
1709 46730897
1710 46785601
1711 46840337
1712 46895105
1713 46949905
1714 47004737
1715 47059601
1716 47114497
1717 47169425
1718 47224385
1719 47279377
1720 47334401
1721 47389457
1722 47444545
1723 47499665
1724 47554817
1725 47610001
1726 47665217
1727 47720465
1728 47775745
1729 47831057
1730 47886401
1731 47941777
1732 47997185
1733 48052625
1734 48108097
1735 48163601
1736 48219137
1737 48274705
1738 48330305
1739 48385937
1740 48441601
1741 48497297
1742 48553025
1743 48608785
1744 48664577
1745 48720401
1746 48776257
1747 48832145
1748 48888065
1749 48944017
1750 49000001
1751 49056017
1752 49112065
1753 49168145
1754 49224257
1755 49280401
1756 49336577
1757 49392785
1758 49449025
1759 49505297
1760 49561601
1761 49617937
1762 49674305
1763 49730705
1764 49787137
1765 49843601
1766 49900097
1767 49956625
1768 50013185
1769 50069777
1770 50126401
1771 50183057
1772 50239745
1773 50296465
1774 50353217
1775 50410001
1776 50466817
1777 50523665
1778 50580545
1779 50637457
1780 50694401
1781 50751377
1782 50808385
1783 50865425
1784 50922497
1785 50979601
1786 51036737
1787 51093905
1788 51151105
1789 51208337
1790 51265601
1791 51322897
1792 51380225
1793 51437585
1794 51494977
1795 51552401
1796 51609857
1797 51667345
1798 51724865
1799 51782417
1800 51840001
1801 51897617
1802 51955265
1803 52012945
1804 52070657
1805 52128401
1806 52186177
1807 52243985
1808 52301825
1809 52359697
1810 52417601
1811 52475537
1812 52533505
1813 52591505
1814 52649537
1815 52707601
1816 52765697
1817 52823825
1818 52881985
1819 52940177
1820 52998401
1821 53056657
1822 53114945
1823 53173265
1824 53231617
1825 53290001
1826 53348417
1827 53406865
1828 53465345
1829 53523857
1830 53582401
1831 53640977
1832 53699585
1833 53758225
1834 53816897
1835 53875601
1836 53934337
1837 53993105
1838 54051905
1839 54110737
1840 54169601
1841 54228497
1842 54287425
1843 54346385
1844 54405377
1845 54464401
1846 54523457
1847 54582545
1848 54641665
1849 54700817
1850 54760001
1851 54819217
1852 54878465
1853 54937745
1854 54997057
1855 55056401
1856 55115777
1857 55175185
1858 55234625
1859 55294097
1860 55353601
1861 55413137
1862 55472705
1863 55532305
1864 55591937
1865 55651601
1866 55711297
1867 55771025
1868 55830785
1869 55890577
1870 55950401
1871 56010257
1872 56070145
1873 56130065
1874 56190017
1875 56250001
1876 56310017
1877 56370065
1878 56430145
1879 56490257
1880 56550401
1881 56610577
1882 56670785
1883 56731025
1884 56791297
1885 56851601
1886 56911937
1887 56972305
1888 57032705
1889 57093137
1890 57153601
1891 57214097
1892 57274625
1893 57335185
1894 57395777
1895 57456401
1896 57517057
1897 57577745
1898 57638465
1899 57699217
1900 57760001
1901 57820817
1902 57881665
1903 57942545
1904 58003457
1905 58064401
1906 58125377
1907 58186385
1908 58247425
1909 58308497
1910 58369601
1911 58430737
1912 58491905
1913 58553105
1914 58614337
1915 58675601
1916 58736897
1917 58798225
1918 58859585
1919 58920977
1920 58982401
1921 59043857
1922 59105345
1923 59166865
1924 59228417
1925 59290001
1926 59351617
1927 59413265
1928 59474945
1929 59536657
1930 59598401
1931 59660177
1932 59721985
1933 59783825
1934 59845697
1935 59907601
1936 59969537
1937 60031505
1938 60093505
1939 60155537
1940 60217601
1941 60279697
1942 60341825
1943 60403985
1944 60466177
1945 60528401
1946 60590657
1947 60652945
1948 60715265
1949 60777617
1950 60840001
1951 60902417
1952 60964865
1953 61027345
1954 61089857
1955 61152401
1956 61214977
1957 61277585
1958 61340225
1959 61402897
1960 61465601
1961 61528337
1962 61591105
1963 61653905
1964 61716737
1965 61779601
1966 61842497
1967 61905425
1968 61968385
1969 62031377
1970 62094401
1971 62157457
1972 62220545
1973 62283665
1974 62346817
1975 62410001
1976 62473217
1977 62536465
1978 62599745
1979 62663057
1980 62726401
1981 62789777
1982 62853185
1983 62916625
1984 62980097
1985 63043601
1986 63107137
1987 63170705
1988 63234305
1989 63297937
1990 63361601
1991 63425297
1992 63489025
1993 63552785
1994 63616577
1995 63680401
1996 63744257
1997 63808145
1998 63872065
1999 63936017
2000 64000001
2001 64064017
2002 64128065
2003 64192145
2004 64256257
2005 64320401
2006 64384577
2007 64448785
2008 64513025
2009 64577297
2010 64641601
2011 64705937
2012 64770305
2013 64834705
2014 64899137
2015 64963601
2016 65028097
2017 65092625
2018 65157185
2019 65221777
2020 65286401
2021 65351057
2022 65415745
2023 65480465
2024 65545217
2025 65610001
2026 65674817
2027 65739665
2028 65804545
2029 65869457
2030 65934401
2031 65999377
2032 66064385
2033 66129425
2034 66194497
2035 66259601
2036 66324737
2037 66389905
2038 66455105
2039 66520337
2040 66585601
2041 66650897
2042 66716225
2043 66781585
2044 66846977
2045 66912401
2046 66977857
2047 67043345
2048 67108865
2049 67174417
2050 67240001
2051 67305617
2052 67371265
2053 67436945
2054 67502657
2055 67568401
2056 67634177
2057 67699985
2058 67765825
2059 67831697
2060 67897601
2061 67963537
2062 68029505
2063 68095505
2064 68161537
2065 68227601
2066 68293697
2067 68359825
2068 68425985
2069 68492177
2070 68558401
2071 68624657
2072 68690945
2073 68757265
2074 68823617
2075 68890001
2076 68956417
2077 69022865
2078 69089345
2079 69155857
2080 69222401
2081 69288977
2082 69355585
2083 69422225
2084 69488897
2085 69555601
2086 69622337
2087 69689105
2088 69755905
2089 69822737
2090 69889601
2091 69956497
2092 70023425
2093 70090385
2094 70157377
2095 70224401
2096 70291457
2097 70358545
2098 70425665
2099 70492817
2100 70560001
2101 70627217
2102 70694465
2103 70761745
2104 70829057
2105 70896401
2106 70963777
2107 71031185
2108 71098625
2109 71166097
2110 71233601
2111 71301137
2112 71368705
2113 71436305
2114 71503937
2115 71571601
2116 71639297
2117 71707025
2118 71774785
2119 71842577
2120 71910401
2121 71978257
2122 72046145
2123 72114065
2124 72182017
2125 72250001
2126 72318017
2127 72386065
2128 72454145
2129 72522257
2130 72590401
2131 72658577
2132 72726785
2133 72795025
2134 72863297
2135 72931601
2136 72999937
2137 73068305
2138 73136705
2139 73205137
2140 73273601
2141 73342097
2142 73410625
2143 73479185
2144 73547777
2145 73616401
2146 73685057
2147 73753745
2148 73822465
2149 73891217
2150 73960001
2151 74028817
2152 74097665
2153 74166545
2154 74235457
2155 74304401
2156 74373377
2157 74442385
2158 74511425
2159 74580497
2160 74649601
2161 74718737
2162 74787905
2163 74857105
2164 74926337
2165 74995601
2166 75064897
2167 75134225
2168 75203585
2169 75272977
2170 75342401
2171 75411857
2172 75481345
2173 75550865
2174 75620417
2175 75690001
2176 75759617
2177 75829265
2178 75898945
2179 75968657
2180 76038401
2181 76108177
2182 76177985
2183 76247825
2184 76317697
2185 76387601
2186 76457537
2187 76527505
2188 76597505
2189 76667537
2190 76737601
2191 76807697
2192 76877825
2193 76947985
2194 77018177
2195 77088401
2196 77158657
2197 77228945
2198 77299265
2199 77369617
2200 77440001
2201 77510417
2202 77580865
2203 77651345
2204 77721857
2205 77792401
2206 77862977
2207 77933585
2208 78004225
2209 78074897
2210 78145601
2211 78216337
2212 78287105
2213 78357905
2214 78428737
2215 78499601
2216 78570497
2217 78641425
2218 78712385
2219 78783377
2220 78854401
2221 78925457
2222 78996545
2223 79067665
2224 79138817
2225 79210001
2226 79281217
2227 79352465
2228 79423745
2229 79495057
2230 79566401
2231 79637777
2232 79709185
2233 79780625
2234 79852097
2235 79923601
2236 79995137
2237 80066705
2238 80138305
2239 80209937
2240 80281601
2241 80353297
2242 80425025
2243 80496785
2244 80568577
2245 80640401
2246 80712257
2247 80784145
2248 80856065
2249 80928017
2250 81000001
2251 81072017
2252 81144065
2253 81216145
2254 81288257
2255 81360401
2256 81432577
2257 81504785
2258 81577025
2259 81649297
2260 81721601
2261 81793937
2262 81866305
2263 81938705
2264 82011137
2265 82083601
2266 82156097
2267 82228625
2268 82301185
2269 82373777
2270 82446401
2271 82519057
2272 82591745
2273 82664465
2274 82737217
2275 82810001
2276 82882817
2277 82955665
2278 83028545
2279 83101457
2280 83174401
2281 83247377
2282 83320385
2283 83393425
2284 83466497
2285 83539601
2286 83612737
2287 83685905
2288 83759105
2289 83832337
2290 83905601
2291 83978897
2292 84052225
2293 84125585
2294 84198977
2295 84272401
2296 84345857
2297 84419345
2298 84492865
2299 84566417
2300 84640001
2301 84713617
2302 84787265
2303 84860945
2304 84934657
2305 85008401
2306 85082177
2307 85155985
2308 85229825
2309 85303697
2310 85377601
2311 85451537
2312 85525505
2313 85599505
2314 85673537
2315 85747601
2316 85821697
2317 85895825
2318 85969985
2319 86044177
2320 86118401
2321 86192657
2322 86266945
2323 86341265
2324 86415617
2325 86490001
2326 86564417
2327 86638865
2328 86713345
2329 86787857
2330 86862401
2331 86936977
2332 87011585
2333 87086225
2334 87160897
2335 87235601
2336 87310337
2337 87385105
2338 87459905
2339 87534737
2340 87609601
2341 87684497
2342 87759425
2343 87834385
2344 87909377
2345 87984401
2346 88059457
2347 88134545
2348 88209665
2349 88284817
2350 88360001
2351 88435217
2352 88510465
2353 88585745
2354 88661057
2355 88736401
2356 88811777
2357 88887185
2358 88962625
2359 89038097
2360 89113601
2361 89189137
2362 89264705
2363 89340305
2364 89415937
2365 89491601
2366 89567297
2367 89643025
2368 89718785
2369 89794577
2370 89870401
2371 89946257
2372 90022145
2373 90098065
2374 90174017
2375 90250001
2376 90326017
2377 90402065
2378 90478145
2379 90554257
2380 90630401
2381 90706577
2382 90782785
2383 90859025
2384 90935297
2385 91011601
2386 91087937
2387 91164305
2388 91240705
2389 91317137
2390 91393601
2391 91470097
2392 91546625
2393 91623185
2394 91699777
2395 91776401
2396 91853057
2397 91929745
2398 92006465
2399 92083217
2400 92160001
2401 92236817
2402 92313665
2403 92390545
2404 92467457
2405 92544401
2406 92621377
2407 92698385
2408 92775425
2409 92852497
2410 92929601
2411 93006737
2412 93083905
2413 93161105
2414 93238337
2415 93315601
2416 93392897
2417 93470225
2418 93547585
2419 93624977
2420 93702401
2421 93779857
2422 93857345
2423 93934865
2424 94012417
2425 94090001
2426 94167617
2427 94245265
2428 94322945
2429 94400657
2430 94478401
2431 94556177
2432 94633985
2433 94711825
2434 94789697
2435 94867601
2436 94945537
2437 95023505
2438 95101505
2439 95179537
2440 95257601
2441 95335697
2442 95413825
2443 95491985
2444 95570177
2445 95648401
2446 95726657
2447 95804945
2448 95883265
2449 95961617
2450 96040001
2451 96118417
2452 96196865
2453 96275345
2454 96353857
2455 96432401
2456 96510977
2457 96589585
2458 96668225
2459 96746897
2460 96825601
2461 96904337
2462 96983105
2463 97061905
2464 97140737
2465 97219601
2466 97298497
2467 97377425
2468 97456385
2469 97535377
2470 97614401
2471 97693457
2472 97772545
2473 97851665
2474 97930817
2475 98010001
2476 98089217
2477 98168465
2478 98247745
2479 98327057
2480 98406401
2481 98485777
2482 98565185
2483 98644625
2484 98724097
2485 98803601
2486 98883137
2487 98962705
2488 99042305
2489 99121937
2490 99201601
2491 99281297
2492 99361025
2493 99440785
2494 99520577
2495 99600401
2496 99680257
2497 99760145
2498 99840065
2499 99920017
2500 100000001
2501 100080017
2502 100160065
2503 100240145
2504 100320257
2505 100400401
2506 100480577
2507 100560785
2508 100641025
2509 100721297
2510 100801601
2511 100881937
2512 100962305
2513 101042705
2514 101123137
2515 101203601
2516 101284097
2517 101364625
2518 101445185
2519 101525777
2520 101606401
2521 101687057
2522 101767745
2523 101848465
2524 101929217
2525 102010001
2526 102090817
2527 102171665
2528 102252545
2529 102333457
2530 102414401
2531 102495377
2532 102576385
2533 102657425
2534 102738497
2535 102819601
2536 102900737
2537 102981905
2538 103063105
2539 103144337
2540 103225601
2541 103306897
2542 103388225
2543 103469585
2544 103550977
2545 103632401
2546 103713857
2547 103795345
2548 103876865
2549 103958417
2550 104040001
2551 104121617
2552 104203265
2553 104284945
2554 104366657
2555 104448401
2556 104530177
2557 104611985
2558 104693825
2559 104775697
2560 104857601
2561 104939537
2562 105021505
2563 105103505
2564 105185537
2565 105267601
2566 105349697
2567 105431825
2568 105513985
2569 105596177
2570 105678401
2571 105760657
2572 105842945
2573 105925265
2574 106007617
2575 106090001
2576 106172417
2577 106254865
2578 106337345
2579 106419857
2580 106502401
2581 106584977
2582 106667585
2583 106750225
2584 106832897
2585 106915601
2586 106998337
2587 107081105
2588 107163905
2589 107246737
2590 107329601
2591 107412497
2592 107495425
2593 107578385
2594 107661377
2595 107744401
2596 107827457
2597 107910545
2598 107993665
2599 108076817
2600 108160001
2601 108243217
2602 108326465
2603 108409745
2604 108493057
2605 108576401
2606 108659777
2607 108743185
2608 108826625
2609 108910097
2610 108993601
2611 109077137
2612 109160705
2613 109244305
2614 109327937
2615 109411601
2616 109495297
2617 109579025
2618 109662785
2619 109746577
2620 109830401
2621 109914257
2622 109998145
2623 110082065
2624 110166017
2625 110250001
2626 110334017
2627 110418065
2628 110502145
2629 110586257
2630 110670401
2631 110754577
2632 110838785
2633 110923025
2634 111007297
2635 111091601
2636 111175937
2637 111260305
2638 111344705
2639 111429137
2640 111513601
2641 111598097
2642 111682625
2643 111767185
2644 111851777
2645 111936401
2646 112021057
2647 112105745
2648 112190465
2649 112275217
2650 112360001
2651 112444817
2652 112529665
2653 112614545
2654 112699457
2655 112784401
2656 112869377
2657 112954385
2658 113039425
2659 113124497
2660 113209601
2661 113294737
2662 113379905
2663 113465105
2664 113550337
2665 113635601
2666 113720897
2667 113806225
2668 113891585
2669 113976977
2670 114062401
2671 114147857
2672 114233345
2673 114318865
2674 114404417
2675 114490001
2676 114575617
2677 114661265
2678 114746945
2679 114832657
2680 114918401
2681 115004177
2682 115089985
2683 115175825
2684 115261697
2685 115347601
2686 115433537
2687 115519505
2688 115605505
2689 115691537
2690 115777601
2691 115863697
2692 115949825
2693 116035985
2694 116122177
2695 116208401
2696 116294657
2697 116380945
2698 116467265
2699 116553617
2700 116640001
2701 116726417
2702 116812865
2703 116899345
2704 116985857
2705 117072401
2706 117158977
2707 117245585
2708 117332225
2709 117418897
2710 117505601
2711 117592337
2712 117679105
2713 117765905
2714 117852737
2715 117939601
2716 118026497
2717 118113425
2718 118200385
2719 118287377
2720 118374401
2721 118461457
2722 118548545
2723 118635665
2724 118722817
2725 118810001
2726 118897217
2727 118984465
2728 119071745
2729 119159057
2730 119246401
2731 119333777
2732 119421185
2733 119508625
2734 119596097
2735 119683601
2736 119771137
2737 119858705
2738 119946305
2739 120033937
2740 120121601
2741 120209297
2742 120297025
2743 120384785
2744 120472577
2745 120560401
2746 120648257
2747 120736145
2748 120824065
2749 120912017
2750 121000001
2751 121088017
2752 121176065
2753 121264145
2754 121352257
2755 121440401
2756 121528577
2757 121616785
2758 121705025
2759 121793297
2760 121881601
2761 121969937
2762 122058305
2763 122146705
2764 122235137
2765 122323601
2766 122412097
2767 122500625
2768 122589185
2769 122677777
2770 122766401
2771 122855057
2772 122943745
2773 123032465
2774 123121217
2775 123210001
2776 123298817
2777 123387665
2778 123476545
2779 123565457
2780 123654401
2781 123743377
2782 123832385
2783 123921425
2784 124010497
2785 124099601
2786 124188737
2787 124277905
2788 124367105
2789 124456337
2790 124545601
2791 124634897
2792 124724225
2793 124813585
2794 124902977
2795 124992401
2796 125081857
2797 125171345
2798 125260865
2799 125350417
2800 125440001
2801 125529617
2802 125619265
2803 125708945
2804 125798657
2805 125888401
2806 125978177
2807 126067985
2808 126157825
2809 126247697
2810 126337601
2811 126427537
2812 126517505
2813 126607505
2814 126697537
2815 126787601
2816 126877697
2817 126967825
2818 127057985
2819 127148177
2820 127238401
2821 127328657
2822 127418945
2823 127509265
2824 127599617
2825 127690001
2826 127780417
2827 127870865
2828 127961345
2829 128051857
2830 128142401
2831 128232977
2832 128323585
2833 128414225
2834 128504897
2835 128595601
2836 128686337
2837 128777105
2838 128867905
2839 128958737
2840 129049601
2841 129140497
2842 129231425
2843 129322385
2844 129413377
2845 129504401
2846 129595457
2847 129686545
2848 129777665
2849 129868817
2850 129960001
2851 130051217
2852 130142465
2853 130233745
2854 130325057
2855 130416401
2856 130507777
2857 130599185
2858 130690625
2859 130782097
2860 130873601
2861 130965137
2862 131056705
2863 131148305
2864 131239937
2865 131331601
2866 131423297
2867 131515025
2868 131606785
2869 131698577
2870 131790401
2871 131882257
2872 131974145
2873 132066065
2874 132158017
2875 132250001
2876 132342017
2877 132434065
2878 132526145
2879 132618257
2880 132710401
2881 132802577
2882 132894785
2883 132987025
2884 133079297
2885 133171601
2886 133263937
2887 133356305
2888 133448705
2889 133541137
2890 133633601
2891 133726097
2892 133818625
2893 133911185
2894 134003777
2895 134096401
2896 134189057
2897 134281745
2898 134374465
2899 134467217
2900 134560001
2901 134652817
2902 134745665
2903 134838545
2904 134931457
2905 135024401
2906 135117377
2907 135210385
2908 135303425
2909 135396497
2910 135489601
2911 135582737
2912 135675905
2913 135769105
2914 135862337
2915 135955601
2916 136048897
2917 136142225
2918 136235585
2919 136328977
2920 136422401
2921 136515857
2922 136609345
2923 136702865
2924 136796417
2925 136890001
2926 136983617
2927 137077265
2928 137170945
2929 137264657
2930 137358401
2931 137452177
2932 137545985
2933 137639825
2934 137733697
2935 137827601
2936 137921537
2937 138015505
2938 138109505
2939 138203537
2940 138297601
2941 138391697
2942 138485825
2943 138579985
2944 138674177
2945 138768401
2946 138862657
2947 138956945
2948 139051265
2949 139145617
2950 139240001
2951 139334417
2952 139428865
2953 139523345
2954 139617857
2955 139712401
2956 139806977
2957 139901585
2958 139996225
2959 140090897
2960 140185601
2961 140280337
2962 140375105
2963 140469905
2964 140564737
2965 140659601
2966 140754497
2967 140849425
2968 140944385
2969 141039377
2970 141134401
2971 141229457
2972 141324545
2973 141419665
2974 141514817
2975 141610001
2976 141705217
2977 141800465
2978 141895745
2979 141991057
2980 142086401
2981 142181777
2982 142277185
2983 142372625
2984 142468097
2985 142563601
2986 142659137
2987 142754705
2988 142850305
2989 142945937
2990 143041601
2991 143137297
2992 143233025
2993 143328785
2994 143424577
2995 143520401
2996 143616257
2997 143712145
2998 143808065
2999 143904017
3000 144000001
3001 144096017
3002 144192065
3003 144288145
3004 144384257
3005 144480401
3006 144576577
3007 144672785
3008 144769025
3009 144865297
3010 144961601
3011 145057937
3012 145154305
3013 145250705
3014 145347137
3015 145443601
3016 145540097
3017 145636625
3018 145733185
3019 145829777
3020 145926401
3021 146023057
3022 146119745
3023 146216465
3024 146313217
3025 146410001
3026 146506817
3027 146603665
3028 146700545
3029 146797457
3030 146894401
3031 146991377
3032 147088385
3033 147185425
3034 147282497
3035 147379601
3036 147476737
3037 147573905
3038 147671105
3039 147768337
3040 147865601
3041 147962897
3042 148060225
3043 148157585
3044 148254977
3045 148352401
3046 148449857
3047 148547345
3048 148644865
3049 148742417
3050 148840001
3051 148937617
3052 149035265
3053 149132945
3054 149230657
3055 149328401
3056 149426177
3057 149523985
3058 149621825
3059 149719697
3060 149817601
3061 149915537
3062 150013505
3063 150111505
3064 150209537
3065 150307601
3066 150405697
3067 150503825
3068 150601985
3069 150700177
3070 150798401
3071 150896657
3072 150994945
3073 151093265
3074 151191617
3075 151290001
3076 151388417
3077 151486865
3078 151585345
3079 151683857
3080 151782401
3081 151880977
3082 151979585
3083 152078225
3084 152176897
3085 152275601
3086 152374337
3087 152473105
3088 152571905
3089 152670737
3090 152769601
3091 152868497
3092 152967425
3093 153066385
3094 153165377
3095 153264401
3096 153363457
3097 153462545
3098 153561665
3099 153660817
3100 153760001
3101 153859217
3102 153958465
3103 154057745
3104 154157057
3105 154256401
3106 154355777
3107 154455185
3108 154554625
3109 154654097
3110 154753601
3111 154853137
3112 154952705
3113 155052305
3114 155151937
3115 155251601
3116 155351297
3117 155451025
3118 155550785
3119 155650577
3120 155750401
3121 155850257
3122 155950145
3123 156050065
3124 156150017
3125 156250001
3126 156350017
3127 156450065
3128 156550145
3129 156650257
3130 156750401
3131 156850577
3132 156950785
3133 157051025
3134 157151297
3135 157251601
3136 157351937
3137 157452305
3138 157552705
3139 157653137
3140 157753601
3141 157854097
3142 157954625
3143 158055185
3144 158155777
3145 158256401
3146 158357057
3147 158457745
3148 158558465
3149 158659217
3150 158760001
3151 158860817
3152 158961665
3153 159062545
3154 159163457
3155 159264401
3156 159365377
3157 159466385
3158 159567425
3159 159668497
3160 159769601
3161 159870737
3162 159971905
3163 160073105
3164 160174337
3165 160275601
3166 160376897
3167 160478225
3168 160579585
3169 160680977
3170 160782401
3171 160883857
3172 160985345
3173 161086865
3174 161188417
3175 161290001
3176 161391617
3177 161493265
3178 161594945
3179 161696657
3180 161798401
3181 161900177
3182 162001985
3183 162103825
3184 162205697
3185 162307601
3186 162409537
3187 162511505
3188 162613505
3189 162715537
3190 162817601
3191 162919697
3192 163021825
3193 163123985
3194 163226177
3195 163328401
3196 163430657
3197 163532945
3198 163635265
3199 163737617
3200 163840001
3201 163942417
3202 164044865
3203 164147345
3204 164249857
3205 164352401
3206 164454977
3207 164557585
3208 164660225
3209 164762897
3210 164865601
3211 164968337
3212 165071105
3213 165173905
3214 165276737
3215 165379601
3216 165482497
3217 165585425
3218 165688385
3219 165791377
3220 165894401
3221 165997457
3222 166100545
3223 166203665
3224 166306817
3225 166410001
3226 166513217
3227 166616465
3228 166719745
3229 166823057
3230 166926401
3231 167029777
3232 167133185
3233 167236625
3234 167340097
3235 167443601
3236 167547137
3237 167650705
3238 167754305
3239 167857937
3240 167961601
3241 168065297
3242 168169025
3243 168272785
3244 168376577
3245 168480401
3246 168584257
3247 168688145
3248 168792065
3249 168896017
3250 169000001
3251 169104017
3252 169208065
3253 169312145
3254 169416257
3255 169520401
3256 169624577
3257 169728785
3258 169833025
3259 169937297
3260 170041601
3261 170145937
3262 170250305
3263 170354705
3264 170459137
3265 170563601
3266 170668097
3267 170772625
3268 170877185
3269 170981777
3270 171086401
3271 171191057
3272 171295745
3273 171400465
3274 171505217
3275 171610001
3276 171714817
3277 171819665
3278 171924545
3279 172029457
3280 172134401
3281 172239377
3282 172344385
3283 172449425
3284 172554497
3285 172659601
3286 172764737
3287 172869905
3288 172975105
3289 173080337
3290 173185601
3291 173290897
3292 173396225
3293 173501585
3294 173606977
3295 173712401
3296 173817857
3297 173923345
3298 174028865
3299 174134417
3300 174240001
3301 174345617
3302 174451265
3303 174556945
3304 174662657
3305 174768401
3306 174874177
3307 174979985
3308 175085825
3309 175191697
3310 175297601
3311 175403537
3312 175509505
3313 175615505
3314 175721537
3315 175827601
3316 175933697
3317 176039825
3318 176145985
3319 176252177
3320 176358401
3321 176464657
3322 176570945
3323 176677265
3324 176783617
3325 176890001
3326 176996417
3327 177102865
3328 177209345
3329 177315857
3330 177422401
3331 177528977
3332 177635585
3333 177742225
3334 177848897
3335 177955601
3336 178062337
3337 178169105
3338 178275905
3339 178382737
3340 178489601
3341 178596497
3342 178703425
3343 178810385
3344 178917377
3345 179024401
3346 179131457
3347 179238545
3348 179345665
3349 179452817
3350 179560001
3351 179667217
3352 179774465
3353 179881745
3354 179989057
3355 180096401
3356 180203777
3357 180311185
3358 180418625
3359 180526097
3360 180633601
3361 180741137
3362 180848705
3363 180956305
3364 181063937
3365 181171601
3366 181279297
3367 181387025
3368 181494785
3369 181602577
3370 181710401
3371 181818257
3372 181926145
3373 182034065
3374 182142017
3375 182250001
3376 182358017
3377 182466065
3378 182574145
3379 182682257
3380 182790401
3381 182898577
3382 183006785
3383 183115025
3384 183223297
3385 183331601
3386 183439937
3387 183548305
3388 183656705
3389 183765137
3390 183873601
3391 183982097
3392 184090625
3393 184199185
3394 184307777
3395 184416401
3396 184525057
3397 184633745
3398 184742465
3399 184851217
3400 184960001
3401 185068817
3402 185177665
3403 185286545
3404 185395457
3405 185504401
3406 185613377
3407 185722385
3408 185831425
3409 185940497
3410 186049601
3411 186158737
3412 186267905
3413 186377105
3414 186486337
3415 186595601
3416 186704897
3417 186814225
3418 186923585
3419 187032977
3420 187142401
3421 187251857
3422 187361345
3423 187470865
3424 187580417
3425 187690001
3426 187799617
3427 187909265
3428 188018945
3429 188128657
3430 188238401
3431 188348177
3432 188457985
3433 188567825
3434 188677697
3435 188787601
3436 188897537
3437 189007505
3438 189117505
3439 189227537
3440 189337601
3441 189447697
3442 189557825
3443 189667985
3444 189778177
3445 189888401
3446 189998657
3447 190108945
3448 190219265
3449 190329617
3450 190440001
3451 190550417
3452 190660865
3453 190771345
3454 190881857
3455 190992401
3456 191102977
3457 191213585
3458 191324225
3459 191434897
3460 191545601
3461 191656337
3462 191767105
3463 191877905
3464 191988737
3465 192099601
3466 192210497
3467 192321425
3468 192432385
3469 192543377
3470 192654401
3471 192765457
3472 192876545
3473 192987665
3474 193098817
3475 193210001
3476 193321217
3477 193432465
3478 193543745
3479 193655057
3480 193766401
3481 193877777
3482 193989185
3483 194100625
3484 194212097
3485 194323601
3486 194435137
3487 194546705
3488 194658305
3489 194769937
3490 194881601
3491 194993297
3492 195105025
3493 195216785
3494 195328577
3495 195440401
3496 195552257
3497 195664145
3498 195776065
3499 195888017
3500 196000001
3501 196112017
3502 196224065
3503 196336145
3504 196448257
3505 196560401
3506 196672577
3507 196784785
3508 196897025
3509 197009297
3510 197121601
3511 197233937
3512 197346305
3513 197458705
3514 197571137
3515 197683601
3516 197796097
3517 197908625
3518 198021185
3519 198133777
3520 198246401
3521 198359057
3522 198471745
3523 198584465
3524 198697217
3525 198810001
3526 198922817
3527 199035665
3528 199148545
3529 199261457
3530 199374401
3531 199487377
3532 199600385
3533 199713425
3534 199826497
3535 199939601
3536 200052737
3537 200165905
3538 200279105
3539 200392337
3540 200505601
3541 200618897
3542 200732225
3543 200845585
3544 200958977
3545 201072401
3546 201185857
3547 201299345
3548 201412865
3549 201526417
3550 201640001
3551 201753617
3552 201867265
3553 201980945
3554 202094657
3555 202208401
3556 202322177
3557 202435985
3558 202549825
3559 202663697
3560 202777601
3561 202891537
3562 203005505
3563 203119505
3564 203233537
3565 203347601
3566 203461697
3567 203575825
3568 203689985
3569 203804177
3570 203918401
3571 204032657
3572 204146945
3573 204261265
3574 204375617
3575 204490001
3576 204604417
3577 204718865
3578 204833345
3579 204947857
3580 205062401
3581 205176977
3582 205291585
3583 205406225
3584 205520897
3585 205635601
3586 205750337
3587 205865105
3588 205979905
3589 206094737
3590 206209601
3591 206324497
3592 206439425
3593 206554385
3594 206669377
3595 206784401
3596 206899457
3597 207014545
3598 207129665
3599 207244817
3600 207360001
3601 207475217
3602 207590465
3603 207705745
3604 207821057
3605 207936401
3606 208051777
3607 208167185
3608 208282625
3609 208398097
3610 208513601
3611 208629137
3612 208744705
3613 208860305
3614 208975937
3615 209091601
3616 209207297
3617 209323025
3618 209438785
3619 209554577
3620 209670401
3621 209786257
3622 209902145
3623 210018065
3624 210134017
3625 210250001
3626 210366017
3627 210482065
3628 210598145
3629 210714257
3630 210830401
3631 210946577
3632 211062785
3633 211179025
3634 211295297
3635 211411601
3636 211527937
3637 211644305
3638 211760705
3639 211877137
3640 211993601
3641 212110097
3642 212226625
3643 212343185
3644 212459777
3645 212576401
3646 212693057
3647 212809745
3648 212926465
3649 213043217
3650 213160001
3651 213276817
3652 213393665
3653 213510545
3654 213627457
3655 213744401
3656 213861377
3657 213978385
3658 214095425
3659 214212497
3660 214329601
3661 214446737
3662 214563905
3663 214681105
3664 214798337
3665 214915601
3666 215032897
3667 215150225
3668 215267585
3669 215384977
3670 215502401
3671 215619857
3672 215737345
3673 215854865
3674 215972417
3675 216090001
3676 216207617
3677 216325265
3678 216442945
3679 216560657
3680 216678401
3681 216796177
3682 216913985
3683 217031825
3684 217149697
3685 217267601
3686 217385537
3687 217503505
3688 217621505
3689 217739537
3690 217857601
3691 217975697
3692 218093825
3693 218211985
3694 218330177
3695 218448401
3696 218566657
3697 218684945
3698 218803265
3699 218921617
3700 219040001
3701 219158417
3702 219276865
3703 219395345
3704 219513857
3705 219632401
3706 219750977
3707 219869585
3708 219988225
3709 220106897
3710 220225601
3711 220344337
3712 220463105
3713 220581905
3714 220700737
3715 220819601
3716 220938497
3717 221057425
3718 221176385
3719 221295377
3720 221414401
3721 221533457
3722 221652545
3723 221771665
3724 221890817
3725 222010001
3726 222129217
3727 222248465
3728 222367745
3729 222487057
3730 222606401
3731 222725777
3732 222845185
3733 222964625
3734 223084097
3735 223203601
3736 223323137
3737 223442705
3738 223562305
3739 223681937
3740 223801601
3741 223921297
3742 224041025
3743 224160785
3744 224280577
3745 224400401
3746 224520257
3747 224640145
3748 224760065
3749 224880017
3750 225000001
3751 225120017
3752 225240065
3753 225360145
3754 225480257
3755 225600401
3756 225720577
3757 225840785
3758 225961025
3759 226081297
3760 226201601
3761 226321937
3762 226442305
3763 226562705
3764 226683137
3765 226803601
3766 226924097
3767 227044625
3768 227165185
3769 227285777
3770 227406401
3771 227527057
3772 227647745
3773 227768465
3774 227889217
3775 228010001
3776 228130817
3777 228251665
3778 228372545
3779 228493457
3780 228614401
3781 228735377
3782 228856385
3783 228977425
3784 229098497
3785 229219601
3786 229340737
3787 229461905
3788 229583105
3789 229704337
3790 229825601
3791 229946897
3792 230068225
3793 230189585
3794 230310977
3795 230432401
3796 230553857
3797 230675345
3798 230796865
3799 230918417
3800 231040001
3801 231161617
3802 231283265
3803 231404945
3804 231526657
3805 231648401
3806 231770177
3807 231891985
3808 232013825
3809 232135697
3810 232257601
3811 232379537
3812 232501505
3813 232623505
3814 232745537
3815 232867601
3816 232989697
3817 233111825
3818 233233985
3819 233356177
3820 233478401
3821 233600657
3822 233722945
3823 233845265
3824 233967617
3825 234090001
3826 234212417
3827 234334865
3828 234457345
3829 234579857
3830 234702401
3831 234824977
3832 234947585
3833 235070225
3834 235192897
3835 235315601
3836 235438337
3837 235561105
3838 235683905
3839 235806737
3840 235929601
3841 236052497
3842 236175425
3843 236298385
3844 236421377
3845 236544401
3846 236667457
3847 236790545
3848 236913665
3849 237036817
3850 237160001
3851 237283217
3852 237406465
3853 237529745
3854 237653057
3855 237776401
3856 237899777
3857 238023185
3858 238146625
3859 238270097
3860 238393601
3861 238517137
3862 238640705
3863 238764305
3864 238887937
3865 239011601
3866 239135297
3867 239259025
3868 239382785
3869 239506577
3870 239630401
3871 239754257
3872 239878145
3873 240002065
3874 240126017
3875 240250001
3876 240374017
3877 240498065
3878 240622145
3879 240746257
3880 240870401
3881 240994577
3882 241118785
3883 241243025
3884 241367297
3885 241491601
3886 241615937
3887 241740305
3888 241864705
3889 241989137
3890 242113601
3891 242238097
3892 242362625
3893 242487185
3894 242611777
3895 242736401
3896 242861057
3897 242985745
3898 243110465
3899 243235217
3900 243360001
3901 243484817
3902 243609665
3903 243734545
3904 243859457
3905 243984401
3906 244109377
3907 244234385
3908 244359425
3909 244484497
3910 244609601
3911 244734737
3912 244859905
3913 244985105
3914 245110337
3915 245235601
3916 245360897
3917 245486225
3918 245611585
3919 245736977
3920 245862401
3921 245987857
3922 246113345
3923 246238865
3924 246364417
3925 246490001
3926 246615617
3927 246741265
3928 246866945
3929 246992657
3930 247118401
3931 247244177
3932 247369985
3933 247495825
3934 247621697
3935 247747601
3936 247873537
3937 247999505
3938 248125505
3939 248251537
3940 248377601
3941 248503697
3942 248629825
3943 248755985
3944 248882177
3945 249008401
3946 249134657
3947 249260945
3948 249387265
3949 249513617
3950 249640001
3951 249766417
3952 249892865
3953 250019345
3954 250145857
3955 250272401
3956 250398977
3957 250525585
3958 250652225
3959 250778897
3960 250905601
3961 251032337
3962 251159105
3963 251285905
3964 251412737
3965 251539601
3966 251666497
3967 251793425
3968 251920385
3969 252047377
3970 252174401
3971 252301457
3972 252428545
3973 252555665
3974 252682817
3975 252810001
3976 252937217
3977 253064465
3978 253191745
3979 253319057
3980 253446401
3981 253573777
3982 253701185
3983 253828625
3984 253956097
3985 254083601
3986 254211137
3987 254338705
3988 254466305
3989 254593937
3990 254721601
3991 254849297
3992 254977025
3993 255104785
3994 255232577
3995 255360401
3996 255488257
3997 255616145
3998 255744065
3999 255872017
4000 256000001
4001 256128017
4002 256256065
4003 256384145
4004 256512257
4005 256640401
4006 256768577
4007 256896785
4008 257025025
4009 257153297
4010 257281601
4011 257409937
4012 257538305
4013 257666705
4014 257795137
4015 257923601
4016 258052097
4017 258180625
4018 258309185
4019 258437777
4020 258566401
4021 258695057
4022 258823745
4023 258952465
4024 259081217
4025 259210001
4026 259338817
4027 259467665
4028 259596545
4029 259725457
4030 259854401
4031 259983377
4032 260112385
4033 260241425
4034 260370497
4035 260499601
4036 260628737
4037 260757905
4038 260887105
4039 261016337
4040 261145601
4041 261274897
4042 261404225
4043 261533585
4044 261662977
4045 261792401
4046 261921857
4047 262051345
4048 262180865
4049 262310417
4050 262440001
4051 262569617
4052 262699265
4053 262828945
4054 262958657
4055 263088401
4056 263218177
4057 263347985
4058 263477825
4059 263607697
4060 263737601
4061 263867537
4062 263997505
4063 264127505
4064 264257537
4065 264387601
4066 264517697
4067 264647825
4068 264777985
4069 264908177
4070 265038401
4071 265168657
4072 265298945
4073 265429265
4074 265559617
4075 265690001
4076 265820417
4077 265950865
4078 266081345
4079 266211857
4080 266342401
4081 266472977
4082 266603585
4083 266734225
4084 266864897
4085 266995601
4086 267126337
4087 267257105
4088 267387905
4089 267518737
4090 267649601
4091 267780497
4092 267911425
4093 268042385
4094 268173377
4095 268304401
4096 268435457
4097 268566545
4098 268697665
4099 268828817
4100 268960001
4101 269091217
4102 269222465
4103 269353745
4104 269485057
4105 269616401
4106 269747777
4107 269879185
4108 270010625
4109 270142097
4110 270273601
4111 270405137
4112 270536705
4113 270668305
4114 270799937
4115 270931601
4116 271063297
4117 271195025
4118 271326785
4119 271458577
4120 271590401
4121 271722257
4122 271854145
4123 271986065
4124 272118017
4125 272250001
4126 272382017
4127 272514065
4128 272646145
4129 272778257
4130 272910401
4131 273042577
4132 273174785
4133 273307025
4134 273439297
4135 273571601
4136 273703937
4137 273836305
4138 273968705
4139 274101137
4140 274233601
4141 274366097
4142 274498625
4143 274631185
4144 274763777
4145 274896401
4146 275029057
4147 275161745
4148 275294465
4149 275427217
4150 275560001
4151 275692817
4152 275825665
4153 275958545
4154 276091457
4155 276224401
4156 276357377
4157 276490385
4158 276623425
4159 276756497
4160 276889601
4161 277022737
4162 277155905
4163 277289105
4164 277422337
4165 277555601
4166 277688897
4167 277822225
4168 277955585
4169 278088977
4170 278222401
4171 278355857
4172 278489345
4173 278622865
4174 278756417
4175 278890001
4176 279023617
4177 279157265
4178 279290945
4179 279424657
4180 279558401
4181 279692177
4182 279825985
4183 279959825
4184 280093697
4185 280227601
4186 280361537
4187 280495505
4188 280629505
4189 280763537
4190 280897601
4191 281031697
4192 281165825
4193 281299985
4194 281434177
4195 281568401
4196 281702657
4197 281836945
4198 281971265
4199 282105617
4200 282240001
4201 282374417
4202 282508865
4203 282643345
4204 282777857
4205 282912401
4206 283046977
4207 283181585
4208 283316225
4209 283450897
4210 283585601
4211 283720337
4212 283855105
4213 283989905
4214 284124737
4215 284259601
4216 284394497
4217 284529425
4218 284664385
4219 284799377
4220 284934401
4221 285069457
4222 285204545
4223 285339665
4224 285474817
4225 285610001
4226 285745217
4227 285880465
4228 286015745
4229 286151057
4230 286286401
4231 286421777
4232 286557185
4233 286692625
4234 286828097
4235 286963601
4236 287099137
4237 287234705
4238 287370305
4239 287505937
4240 287641601
4241 287777297
4242 287913025
4243 288048785
4244 288184577
4245 288320401
4246 288456257
4247 288592145
4248 288728065
4249 288864017
4250 289000001
4251 289136017
4252 289272065
4253 289408145
4254 289544257
4255 289680401
4256 289816577
4257 289952785
4258 290089025
4259 290225297
4260 290361601
4261 290497937
4262 290634305
4263 290770705
4264 290907137
4265 291043601
4266 291180097
4267 291316625
4268 291453185
4269 291589777
4270 291726401
4271 291863057
4272 291999745
4273 292136465
4274 292273217
4275 292410001
4276 292546817
4277 292683665
4278 292820545
4279 292957457
4280 293094401
4281 293231377
4282 293368385
4283 293505425
4284 293642497
4285 293779601
4286 293916737
4287 294053905
4288 294191105
4289 294328337
4290 294465601
4291 294602897
4292 294740225
4293 294877585
4294 295014977
4295 295152401
4296 295289857
4297 295427345
4298 295564865
4299 295702417
4300 295840001
4301 295977617
4302 296115265
4303 296252945
4304 296390657
4305 296528401
4306 296666177
4307 296803985
4308 296941825
4309 297079697
4310 297217601
4311 297355537
4312 297493505
4313 297631505
4314 297769537
4315 297907601
4316 298045697
4317 298183825
4318 298321985
4319 298460177
4320 298598401
4321 298736657
4322 298874945
4323 299013265
4324 299151617
4325 299290001
4326 299428417
4327 299566865
4328 299705345
4329 299843857
4330 299982401
4331 300120977
4332 300259585
4333 300398225
4334 300536897
4335 300675601
4336 300814337
4337 300953105
4338 301091905
4339 301230737
4340 301369601
4341 301508497
4342 301647425
4343 301786385
4344 301925377
4345 302064401
4346 302203457
4347 302342545
4348 302481665
4349 302620817
4350 302760001
4351 302899217
4352 303038465
4353 303177745
4354 303317057
4355 303456401
4356 303595777
4357 303735185
4358 303874625
4359 304014097
4360 304153601
4361 304293137
4362 304432705
4363 304572305
4364 304711937
4365 304851601
4366 304991297
4367 305131025
4368 305270785
4369 305410577
4370 305550401
4371 305690257
4372 305830145
4373 305970065
4374 306110017
4375 306250001
4376 306390017
4377 306530065
4378 306670145
4379 306810257
4380 306950401
4381 307090577
4382 307230785
4383 307371025
4384 307511297
4385 307651601
4386 307791937
4387 307932305
4388 308072705
4389 308213137
4390 308353601
4391 308494097
4392 308634625
4393 308775185
4394 308915777
4395 309056401
4396 309197057
4397 309337745
4398 309478465
4399 309619217
4400 309760001
4401 309900817
4402 310041665
4403 310182545
4404 310323457
4405 310464401
4406 310605377
4407 310746385
4408 310887425
4409 311028497
4410 311169601
4411 311310737
4412 311451905
4413 311593105
4414 311734337
4415 311875601
4416 312016897
4417 312158225
4418 312299585
4419 312440977
4420 312582401
4421 312723857
4422 312865345
4423 313006865
4424 313148417
4425 313290001
4426 313431617
4427 313573265
4428 313714945
4429 313856657
4430 313998401
4431 314140177
4432 314281985
4433 314423825
4434 314565697
4435 314707601
4436 314849537
4437 314991505
4438 315133505
4439 315275537
4440 315417601
4441 315559697
4442 315701825
4443 315843985
4444 315986177
4445 316128401
4446 316270657
4447 316412945
4448 316555265
4449 316697617
4450 316840001
4451 316982417
4452 317124865
4453 317267345
4454 317409857
4455 317552401
4456 317694977
4457 317837585
4458 317980225
4459 318122897
4460 318265601
4461 318408337
4462 318551105
4463 318693905
4464 318836737
4465 318979601
4466 319122497
4467 319265425
4468 319408385
4469 319551377
4470 319694401
4471 319837457
4472 319980545
4473 320123665
4474 320266817
4475 320410001
4476 320553217
4477 320696465
4478 320839745
4479 320983057
4480 321126401
4481 321269777
4482 321413185
4483 321556625
4484 321700097
4485 321843601
4486 321987137
4487 322130705
4488 322274305
4489 322417937
4490 322561601
4491 322705297
4492 322849025
4493 322992785
4494 323136577
4495 323280401
4496 323424257
4497 323568145
4498 323712065
4499 323856017
4500 324000001
4501 324144017
4502 324288065
4503 324432145
4504 324576257
4505 324720401
4506 324864577
4507 325008785
4508 325153025
4509 325297297
4510 325441601
4511 325585937
4512 325730305
4513 325874705
4514 326019137
4515 326163601
4516 326308097
4517 326452625
4518 326597185
4519 326741777
4520 326886401
4521 327031057
4522 327175745
4523 327320465
4524 327465217
4525 327610001
4526 327754817
4527 327899665
4528 328044545
4529 328189457
4530 328334401
4531 328479377
4532 328624385
4533 328769425
4534 328914497
4535 329059601
4536 329204737
4537 329349905
4538 329495105
4539 329640337
4540 329785601
4541 329930897
4542 330076225
4543 330221585
4544 330366977
4545 330512401
4546 330657857
4547 330803345
4548 330948865
4549 331094417
4550 331240001
4551 331385617
4552 331531265
4553 331676945
4554 331822657
4555 331968401
4556 332114177
4557 332259985
4558 332405825
4559 332551697
4560 332697601
4561 332843537
4562 332989505
4563 333135505
4564 333281537
4565 333427601
4566 333573697
4567 333719825
4568 333865985
4569 334012177
4570 334158401
4571 334304657
4572 334450945
4573 334597265
4574 334743617
4575 334890001
4576 335036417
4577 335182865
4578 335329345
4579 335475857
4580 335622401
4581 335768977
4582 335915585
4583 336062225
4584 336208897
4585 336355601
4586 336502337
4587 336649105
4588 336795905
4589 336942737
4590 337089601
4591 337236497
4592 337383425
4593 337530385
4594 337677377
4595 337824401
4596 337971457
4597 338118545
4598 338265665
4599 338412817
4600 338560001
4601 338707217
4602 338854465
4603 339001745
4604 339149057
4605 339296401
4606 339443777
4607 339591185
4608 339738625
4609 339886097
4610 340033601
4611 340181137
4612 340328705
4613 340476305
4614 340623937
4615 340771601
4616 340919297
4617 341067025
4618 341214785
4619 341362577
4620 341510401
4621 341658257
4622 341806145
4623 341954065
4624 342102017
4625 342250001
4626 342398017
4627 342546065
4628 342694145
4629 342842257
4630 342990401
4631 343138577
4632 343286785
4633 343435025
4634 343583297
4635 343731601
4636 343879937
4637 344028305
4638 344176705
4639 344325137
4640 344473601
4641 344622097
4642 344770625
4643 344919185
4644 345067777
4645 345216401
4646 345365057
4647 345513745
4648 345662465
4649 345811217
4650 345960001
4651 346108817
4652 346257665
4653 346406545
4654 346555457
4655 346704401
4656 346853377
4657 347002385
4658 347151425
4659 347300497
4660 347449601
4661 347598737
4662 347747905
4663 347897105
4664 348046337
4665 348195601
4666 348344897
4667 348494225
4668 348643585
4669 348792977
4670 348942401
4671 349091857
4672 349241345
4673 349390865
4674 349540417
4675 349690001
4676 349839617
4677 349989265
4678 350138945
4679 350288657
4680 350438401
4681 350588177
4682 350737985
4683 350887825
4684 351037697
4685 351187601
4686 351337537
4687 351487505
4688 351637505
4689 351787537
4690 351937601
4691 352087697
4692 352237825
4693 352387985
4694 352538177
4695 352688401
4696 352838657
4697 352988945
4698 353139265
4699 353289617
4700 353440001
4701 353590417
4702 353740865
4703 353891345
4704 354041857
4705 354192401
4706 354342977
4707 354493585
4708 354644225
4709 354794897
4710 354945601
4711 355096337
4712 355247105
4713 355397905
4714 355548737
4715 355699601
4716 355850497
4717 356001425
4718 356152385
4719 356303377
4720 356454401
4721 356605457
4722 356756545
4723 356907665
4724 357058817
4725 357210001
4726 357361217
4727 357512465
4728 357663745
4729 357815057
4730 357966401
4731 358117777
4732 358269185
4733 358420625
4734 358572097
4735 358723601
4736 358875137
4737 359026705
4738 359178305
4739 359329937
4740 359481601
4741 359633297
4742 359785025
4743 359936785
4744 360088577
4745 360240401
4746 360392257
4747 360544145
4748 360696065
4749 360848017
4750 361000001
4751 361152017
4752 361304065
4753 361456145
4754 361608257
4755 361760401
4756 361912577
4757 362064785
4758 362217025
4759 362369297
4760 362521601
4761 362673937
4762 362826305
4763 362978705
4764 363131137
4765 363283601
4766 363436097
4767 363588625
4768 363741185
4769 363893777
4770 364046401
4771 364199057
4772 364351745
4773 364504465
4774 364657217
4775 364810001
4776 364962817
4777 365115665
4778 365268545
4779 365421457
4780 365574401
4781 365727377
4782 365880385
4783 366033425
4784 366186497
4785 366339601
4786 366492737
4787 366645905
4788 366799105
4789 366952337
4790 367105601
4791 367258897
4792 367412225
4793 367565585
4794 367718977
4795 367872401
4796 368025857
4797 368179345
4798 368332865
4799 368486417
4800 368640001
4801 368793617
4802 368947265
4803 369100945
4804 369254657
4805 369408401
4806 369562177
4807 369715985
4808 369869825
4809 370023697
4810 370177601
4811 370331537
4812 370485505
4813 370639505
4814 370793537
4815 370947601
4816 371101697
4817 371255825
4818 371409985
4819 371564177
4820 371718401
4821 371872657
4822 372026945
4823 372181265
4824 372335617
4825 372490001
4826 372644417
4827 372798865
4828 372953345
4829 373107857
4830 373262401
4831 373416977
4832 373571585
4833 373726225
4834 373880897
4835 374035601
4836 374190337
4837 374345105
4838 374499905
4839 374654737
4840 374809601
4841 374964497
4842 375119425
4843 375274385
4844 375429377
4845 375584401
4846 375739457
4847 375894545
4848 376049665
4849 376204817
4850 376360001
4851 376515217
4852 376670465
4853 376825745
4854 376981057
4855 377136401
4856 377291777
4857 377447185
4858 377602625
4859 377758097
4860 377913601
4861 378069137
4862 378224705
4863 378380305
4864 378535937
4865 378691601
4866 378847297
4867 379003025
4868 379158785
4869 379314577
4870 379470401
4871 379626257
4872 379782145
4873 379938065
4874 380094017
4875 380250001
4876 380406017
4877 380562065
4878 380718145
4879 380874257
4880 381030401
4881 381186577
4882 381342785
4883 381499025
4884 381655297
4885 381811601
4886 381967937
4887 382124305
4888 382280705
4889 382437137
4890 382593601
4891 382750097
4892 382906625
4893 383063185
4894 383219777
4895 383376401
4896 383533057
4897 383689745
4898 383846465
4899 384003217
4900 384160001
4901 384316817
4902 384473665
4903 384630545
4904 384787457
4905 384944401
4906 385101377
4907 385258385
4908 385415425
4909 385572497
4910 385729601
4911 385886737
4912 386043905
4913 386201105
4914 386358337
4915 386515601
4916 386672897
4917 386830225
4918 386987585
4919 387144977
4920 387302401
4921 387459857
4922 387617345
4923 387774865
4924 387932417
4925 388090001
4926 388247617
4927 388405265
4928 388562945
4929 388720657
4930 388878401
4931 389036177
4932 389193985
4933 389351825
4934 389509697
4935 389667601
4936 389825537
4937 389983505
4938 390141505
4939 390299537
4940 390457601
4941 390615697
4942 390773825
4943 390931985
4944 391090177
4945 391248401
4946 391406657
4947 391564945
4948 391723265
4949 391881617
4950 392040001
4951 392198417
4952 392356865
4953 392515345
4954 392673857
4955 392832401
4956 392990977
4957 393149585
4958 393308225
4959 393466897
4960 393625601
4961 393784337
4962 393943105
4963 394101905
4964 394260737
4965 394419601
4966 394578497
4967 394737425
4968 394896385
4969 395055377
4970 395214401
4971 395373457
4972 395532545
4973 395691665
4974 395850817
4975 396010001
4976 396169217
4977 396328465
4978 396487745
4979 396647057
4980 396806401
4981 396965777
4982 397125185
4983 397284625
4984 397444097
4985 397603601
4986 397763137
4987 397922705
4988 398082305
4989 398241937
4990 398401601
4991 398561297
4992 398721025
4993 398880785
4994 399040577
4995 399200401
4996 399360257
4997 399520145
4998 399680065
4999 399840017
5000 400000001
5001 400160017
5002 400320065
5003 400480145
5004 400640257
5005 400800401
5006 400960577
5007 401120785
5008 401281025
5009 401441297
5010 401601601
5011 401761937
5012 401922305
5013 402082705
5014 402243137
5015 402403601
5016 402564097
5017 402724625
5018 402885185
5019 403045777
5020 403206401
5021 403367057
5022 403527745
5023 403688465
5024 403849217
5025 404010001
5026 404170817
5027 404331665
5028 404492545
5029 404653457
5030 404814401
5031 404975377
5032 405136385
5033 405297425
5034 405458497
5035 405619601
5036 405780737
5037 405941905
5038 406103105
5039 406264337
5040 406425601
5041 406586897
5042 406748225
5043 406909585
5044 407070977
5045 407232401
5046 407393857
5047 407555345
5048 407716865
5049 407878417
5050 408040001
5051 408201617
5052 408363265
5053 408524945
5054 408686657
5055 408848401
5056 409010177
5057 409171985
5058 409333825
5059 409495697
5060 409657601
5061 409819537
5062 409981505
5063 410143505
5064 410305537
5065 410467601
5066 410629697
5067 410791825
5068 410953985
5069 411116177
5070 411278401
5071 411440657
5072 411602945
5073 411765265
5074 411927617
5075 412090001
5076 412252417
5077 412414865
5078 412577345
5079 412739857
5080 412902401
5081 413064977
5082 413227585
5083 413390225
5084 413552897
5085 413715601
5086 413878337
5087 414041105
5088 414203905
5089 414366737
5090 414529601
5091 414692497
5092 414855425
5093 415018385
5094 415181377
5095 415344401
5096 415507457
5097 415670545
5098 415833665
5099 415996817
5100 416160001
5101 416323217
5102 416486465
5103 416649745
5104 416813057
5105 416976401
5106 417139777
5107 417303185
5108 417466625
5109 417630097
5110 417793601
5111 417957137
5112 418120705
5113 418284305
5114 418447937
5115 418611601
5116 418775297
5117 418939025
5118 419102785
5119 419266577
5120 419430401
5121 419594257
5122 419758145
5123 419922065
5124 420086017
5125 420250001
5126 420414017
5127 420578065
5128 420742145
5129 420906257
5130 421070401
5131 421234577
5132 421398785
5133 421563025
5134 421727297
5135 421891601
5136 422055937
5137 422220305
5138 422384705
5139 422549137
5140 422713601
5141 422878097
5142 423042625
5143 423207185
5144 423371777
5145 423536401
5146 423701057
5147 423865745
5148 424030465
5149 424195217
5150 424360001
5151 424524817
5152 424689665
5153 424854545
5154 425019457
5155 425184401
5156 425349377
5157 425514385
5158 425679425
5159 425844497
5160 426009601
5161 426174737
5162 426339905
5163 426505105
5164 426670337
5165 426835601
5166 427000897
5167 427166225
5168 427331585
5169 427496977
5170 427662401
5171 427827857
5172 427993345
5173 428158865
5174 428324417
5175 428490001
5176 428655617
5177 428821265
5178 428986945
5179 429152657
5180 429318401
5181 429484177
5182 429649985
5183 429815825
5184 429981697
5185 430147601
5186 430313537
5187 430479505
5188 430645505
5189 430811537
5190 430977601
5191 431143697
5192 431309825
5193 431475985
5194 431642177
5195 431808401
5196 431974657
5197 432140945
5198 432307265
5199 432473617
5200 432640001
5201 432806417
5202 432972865
5203 433139345
5204 433305857
5205 433472401
5206 433638977
5207 433805585
5208 433972225
5209 434138897
5210 434305601
5211 434472337
5212 434639105
5213 434805905
5214 434972737
5215 435139601
5216 435306497
5217 435473425
5218 435640385
5219 435807377
5220 435974401
5221 436141457
5222 436308545
5223 436475665
5224 436642817
5225 436810001
5226 436977217
5227 437144465
5228 437311745
5229 437479057
5230 437646401
5231 437813777
5232 437981185
5233 438148625
5234 438316097
5235 438483601
5236 438651137
5237 438818705
5238 438986305
5239 439153937
5240 439321601
5241 439489297
5242 439657025
5243 439824785
5244 439992577
5245 440160401
5246 440328257
5247 440496145
5248 440664065
5249 440832017
5250 441000001
5251 441168017
5252 441336065
5253 441504145
5254 441672257
5255 441840401
5256 442008577
5257 442176785
5258 442345025
5259 442513297
5260 442681601
5261 442849937
5262 443018305
5263 443186705
5264 443355137
5265 443523601
5266 443692097
5267 443860625
5268 444029185
5269 444197777
5270 444366401
5271 444535057
5272 444703745
5273 444872465
5274 445041217
5275 445210001
5276 445378817
5277 445547665
5278 445716545
5279 445885457
5280 446054401
5281 446223377
5282 446392385
5283 446561425
5284 446730497
5285 446899601
5286 447068737
5287 447237905
5288 447407105
5289 447576337
5290 447745601
5291 447914897
5292 448084225
5293 448253585
5294 448422977
5295 448592401
5296 448761857
5297 448931345
5298 449100865
5299 449270417
5300 449440001
5301 449609617
5302 449779265
5303 449948945
5304 450118657
5305 450288401
5306 450458177
5307 450627985
5308 450797825
5309 450967697
5310 451137601
5311 451307537
5312 451477505
5313 451647505
5314 451817537
5315 451987601
5316 452157697
5317 452327825
5318 452497985
5319 452668177
5320 452838401
5321 453008657
5322 453178945
5323 453349265
5324 453519617
5325 453690001
5326 453860417
5327 454030865
5328 454201345
5329 454371857
5330 454542401
5331 454712977
5332 454883585
5333 455054225
5334 455224897
5335 455395601
5336 455566337
5337 455737105
5338 455907905
5339 456078737
5340 456249601
5341 456420497
5342 456591425
5343 456762385
5344 456933377
5345 457104401
5346 457275457
5347 457446545
5348 457617665
5349 457788817
5350 457960001
5351 458131217
5352 458302465
5353 458473745
5354 458645057
5355 458816401
5356 458987777
5357 459159185
5358 459330625
5359 459502097
5360 459673601
5361 459845137
5362 460016705
5363 460188305
5364 460359937
5365 460531601
5366 460703297
5367 460875025
5368 461046785
5369 461218577
5370 461390401
5371 461562257
5372 461734145
5373 461906065
5374 462078017
5375 462250001
5376 462422017
5377 462594065
5378 462766145
5379 462938257
5380 463110401
5381 463282577
5382 463454785
5383 463627025
5384 463799297
5385 463971601
5386 464143937
5387 464316305
5388 464488705
5389 464661137
5390 464833601
5391 465006097
5392 465178625
5393 465351185
5394 465523777
5395 465696401
5396 465869057
5397 466041745
5398 466214465
5399 466387217
5400 466560001
5401 466732817
5402 466905665
5403 467078545
5404 467251457
5405 467424401
5406 467597377
5407 467770385
5408 467943425
5409 468116497
5410 468289601
5411 468462737
5412 468635905
5413 468809105
5414 468982337
5415 469155601
5416 469328897
5417 469502225
5418 469675585
5419 469848977
5420 470022401
5421 470195857
5422 470369345
5423 470542865
5424 470716417
5425 470890001
5426 471063617
5427 471237265
5428 471410945
5429 471584657
5430 471758401
5431 471932177
5432 472105985
5433 472279825
5434 472453697
5435 472627601
5436 472801537
5437 472975505
5438 473149505
5439 473323537
5440 473497601
5441 473671697
5442 473845825
5443 474019985
5444 474194177
5445 474368401
5446 474542657
5447 474716945
5448 474891265
5449 475065617
5450 475240001
5451 475414417
5452 475588865
5453 475763345
5454 475937857
5455 476112401
5456 476286977
5457 476461585
5458 476636225
5459 476810897
5460 476985601
5461 477160337
5462 477335105
5463 477509905
5464 477684737
5465 477859601
5466 478034497
5467 478209425
5468 478384385
5469 478559377
5470 478734401
5471 478909457
5472 479084545
5473 479259665
5474 479434817
5475 479610001
5476 479785217
5477 479960465
5478 480135745
5479 480311057
5480 480486401
5481 480661777
5482 480837185
5483 481012625
5484 481188097
5485 481363601
5486 481539137
5487 481714705
5488 481890305
5489 482065937
5490 482241601
5491 482417297
5492 482593025
5493 482768785
5494 482944577
5495 483120401
5496 483296257
5497 483472145
5498 483648065
5499 483824017
5500 484000001
5501 484176017
5502 484352065
5503 484528145
5504 484704257
5505 484880401
5506 485056577
5507 485232785
5508 485409025
5509 485585297
5510 485761601
5511 485937937
5512 486114305
5513 486290705
5514 486467137
5515 486643601
5516 486820097
5517 486996625
5518 487173185
5519 487349777
5520 487526401
5521 487703057
5522 487879745
5523 488056465
5524 488233217
5525 488410001
5526 488586817
5527 488763665
5528 488940545
5529 489117457
5530 489294401
5531 489471377
5532 489648385
5533 489825425
5534 490002497
5535 490179601
5536 490356737
5537 490533905
5538 490711105
5539 490888337
5540 491065601
5541 491242897
5542 491420225
5543 491597585
5544 491774977
5545 491952401
5546 492129857
5547 492307345
5548 492484865
5549 492662417
5550 492840001
5551 493017617
5552 493195265
5553 493372945
5554 493550657
5555 493728401
5556 493906177
5557 494083985
5558 494261825
5559 494439697
5560 494617601
5561 494795537
5562 494973505
5563 495151505
5564 495329537
5565 495507601
5566 495685697
5567 495863825
5568 496041985
5569 496220177
5570 496398401
5571 496576657
5572 496754945
5573 496933265
5574 497111617
5575 497290001
5576 497468417
5577 497646865
5578 497825345
5579 498003857
5580 498182401
5581 498360977
5582 498539585
5583 498718225
5584 498896897
5585 499075601
5586 499254337
5587 499433105
5588 499611905
5589 499790737
5590 499969601
5591 500148497
5592 500327425
5593 500506385
5594 500685377
5595 500864401
5596 501043457
5597 501222545
5598 501401665
5599 501580817
5600 501760001
5601 501939217
5602 502118465
5603 502297745
5604 502477057
5605 502656401
5606 502835777
5607 503015185
5608 503194625
5609 503374097
5610 503553601
5611 503733137
5612 503912705
5613 504092305
5614 504271937
5615 504451601
5616 504631297
5617 504811025
5618 504990785
5619 505170577
5620 505350401
5621 505530257
5622 505710145
5623 505890065
5624 506070017
5625 506250001
5626 506430017
5627 506610065
5628 506790145
5629 506970257
5630 507150401
5631 507330577
5632 507510785
5633 507691025
5634 507871297
5635 508051601
5636 508231937
5637 508412305
5638 508592705
5639 508773137
5640 508953601
5641 509134097
5642 509314625
5643 509495185
5644 509675777
5645 509856401
5646 510037057
5647 510217745
5648 510398465
5649 510579217
5650 510760001
5651 510940817
5652 511121665
5653 511302545
5654 511483457
5655 511664401
5656 511845377
5657 512026385
5658 512207425
5659 512388497
5660 512569601
5661 512750737
5662 512931905
5663 513113105
5664 513294337
5665 513475601
5666 513656897
5667 513838225
5668 514019585
5669 514200977
5670 514382401
5671 514563857
5672 514745345
5673 514926865
5674 515108417
5675 515290001
5676 515471617
5677 515653265
5678 515834945
5679 516016657
5680 516198401
5681 516380177
5682 516561985
5683 516743825
5684 516925697
5685 517107601
5686 517289537
5687 517471505
5688 517653505
5689 517835537
5690 518017601
5691 518199697
5692 518381825
5693 518563985
5694 518746177
5695 518928401
5696 519110657
5697 519292945
5698 519475265
5699 519657617
5700 519840001
5701 520022417
5702 520204865
5703 520387345
5704 520569857
5705 520752401
5706 520934977
5707 521117585
5708 521300225
5709 521482897
5710 521665601
5711 521848337
5712 522031105
5713 522213905
5714 522396737
5715 522579601
5716 522762497
5717 522945425
5718 523128385
5719 523311377
5720 523494401
5721 523677457
5722 523860545
5723 524043665
5724 524226817
5725 524410001
5726 524593217
5727 524776465
5728 524959745
5729 525143057
5730 525326401
5731 525509777
5732 525693185
5733 525876625
5734 526060097
5735 526243601
5736 526427137
5737 526610705
5738 526794305
5739 526977937
5740 527161601
5741 527345297
5742 527529025
5743 527712785
5744 527896577
5745 528080401
5746 528264257
5747 528448145
5748 528632065
5749 528816017
5750 529000001
5751 529184017
5752 529368065
5753 529552145
5754 529736257
5755 529920401
5756 530104577
5757 530288785
5758 530473025
5759 530657297
5760 530841601
5761 531025937
5762 531210305
5763 531394705
5764 531579137
5765 531763601
5766 531948097
5767 532132625
5768 532317185
5769 532501777
5770 532686401
5771 532871057
5772 533055745
5773 533240465
5774 533425217
5775 533610001
5776 533794817
5777 533979665
5778 534164545
5779 534349457
5780 534534401
5781 534719377
5782 534904385
5783 535089425
5784 535274497
5785 535459601
5786 535644737
5787 535829905
5788 536015105
5789 536200337
5790 536385601
5791 536570897
5792 536756225
5793 536941585
5794 537126977
5795 537312401
5796 537497857
5797 537683345
5798 537868865
5799 538054417
5800 538240001
5801 538425617
5802 538611265
5803 538796945
5804 538982657
5805 539168401
5806 539354177
5807 539539985
5808 539725825
5809 539911697
5810 540097601
5811 540283537
5812 540469505
5813 540655505
5814 540841537
5815 541027601
5816 541213697
5817 541399825
5818 541585985
5819 541772177
5820 541958401
5821 542144657
5822 542330945
5823 542517265
5824 542703617
5825 542890001
5826 543076417
5827 543262865
5828 543449345
5829 543635857
5830 543822401
5831 544008977
5832 544195585
5833 544382225
5834 544568897
5835 544755601
5836 544942337
5837 545129105
5838 545315905
5839 545502737
5840 545689601
5841 545876497
5842 546063425
5843 546250385
5844 546437377
5845 546624401
5846 546811457
5847 546998545
5848 547185665
5849 547372817
5850 547560001
5851 547747217
5852 547934465
5853 548121745
5854 548309057
5855 548496401
5856 548683777
5857 548871185
5858 549058625
5859 549246097
5860 549433601
5861 549621137
5862 549808705
5863 549996305
5864 550183937
5865 550371601
5866 550559297
5867 550747025
5868 550934785
5869 551122577
5870 551310401
5871 551498257
5872 551686145
5873 551874065
5874 552062017
5875 552250001
5876 552438017
5877 552626065
5878 552814145
5879 553002257
5880 553190401
5881 553378577
5882 553566785
5883 553755025
5884 553943297
5885 554131601
5886 554319937
5887 554508305
5888 554696705
5889 554885137
5890 555073601
5891 555262097
5892 555450625
5893 555639185
5894 555827777
5895 556016401
5896 556205057
5897 556393745
5898 556582465
5899 556771217
5900 556960001
5901 557148817
5902 557337665
5903 557526545
5904 557715457
5905 557904401
5906 558093377
5907 558282385
5908 558471425
5909 558660497
5910 558849601
5911 559038737
5912 559227905
5913 559417105
5914 559606337
5915 559795601
5916 559984897
5917 560174225
5918 560363585
5919 560552977
5920 560742401
5921 560931857
5922 561121345
5923 561310865
5924 561500417
5925 561690001
5926 561879617
5927 562069265
5928 562258945
5929 562448657
5930 562638401
5931 562828177
5932 563017985
5933 563207825
5934 563397697
5935 563587601
5936 563777537
5937 563967505
5938 564157505
5939 564347537
5940 564537601
5941 564727697
5942 564917825
5943 565107985
5944 565298177
5945 565488401
5946 565678657
5947 565868945
5948 566059265
5949 566249617
5950 566440001
5951 566630417
5952 566820865
5953 567011345
5954 567201857
5955 567392401
5956 567582977
5957 567773585
5958 567964225
5959 568154897
5960 568345601
5961 568536337
5962 568727105
5963 568917905
5964 569108737
5965 569299601
5966 569490497
5967 569681425
5968 569872385
5969 570063377
5970 570254401
5971 570445457
5972 570636545
5973 570827665
5974 571018817
5975 571210001
5976 571401217
5977 571592465
5978 571783745
5979 571975057
5980 572166401
5981 572357777
5982 572549185
5983 572740625
5984 572932097
5985 573123601
5986 573315137
5987 573506705
5988 573698305
5989 573889937
5990 574081601
5991 574273297
5992 574465025
5993 574656785
5994 574848577
5995 575040401
5996 575232257
5997 575424145
5998 575616065
5999 575808017
6000 576000001
6001 576192017
6002 576384065
6003 576576145
6004 576768257
6005 576960401
6006 577152577
6007 577344785
6008 577537025
6009 577729297
6010 577921601
6011 578113937
6012 578306305
6013 578498705
6014 578691137
6015 578883601
6016 579076097
6017 579268625
6018 579461185
6019 579653777
6020 579846401
6021 580039057
6022 580231745
6023 580424465
6024 580617217
6025 580810001
6026 581002817
6027 581195665
6028 581388545
6029 581581457
6030 581774401
6031 581967377
6032 582160385
6033 582353425
6034 582546497
6035 582739601
6036 582932737
6037 583125905
6038 583319105
6039 583512337
6040 583705601
6041 583898897
6042 584092225
6043 584285585
6044 584478977
6045 584672401
6046 584865857
6047 585059345
6048 585252865
6049 585446417
6050 585640001
6051 585833617
6052 586027265
6053 586220945
6054 586414657
6055 586608401
6056 586802177
6057 586995985
6058 587189825
6059 587383697
6060 587577601
6061 587771537
6062 587965505
6063 588159505
6064 588353537
6065 588547601
6066 588741697
6067 588935825
6068 589129985
6069 589324177
6070 589518401
6071 589712657
6072 589906945
6073 590101265
6074 590295617
6075 590490001
6076 590684417
6077 590878865
6078 591073345
6079 591267857
6080 591462401
6081 591656977
6082 591851585
6083 592046225
6084 592240897
6085 592435601
6086 592630337
6087 592825105
6088 593019905
6089 593214737
6090 593409601
6091 593604497
6092 593799425
6093 593994385
6094 594189377
6095 594384401
6096 594579457
6097 594774545
6098 594969665
6099 595164817
6100 595360001
6101 595555217
6102 595750465
6103 595945745
6104 596141057
6105 596336401
6106 596531777
6107 596727185
6108 596922625
6109 597118097
6110 597313601
6111 597509137
6112 597704705
6113 597900305
6114 598095937
6115 598291601
6116 598487297
6117 598683025
6118 598878785
6119 599074577
6120 599270401
6121 599466257
6122 599662145
6123 599858065
6124 600054017
6125 600250001
6126 600446017
6127 600642065
6128 600838145
6129 601034257
6130 601230401
6131 601426577
6132 601622785
6133 601819025
6134 602015297
6135 602211601
6136 602407937
6137 602604305
6138 602800705
6139 602997137
6140 603193601
6141 603390097
6142 603586625
6143 603783185
6144 603979777
6145 604176401
6146 604373057
6147 604569745
6148 604766465
6149 604963217
6150 605160001
6151 605356817
6152 605553665
6153 605750545
6154 605947457
6155 606144401
6156 606341377
6157 606538385
6158 606735425
6159 606932497
6160 607129601
6161 607326737
6162 607523905
6163 607721105
6164 607918337
6165 608115601
6166 608312897
6167 608510225
6168 608707585
6169 608904977
6170 609102401
6171 609299857
6172 609497345
6173 609694865
6174 609892417
6175 610090001
6176 610287617
6177 610485265
6178 610682945
6179 610880657
6180 611078401
6181 611276177
6182 611473985
6183 611671825
6184 611869697
6185 612067601
6186 612265537
6187 612463505
6188 612661505
6189 612859537
6190 613057601
6191 613255697
6192 613453825
6193 613651985
6194 613850177
6195 614048401
6196 614246657
6197 614444945
6198 614643265
6199 614841617
6200 615040001
6201 615238417
6202 615436865
6203 615635345
6204 615833857
6205 616032401
6206 616230977
6207 616429585
6208 616628225
6209 616826897
6210 617025601
6211 617224337
6212 617423105
6213 617621905
6214 617820737
6215 618019601
6216 618218497
6217 618417425
6218 618616385
6219 618815377
6220 619014401
6221 619213457
6222 619412545
6223 619611665
6224 619810817
6225 620010001
6226 620209217
6227 620408465
6228 620607745
6229 620807057
6230 621006401
6231 621205777
6232 621405185
6233 621604625
6234 621804097
6235 622003601
6236 622203137
6237 622402705
6238 622602305
6239 622801937
6240 623001601
6241 623201297
6242 623401025
6243 623600785
6244 623800577
6245 624000401
6246 624200257
6247 624400145
6248 624600065
6249 624800017
6250 625000001
6251 625200017
6252 625400065
6253 625600145
6254 625800257
6255 626000401
6256 626200577
6257 626400785
6258 626601025
6259 626801297
6260 627001601
6261 627201937
6262 627402305
6263 627602705
6264 627803137
6265 628003601
6266 628204097
6267 628404625
6268 628605185
6269 628805777
6270 629006401
6271 629207057
6272 629407745
6273 629608465
6274 629809217
6275 630010001
6276 630210817
6277 630411665
6278 630612545
6279 630813457
6280 631014401
6281 631215377
6282 631416385
6283 631617425
6284 631818497
6285 632019601
6286 632220737
6287 632421905
6288 632623105
6289 632824337
6290 633025601
6291 633226897
6292 633428225
6293 633629585
6294 633830977
6295 634032401
6296 634233857
6297 634435345
6298 634636865
6299 634838417
6300 635040001
6301 635241617
6302 635443265
6303 635644945
6304 635846657
6305 636048401
6306 636250177
6307 636451985
6308 636653825
6309 636855697
6310 637057601
6311 637259537
6312 637461505
6313 637663505
6314 637865537
6315 638067601
6316 638269697
6317 638471825
6318 638673985
6319 638876177
6320 639078401
6321 639280657
6322 639482945
6323 639685265
6324 639887617
6325 640090001
6326 640292417
6327 640494865
6328 640697345
6329 640899857
6330 641102401
6331 641304977
6332 641507585
6333 641710225
6334 641912897
6335 642115601
6336 642318337
6337 642521105
6338 642723905
6339 642926737
6340 643129601
6341 643332497
6342 643535425
6343 643738385
6344 643941377
6345 644144401
6346 644347457
6347 644550545
6348 644753665
6349 644956817
6350 645160001
6351 645363217
6352 645566465
6353 645769745
6354 645973057
6355 646176401
6356 646379777
6357 646583185
6358 646786625
6359 646990097
6360 647193601
6361 647397137
6362 647600705
6363 647804305
6364 648007937
6365 648211601
6366 648415297
6367 648619025
6368 648822785
6369 649026577
6370 649230401
6371 649434257
6372 649638145
6373 649842065
6374 650046017
6375 650250001
6376 650454017
6377 650658065
6378 650862145
6379 651066257
6380 651270401
6381 651474577
6382 651678785
6383 651883025
6384 652087297
6385 652291601
6386 652495937
6387 652700305
6388 652904705
6389 653109137
6390 653313601
6391 653518097
6392 653722625
6393 653927185
6394 654131777
6395 654336401
6396 654541057
6397 654745745
6398 654950465
6399 655155217
6400 655360001
6401 655564817
6402 655769665
6403 655974545
6404 656179457
6405 656384401
6406 656589377
6407 656794385
6408 656999425
6409 657204497
6410 657409601
6411 657614737
6412 657819905
6413 658025105
6414 658230337
6415 658435601
6416 658640897
6417 658846225
6418 659051585
6419 659256977
6420 659462401
6421 659667857
6422 659873345
6423 660078865
6424 660284417
6425 660490001
6426 660695617
6427 660901265
6428 661106945
6429 661312657
6430 661518401
6431 661724177
6432 661929985
6433 662135825
6434 662341697
6435 662547601
6436 662753537
6437 662959505
6438 663165505
6439 663371537
6440 663577601
6441 663783697
6442 663989825
6443 664195985
6444 664402177
6445 664608401
6446 664814657
6447 665020945
6448 665227265
6449 665433617
6450 665640001
6451 665846417
6452 666052865
6453 666259345
6454 666465857
6455 666672401
6456 666878977
6457 667085585
6458 667292225
6459 667498897
6460 667705601
6461 667912337
6462 668119105
6463 668325905
6464 668532737
6465 668739601
6466 668946497
6467 669153425
6468 669360385
6469 669567377
6470 669774401
6471 669981457
6472 670188545
6473 670395665
6474 670602817
6475 670810001
6476 671017217
6477 671224465
6478 671431745
6479 671639057
6480 671846401
6481 672053777
6482 672261185
6483 672468625
6484 672676097
6485 672883601
6486 673091137
6487 673298705
6488 673506305
6489 673713937
6490 673921601
6491 674129297
6492 674337025
6493 674544785
6494 674752577
6495 674960401
6496 675168257
6497 675376145
6498 675584065
6499 675792017
6500 676000001
6501 676208017
6502 676416065
6503 676624145
6504 676832257
6505 677040401
6506 677248577
6507 677456785
6508 677665025
6509 677873297
6510 678081601
6511 678289937
6512 678498305
6513 678706705
6514 678915137
6515 679123601
6516 679332097
6517 679540625
6518 679749185
6519 679957777
6520 680166401
6521 680375057
6522 680583745
6523 680792465
6524 681001217
6525 681210001
6526 681418817
6527 681627665
6528 681836545
6529 682045457
6530 682254401
6531 682463377
6532 682672385
6533 682881425
6534 683090497
6535 683299601
6536 683508737
6537 683717905
6538 683927105
6539 684136337
6540 684345601
6541 684554897
6542 684764225
6543 684973585
6544 685182977
6545 685392401
6546 685601857
6547 685811345
6548 686020865
6549 686230417
6550 686440001
6551 686649617
6552 686859265
6553 687068945
6554 687278657
6555 687488401
6556 687698177
6557 687907985
6558 688117825
6559 688327697
6560 688537601
6561 688747537
6562 688957505
6563 689167505
6564 689377537
6565 689587601
6566 689797697
6567 690007825
6568 690217985
6569 690428177
6570 690638401
6571 690848657
6572 691058945
6573 691269265
6574 691479617
6575 691690001
6576 691900417
6577 692110865
6578 692321345
6579 692531857
6580 692742401
6581 692952977
6582 693163585
6583 693374225
6584 693584897
6585 693795601
6586 694006337
6587 694217105
6588 694427905
6589 694638737
6590 694849601
6591 695060497
6592 695271425
6593 695482385
6594 695693377
6595 695904401
6596 696115457
6597 696326545
6598 696537665
6599 696748817
6600 696960001
6601 697171217
6602 697382465
6603 697593745
6604 697805057
6605 698016401
6606 698227777
6607 698439185
6608 698650625
6609 698862097
6610 699073601
6611 699285137
6612 699496705
6613 699708305
6614 699919937
6615 700131601
6616 700343297
6617 700555025
6618 700766785
6619 700978577
6620 701190401
6621 701402257
6622 701614145
6623 701826065
6624 702038017
6625 702250001
6626 702462017
6627 702674065
6628 702886145
6629 703098257
6630 703310401
6631 703522577
6632 703734785
6633 703947025
6634 704159297
6635 704371601
6636 704583937
6637 704796305
6638 705008705
6639 705221137
6640 705433601
6641 705646097
6642 705858625
6643 706071185
6644 706283777
6645 706496401
6646 706709057
6647 706921745
6648 707134465
6649 707347217
6650 707560001
6651 707772817
6652 707985665
6653 708198545
6654 708411457
6655 708624401
6656 708837377
6657 709050385
6658 709263425
6659 709476497
6660 709689601
6661 709902737
6662 710115905
6663 710329105
6664 710542337
6665 710755601
6666 710968897
6667 711182225
6668 711395585
6669 711608977
6670 711822401
6671 712035857
6672 712249345
6673 712462865
6674 712676417
6675 712890001
6676 713103617
6677 713317265
6678 713530945
6679 713744657
6680 713958401
6681 714172177
6682 714385985
6683 714599825
6684 714813697
6685 715027601
6686 715241537
6687 715455505
6688 715669505
6689 715883537
6690 716097601
6691 716311697
6692 716525825
6693 716739985
6694 716954177
6695 717168401
6696 717382657
6697 717596945
6698 717811265
6699 718025617
6700 718240001
6701 718454417
6702 718668865
6703 718883345
6704 719097857
6705 719312401
6706 719526977
6707 719741585
6708 719956225
6709 720170897
6710 720385601
6711 720600337
6712 720815105
6713 721029905
6714 721244737
6715 721459601
6716 721674497
6717 721889425
6718 722104385
6719 722319377
6720 722534401
6721 722749457
6722 722964545
6723 723179665
6724 723394817
6725 723610001
6726 723825217
6727 724040465
6728 724255745
6729 724471057
6730 724686401
6731 724901777
6732 725117185
6733 725332625
6734 725548097
6735 725763601
6736 725979137
6737 726194705
6738 726410305
6739 726625937
6740 726841601
6741 727057297
6742 727273025
6743 727488785
6744 727704577
6745 727920401
6746 728136257
6747 728352145
6748 728568065
6749 728784017
6750 729000001
6751 729216017
6752 729432065
6753 729648145
6754 729864257
6755 730080401
6756 730296577
6757 730512785
6758 730729025
6759 730945297
6760 731161601
6761 731377937
6762 731594305
6763 731810705
6764 732027137
6765 732243601
6766 732460097
6767 732676625
6768 732893185
6769 733109777
6770 733326401
6771 733543057
6772 733759745
6773 733976465
6774 734193217
6775 734410001
6776 734626817
6777 734843665
6778 735060545
6779 735277457
6780 735494401
6781 735711377
6782 735928385
6783 736145425
6784 736362497
6785 736579601
6786 736796737
6787 737013905
6788 737231105
6789 737448337
6790 737665601
6791 737882897
6792 738100225
6793 738317585
6794 738534977
6795 738752401
6796 738969857
6797 739187345
6798 739404865
6799 739622417
6800 739840001
6801 740057617
6802 740275265
6803 740492945
6804 740710657
6805 740928401
6806 741146177
6807 741363985
6808 741581825
6809 741799697
6810 742017601
6811 742235537
6812 742453505
6813 742671505
6814 742889537
6815 743107601
6816 743325697
6817 743543825
6818 743761985
6819 743980177
6820 744198401
6821 744416657
6822 744634945
6823 744853265
6824 745071617
6825 745290001
6826 745508417
6827 745726865
6828 745945345
6829 746163857
6830 746382401
6831 746600977
6832 746819585
6833 747038225
6834 747256897
6835 747475601
6836 747694337
6837 747913105
6838 748131905
6839 748350737
6840 748569601
6841 748788497
6842 749007425
6843 749226385
6844 749445377
6845 749664401
6846 749883457
6847 750102545
6848 750321665
6849 750540817
6850 750760001
6851 750979217
6852 751198465
6853 751417745
6854 751637057
6855 751856401
6856 752075777
6857 752295185
6858 752514625
6859 752734097
6860 752953601
6861 753173137
6862 753392705
6863 753612305
6864 753831937
6865 754051601
6866 754271297
6867 754491025
6868 754710785
6869 754930577
6870 755150401
6871 755370257
6872 755590145
6873 755810065
6874 756030017
6875 756250001
6876 756470017
6877 756690065
6878 756910145
6879 757130257
6880 757350401
6881 757570577
6882 757790785
6883 758011025
6884 758231297
6885 758451601
6886 758671937
6887 758892305
6888 759112705
6889 759333137
6890 759553601
6891 759774097
6892 759994625
6893 760215185
6894 760435777
6895 760656401
6896 760877057
6897 761097745
6898 761318465
6899 761539217
6900 761760001
6901 761980817
6902 762201665
6903 762422545
6904 762643457
6905 762864401
6906 763085377
6907 763306385
6908 763527425
6909 763748497
6910 763969601
6911 764190737
6912 764411905
6913 764633105
6914 764854337
6915 765075601
6916 765296897
6917 765518225
6918 765739585
6919 765960977
6920 766182401
6921 766403857
6922 766625345
6923 766846865
6924 767068417
6925 767290001
6926 767511617
6927 767733265
6928 767954945
6929 768176657
6930 768398401
6931 768620177
6932 768841985
6933 769063825
6934 769285697
6935 769507601
6936 769729537
6937 769951505
6938 770173505
6939 770395537
6940 770617601
6941 770839697
6942 771061825
6943 771283985
6944 771506177
6945 771728401
6946 771950657
6947 772172945
6948 772395265
6949 772617617
6950 772840001
6951 773062417
6952 773284865
6953 773507345
6954 773729857
6955 773952401
6956 774174977
6957 774397585
6958 774620225
6959 774842897
6960 775065601
6961 775288337
6962 775511105
6963 775733905
6964 775956737
6965 776179601
6966 776402497
6967 776625425
6968 776848385
6969 777071377
6970 777294401
6971 777517457
6972 777740545
6973 777963665
6974 778186817
6975 778410001
6976 778633217
6977 778856465
6978 779079745
6979 779303057
6980 779526401
6981 779749777
6982 779973185
6983 780196625
6984 780420097
6985 780643601
6986 780867137
6987 781090705
6988 781314305
6989 781537937
6990 781761601
6991 781985297
6992 782209025
6993 782432785
6994 782656577
6995 782880401
6996 783104257
6997 783328145
6998 783552065
6999 783776017
7000 784000001
7001 784224017
7002 784448065
7003 784672145
7004 784896257
7005 785120401
7006 785344577
7007 785568785
7008 785793025
7009 786017297
7010 786241601
7011 786465937
7012 786690305
7013 786914705
7014 787139137
7015 787363601
7016 787588097
7017 787812625
7018 788037185
7019 788261777
7020 788486401
7021 788711057
7022 788935745
7023 789160465
7024 789385217
7025 789610001
7026 789834817
7027 790059665
7028 790284545
7029 790509457
7030 790734401
7031 790959377
7032 791184385
7033 791409425
7034 791634497
7035 791859601
7036 792084737
7037 792309905
7038 792535105
7039 792760337
7040 792985601
7041 793210897
7042 793436225
7043 793661585
7044 793886977
7045 794112401
7046 794337857
7047 794563345
7048 794788865
7049 795014417
7050 795240001
7051 795465617
7052 795691265
7053 795916945
7054 796142657
7055 796368401
7056 796594177
7057 796819985
7058 797045825
7059 797271697
7060 797497601
7061 797723537
7062 797949505
7063 798175505
7064 798401537
7065 798627601
7066 798853697
7067 799079825
7068 799305985
7069 799532177
7070 799758401
7071 799984657
7072 800210945
7073 800437265
7074 800663617
7075 800890001
7076 801116417
7077 801342865
7078 801569345
7079 801795857
7080 802022401
7081 802248977
7082 802475585
7083 802702225
7084 802928897
7085 803155601
7086 803382337
7087 803609105
7088 803835905
7089 804062737
7090 804289601
7091 804516497
7092 804743425
7093 804970385
7094 805197377
7095 805424401
7096 805651457
7097 805878545
7098 806105665
7099 806332817
7100 806560001
7101 806787217
7102 807014465
7103 807241745
7104 807469057
7105 807696401
7106 807923777
7107 808151185
7108 808378625
7109 808606097
7110 808833601
7111 809061137
7112 809288705
7113 809516305
7114 809743937
7115 809971601
7116 810199297
7117 810427025
7118 810654785
7119 810882577
7120 811110401
7121 811338257
7122 811566145
7123 811794065
7124 812022017
7125 812250001
7126 812478017
7127 812706065
7128 812934145
7129 813162257
7130 813390401
7131 813618577
7132 813846785
7133 814075025
7134 814303297
7135 814531601
7136 814759937
7137 814988305
7138 815216705
7139 815445137
7140 815673601
7141 815902097
7142 816130625
7143 816359185
7144 816587777
7145 816816401
7146 817045057
7147 817273745
7148 817502465
7149 817731217
7150 817960001
7151 818188817
7152 818417665
7153 818646545
7154 818875457
7155 819104401
7156 819333377
7157 819562385
7158 819791425
7159 820020497
7160 820249601
7161 820478737
7162 820707905
7163 820937105
7164 821166337
7165 821395601
7166 821624897
7167 821854225
7168 822083585
7169 822312977
7170 822542401
7171 822771857
7172 823001345
7173 823230865
7174 823460417
7175 823690001
7176 823919617
7177 824149265
7178 824378945
7179 824608657
7180 824838401
7181 825068177
7182 825297985
7183 825527825
7184 825757697
7185 825987601
7186 826217537
7187 826447505
7188 826677505
7189 826907537
7190 827137601
7191 827367697
7192 827597825
7193 827827985
7194 828058177
7195 828288401
7196 828518657
7197 828748945
7198 828979265
7199 829209617
7200 829440001
7201 829670417
7202 829900865
7203 830131345
7204 830361857
7205 830592401
7206 830822977
7207 831053585
7208 831284225
7209 831514897
7210 831745601
7211 831976337
7212 832207105
7213 832437905
7214 832668737
7215 832899601
7216 833130497
7217 833361425
7218 833592385
7219 833823377
7220 834054401
7221 834285457
7222 834516545
7223 834747665
7224 834978817
7225 835210001
7226 835441217
7227 835672465
7228 835903745
7229 836135057
7230 836366401
7231 836597777
7232 836829185
7233 837060625
7234 837292097
7235 837523601
7236 837755137
7237 837986705
7238 838218305
7239 838449937
7240 838681601
7241 838913297
7242 839145025
7243 839376785
7244 839608577
7245 839840401
7246 840072257
7247 840304145
7248 840536065
7249 840768017
7250 841000001
7251 841232017
7252 841464065
7253 841696145
7254 841928257
7255 842160401
7256 842392577
7257 842624785
7258 842857025
7259 843089297
7260 843321601
7261 843553937
7262 843786305
7263 844018705
7264 844251137
7265 844483601
7266 844716097
7267 844948625
7268 845181185
7269 845413777
7270 845646401
7271 845879057
7272 846111745
7273 846344465
7274 846577217
7275 846810001
7276 847042817
7277 847275665
7278 847508545
7279 847741457
7280 847974401
7281 848207377
7282 848440385
7283 848673425
7284 848906497
7285 849139601
7286 849372737
7287 849605905
7288 849839105
7289 850072337
7290 850305601
7291 850538897
7292 850772225
7293 851005585
7294 851238977
7295 851472401
7296 851705857
7297 851939345
7298 852172865
7299 852406417
7300 852640001
7301 852873617
7302 853107265
7303 853340945
7304 853574657
7305 853808401
7306 854042177
7307 854275985
7308 854509825
7309 854743697
7310 854977601
7311 855211537
7312 855445505
7313 855679505
7314 855913537
7315 856147601
7316 856381697
7317 856615825
7318 856849985
7319 857084177
7320 857318401
7321 857552657
7322 857786945
7323 858021265
7324 858255617
7325 858490001
7326 858724417
7327 858958865
7328 859193345
7329 859427857
7330 859662401
7331 859896977
7332 860131585
7333 860366225
7334 860600897
7335 860835601
7336 861070337
7337 861305105
7338 861539905
7339 861774737
7340 862009601
7341 862244497
7342 862479425
7343 862714385
7344 862949377
7345 863184401
7346 863419457
7347 863654545
7348 863889665
7349 864124817
7350 864360001
7351 864595217
7352 864830465
7353 865065745
7354 865301057
7355 865536401
7356 865771777
7357 866007185
7358 866242625
7359 866478097
7360 866713601
7361 866949137
7362 867184705
7363 867420305
7364 867655937
7365 867891601
7366 868127297
7367 868363025
7368 868598785
7369 868834577
7370 869070401
7371 869306257
7372 869542145
7373 869778065
7374 870014017
7375 870250001
7376 870486017
7377 870722065
7378 870958145
7379 871194257
7380 871430401
7381 871666577
7382 871902785
7383 872139025
7384 872375297
7385 872611601
7386 872847937
7387 873084305
7388 873320705
7389 873557137
7390 873793601
7391 874030097
7392 874266625
7393 874503185
7394 874739777
7395 874976401
7396 875213057
7397 875449745
7398 875686465
7399 875923217
7400 876160001
7401 876396817
7402 876633665
7403 876870545
7404 877107457
7405 877344401
7406 877581377
7407 877818385
7408 878055425
7409 878292497
7410 878529601
7411 878766737
7412 879003905
7413 879241105
7414 879478337
7415 879715601
7416 879952897
7417 880190225
7418 880427585
7419 880664977
7420 880902401
7421 881139857
7422 881377345
7423 881614865
7424 881852417
7425 882090001
7426 882327617
7427 882565265
7428 882802945
7429 883040657
7430 883278401
7431 883516177
7432 883753985
7433 883991825
7434 884229697
7435 884467601
7436 884705537
7437 884943505
7438 885181505
7439 885419537
7440 885657601
7441 885895697
7442 886133825
7443 886371985
7444 886610177
7445 886848401
7446 887086657
7447 887324945
7448 887563265
7449 887801617
7450 888040001
7451 888278417
7452 888516865
7453 888755345
7454 888993857
7455 889232401
7456 889470977
7457 889709585
7458 889948225
7459 890186897
7460 890425601
7461 890664337
7462 890903105
7463 891141905
7464 891380737
7465 891619601
7466 891858497
7467 892097425
7468 892336385
7469 892575377
7470 892814401
7471 893053457
7472 893292545
7473 893531665
7474 893770817
7475 894010001
7476 894249217
7477 894488465
7478 894727745
7479 894967057
7480 895206401
7481 895445777
7482 895685185
7483 895924625
7484 896164097
7485 896403601
7486 896643137
7487 896882705
7488 897122305
7489 897361937
7490 897601601
7491 897841297
7492 898081025
7493 898320785
7494 898560577
7495 898800401
7496 899040257
7497 899280145
7498 899520065
7499 899760017
7500 900000001
7501 900240017
7502 900480065
7503 900720145
7504 900960257
7505 901200401
7506 901440577
7507 901680785
7508 901921025
7509 902161297
7510 902401601
7511 902641937
7512 902882305
7513 903122705
7514 903363137
7515 903603601
7516 903844097
7517 904084625
7518 904325185
7519 904565777
7520 904806401
7521 905047057
7522 905287745
7523 905528465
7524 905769217
7525 906010001
7526 906250817
7527 906491665
7528 906732545
7529 906973457
7530 907214401
7531 907455377
7532 907696385
7533 907937425
7534 908178497
7535 908419601
7536 908660737
7537 908901905
7538 909143105
7539 909384337
7540 909625601
7541 909866897
7542 910108225
7543 910349585
7544 910590977
7545 910832401
7546 911073857
7547 911315345
7548 911556865
7549 911798417
7550 912040001
7551 912281617
7552 912523265
7553 912764945
7554 913006657
7555 913248401
7556 913490177
7557 913731985
7558 913973825
7559 914215697
7560 914457601
7561 914699537
7562 914941505
7563 915183505
7564 915425537
7565 915667601
7566 915909697
7567 916151825
7568 916393985
7569 916636177
7570 916878401
7571 917120657
7572 917362945
7573 917605265
7574 917847617
7575 918090001
7576 918332417
7577 918574865
7578 918817345
7579 919059857
7580 919302401
7581 919544977
7582 919787585
7583 920030225
7584 920272897
7585 920515601
7586 920758337
7587 921001105
7588 921243905
7589 921486737
7590 921729601
7591 921972497
7592 922215425
7593 922458385
7594 922701377
7595 922944401
7596 923187457
7597 923430545
7598 923673665
7599 923916817
7600 924160001
7601 924403217
7602 924646465
7603 924889745
7604 925133057
7605 925376401
7606 925619777
7607 925863185
7608 926106625
7609 926350097
7610 926593601
7611 926837137
7612 927080705
7613 927324305
7614 927567937
7615 927811601
7616 928055297
7617 928299025
7618 928542785
7619 928786577
7620 929030401
7621 929274257
7622 929518145
7623 929762065
7624 930006017
7625 930250001
7626 930494017
7627 930738065
7628 930982145
7629 931226257
7630 931470401
7631 931714577
7632 931958785
7633 932203025
7634 932447297
7635 932691601
7636 932935937
7637 933180305
7638 933424705
7639 933669137
7640 933913601
7641 934158097
7642 934402625
7643 934647185
7644 934891777
7645 935136401
7646 935381057
7647 935625745
7648 935870465
7649 936115217
7650 936360001
7651 936604817
7652 936849665
7653 937094545
7654 937339457
7655 937584401
7656 937829377
7657 938074385
7658 938319425
7659 938564497
7660 938809601
7661 939054737
7662 939299905
7663 939545105
7664 939790337
7665 940035601
7666 940280897
7667 940526225
7668 940771585
7669 941016977
7670 941262401
7671 941507857
7672 941753345
7673 941998865
7674 942244417
7675 942490001
7676 942735617
7677 942981265
7678 943226945
7679 943472657
7680 943718401
7681 943964177
7682 944209985
7683 944455825
7684 944701697
7685 944947601
7686 945193537
7687 945439505
7688 945685505
7689 945931537
7690 946177601
7691 946423697
7692 946669825
7693 946915985
7694 947162177
7695 947408401
7696 947654657
7697 947900945
7698 948147265
7699 948393617
7700 948640001
7701 948886417
7702 949132865
7703 949379345
7704 949625857
7705 949872401
7706 950118977
7707 950365585
7708 950612225
7709 950858897
7710 951105601
7711 951352337
7712 951599105
7713 951845905
7714 952092737
7715 952339601
7716 952586497
7717 952833425
7718 953080385
7719 953327377
7720 953574401
7721 953821457
7722 954068545
7723 954315665
7724 954562817
7725 954810001
7726 955057217
7727 955304465
7728 955551745
7729 955799057
7730 956046401
7731 956293777
7732 956541185
7733 956788625
7734 957036097
7735 957283601
7736 957531137
7737 957778705
7738 958026305
7739 958273937
7740 958521601
7741 958769297
7742 959017025
7743 959264785
7744 959512577
7745 959760401
7746 960008257
7747 960256145
7748 960504065
7749 960752017
7750 961000001
7751 961248017
7752 961496065
7753 961744145
7754 961992257
7755 962240401
7756 962488577
7757 962736785
7758 962985025
7759 963233297
7760 963481601
7761 963729937
7762 963978305
7763 964226705
7764 964475137
7765 964723601
7766 964972097
7767 965220625
7768 965469185
7769 965717777
7770 965966401
7771 966215057
7772 966463745
7773 966712465
7774 966961217
7775 967210001
7776 967458817
7777 967707665
7778 967956545
7779 968205457
7780 968454401
7781 968703377
7782 968952385
7783 969201425
7784 969450497
7785 969699601
7786 969948737
7787 970197905
7788 970447105
7789 970696337
7790 970945601
7791 971194897
7792 971444225
7793 971693585
7794 971942977
7795 972192401
7796 972441857
7797 972691345
7798 972940865
7799 973190417
7800 973440001
7801 973689617
7802 973939265
7803 974188945
7804 974438657
7805 974688401
7806 974938177
7807 975187985
7808 975437825
7809 975687697
7810 975937601
7811 976187537
7812 976437505
7813 976687505
7814 976937537
7815 977187601
7816 977437697
7817 977687825
7818 977937985
7819 978188177
7820 978438401
7821 978688657
7822 978938945
7823 979189265
7824 979439617
7825 979690001
7826 979940417
7827 980190865
7828 980441345
7829 980691857
7830 980942401
7831 981192977
7832 981443585
7833 981694225
7834 981944897
7835 982195601
7836 982446337
7837 982697105
7838 982947905
7839 983198737
7840 983449601
7841 983700497
7842 983951425
7843 984202385
7844 984453377
7845 984704401
7846 984955457
7847 985206545
7848 985457665
7849 985708817
7850 985960001
7851 986211217
7852 986462465
7853 986713745
7854 986965057
7855 987216401
7856 987467777
7857 987719185
7858 987970625
7859 988222097
7860 988473601
7861 988725137
7862 988976705
7863 989228305
7864 989479937
7865 989731601
7866 989983297
7867 990235025
7868 990486785
7869 990738577
7870 990990401
7871 991242257
7872 991494145
7873 991746065
7874 991998017
7875 992250001
7876 992502017
7877 992754065
7878 993006145
7879 993258257
7880 993510401
7881 993762577
7882 994014785
7883 994267025
7884 994519297
7885 994771601
7886 995023937
7887 995276305
7888 995528705
7889 995781137
7890 996033601
7891 996286097
7892 996538625
7893 996791185
7894 997043777
7895 997296401
7896 997549057
7897 997801745
7898 998054465
7899 998307217
7900 998560001
7901 998812817
7902 999065665
7903 999318545
7904 999571457
7905 999824401
7906 1000077377
7907 1000330385
7908 1000583425
7909 1000836497
7910 1001089601
7911 1001342737
7912 1001595905
7913 1001849105
7914 1002102337
7915 1002355601
7916 1002608897
7917 1002862225
7918 1003115585
7919 1003368977
7920 1003622401
7921 1003875857
7922 1004129345
7923 1004382865
7924 1004636417
7925 1004890001
7926 1005143617
7927 1005397265
7928 1005650945
7929 1005904657
7930 1006158401
7931 1006412177
7932 1006665985
7933 1006919825
7934 1007173697
7935 1007427601
7936 1007681537
7937 1007935505
7938 1008189505
7939 1008443537
7940 1008697601
7941 1008951697
7942 1009205825
7943 1009459985
7944 1009714177
7945 1009968401
7946 1010222657
7947 1010476945
7948 1010731265
7949 1010985617
7950 1011240001
7951 1011494417
7952 1011748865
7953 1012003345
7954 1012257857
7955 1012512401
7956 1012766977
7957 1013021585
7958 1013276225
7959 1013530897
7960 1013785601
7961 1014040337
7962 1014295105
7963 1014549905
7964 1014804737
7965 1015059601
7966 1015314497
7967 1015569425
7968 1015824385
7969 1016079377
7970 1016334401
7971 1016589457
7972 1016844545
7973 1017099665
7974 1017354817
7975 1017610001
7976 1017865217
7977 1018120465
7978 1018375745
7979 1018631057
7980 1018886401
7981 1019141777
7982 1019397185
7983 1019652625
7984 1019908097
7985 1020163601
7986 1020419137
7987 1020674705
7988 1020930305
7989 1021185937
7990 1021441601
7991 1021697297
7992 1021953025
7993 1022208785
7994 1022464577
7995 1022720401
7996 1022976257
7997 1023232145
7998 1023488065
7999 1023744017
8000 1024000001
8001 1024256017
8002 1024512065
8003 1024768145
8004 1025024257
8005 1025280401
8006 1025536577
8007 1025792785
8008 1026049025
8009 1026305297
8010 1026561601
8011 1026817937
8012 1027074305
8013 1027330705
8014 1027587137
8015 1027843601
8016 1028100097
8017 1028356625
8018 1028613185
8019 1028869777
8020 1029126401
8021 1029383057
8022 1029639745
8023 1029896465
8024 1030153217
8025 1030410001
8026 1030666817
8027 1030923665
8028 1031180545
8029 1031437457
8030 1031694401
8031 1031951377
8032 1032208385
8033 1032465425
8034 1032722497
8035 1032979601
8036 1033236737
8037 1033493905
8038 1033751105
8039 1034008337
8040 1034265601
8041 1034522897
8042 1034780225
8043 1035037585
8044 1035294977
8045 1035552401
8046 1035809857
8047 1036067345
8048 1036324865
8049 1036582417
8050 1036840001
8051 1037097617
8052 1037355265
8053 1037612945
8054 1037870657
8055 1038128401
8056 1038386177
8057 1038643985
8058 1038901825
8059 1039159697
8060 1039417601
8061 1039675537
8062 1039933505
8063 1040191505
8064 1040449537
8065 1040707601
8066 1040965697
8067 1041223825
8068 1041481985
8069 1041740177
8070 1041998401
8071 1042256657
8072 1042514945
8073 1042773265
8074 1043031617
8075 1043290001
8076 1043548417
8077 1043806865
8078 1044065345
8079 1044323857
8080 1044582401
8081 1044840977
8082 1045099585
8083 1045358225
8084 1045616897
8085 1045875601
8086 1046134337
8087 1046393105
8088 1046651905
8089 1046910737
8090 1047169601
8091 1047428497
8092 1047687425
8093 1047946385
8094 1048205377
8095 1048464401
8096 1048723457
8097 1048982545
8098 1049241665
8099 1049500817
8100 1049760001
8101 1050019217
8102 1050278465
8103 1050537745
8104 1050797057
8105 1051056401
8106 1051315777
8107 1051575185
8108 1051834625
8109 1052094097
8110 1052353601
8111 1052613137
8112 1052872705
8113 1053132305
8114 1053391937
8115 1053651601
8116 1053911297
8117 1054171025
8118 1054430785
8119 1054690577
8120 1054950401
8121 1055210257
8122 1055470145
8123 1055730065
8124 1055990017
8125 1056250001
8126 1056510017
8127 1056770065
8128 1057030145
8129 1057290257
8130 1057550401
8131 1057810577
8132 1058070785
8133 1058331025
8134 1058591297
8135 1058851601
8136 1059111937
8137 1059372305
8138 1059632705
8139 1059893137
8140 1060153601
8141 1060414097
8142 1060674625
8143 1060935185
8144 1061195777
8145 1061456401
8146 1061717057
8147 1061977745
8148 1062238465
8149 1062499217
8150 1062760001
8151 1063020817
8152 1063281665
8153 1063542545
8154 1063803457
8155 1064064401
8156 1064325377
8157 1064586385
8158 1064847425
8159 1065108497
8160 1065369601
8161 1065630737
8162 1065891905
8163 1066153105
8164 1066414337
8165 1066675601
8166 1066936897
8167 1067198225
8168 1067459585
8169 1067720977
8170 1067982401
8171 1068243857
8172 1068505345
8173 1068766865
8174 1069028417
8175 1069290001
8176 1069551617
8177 1069813265
8178 1070074945
8179 1070336657
8180 1070598401
8181 1070860177
8182 1071121985
8183 1071383825
8184 1071645697
8185 1071907601
8186 1072169537
8187 1072431505
8188 1072693505
8189 1072955537
8190 1073217601
8191 1073479697
8192 1073741825
8193 1074003985
8194 1074266177
8195 1074528401
8196 1074790657
8197 1075052945
8198 1075315265
8199 1075577617
8200 1075840001
8201 1076102417
8202 1076364865
8203 1076627345
8204 1076889857
8205 1077152401
8206 1077414977
8207 1077677585
8208 1077940225
8209 1078202897
8210 1078465601
8211 1078728337
8212 1078991105
8213 1079253905
8214 1079516737
8215 1079779601
8216 1080042497
8217 1080305425
8218 1080568385
8219 1080831377
8220 1081094401
8221 1081357457
8222 1081620545
8223 1081883665
8224 1082146817
8225 1082410001
8226 1082673217
8227 1082936465
8228 1083199745
8229 1083463057
8230 1083726401
8231 1083989777
8232 1084253185
8233 1084516625
8234 1084780097
8235 1085043601
8236 1085307137
8237 1085570705
8238 1085834305
8239 1086097937
8240 1086361601
8241 1086625297
8242 1086889025
8243 1087152785
8244 1087416577
8245 1087680401
8246 1087944257
8247 1088208145
8248 1088472065
8249 1088736017
8250 1089000001
8251 1089264017
8252 1089528065
8253 1089792145
8254 1090056257
8255 1090320401
8256 1090584577
8257 1090848785
8258 1091113025
8259 1091377297
8260 1091641601
8261 1091905937
8262 1092170305
8263 1092434705
8264 1092699137
8265 1092963601
8266 1093228097
8267 1093492625
8268 1093757185
8269 1094021777
8270 1094286401
8271 1094551057
8272 1094815745
8273 1095080465
8274 1095345217
8275 1095610001
8276 1095874817
8277 1096139665
8278 1096404545
8279 1096669457
8280 1096934401
8281 1097199377
8282 1097464385
8283 1097729425
8284 1097994497
8285 1098259601
8286 1098524737
8287 1098789905
8288 1099055105
8289 1099320337
8290 1099585601
8291 1099850897
8292 1100116225
8293 1100381585
8294 1100646977
8295 1100912401
8296 1101177857
8297 1101443345
8298 1101708865
8299 1101974417
8300 1102240001
8301 1102505617
8302 1102771265
8303 1103036945
8304 1103302657
8305 1103568401
8306 1103834177
8307 1104099985
8308 1104365825
8309 1104631697
8310 1104897601
8311 1105163537
8312 1105429505
8313 1105695505
8314 1105961537
8315 1106227601
8316 1106493697
8317 1106759825
8318 1107025985
8319 1107292177
8320 1107558401
8321 1107824657
8322 1108090945
8323 1108357265
8324 1108623617
8325 1108890001
8326 1109156417
8327 1109422865
8328 1109689345
8329 1109955857
8330 1110222401
8331 1110488977
8332 1110755585
8333 1111022225
8334 1111288897
8335 1111555601
8336 1111822337
8337 1112089105
8338 1112355905
8339 1112622737
8340 1112889601
8341 1113156497
8342 1113423425
8343 1113690385
8344 1113957377
8345 1114224401
8346 1114491457
8347 1114758545
8348 1115025665
8349 1115292817
8350 1115560001
8351 1115827217
8352 1116094465
8353 1116361745
8354 1116629057
8355 1116896401
8356 1117163777
8357 1117431185
8358 1117698625
8359 1117966097
8360 1118233601
8361 1118501137
8362 1118768705
8363 1119036305
8364 1119303937
8365 1119571601
8366 1119839297
8367 1120107025
8368 1120374785
8369 1120642577
8370 1120910401
8371 1121178257
8372 1121446145
8373 1121714065
8374 1121982017
8375 1122250001
8376 1122518017
8377 1122786065
8378 1123054145
8379 1123322257
8380 1123590401
8381 1123858577
8382 1124126785
8383 1124395025
8384 1124663297
8385 1124931601
8386 1125199937
8387 1125468305
8388 1125736705
8389 1126005137
8390 1126273601
8391 1126542097
8392 1126810625
8393 1127079185
8394 1127347777
8395 1127616401
8396 1127885057
8397 1128153745
8398 1128422465
8399 1128691217
8400 1128960001
8401 1129228817
8402 1129497665
8403 1129766545
8404 1130035457
8405 1130304401
8406 1130573377
8407 1130842385
8408 1131111425
8409 1131380497
8410 1131649601
8411 1131918737
8412 1132187905
8413 1132457105
8414 1132726337
8415 1132995601
8416 1133264897
8417 1133534225
8418 1133803585
8419 1134072977
8420 1134342401
8421 1134611857
8422 1134881345
8423 1135150865
8424 1135420417
8425 1135690001
8426 1135959617
8427 1136229265
8428 1136498945
8429 1136768657
8430 1137038401
8431 1137308177
8432 1137577985
8433 1137847825
8434 1138117697
8435 1138387601
8436 1138657537
8437 1138927505
8438 1139197505
8439 1139467537
8440 1139737601
8441 1140007697
8442 1140277825
8443 1140547985
8444 1140818177
8445 1141088401
8446 1141358657
8447 1141628945
8448 1141899265
8449 1142169617
8450 1142440001
8451 1142710417
8452 1142980865
8453 1143251345
8454 1143521857
8455 1143792401
8456 1144062977
8457 1144333585
8458 1144604225
8459 1144874897
8460 1145145601
8461 1145416337
8462 1145687105
8463 1145957905
8464 1146228737
8465 1146499601
8466 1146770497
8467 1147041425
8468 1147312385
8469 1147583377
8470 1147854401
8471 1148125457
8472 1148396545
8473 1148667665
8474 1148938817
8475 1149210001
8476 1149481217
8477 1149752465
8478 1150023745
8479 1150295057
8480 1150566401
8481 1150837777
8482 1151109185
8483 1151380625
8484 1151652097
8485 1151923601
8486 1152195137
8487 1152466705
8488 1152738305
8489 1153009937
8490 1153281601
8491 1153553297
8492 1153825025
8493 1154096785
8494 1154368577
8495 1154640401
8496 1154912257
8497 1155184145
8498 1155456065
8499 1155728017
8500 1156000001
8501 1156272017
8502 1156544065
8503 1156816145
8504 1157088257
8505 1157360401
8506 1157632577
8507 1157904785
8508 1158177025
8509 1158449297
8510 1158721601
8511 1158993937
8512 1159266305
8513 1159538705
8514 1159811137
8515 1160083601
8516 1160356097
8517 1160628625
8518 1160901185
8519 1161173777
8520 1161446401
8521 1161719057
8522 1161991745
8523 1162264465
8524 1162537217
8525 1162810001
8526 1163082817
8527 1163355665
8528 1163628545
8529 1163901457
8530 1164174401
8531 1164447377
8532 1164720385
8533 1164993425
8534 1165266497
8535 1165539601
8536 1165812737
8537 1166085905
8538 1166359105
8539 1166632337
8540 1166905601
8541 1167178897
8542 1167452225
8543 1167725585
8544 1167998977
8545 1168272401
8546 1168545857
8547 1168819345
8548 1169092865
8549 1169366417
8550 1169640001
8551 1169913617
8552 1170187265
8553 1170460945
8554 1170734657
8555 1171008401
8556 1171282177
8557 1171555985
8558 1171829825
8559 1172103697
8560 1172377601
8561 1172651537
8562 1172925505
8563 1173199505
8564 1173473537
8565 1173747601
8566 1174021697
8567 1174295825
8568 1174569985
8569 1174844177
8570 1175118401
8571 1175392657
8572 1175666945
8573 1175941265
8574 1176215617
8575 1176490001
8576 1176764417
8577 1177038865
8578 1177313345
8579 1177587857
8580 1177862401
8581 1178136977
8582 1178411585
8583 1178686225
8584 1178960897
8585 1179235601
8586 1179510337
8587 1179785105
8588 1180059905
8589 1180334737
8590 1180609601
8591 1180884497
8592 1181159425
8593 1181434385
8594 1181709377
8595 1181984401
8596 1182259457
8597 1182534545
8598 1182809665
8599 1183084817
8600 1183360001
8601 1183635217
8602 1183910465
8603 1184185745
8604 1184461057
8605 1184736401
8606 1185011777
8607 1185287185
8608 1185562625
8609 1185838097
8610 1186113601
8611 1186389137
8612 1186664705
8613 1186940305
8614 1187215937
8615 1187491601
8616 1187767297
8617 1188043025
8618 1188318785
8619 1188594577
8620 1188870401
8621 1189146257
8622 1189422145
8623 1189698065
8624 1189974017
8625 1190250001
8626 1190526017
8627 1190802065
8628 1191078145
8629 1191354257
8630 1191630401
8631 1191906577
8632 1192182785
8633 1192459025
8634 1192735297
8635 1193011601
8636 1193287937
8637 1193564305
8638 1193840705
8639 1194117137
8640 1194393601
8641 1194670097
8642 1194946625
8643 1195223185
8644 1195499777
8645 1195776401
8646 1196053057
8647 1196329745
8648 1196606465
8649 1196883217
8650 1197160001
8651 1197436817
8652 1197713665
8653 1197990545
8654 1198267457
8655 1198544401
8656 1198821377
8657 1199098385
8658 1199375425
8659 1199652497
8660 1199929601
8661 1200206737
8662 1200483905
8663 1200761105
8664 1201038337
8665 1201315601
8666 1201592897
8667 1201870225
8668 1202147585
8669 1202424977
8670 1202702401
8671 1202979857
8672 1203257345
8673 1203534865
8674 1203812417
8675 1204090001
8676 1204367617
8677 1204645265
8678 1204922945
8679 1205200657
8680 1205478401
8681 1205756177
8682 1206033985
8683 1206311825
8684 1206589697
8685 1206867601
8686 1207145537
8687 1207423505
8688 1207701505
8689 1207979537
8690 1208257601
8691 1208535697
8692 1208813825
8693 1209091985
8694 1209370177
8695 1209648401
8696 1209926657
8697 1210204945
8698 1210483265
8699 1210761617
8700 1211040001
8701 1211318417
8702 1211596865
8703 1211875345
8704 1212153857
8705 1212432401
8706 1212710977
8707 1212989585
8708 1213268225
8709 1213546897
8710 1213825601
8711 1214104337
8712 1214383105
8713 1214661905
8714 1214940737
8715 1215219601
8716 1215498497
8717 1215777425
8718 1216056385
8719 1216335377
8720 1216614401
8721 1216893457
8722 1217172545
8723 1217451665
8724 1217730817
8725 1218010001
8726 1218289217
8727 1218568465
8728 1218847745
8729 1219127057
8730 1219406401
8731 1219685777
8732 1219965185
8733 1220244625
8734 1220524097
8735 1220803601
8736 1221083137
8737 1221362705
8738 1221642305
8739 1221921937
8740 1222201601
8741 1222481297
8742 1222761025
8743 1223040785
8744 1223320577
8745 1223600401
8746 1223880257
8747 1224160145
8748 1224440065
8749 1224720017
8750 1225000001
8751 1225280017
8752 1225560065
8753 1225840145
8754 1226120257
8755 1226400401
8756 1226680577
8757 1226960785
8758 1227241025
8759 1227521297
8760 1227801601
8761 1228081937
8762 1228362305
8763 1228642705
8764 1228923137
8765 1229203601
8766 1229484097
8767 1229764625
8768 1230045185
8769 1230325777
8770 1230606401
8771 1230887057
8772 1231167745
8773 1231448465
8774 1231729217
8775 1232010001
8776 1232290817
8777 1232571665
8778 1232852545
8779 1233133457
8780 1233414401
8781 1233695377
8782 1233976385
8783 1234257425
8784 1234538497
8785 1234819601
8786 1235100737
8787 1235381905
8788 1235663105
8789 1235944337
8790 1236225601
8791 1236506897
8792 1236788225
8793 1237069585
8794 1237350977
8795 1237632401
8796 1237913857
8797 1238195345
8798 1238476865
8799 1238758417
8800 1239040001
8801 1239321617
8802 1239603265
8803 1239884945
8804 1240166657
8805 1240448401
8806 1240730177
8807 1241011985
8808 1241293825
8809 1241575697
8810 1241857601
8811 1242139537
8812 1242421505
8813 1242703505
8814 1242985537
8815 1243267601
8816 1243549697
8817 1243831825
8818 1244113985
8819 1244396177
8820 1244678401
8821 1244960657
8822 1245242945
8823 1245525265
8824 1245807617
8825 1246090001
8826 1246372417
8827 1246654865
8828 1246937345
8829 1247219857
8830 1247502401
8831 1247784977
8832 1248067585
8833 1248350225
8834 1248632897
8835 1248915601
8836 1249198337
8837 1249481105
8838 1249763905
8839 1250046737
8840 1250329601
8841 1250612497
8842 1250895425
8843 1251178385
8844 1251461377
8845 1251744401
8846 1252027457
8847 1252310545
8848 1252593665
8849 1252876817
8850 1253160001
8851 1253443217
8852 1253726465
8853 1254009745
8854 1254293057
8855 1254576401
8856 1254859777
8857 1255143185
8858 1255426625
8859 1255710097
8860 1255993601
8861 1256277137
8862 1256560705
8863 1256844305
8864 1257127937
8865 1257411601
8866 1257695297
8867 1257979025
8868 1258262785
8869 1258546577
8870 1258830401
8871 1259114257
8872 1259398145
8873 1259682065
8874 1259966017
8875 1260250001
8876 1260534017
8877 1260818065
8878 1261102145
8879 1261386257
8880 1261670401
8881 1261954577
8882 1262238785
8883 1262523025
8884 1262807297
8885 1263091601
8886 1263375937
8887 1263660305
8888 1263944705
8889 1264229137
8890 1264513601
8891 1264798097
8892 1265082625
8893 1265367185
8894 1265651777
8895 1265936401
8896 1266221057
8897 1266505745
8898 1266790465
8899 1267075217
8900 1267360001
8901 1267644817
8902 1267929665
8903 1268214545
8904 1268499457
8905 1268784401
8906 1269069377
8907 1269354385
8908 1269639425
8909 1269924497
8910 1270209601
8911 1270494737
8912 1270779905
8913 1271065105
8914 1271350337
8915 1271635601
8916 1271920897
8917 1272206225
8918 1272491585
8919 1272776977
8920 1273062401
8921 1273347857
8922 1273633345
8923 1273918865
8924 1274204417
8925 1274490001
8926 1274775617
8927 1275061265
8928 1275346945
8929 1275632657
8930 1275918401
8931 1276204177
8932 1276489985
8933 1276775825
8934 1277061697
8935 1277347601
8936 1277633537
8937 1277919505
8938 1278205505
8939 1278491537
8940 1278777601
8941 1279063697
8942 1279349825
8943 1279635985
8944 1279922177
8945 1280208401
8946 1280494657
8947 1280780945
8948 1281067265
8949 1281353617
8950 1281640001
8951 1281926417
8952 1282212865
8953 1282499345
8954 1282785857
8955 1283072401
8956 1283358977
8957 1283645585
8958 1283932225
8959 1284218897
8960 1284505601
8961 1284792337
8962 1285079105
8963 1285365905
8964 1285652737
8965 1285939601
8966 1286226497
8967 1286513425
8968 1286800385
8969 1287087377
8970 1287374401
8971 1287661457
8972 1287948545
8973 1288235665
8974 1288522817
8975 1288810001
8976 1289097217
8977 1289384465
8978 1289671745
8979 1289959057
8980 1290246401
8981 1290533777
8982 1290821185
8983 1291108625
8984 1291396097
8985 1291683601
8986 1291971137
8987 1292258705
8988 1292546305
8989 1292833937
8990 1293121601
8991 1293409297
8992 1293697025
8993 1293984785
8994 1294272577
8995 1294560401
8996 1294848257
8997 1295136145
8998 1295424065
8999 1295712017
9000 1296000001
9001 1296288017
9002 1296576065
9003 1296864145
9004 1297152257
9005 1297440401
9006 1297728577
9007 1298016785
9008 1298305025
9009 1298593297
9010 1298881601
9011 1299169937
9012 1299458305
9013 1299746705
9014 1300035137
9015 1300323601
9016 1300612097
9017 1300900625
9018 1301189185
9019 1301477777
9020 1301766401
9021 1302055057
9022 1302343745
9023 1302632465
9024 1302921217
9025 1303210001
9026 1303498817
9027 1303787665
9028 1304076545
9029 1304365457
9030 1304654401
9031 1304943377
9032 1305232385
9033 1305521425
9034 1305810497
9035 1306099601
9036 1306388737
9037 1306677905
9038 1306967105
9039 1307256337
9040 1307545601
9041 1307834897
9042 1308124225
9043 1308413585
9044 1308702977
9045 1308992401
9046 1309281857
9047 1309571345
9048 1309860865
9049 1310150417
9050 1310440001
9051 1310729617
9052 1311019265
9053 1311308945
9054 1311598657
9055 1311888401
9056 1312178177
9057 1312467985
9058 1312757825
9059 1313047697
9060 1313337601
9061 1313627537
9062 1313917505
9063 1314207505
9064 1314497537
9065 1314787601
9066 1315077697
9067 1315367825
9068 1315657985
9069 1315948177
9070 1316238401
9071 1316528657
9072 1316818945
9073 1317109265
9074 1317399617
9075 1317690001
9076 1317980417
9077 1318270865
9078 1318561345
9079 1318851857
9080 1319142401
9081 1319432977
9082 1319723585
9083 1320014225
9084 1320304897
9085 1320595601
9086 1320886337
9087 1321177105
9088 1321467905
9089 1321758737
9090 1322049601
9091 1322340497
9092 1322631425
9093 1322922385
9094 1323213377
9095 1323504401
9096 1323795457
9097 1324086545
9098 1324377665
9099 1324668817
9100 1324960001
9101 1325251217
9102 1325542465
9103 1325833745
9104 1326125057
9105 1326416401
9106 1326707777
9107 1326999185
9108 1327290625
9109 1327582097
9110 1327873601
9111 1328165137
9112 1328456705
9113 1328748305
9114 1329039937
9115 1329331601
9116 1329623297
9117 1329915025
9118 1330206785
9119 1330498577
9120 1330790401
9121 1331082257
9122 1331374145
9123 1331666065
9124 1331958017
9125 1332250001
9126 1332542017
9127 1332834065
9128 1333126145
9129 1333418257
9130 1333710401
9131 1334002577
9132 1334294785
9133 1334587025
9134 1334879297
9135 1335171601
9136 1335463937
9137 1335756305
9138 1336048705
9139 1336341137
9140 1336633601
9141 1336926097
9142 1337218625
9143 1337511185
9144 1337803777
9145 1338096401
9146 1338389057
9147 1338681745
9148 1338974465
9149 1339267217
9150 1339560001
9151 1339852817
9152 1340145665
9153 1340438545
9154 1340731457
9155 1341024401
9156 1341317377
9157 1341610385
9158 1341903425
9159 1342196497
9160 1342489601
9161 1342782737
9162 1343075905
9163 1343369105
9164 1343662337
9165 1343955601
9166 1344248897
9167 1344542225
9168 1344835585
9169 1345128977
9170 1345422401
9171 1345715857
9172 1346009345
9173 1346302865
9174 1346596417
9175 1346890001
9176 1347183617
9177 1347477265
9178 1347770945
9179 1348064657
9180 1348358401
9181 1348652177
9182 1348945985
9183 1349239825
9184 1349533697
9185 1349827601
9186 1350121537
9187 1350415505
9188 1350709505
9189 1351003537
9190 1351297601
9191 1351591697
9192 1351885825
9193 1352179985
9194 1352474177
9195 1352768401
9196 1353062657
9197 1353356945
9198 1353651265
9199 1353945617
9200 1354240001
9201 1354534417
9202 1354828865
9203 1355123345
9204 1355417857
9205 1355712401
9206 1356006977
9207 1356301585
9208 1356596225
9209 1356890897
9210 1357185601
9211 1357480337
9212 1357775105
9213 1358069905
9214 1358364737
9215 1358659601
9216 1358954497
9217 1359249425
9218 1359544385
9219 1359839377
9220 1360134401
9221 1360429457
9222 1360724545
9223 1361019665
9224 1361314817
9225 1361610001
9226 1361905217
9227 1362200465
9228 1362495745
9229 1362791057
9230 1363086401
9231 1363381777
9232 1363677185
9233 1363972625
9234 1364268097
9235 1364563601
9236 1364859137
9237 1365154705
9238 1365450305
9239 1365745937
9240 1366041601
9241 1366337297
9242 1366633025
9243 1366928785
9244 1367224577
9245 1367520401
9246 1367816257
9247 1368112145
9248 1368408065
9249 1368704017
9250 1369000001
9251 1369296017
9252 1369592065
9253 1369888145
9254 1370184257
9255 1370480401
9256 1370776577
9257 1371072785
9258 1371369025
9259 1371665297
9260 1371961601
9261 1372257937
9262 1372554305
9263 1372850705
9264 1373147137
9265 1373443601
9266 1373740097
9267 1374036625
9268 1374333185
9269 1374629777
9270 1374926401
9271 1375223057
9272 1375519745
9273 1375816465
9274 1376113217
9275 1376410001
9276 1376706817
9277 1377003665
9278 1377300545
9279 1377597457
9280 1377894401
9281 1378191377
9282 1378488385
9283 1378785425
9284 1379082497
9285 1379379601
9286 1379676737
9287 1379973905
9288 1380271105
9289 1380568337
9290 1380865601
9291 1381162897
9292 1381460225
9293 1381757585
9294 1382054977
9295 1382352401
9296 1382649857
9297 1382947345
9298 1383244865
9299 1383542417
9300 1383840001
9301 1384137617
9302 1384435265
9303 1384732945
9304 1385030657
9305 1385328401
9306 1385626177
9307 1385923985
9308 1386221825
9309 1386519697
9310 1386817601
9311 1387115537
9312 1387413505
9313 1387711505
9314 1388009537
9315 1388307601
9316 1388605697
9317 1388903825
9318 1389201985
9319 1389500177
9320 1389798401
9321 1390096657
9322 1390394945
9323 1390693265
9324 1390991617
9325 1391290001
9326 1391588417
9327 1391886865
9328 1392185345
9329 1392483857
9330 1392782401
9331 1393080977
9332 1393379585
9333 1393678225
9334 1393976897
9335 1394275601
9336 1394574337
9337 1394873105
9338 1395171905
9339 1395470737
9340 1395769601
9341 1396068497
9342 1396367425
9343 1396666385
9344 1396965377
9345 1397264401
9346 1397563457
9347 1397862545
9348 1398161665
9349 1398460817
9350 1398760001
9351 1399059217
9352 1399358465
9353 1399657745
9354 1399957057
9355 1400256401
9356 1400555777
9357 1400855185
9358 1401154625
9359 1401454097
9360 1401753601
9361 1402053137
9362 1402352705
9363 1402652305
9364 1402951937
9365 1403251601
9366 1403551297
9367 1403851025
9368 1404150785
9369 1404450577
9370 1404750401
9371 1405050257
9372 1405350145
9373 1405650065
9374 1405950017
9375 1406250001
9376 1406550017
9377 1406850065
9378 1407150145
9379 1407450257
9380 1407750401
9381 1408050577
9382 1408350785
9383 1408651025
9384 1408951297
9385 1409251601
9386 1409551937
9387 1409852305
9388 1410152705
9389 1410453137
9390 1410753601
9391 1411054097
9392 1411354625
9393 1411655185
9394 1411955777
9395 1412256401
9396 1412557057
9397 1412857745
9398 1413158465
9399 1413459217
9400 1413760001
9401 1414060817
9402 1414361665
9403 1414662545
9404 1414963457
9405 1415264401
9406 1415565377
9407 1415866385
9408 1416167425
9409 1416468497
9410 1416769601
9411 1417070737
9412 1417371905
9413 1417673105
9414 1417974337
9415 1418275601
9416 1418576897
9417 1418878225
9418 1419179585
9419 1419480977
9420 1419782401
9421 1420083857
9422 1420385345
9423 1420686865
9424 1420988417
9425 1421290001
9426 1421591617
9427 1421893265
9428 1422194945
9429 1422496657
9430 1422798401
9431 1423100177
9432 1423401985
9433 1423703825
9434 1424005697
9435 1424307601
9436 1424609537
9437 1424911505
9438 1425213505
9439 1425515537
9440 1425817601
9441 1426119697
9442 1426421825
9443 1426723985
9444 1427026177
9445 1427328401
9446 1427630657
9447 1427932945
9448 1428235265
9449 1428537617
9450 1428840001
9451 1429142417
9452 1429444865
9453 1429747345
9454 1430049857
9455 1430352401
9456 1430654977
9457 1430957585
9458 1431260225
9459 1431562897
9460 1431865601
9461 1432168337
9462 1432471105
9463 1432773905
9464 1433076737
9465 1433379601
9466 1433682497
9467 1433985425
9468 1434288385
9469 1434591377
9470 1434894401
9471 1435197457
9472 1435500545
9473 1435803665
9474 1436106817
9475 1436410001
9476 1436713217
9477 1437016465
9478 1437319745
9479 1437623057
9480 1437926401
9481 1438229777
9482 1438533185
9483 1438836625
9484 1439140097
9485 1439443601
9486 1439747137
9487 1440050705
9488 1440354305
9489 1440657937
9490 1440961601
9491 1441265297
9492 1441569025
9493 1441872785
9494 1442176577
9495 1442480401
9496 1442784257
9497 1443088145
9498 1443392065
9499 1443696017
9500 1444000001
9501 1444304017
9502 1444608065
9503 1444912145
9504 1445216257
9505 1445520401
9506 1445824577
9507 1446128785
9508 1446433025
9509 1446737297
9510 1447041601
9511 1447345937
9512 1447650305
9513 1447954705
9514 1448259137
9515 1448563601
9516 1448868097
9517 1449172625
9518 1449477185
9519 1449781777
9520 1450086401
9521 1450391057
9522 1450695745
9523 1451000465
9524 1451305217
9525 1451610001
9526 1451914817
9527 1452219665
9528 1452524545
9529 1452829457
9530 1453134401
9531 1453439377
9532 1453744385
9533 1454049425
9534 1454354497
9535 1454659601
9536 1454964737
9537 1455269905
9538 1455575105
9539 1455880337
9540 1456185601
9541 1456490897
9542 1456796225
9543 1457101585
9544 1457406977
9545 1457712401
9546 1458017857
9547 1458323345
9548 1458628865
9549 1458934417
9550 1459240001
9551 1459545617
9552 1459851265
9553 1460156945
9554 1460462657
9555 1460768401
9556 1461074177
9557 1461379985
9558 1461685825
9559 1461991697
9560 1462297601
9561 1462603537
9562 1462909505
9563 1463215505
9564 1463521537
9565 1463827601
9566 1464133697
9567 1464439825
9568 1464745985
9569 1465052177
9570 1465358401
9571 1465664657
9572 1465970945
9573 1466277265
9574 1466583617
9575 1466890001
9576 1467196417
9577 1467502865
9578 1467809345
9579 1468115857
9580 1468422401
9581 1468728977
9582 1469035585
9583 1469342225
9584 1469648897
9585 1469955601
9586 1470262337
9587 1470569105
9588 1470875905
9589 1471182737
9590 1471489601
9591 1471796497
9592 1472103425
9593 1472410385
9594 1472717377
9595 1473024401
9596 1473331457
9597 1473638545
9598 1473945665
9599 1474252817
9600 1474560001
9601 1474867217
9602 1475174465
9603 1475481745
9604 1475789057
9605 1476096401
9606 1476403777
9607 1476711185
9608 1477018625
9609 1477326097
9610 1477633601
9611 1477941137
9612 1478248705
9613 1478556305
9614 1478863937
9615 1479171601
9616 1479479297
9617 1479787025
9618 1480094785
9619 1480402577
9620 1480710401
9621 1481018257
9622 1481326145
9623 1481634065
9624 1481942017
9625 1482250001
9626 1482558017
9627 1482866065
9628 1483174145
9629 1483482257
9630 1483790401
9631 1484098577
9632 1484406785
9633 1484715025
9634 1485023297
9635 1485331601
9636 1485639937
9637 1485948305
9638 1486256705
9639 1486565137
9640 1486873601
9641 1487182097
9642 1487490625
9643 1487799185
9644 1488107777
9645 1488416401
9646 1488725057
9647 1489033745
9648 1489342465
9649 1489651217
9650 1489960001
9651 1490268817
9652 1490577665
9653 1490886545
9654 1491195457
9655 1491504401
9656 1491813377
9657 1492122385
9658 1492431425
9659 1492740497
9660 1493049601
9661 1493358737
9662 1493667905
9663 1493977105
9664 1494286337
9665 1494595601
9666 1494904897
9667 1495214225
9668 1495523585
9669 1495832977
9670 1496142401
9671 1496451857
9672 1496761345
9673 1497070865
9674 1497380417
9675 1497690001
9676 1497999617
9677 1498309265
9678 1498618945
9679 1498928657
9680 1499238401
9681 1499548177
9682 1499857985
9683 1500167825
9684 1500477697
9685 1500787601
9686 1501097537
9687 1501407505
9688 1501717505
9689 1502027537
9690 1502337601
9691 1502647697
9692 1502957825
9693 1503267985
9694 1503578177
9695 1503888401
9696 1504198657
9697 1504508945
9698 1504819265
9699 1505129617
9700 1505440001
9701 1505750417
9702 1506060865
9703 1506371345
9704 1506681857
9705 1506992401
9706 1507302977
9707 1507613585
9708 1507924225
9709 1508234897
9710 1508545601
9711 1508856337
9712 1509167105
9713 1509477905
9714 1509788737
9715 1510099601
9716 1510410497
9717 1510721425
9718 1511032385
9719 1511343377
9720 1511654401
9721 1511965457
9722 1512276545
9723 1512587665
9724 1512898817
9725 1513210001
9726 1513521217
9727 1513832465
9728 1514143745
9729 1514455057
9730 1514766401
9731 1515077777
9732 1515389185
9733 1515700625
9734 1516012097
9735 1516323601
9736 1516635137
9737 1516946705
9738 1517258305
9739 1517569937
9740 1517881601
9741 1518193297
9742 1518505025
9743 1518816785
9744 1519128577
9745 1519440401
9746 1519752257
9747 1520064145
9748 1520376065
9749 1520688017
9750 1521000001
9751 1521312017
9752 1521624065
9753 1521936145
9754 1522248257
9755 1522560401
9756 1522872577
9757 1523184785
9758 1523497025
9759 1523809297
9760 1524121601
9761 1524433937
9762 1524746305
9763 1525058705
9764 1525371137
9765 1525683601
9766 1525996097
9767 1526308625
9768 1526621185
9769 1526933777
9770 1527246401
9771 1527559057
9772 1527871745
9773 1528184465
9774 1528497217
9775 1528810001
9776 1529122817
9777 1529435665
9778 1529748545
9779 1530061457
9780 1530374401
9781 1530687377
9782 1531000385
9783 1531313425
9784 1531626497
9785 1531939601
9786 1532252737
9787 1532565905
9788 1532879105
9789 1533192337
9790 1533505601
9791 1533818897
9792 1534132225
9793 1534445585
9794 1534758977
9795 1535072401
9796 1535385857
9797 1535699345
9798 1536012865
9799 1536326417
9800 1536640001
9801 1536953617
9802 1537267265
9803 1537580945
9804 1537894657
9805 1538208401
9806 1538522177
9807 1538835985
9808 1539149825
9809 1539463697
9810 1539777601
9811 1540091537
9812 1540405505
9813 1540719505
9814 1541033537
9815 1541347601
9816 1541661697
9817 1541975825
9818 1542289985
9819 1542604177
9820 1542918401
9821 1543232657
9822 1543546945
9823 1543861265
9824 1544175617
9825 1544490001
9826 1544804417
9827 1545118865
9828 1545433345
9829 1545747857
9830 1546062401
9831 1546376977
9832 1546691585
9833 1547006225
9834 1547320897
9835 1547635601
9836 1547950337
9837 1548265105
9838 1548579905
9839 1548894737
9840 1549209601
9841 1549524497
9842 1549839425
9843 1550154385
9844 1550469377
9845 1550784401
9846 1551099457
9847 1551414545
9848 1551729665
9849 1552044817
9850 1552360001
9851 1552675217
9852 1552990465
9853 1553305745
9854 1553621057
9855 1553936401
9856 1554251777
9857 1554567185
9858 1554882625
9859 1555198097
9860 1555513601
9861 1555829137
9862 1556144705
9863 1556460305
9864 1556775937
9865 1557091601
9866 1557407297
9867 1557723025
9868 1558038785
9869 1558354577
9870 1558670401
9871 1558986257
9872 1559302145
9873 1559618065
9874 1559934017
9875 1560250001
9876 1560566017
9877 1560882065
9878 1561198145
9879 1561514257
9880 1561830401
9881 1562146577
9882 1562462785
9883 1562779025
9884 1563095297
9885 1563411601
9886 1563727937
9887 1564044305
9888 1564360705
9889 1564677137
9890 1564993601
9891 1565310097
9892 1565626625
9893 1565943185
9894 1566259777
9895 1566576401
9896 1566893057
9897 1567209745
9898 1567526465
9899 1567843217
9900 1568160001
9901 1568476817
9902 1568793665
9903 1569110545
9904 1569427457
9905 1569744401
9906 1570061377
9907 1570378385
9908 1570695425
9909 1571012497
9910 1571329601
9911 1571646737
9912 1571963905
9913 1572281105
9914 1572598337
9915 1572915601
9916 1573232897
9917 1573550225
9918 1573867585
9919 1574184977
9920 1574502401
9921 1574819857
9922 1575137345
9923 1575454865
9924 1575772417
9925 1576090001
9926 1576407617
9927 1576725265
9928 1577042945
9929 1577360657
9930 1577678401
9931 1577996177
9932 1578313985
9933 1578631825
9934 1578949697
9935 1579267601
9936 1579585537
9937 1579903505
9938 1580221505
9939 1580539537
9940 1580857601
9941 1581175697
9942 1581493825
9943 1581811985
9944 1582130177
9945 1582448401
9946 1582766657
9947 1583084945
9948 1583403265
9949 1583721617
9950 1584040001
9951 1584358417
9952 1584676865
9953 1584995345
9954 1585313857
9955 1585632401
9956 1585950977
9957 1586269585
9958 1586588225
9959 1586906897
9960 1587225601
9961 1587544337
9962 1587863105
9963 1588181905
9964 1588500737
9965 1588819601
9966 1589138497
9967 1589457425
9968 1589776385
9969 1590095377
9970 1590414401
9971 1590733457
9972 1591052545
9973 1591371665
9974 1591690817
9975 1592010001
9976 1592329217
9977 1592648465
9978 1592967745
9979 1593287057
9980 1593606401
9981 1593925777
9982 1594245185
9983 1594564625
9984 1594884097
9985 1595203601
9986 1595523137
9987 1595842705
9988 1596162305
9989 1596481937
9990 1596801601
9991 1597121297
9992 1597441025
9993 1597760785
9994 1598080577
9995 1598400401
9996 1598720257
9997 1599040145
9998 1599360065
9999 1599680017
10000 1600000001