# Computed by Robert Israel using Maple, October 05 2025
1 0
2 0
3 0
4 3
5 5
6 7
7 11
8 11
9 19
10 23
11 29
12 31
13 41
14 47
15 53
16 59
17 71
18 79
19 89
20 83
21 109
22 71
23 131
24 139
25 149
26 167
27 181
28 191
29 197
30 223
31 239
32 251
33 271
34 263
35 293
36 307
37 311
38 359
39 379
40 383
41 419
42 439
43 461
44 479
45 503
46 503
47 521
48 571
49 599
50 599
51 647
52 659
53 701
54 727
55 743
56 719
57 811
58 839
59 863
60 883
61 929
62 911
63 991
64 1019
65 1049
66 1087
67 1109
68 1151
69 1187
70 1223
71 1259
72 1291
73 1319
74 1367
75 1399
76 1439
77 1481
78 1511
79 1559
80 1583
81 1637
82 1559
83 1721
84 1759
85 1733
86 1847
87 1889
88 1931
89 1979
90 1999
91 2069
92 2111
93 2161
94 2207
95 2243
96 2287
97 2351
98 2399
99 2447
100 2399
101 2549
102 2591
103 2621
104 2699
105 2753
106 2687
107 2861
108 2879
109 2969
110 3023
111 3079
112 3119
113 3191
114 3167
115 3299
116 3359
117 3391
118 3359
119 3539
120 3583
121 3659
122 3719
123 3779
124 3779
125 3863
126 3967
127 4019
128 4091
129 4159
130 3863
131 4289
132 4339
133 4421
134 4463
135 4549
136 4523
137 4691
138 4759
139 4817
140 4799
141 4969
142 5039
143 5099
144 5179
145 5099
146 5303
147 5399
148 5471
149 5519
150 5623
151 5693
152 5711
153 5851
154 5927
155 5849
156 6079
157 6131
158 5879
159 6317
160 6299
161 6473
162 6551
163 6599
164 6719
165 6803
166 6863
167 6971
168 7039
169 7127
170 7103
171 7309
172 7331
173 7481
174 7559
175 7649
176 7727
177 7829
178 7919
179 8009
180 7699
181 8147
182 8231
183 8369
184 8447
185 8543
186 8647
187 8741
188 8831
189 8929
190 8999
191 9029
192 9199
193 9311
194 9239
195 9463
196 9587
197 9689
198 9791
199 9887
200 9803
201 10099
202 10151
203 10301
204 10399
205 10499
206 10607
207 10711
208 10799
209 10889
210 10903
211 11117
212 11171
213 11329
214 11447
215 11549
216 11519
217 11699
218 11831
219 11987
220 11903
221 12203
222 12239
223 12401
224 12539
225 12653
226 12743
227 12809
228 12979
229 13109
230 13103
231 13339
232 13451
233 13499
234 13687
235 13799
236 13907
237 14029
238 14159
239 14249
240 14143
241 14519
242 14639
243 14759
244 14879
245 14699
246 14767
247 15161
248 15359
249 15497
250 15263
251 15749
252 15859
253 16001
254 16127
255 16253
256 16319
257 16481
258 16631
259 16763
260 16883
261 17029
262 17159
263 17291
264 17419
265 17483
266 17519
267 17791
268 17939
269 18089
270 18223
271 18353
272 17471
273 18541
274 18743
275 18899
276 18979
277 19181
278 19319
279 19457
280 19583
281 19739
282 19759
283 20021
284 20147
285 20249
286 20399
287 20549
288 20731
289 20879
290 21023
291 21169
292 21059
293 21419
294 21599
295 21713
296 21839
297 22051
298 22079
299 22349
300 22483
301 22643
302 22751
303 22921
304 23099
305 23099
306 23399
307 23561
308 23459
309 23869
310 24023
311 24179
312 23311
313 24419
314 24623
315 24799
316 24767
317 25121
318 25111
319 25439
320 25583
321 25759
322 25919
323 25841
324 26227
325 26399
326 26399
327 26731
328 26891
329 27059
330 27143
331 27299
332 27551
333 27701
334 27767
335 27983
336 28219
337 28349
338 28559
339 28729
340 28703
341 29063
342 29231
343 29411
344 29567
345 29753
346 29927
347 30089
348 30271
349 30449
350 29663
351 30757
352 30971
353 31151
354 31327
355 30803
356 31667
357 31859
358 31991
359 32213
360 32363
361 32579
362 31799
363 32941
364 33119
365 33149
366 33487
367 33641
368 33851
369 34039
370 33863
371 34403
372 34591
373 34781
374 34919
375 35153
376 35339
377 35531
378 35671
379 35897
380 36083
381 36277
382 36479
383 36671
384 36847
385 37049
386 37223
387 37441
388 37619
389 37799
390 37799
391 38219
392 38351
393 38611
394 38783
395 38993
396 39199
397 39371
398 39551
399 39799
400 39983
401 40193
402 40351
403 40559
404 40787
405 40993
406 41183
407 41411
408 41611
409 41813
410 42023
411 42227
412 42239
413 42641
414 42839
415 43049
416 43067
417 43451
418 43391
419 43889
420 42943
421 44279
422 44519
423 44729
424 44939
425 45083
426 45343
427 45569
428 45779
429 45989
430 46199
431 46439
432 46639
433 46829
434 47087
435 47303
436 47507
437 47741
438 47951
439 48179
440 48383
441 48619
442 48479
443 49031
444 49279
445 49499
446 49727
447 49939
448 50159
449 50387
450 50599
451 50849
452 51071
453 51229
454 51503
455 51749
456 51839
457 52181
458 52391
459 52667
460 52883
461 53129
462 53359
463 53591
464 53819
465 54049
466 54287
467 54521
468 54751
469 54983
470 55103
471 55457
472 55691
473 55931
474 56167
475 56393
476 56543
477 56809
478 57119
479 57347
480 56923
481 57839
482 58031
483 58321
484 58367
485 58763
486 59023
487 59219
488 59471
489 59779
490 59999
491 60257
492 60259
493 60761
494 61007
495 61253
496 61487
497 61751
498 61991
499 62219
500 62483
501 62743
502 62639
503 63179
504 63499
505 63743
506 64007
507 64231
508 64499
509 64763
510 64663
511 65267
512 65519
513 65789
514 66047
515 66293
516 66499
517 66821
518 67079
519 67339
520 67499
521 67853
522 68111
523 68351
524 68639
525 68903
526 69143
527 69431
528 69691
529 69959
530 70223
531 70489
532 70271
533 70991
534 71287
535 71549
536 71807
537 72091
538 71999
539 72623
540 72883
541 73127
542 73079
543 73709
544 73883
545 74099
546 74527
547 74771
548 75011
549 75347
550 75503
551 75869
552 76159
553 76421
554 76679
555 77003
556 77279
557 77549
558 77839
559 77813
560 78203
561 78649
562 78839
563 79241
564 79423
565 79103
566 80039
567 80369
568 80651
569 80933
570 81223
571 81509
572 81119
573 82051
574 82007
575 82613
576 82939
577 83231
578 83471
579 83737
580 83903
581 84389
582 84631
583 84761
584 85259
585 85549
586 85847
587 86111
588 86399
589 86729
590 86399
591 87317
592 87359
593 87911
594 87767
595 88499
596 88799
597 89101
598 89399
599 89669
600 89983
601 90227
602 90599
603 90901
604 91199
605 91499
606 91807
607 92111
608 92399
609 92717
610 92399
611 93329
612 93491
613 93941
614 94079
615 94543
616 94847
617 94961
618 95479
619 95789
620 93983
621 96353
622 96671
623 97001
624 97327
625 97649
626 97967
627 98269
628 97919
629 98909
630 99223
631 99527
632 99839
633 100169
634 99527
635 100799
636 101119
637 101429
638 101399
639 102079
640 102299
641 102677
642 102871
643 103349
644 103619
645 104003
646 104327
647 104651
648 104971
649 105269
650 105503
651 105943
652 106019
653 106391
654 106903
655 107243
656 107183
657 107881
658 108191
659 108557
660 108883
661 109229
662 109391
663 109891
664 109547
665 110543
666 110879
667 111191
668 111539
669 111869
670 112223
671 112559
672 112859
673 113189
674 113567
675 113903
676 114143
677 114371
678 114799
679 115259
680 115499
681 115933
682 116279
683 116579
684 116959
685 116549
686 117119
687 117991
688 117851
689 118673
690 118903
691 119363
692 119699
693 120049
694 120383
695 120749
696 121067
697 121439
698 121631
699 122149
700 122399
701 122849
702 123191
703 123551
704 123887
705 124249
706 124247
707 124919
708 125311
709 125669
710 126023
711 126359
712 126719
713 127079
714 127447
715 127763
716 128159
717 128521
718 128879
719 129209
720 129499
721 129959
722 130199
723 130681
724 130787
725 131363
726 131759
727 132059
728 132491
729 132859
730 133103
731 133583
732 133919
733 134291
734 134639
735 135049
736 134639
737 135719
738 136111
739 136523
740 136883
741 137239
742 137639
743 137999
744 138319
745 138683
746 139079
747 139501
748 139871
749 140249
750 140263
751 140909
752 141371
753 141731
754 142007
755 142433
756 142867
757 143261
758 143519
759 144013
760 144383
761 144779
762 144719
763 145511
764 145823
765 146299
766 146639
767 147029
768 147451
769 147827
770 148199
771 148609
772 148991
773 149381
774 149767
775 150083
776 150287
777 150929
778 150959
779 151703
780 152083
781 152459
782 152879
783 153271
784 153563
785 154043
786 154439
787 154841
788 155231
789 155627
790 155663
791 156419
792 156799
793 157211
794 157559
795 158003
796 158303
797 158771
798 159199
799 159569
800 159899
801 160397
802 160751
803 161201
804 161599
805 161999
806 162359
807 162791
808 163211
809 163613
810 164023
811 164429
812 164831
813 165229
814 165527
815 166043
816 166399
817 166871
818 167159
819 167683
820 168083
821 168353
822 168631
823 169319
824 169343
825 170099
826 170447
827 170741
828 171251
829 171803
830 172223
831 172633
832 173039
833 173429
834 173839
835 174299
836 174659
837 175141
838 175391
839 175979
840 176383
841 176819
842 177239
843 177589
844 178067
845 178349
846 178903
847 179351
848 179579
849 180179
850 180623
851 181019
852 181459
853 181889
854 182279
855 182713
856 183167
857 183611
858 184039
859 184463
860 184703
861 185327
862 185711
863 186191
864 186619
865 187049
866 187463
867 187921
868 188351
869 188633
870 189223
871 189653
872 190031
873 190529
874 190607
875 191249
876 191827
877 192251
878 192431
879 193153
880 192923
881 194027
882 194479
883 194891
884 195359
885 195733
886 196247
887 196661
888 196991
889 197573
890 197063
891 198469
892 198899
893 199289
894 199807
895 200183
896 200699
897 201151
898 201599
899 202049
900 202243
901 202949
902 203351
903 203821
904 204299
905 204749
906 204983
907 205661
908 206051
909 206527
910 206399
911 207479
912 207931
913 208391
914 208799
915 209299
916 209567
917 210209
918 210671
919 211097
920 211583
921 212057
922 211559
923 212981
924 213407
925 213833
926 214007
927 214831
928 215279
929 215753
930 216103
931 216647
932 216899
933 217619
934 218087
935 218549
936 219019
937 219491
938 219959
939 220399
940 218963
941 221327
942 221831
943 222311
944 222779
945 223253
946 223679
947 224201
948 224611
949 225149
950 225503
951 226099
952 226571
953 226631
954 227519
955 227993
956 228479
957 228961
958 228911
959 229847
960 230383
961 230873
962 231359
963 231841
964 232307
965 232499
966 233279
967 233759
968 234239
969 234733
970 235199
971 235679
972 235871
973 236681
974 237143
975 237313
976 238079
977 238499
978 239119
979 239597
980 239999
981 240589
982 241079
983 241559
984 242059
985 242483
986 242999
987 243539
988 243839
989 244529
990 245023
991 245519
992 246011
993 246511
994 247007
995 247463
996 247999
997 248291
998 248879
999 249499
1000 248063
1001 250499
1002 250951
1003 251501
1004 251939
1005 252463
1006 252983
1007 253481
1008 253999
1009 254519
1010 255023
1011 255523
1012 256031
1013 256541
1014 256967
1015 257399
1016 257867
1017 258569
1018 258959
1019 259583
1020 258803
1021 260609
1022 261071
1023 261631
1024 262139
1025 262649
1026 263167
1027 263651
1028 264179
1029 264697
1030 264599
1031 265739
1032 266239
1033 266759
1034 267167
1035 267803
1036 267647
1037 268841
1038 269351
1039 269879
1040 270299
1041 270913
1042 271079
1043 271919
1044 272383
1045 272999
1046 273527
1047 273979
1048 273899
1049 275087
1050 275623
1051 276137
1052 276671
1053 276961
1054 277703
1055 278123
1056 278767
1057 279311
1058 279551
1059 280339
1060 280883
1061 281429
1062 281959
1063 282461
1064 283007
1065 283553
1066 283799
1067 284591
1068 285151
1069 285599
1070 286199
1071 286753
1072 287291
1073 287801
1074 288359
1075 288833
1076 289439
1077 289951
1078 290471
1079 290987
1080 291563
1081 292133
1082 292679
1083 293221
1084 293507
1085 294293
1086 294799
1087 295319
1088 295871
1089 296479
1090 297023
1091 297359
1092 298099
1093 298631
1094 299087
1095 299749
1096 300299
1097 300851
1098 301319
1099 301949
1100 302483
1101 303049
1102 303551
1103 304151
1104 304687
1105 305243
1106 305783
1107 306359
1108 306899
1109 307397
1110 307903
1111 308573
1112 309131
1113 309671
1114 310223
1115 310733
1116 311359
1117 311711
1118 312311
1119 313037
1120 313583
1121 314159
1122 314719
1123 315281
1124 315779
1125 316403
1126 316919
1127 317489
1128 317839
1129 318653
1130 319223
1131 319747
1132 320339
1133 320219
1134 321367
1135 322013
1136 322607
1137 323149
1138 323759
1139 324329
1140 324799
1141 325463
1142 325751
1143 326611
1144 327179
1145 327599
1146 328327
1147 328901
1148 329471
1149 330047
1150 330623
1151 331127
1152 331739
1153 332309
1154 332903
1155 333503
1156 333299
1157 334661
1158 334511
1159 335813
1160 336143
1161 336977
1162 337511
1163 338141
1164 338707
1165 339263
1166 339887
1167 340451
1168 340859
1169 341597
1170 342143
1171 342803
1172 343391
1173 343951
1174 344567
1175 345143
1176 345739
1177 346331
1178 346751
1179 347509
1180 348083
1181 348617
1182 349199
1183 349871
1184 350459
1185 351053
1186 351599
1187 352229
1188 352831
1189 353429
1190 354023
1191 354619
1192 355211
1193 355811
1194 356399
1195 356999
1196 357587
1197 358201
1198 357839
1199 359357
1200 359599
1201 360593
1202 348431
1203 361799
1204 362339
1205 362303
1206 363439
1207 364079
1208 364751
1209 365419
1210 365903
1211 366599
1212 367231
1213 367841
1214 368447
1215 369013
1216 369659
1217 370241
1218 370879
1219 371447
1220 371999
1221 372709
1222 373199
1223 373859
1224 374443
1225 375149
1226 375743
1227 376351
1228 376931
1229 377537
1230 378223
1231 378809
1232 379451
1233 380071
1234 380327
1235 381233
1236 381859
1237 382541
1238 382871
1239 383777
1240 384383
1241 385013
1242 385639
1243 386249
1244 385859
1245 387503
1246 387839
1247 388541
1248 389231
1249 389999
1250 390503
1251 391249
1252 391679
1253 392489
1254 393103
1255 393749
1256 394367
1257 394981
1258 395111
1259 396269
1260 396883
1261 397517
1262 398039
1263 398771
1264 399227
1265 399983
1266 400679
1267 401321
1268 401939
1269 402587
1270 403103
1271 403829
1272 404431
1273 405089
1274 405767
1275 406403
1276 406559
1277 407669
1278 408311
1279 408959
1280 409499
1281 410239
1282 410759
1283 411491
1284 412147
1285 412793
1286 413159
1287 414061
1288 414731
1289 415379
1290 416023
1291 416579
1292 417311
1293 417961
1294 418559
1295 419249
1296 419803
1297 420551
1298 421079
1299 421847
1300 422243
1301 422549
1302 423791
1303 424451
1304 425039
1305 425713
1306 426407
1307 426971
1308 427711
1309 428369
1310 428663
1311 429679
1312 430319
1313 430979
1314 431567
1315 432149
1316 432959
1317 433549
1318 434111
1319 434939
1320 435583
1321 436253
1322 436871
1323 437539
1324 438143
1325 438899
1326 439567
1327 440159
1328 440831
1329 441557
1330 441263
1331 442817
1332 443551
1333 444209
1334 444887
1335 445499
1336 446123
1337 446891
1338 447439
1339 448199
1340 448883
1341 449569
1342 450239
1343 450899
1344 451579
1345 452213
1346 452807
1347 453601
1348 454211
1349 454943
1350 455599
1351 456293
1352 456959
1353 457651
1354 458327
1355 458993
1356 459647
1357 460349
1358 460991
1359 461717
1360 460463
1361 462947
1362 463711
1363 464351
1364 465119
1365 465799
1366 465119
1367 467171
1368 467531
1369 468527
1370 468599
1371 469907
1372 470579
1373 471281
1374 471959
1375 472643
1376 473327
1377 474029
1378 474671
1379 475403
1380 475903
1381 476783
1382 477359
1383 478171
1384 478763
1385 479543
1386 480167
1387 480941
1388 481619
1389 482323
1390 482663
1391 483719
1392 484411
1393 485081
1394 485519
1395 486503
1396 487187
1397 487889
1398 488311
1399 489299
1400 489803
1401 490697
1402 491279
1403 492059
1404 492799
1405 493463
1406 493919
1407 494899
1408 495611
1409 496313
1410 496999
1411 497729
1412 497411
1413 499141
1414 499679
1415 500483
1416 500587
1417 501971
1418 502631
1419 503389
1420 503423
1421 504797
1422 505511
1423 506201
1424 506843
1425 507599
1426 508367
1427 508841
1428 509731
1429 510299
1430 511223
1431 511939
1432 512591
1433 513371
1434 514079
1435 514793
1436 515519
1437 516199
1438 516959
1439 517637
1440 518299
1441 519119
1442 519551
1443 520549
1444 521267
1445 521999
1446 522719
1447 523109
1448 524171
1449 524899
1450 525599
1451 526307
1452 527071
1453 527789
1454 528527
1455 529213
1456 529979
1457 530711
1458 531359
1459 532163
1460 531299
1461 533573
1462 534311
1463 535061
1464 535679
1465 536513
1466 537287
1467 538019
1468 538751
1469 539447
1470 539863
1471 540803
1472 541631
1473 542401
1474 543143
1475 543773
1476 544627
1477 545291
1478 546071
1479 546859
1480 547583
1481 548309
1482 549071
1483 549749
1484 550163
1485 551233
1486 552047
1487 552791
1488 553471
1489 554237
1490 554663
1491 555767
1492 555491
1493 557261
1494 558007
1495 558683
1496 558827
1497 560249
1498 560639
1499 561047
1500 562399
1501 563249
1502 563999
1503 564709
1504 565247
1505 566213
1506 566999
1507 567761
1508 565379
1509 569269
1510 569903
1511 570737
1512 571531
1513 572051
1514 573047
1515 573763
1516 574547
1517 575249
1518 576031
1519 576749
1520 572699
1521 578353
1522 579119
1523 579881
1524 580639
1525 581393
1526 582167
1527 582931
1528 583631
1529 584447
1530 585199
1531 585989
1532 586499
1533 587519
1534 588239
1535 589049
1536 589807
1537 590171
1538 590399
1539 592129
1540 592643
1541 593627
1542 594359
1543 595181
1544 595967
1545 596749
1546 597407
1547 598229
1548 598931
1549 599843
1550 600623
1551 601397
1552 602111
1553 602951
1554 603719
1555 604433
1556 604883
1557 606059
1558 606839
1559 607619
1560 608383
1561 609179
1562 609911
1563 610741
1564 611459
1565 612263
1566 613007
1567 613841
1568 614639
1569 615437
1570 616223
1571 616997
1572 617791
1573 618581
1574 619247
1575 620099
1576 620159
1577 621701
1578 622519
1579 623303
1580 623699
1581 624859
1582 625631
1583 626261
1584 627227
1585 628049
1586 628799
1587 629611
1588 629411
1589 631229
1590 631903
1591 632813
1592 633599
1593 634301
1594 635207
1595 635849
1596 636739
1597 637601
1598 636719
1599 639169
1600 639983
1601 640793
1602 641551
1603 642359
1604 643199
1605 643949
1606 644783
1607 645611
1608 646411
1609 647219
1610 647663
1611 648719
1612 649631
1613 650099
1614 651247
1615 651503
1616 652667
1617 653659
1618 654191
1619 655289
1620 656063
1621 656819
1622 657719
1623 658349
1624 659327
1625 659999
1626 660887
1627 661769
1628 662591
1629 663409
1630 664199
1631 665039
1632 665659
1633 666671
1634 667487
1635 668303
1636 669107
1637 669869
1638 670711
1639 671537
1640 672143
1641 673207
1642 673991
1643 674831
1644 675539
1645 676493
1646 676967
1647 678061
1648 678971
1649 679793
1650 680623
1651 681449
1652 682259
1653 683071
1654 683807
1655 684713
1656 685547
1657 686339
1658 686879
1659 688067
1660 688799
1661 689723
1662 690511
1663 691349
1664 691739
1665 692983
1666 693527
1667 694721
1668 695491
1669 696359
1670 696263
1671 698053
1672 698891
1673 699719
1674 700279
1675 701399
1676 702239
1677 703081
1678 703631
1679 704747
1680 705499
1681 706427
1682 707279
1683 708119
1684 708959
1685 709799
1686 710623
1687 711479
1688 712331
1689 713177
1690 713903
1691 714869
1692 715699
1693 716549
1694 717047
1695 718183
1696 718847
1697 719951
1698 720791
1699 721619
1700 722243
1701 723337
1702 724079
1703 725009
1704 725867
1705 726623
1706 727487
1707 727759
1708 729059
1709 730157
1710 730999
1711 731807
1712 732731
1713 733591
1714 734423
1715 735263
1716 736159
1717 736889
1718 737591
1719 738583
1720 739199
1721 740429
1722 741031
1723 742151
1724 743027
1725 743849
1726 744767
1727 745631
1728 746479
1729 747287
1730 748199
1731 749083
1732 749939
1733 750809
1734 751567
1735 752513
1736 753023
1737 754289
1738 754991
1739 756023
1740 756799
1741 757763
1742 758519
1743 759491
1744 760367
1745 761249
1746 762007
1747 763001
1748 763859
1749 764719
1750 765623
1751 766487
1752 767359
1753 768221
1754 769007
1755 769999
1756 770867
1757 771629
1758 772631
1759 773447
1760 774143
1761 775273
1762 776159
1763 777041
1764 777919
1765 778793
1766 779663
1767 780499
1768 781199
1769 782339
1770 783143
1771 784109
1772 784799
1773 785879
1774 786719
1775 787649
1776 788527
1777 789419
1778 790271
1779 791209
1780 791699
1781 792989
1782 793711
1783 794741
1784 795659
1785 796553
1786 797399
1787 798251
1788 799219
1789 800123
1790 800999
1791 801809
1792 802811
1793 803669
1794 804607
1795 805499
1796 804803
1797 807299
1798 805991
1799 809093
1800 809983
1801 810893
1802 811799
1803 812701
1804 813503
1805 814493
1806 815047
1807 816239
1808 817211
1809 818113
1810 818999
1811 819899
1812 820691
1813 821741
1814 822599
1815 823553
1816 824459
1817 825329
1818 826271
1819 827147
1820 827903
1821 828967
1822 828239
1823 830801
1824 831739
1825 832613
1826 832943
1827 834469
1828 835391
1829 836267
1830 836863
1831 838139
1832 839051
1833 839959
1834 840863
1835 841793
1836 842623
1837 843629
1838 844511
1839 845459
1840 846383
1841 847277
1842 848119
1843 849161
1844 849599
1845 850933
1846 851639
1847 852851
1848 853759
1849 854459
1850 854999
1851 856549
1852 857471
1853 858311
1854 859279
1855 859913
1856 861167
1857 861979
1858 862991
1859 863897
1860 864883
1861 865829
1862 866759
1863 867689
1864 868559
1865 869543
1866 870479
1867 871349
1868 872351
1869 873247
1870 874103
1871 875129
1872 876079
1873 876791
1874 877343
1875 878893
1876 879839
1877 880751
1878 881711
1879 882659
1880 883343
1881 884537
1882 885359
1883 886421
1884 886463
1885 888263
1886 889247
1887 890161
1888 890459
1889 892079
1890 893023
1891 893939
1892 894431
1893 895861
1894 896783
1895 897053
1896 897103
1897 899519
1898 900551
1899 901547
1900 902483
1901 903449
1902 904399
1903 905339
1904 906203
1905 907213
1906 908183
1907 909119
1908 910099
1909 911063
1910 911903
1911 912979
1912 913739
1913 914891
1914 915839
1915 916733
1916 917759
1917 918679
1918 919679
1919 920609
1920 921563
1921 922517
1922 923471
1923 924299
1924 924659
1925 926399
1926 927287
1927 928331
1928 928619
1929 930229
1930 931199
1931 932189
1932 933151
1933 934121
1934 935063
1935 936053
1936 937007
1937 937991
1938 938879
1939 939923
1940 940703
1941 941839
1942 942719
1943 943799
1944 944527
1945 945293
1946 946727
1947 947659
1948 948671
1949 949649
1950 948943
1951 951557
1952 952559
1953 953551
1954 954167
1955 955433
1956 956383
1957 957431
1958 958439
1959 959389
1960 960383
1961 961139
1962 961399
1963 963341
1964 964259
1965 965303
1966 965927
1967 967259
1968 968251
1969 969239
1970 969863
1971 971207
1972 972131
1973 973169
1974 974167
1975 975083
1976 976127
1977 977021
1978 978071
1979 979109
1980 979423
1981 981077
1982 980711
1983 983069
1984 984059
1985 985013
1986 986047
1987 987029
1988 987971
1989 989029
1990 990023
1991 990989
1992 992011
1993 993011
1994 993983
1995 994963
1996 995987
1997 997001
1998 997991
1999 998969
2000 999983
2001 1000999
2002 1001831
2003 1003001
2004 1003747
2005 1004963
2006 1006007
2007 1006991
2008 1007819
2009 1009007
2010 1009399
2011 1011029
2012 1012031
2013 1013041
2014 1013879
2015 1015043
2016 1016027
2017 1017041
2018 1017959
2019 1019077
2020 1019903
2021 1021067
2022 1022071
2023 1023101
2024 1023947
2025 1025153
2026 1026167
2027 1027181
2028 1028191
2029 1029209
2030 1029383
2031 1031057
2032 1032191
2033 1033271
2034 1034239
2035 1035263
2036 1036319
2037 1037339
2038 1038311
2039 1039349
2040 1040203
2041 1041329
2042 1042439
2043 1043351
2044 1044479
2045 1045493
2046 1046527
2047 1047551
2048 1048571
2049 1049599
2050 1050503
2051 1051649
2052 1052531
2053 1053491
2054 1054679
2055 1055713
2056 1056779
2057 1057781
2058 1058839
2059 1059857
2060 1060883
2061 1061917
2062 1062911
2063 1063961
2064 1065019
2065 1066049
2066 1067063
2067 1068101
2068 1068371
2069 1070189
2070 1071223
2071 1072229
2072 1073279
2073 1074329
2074 1075079
2075 1076399
2076 1077299
2077 1078409
2078 1079471
2079 1080559
2080 1081583
2081 1082597
2082 1083559
2083 1084649
2084 1085663
2085 1086763
2086 1087799
2087 1088471
2088 1089919
2089 1090979
2090 1092023
2091 1093069
2092 1094099
2093 1095161
2094 1096159
2095 1096793
2096 1098287
2097 1099309
2098 1100279
2099 1101407
2100 1102483
2101 1103549
2102 1104599
2103 1105651
2104 1106687
2105 1107203
2106 1108759
2107 1109861
2108 1110719
2109 1111967
2110 1112663
2111 1114049
2112 1115131
2113 1115771
2114 1117247
2115 1118303
2116 1119359
2117 1120391
2118 1121431
2119 1122533
2120 1123403
2121 1124659
2122 1125599
2123 1126781
2124 1127587
2125 1128899
2126 1129847
2127 1130651
2128 1132091
2129 1133159
2130 1134143
2131 1135283
2132 1136339
2133 1137289
2134 1138367
2135 1139549
2136 1140619
2137 1141661
2138 1142759
2139 1143829
2140 1144643
2141 1145897
2142 1147039
2143 1148111
2144 1149167
2145 1150249
2146 1151327
2147 1152161
2148 1153459
2149 1154537
2150 1155263
2151 1156699
2152 1157771
2153 1158821
2154 1159919
2155 1160543
2156 1162079
2157 1163159
2158 1164071
2159 1165187
2160 1166383
2161 1167473
2162 1168031
2163 1169401
2164 1170707
2165 1171463
2166 1172807
2167 1173959
2168 1175039
2169 1176137
2170 1177223
2171 1178297
2172 1179379
2173 1180409
2174 1181519
2175 1182383
2176 1183739
2177 1184759
2178 1185871
2179 1187009
2180 1187999
2181 1189189
2182 1190279
2183 1191341
2184 1192427
2185 1193513
2186 1194023
2187 1195741
2188 1195811
2189 1197929
2190 1198999
2191 1200077
2192 1201019
2193 1202269
2194 1203359
2195 1204493
2196 1205539
2197 1206701
2198 1207751
2199 1208843
2200 1208843
2201 1211087
2202 1212199
2203 1213301
2204 1213379
2205 1215499
2206 1216583
2207 1217669
2208 1218779
2209 1219919
2210 1220903
2211 1222129
2212 1223231
2213 1224329
2214 1225327
2215 1226549
2216 1227659
2217 1228741
2218 1229519
2219 1230233
2220 1232083
2221 1233209
2222 1234271
2223 1235431
2224 1236527
2225 1237499
2226 1238767
2227 1239839
2228 1240991
2229 1242107
2230 1240199
2231 1244333
2232 1245451
2233 1246529
2234 1247663
2235 1248799
2236 1249727
2237 1251011
2238 1252159
2239 1253279
2240 1254203
2241 1255519
2242 1256279
2243 1257749
2244 1258847
2245 1259873
2246 1261079
2247 1262231
2248 1263179
2249 1264499
2250 1265623
2251 1266743
2252 1267859
2253 1269001
2254 1270103
2255 1271213
2256 1272379
2257 1273499
2258 1274111
2259 1275749
2260 1271999
2261 1278029
2262 1279111
2263 1280291
2264 1281407
2265 1282543
2266 1283159
2267 1284791
2268 1285891
2269 1287059
2270 1288103
2271 1289329
2272 1290491
2273 1291421
2274 1292143
2275 1293899
2276 1295027
2277 1296181
2278 1297271
2279 1298387
2280 1299583
2281 1300727
2282 1301879
2283 1303009
2284 1303139
2285 1305233
2286 1306447
2287 1307591
2288 1308731
2289 1309877
2290 1310999
2291 1312169
2292 1313311
2293 1314371
2294 1315607
2295 1316743
2296 1317887
2297 1318841
2298 1320199
2299 1321349
2300 1322483
2301 1323649
2302 1324679
2303 1325939
2304 1327099
2305 1328213
2306 1329407
2307 1330559
2308 1331711
2309 1332797
2310 1333999
2311 1335167
2312 1336271
2313 1337489
2314 1338647
2315 1339673
2316 1340959
2317 1342109
2318 1342751
2319 1344283
2320 1345583
2321 1346753
2322 1347919
2323 1348871
2324 1350047
2325 1351403
2326 1352543
2327 1353701
2328 1354571
2329 1356059
2330 1356599
2331 1358387
2332 1358111
2333 1360631
2334 1361879
2335 1362353
2336 1363547
2337 1365361
2338 1366031
2339 1367687
2340 1368643
2341 1370069
2342 1371119
2343 1372411
2344 1373483
2345 1374749
2346 1375879
2347 1377071
2348 1378271
2349 1379449
2350 1380623
2351 1381769
2352 1382959
2353 1384139
2354 1385327
2355 1386499
2356 1387667
2357 1388819
2358 1389991
2359 1391207
2360 1392143
2361 1393577
2362 1394711
2363 1395869
2364 1397119
2365 1398263
2366 1399439
2367 1400669
2368 1401791
2369 1403009
2370 1403383
2371 1405403
2372 1406591
2373 1407751
2374 1408007
2375 1410023
2376 1411307
2377 1412399
2378 1413551
2379 1414837
2380 1414943
2381 1417217
2382 1418399
2383 1419641
2384 1420847
2385 1422013
2386 1423127
2387 1424441
2388 1425491
2389 1426673
2390 1427999
2391 1429163
2392 1425791
2393 1431581
2394 1432807
2395 1433849
2396 1435139
2397 1436311
2398 1437551
2399 1438793
2400 1439803
2401 1441199
2402 1442351
2403 1443581
2404 1444787
2405 1445963
2406 1446919
2407 1448411
2408 1449611
2409 1450819
2410 1451663
2411 1453223
2412 1454419
2413 1455599
2414 1456823
2415 1458053
2416 1459259
2417 1460429
2418 1461671
2419 1462883
2420 1463999
2421 1465279
2422 1466519
2423 1467131
2424 1468939
2425 1470149
2426 1471343
2427 1472579
2428 1473011
2429 1475003
2430 1476199
2431 1477409
2432 1478639
2433 1479871
2434 1478063
2435 1482293
2436 1483519
2437 1484741
2438 1485599
2439 1487179
2440 1488143
2441 1489613
2442 1490479
2443 1492019
2444 1493279
2445 1494463
2446 1495727
2447 1496939
2448 1498139
2449 1499369
2450 1500503
2451 1501849
2452 1503059
2453 1504289
2454 1505519
2455 1506749
2456 1506959
2457 1508939
2458 1510391
2459 1511669
2460 1512703
2461 1514099
2462 1515359
2463 1516591
2464 1517819
2465 1518749
2466 1520287
2467 1521491
2468 1522691
2469 1523987
2470 1516199
2471 1526387
2472 1527679
2473 1528859
2474 1530143
2475 1531333
2476 1532639
2477 1533881
2478 1535119
2479 1536287
2480 1537199
2481 1538839
2482 1540079
2483 1541291
2484 1542239
2485 1543793
2486 1544423
2487 1546291
2488 1547519
2489 1548779
2490 1549943
2491 1551269
2492 1552451
2493 1553381
2494 1554383
2495 1555913
2496 1557499
2497 1558709
2498 1559879
2499 1561247
2500 1562243
2501 1563743
2502 1564999
2503 1566251
2504 1567499
2505 1568599
2506 1570007
2507 1571189
2508 1572511
2509 1573727
2510 1573799
2511 1576277
2512 1577531
2513 1578779
2514 1580023
2515 1581299
2516 1582463
2517 1583809
2518 1584959
2519 1586339
2520 1587563
2521 1588859
2522 1590119
2523 1591351
2524 1592639
2525 1593899
2526 1595047
2527 1596389
2528 1597679
2529 1598953
2530 1600223
2531 1601489
2532 1602751
2533 1604021
2534 1605287
2535 1606543
2536 1607807
2537 1609079
2538 1610311
2539 1611539
2540 1612703
2541 1614157
2542 1615151
2543 1616711
2544 1617883
2545 1619249
2546 1620239
2547 1621771
2548 1623071
2549 1624349
2550 1625543
2551 1626893
2552 1628171
2553 1629451
2554 1630367
2555 1631543
2556 1633267
2557 1634531
2558 1635551
2559 1637029
2560 1637723
2561 1639607
2562 1640879
2563 1642211
2564 1643423
2565 1644673
2566 1645967
2567 1647299
2568 1647871
2569 1649927
2570 1650263
2571 1652509
2572 1653791
2573 1655051
2574 1656367
2575 1657583
2576 1658927
2577 1660231
2578 1661519
2579 1662803
2580 1664083
2581 1665317
2582 1666559
2583 1667969
2584 1669259
2585 1670399
2586 1671727
2587 1673099
2588 1674371
2589 1675717
2590 1676663
2591 1678319
2592 1679599
2593 1680881
2594 1682207
2595 1683503
2596 1684703
2597 1686071
2598 1687319
2599 1688669
2600 1684223
2601 1691297
2602 1692479
2603 1693889
2604 1695139
2605 1696493
2606 1697519
2607 1699111
2608 1700219
2609 1701719
2610 1702903
2611 1704299
2612 1704611
2613 1706869
2614 1708247
2615 1709483
2616 1710799
2617 1712171
2618 1712951
2619 1714789
2620 1714499
2621 1717379
2622 1718719
2623 1720031
2624 1721339
2625 1722653
2626 1722599
2627 1725071
2628 1726591
2629 1727903
2630 1729103
2631 1730429
2632 1731659
2633 1733159
2634 1734463
2635 1735733
2636 1737059
2637 1738421
2638 1739471
2639 1741079
2640 1742383
2641 1743713
2642 1745039
2643 1746331
2644 1747619
2645 1748993
2646 1750319
2647 1751639
2648 1752719
2649 1754293
2650 1755599
2651 1756943
2652 1758131
2653 1759469
2654 1760567
2655 1762213
2656 1763579
2657 1764899
2658 1766231
2659 1767569
2660 1768499
2661 1770217
2662 1771559
2663 1772819
2664 1774207
2665 1775549
2666 1776839
2667 1778221
2668 1779299
2669 1780817
2670 1782199
2671 1783553
2672 1784891
2673 1786229
2674 1787519
2675 1788863
2676 1789987
2677 1791551
2678 1792559
2679 1794257
2680 1795583
2681 1796897
2682 1798271
2683 1799621
2684 1800959
2685 1802293
2686 1803647
2687 1804991
2688 1806331
2689 1807607
2690 1808399
2691 1810363
2692 1811651
2693 1812989
2694 1814383
2695 1815599
2696 1817099
2697 1818451
2698 1819751
2699 1821137
2700 1822463
2701 1823849
2702 1825079
2703 1826549
2704 1827803
2705 1829249
2706 1830599
2707 1831751
2708 1832291
2709 1834669
2710 1835399
2711 1837379
2712 1838719
2713 1840049
2714 1841447
2715 1842803
2716 1844099
2717 1845521
2718 1846879
2719 1848233
2720 1848923
2721 1850939
2722 1852271
2723 1853669
2724 1855039
2725 1856363
2726 1857767
2727 1859119
2728 1860479
2729 1861859
2730 1863223
2731 1864589
2732 1865939
2733 1867321
2734 1868687
2735 1870049
2736 1871279
2737 1872581
2738 1874111
2739 1875529
2740 1876703
2741 1878263
2742 1879351
2743 1880939
2744 1882367
2745 1883743
2746 1885007
2747 1886471
2748 1887811
2749 1889219
2750 1890599
2751 1891997
2752 1893371
2753 1894049
2754 1896047
2755 1897199
2756 1898867
2757 1900231
2758 1901639
2759 1903007
2760 1904143
2761 1905779
2762 1906871
2763 1908521
2764 1909907
2765 1911263
2766 1912679
2767 1913999
2768 1915451
2769 1916839
2770 1916543
2771 1919369
2772 1920991
2773 1922351
2774 1923479
2775 1925149
2776 1925867
2777 1927901
2778 1929311
2779 1930679
2780 1931843
2781 1933469
2782 1934879
2783 1935341
2784 1937659
2785 1938983
2786 1940447
2787 1941839
2788 1943231
2789 1944557
2790 1945943
2791 1947419
2792 1948799
2793 1950211
2794 1950383
2795 1952963
2796 1954387
2797 1955801
2798 1957079
2799 1958569
2800 1959599
2801 1961327
2802 1962271
2803 1964189
2804 1965503
2805 1966999
2806 1968383
2807 1969811
2808 1971199
2809 1972613
2810 1973999
2811 1975427
2812 1976831
2813 1978199
2814 1979359
2815 1980983
2816 1982447
2817 1983871
2818 1985279
2819 1986689
2820 1987523
2821 1989479
2822 1990871
2823 1992259
2824 1993679
2825 1995143
2826 1996559
2827 1997969
2828 1999379
2829 2000807
2830 2002223
2831 2003633
2832 2005039
2833 2006441
2834 2007767
2835 2009299
2836 2010527
2837 2012009
2838 2013511
2839 2014979
2840 2015999
2841 2017817
2842 2019191
2843 2020661
2844 2022067
2845 2023433
2846 2024639
2847 2026351
2848 2027759
2849 2029199
2850 2030183
2851 2031977
2852 2033459
2853 2034811
2854 2035967
2855 2037713
2856 2039179
2857 2040539
2858 2042039
2859 2043467
2860 2044883
2861 2046323
2862 2047471
2863 2049191
2864 2047919
2865 2052049
2866 2053439
2867 2054849
2868 2056339
2869 2057777
2870 2059223
2871 2060657
2872 2062091
2873 2063459
2874 2064943
2875 2066399
2876 2067647
2877 2069261
2878 2069351
2879 2072153
2880 2073563
2881 2074967
2882 2075111
2883 2077919
2884 2079347
2885 2080763
2886 2082247
2887 2083451
2888 2085131
2889 2086577
2890 2087999
2891 2089457
2892 2090771
2893 2092319
2894 2093807
2895 2095253
2896 2096687
2897 2098079
2898 2099479
2899 2101019
2900 2102099
2901 2103919
2902 2105231
2903 2106809
2904 2108299
2905 2109743
2906 2111159
2907 2112631
2908 2113091
2909 2115539
2910 2116903
2911 2118449
2912 2119919
2913 2121389
2914 2122823
2915 2124299
2916 2125699
2917 2127149
2918 2128631
2919 2130133
2920 2128463
2921 2133059
2922 2134519
2923 2135951
2924 2136419
2925 2138833
2926 2140367
2927 2141801
2928 2143279
2929 2144759
2930 2146103
2931 2147633
2932 2149151
2933 2150531
2934 2152079
2935 2152499
2936 2155007
2937 2156491
2938 2157839
2939 2158727
2940 2160883
2941 2162339
2942 2163671
2943 2165291
2944 2161883
2945 2168183
2946 2167703
2947 2171159
2948 2172659
2949 2174119
2950 2175599
2951 2177093
2952 2178571
2953 2180051
2954 2181503
2955 2182993
2956 2183807
2957 2185949
2958 2187359
2959 2188919
2960 2190299
2961 2191873
2962 2193311
2963 2194811
2964 2196307
2965 2197799
2966 2198759
2967 2200771
2968 2201099
2969 2203499
2970 2205199
2971 2206709
2972 2208131
2973 2209661
2974 2206943
2975 2212523
2976 2213243
2977 2215541
2978 2216999
2979 2218609
2980 2220083
2981 2221589
2982 2223079
2983 2224571
2984 2225999
2985 2227543
2986 2228927
2987 2230541
2988 2231891
2989 2233529
2990 2228783
2991 2236519
2992 2238011
2993 2239301
2994 2240839
2995 2242433
2996 2243987
2997 2245501
2998 2246999
2999 2248469
3000 2249983
3001 2251427
3002 2252951
3003 2254501
3004 2255999
3005 2257373
3006 2258783
3007 2260499
3008 2261531
3009 2263519
3010 2264903
3011 2266499
3012 2268031
3013 2269529
3014 2270759
3015 2272549
3016 2273963
3017 2275529
3018 2277071
3019 2278517
3020 2279843
3021 2281607
3022 2282759
3023 2284631
3024 2286139
3025 2287613
3026 2289143
3027 2290609
3028 2291999
3029 2293703
3030 2295103
3031 2296733
3032 2298059
3033 2299771
3034 2301287
3035 2302799
3036 2304319
3037 2304581
3038 2307191
3039 2308807
3040 2309999
3041 2311889
3042 2313439
3043 2314931
3044 2316383
3045 2318003
3046 2319503
3047 2321009
3048 2322571
3049 2324093
3050 2325623
3051 2327107
3052 2328479
3053 2330201
3054 2331647
3055 2333099
3056 2334779
3057 2336311
3058 2337479
3059 2339369
3060 2340703
3061 2342423
3062 2343791
3063 2345479
3064 2346959
3065 2346203
3066 2349799
3067 2351579
3068 2352899
3069 2354633
3070 2356199
3071 2357717
3072 2359151
3073 2360759
3074 2362343
3075 2363903
3076 2365439
3077 2366939
3078 2368511
3079 2370047
3080 2369999
3081 2373139
3082 2374511
3083 2376191
3084 2377747
3085 2379173
3086 2380727
3087 2382389
3088 2383919
3089 2385323
3090 2387023
3091 2388569
3092 2390111
3093 2391589
3094 2392919
3095 2394683
3096 2396239
3097 2397851
3098 2399399
3099 2400949
3100 2402483
3101 2404043
3102 2405591
3103 2407079
3104 2408639
3105 2410249
3106 2411639
3107 2413349
3108 2414911
3109 2416313
3110 2417999
3111 2419579
3112 2421119
3113 2422691
3114 2424199
3115 2425799
3116 2427263
3117 2428919
3118 2430359
3119 2431967
3120 2432923
3121 2435003
3122 2436719
3123 2438281
3124 2439839
3125 2441363
3126 2442967
3127 2444531
3128 2446091
3129 2447647
3130 2449199
3131 2450783
3132 2452339
3133 2453921
3134 2455487
3135 2456999
3136 2458607
3137 2460179
3138 2461399
3139 2463257
3140 2464799
3141 2466463
3142 2467919
3143 2469581
3144 2471179
3145 2472683
3146 2474207
3147 2475859
3148 2477471
3149 2479049
3150 2480503
3151 2482199
3152 2483711
3153 2485339
3154 2486639
3155 2488043
3156 2490079
3157 2491661
3158 2492951
3159 2494819
3160 2496383
3161 2497967
3162 2499551
3163 2501099
3164 2502719
3165 2503999
3166 2505863
3167 2507339
3168 2508379
3169 2510609
3170 2509823
3171 2513809
3172 2515379
3173 2516981
3174 2518559
3175 2520149
3176 2521643
3177 2523329
3178 2524799
3179 2526497
3180 2527423
3181 2529689
3182 2530991
3183 2532869
3184 2534459
3185 2536013
3186 2537599
3187 2539151
3188 2540831
3189 2542429
3190 2543399
3191 2545619
3192 2547211
3193 2548769
3194 2550407
3195 2551999
3196 2553599
3197 2555171
3198 2556791
3199 2558243
3200 2559983
3201 2561593
3202 2563199
3203 2564759
3204 2566367
3205 2567963
3206 2569607
3207 2571209
3208 2572811
3209 2574179
3210 2575943
3211 2577623
3212 2578559
3213 2580841
3214 2582399
3215 2583353
3216 2585659
3217 2587271
3218 2588711
3219 2590433
3220 2591843
3221 2593697
3222 2595319
3223 2596889
3224 2598443
3225 2600113
3226 2601479
3227 2603369
3228 2604799
3229 2606603
3230 2608103
3231 2609809
3232 2611439
3233 2613041
3234 2614687
3235 2615999
3236 2617907
3237 2619521
3238 2621159
3239 2622773
3240 2624203
3241 2625977
3242 2627519
3243 2629261
3244 2630879
3245 2632499
3246 2634119
3247 2635709
3248 2637119
3249 2638843
3250 2640503
3251 2642117
3252 2643871
3253 2645429
3254 2647079
3255 2648713
3256 2650379
3257 2652011
3258 2653591
3259 2655113
3260 2656883
3261 2658457
3262 2657951
3263 2661779
3264 2663359
3265 2665043
3266 2666663
3267 2668301
3268 2669951
3269 2671589
3270 2673103
3271 2674853
3272 2676491
3273 2678131
3274 2679647
3275 2681249
3276 2683007
3277 2684651
3278 2686319
3279 2687957
3280 2689499
3281 2691239
3282 2692871
3283 2694389
3284 2696063
3285 2697803
3286 2699423
3287 2701091
3288 2702719
3289 2704349
3290 2705663
3291 2707657
3292 2708291
3293 2710931
3294 2712583
3295 2714249
3296 2715899
3297 2717549
3298 2719151
3299 2720849
3300 2722399
3301 2724119
3302 2725439
3303 2727451
3304 2729099
3305 2730743
3306 2732407
3307 2734019
3308 2735699
3309 2737367
3310 2738063
3311 2740667
3312 2742139
3313 2743991
3314 2745287
3315 2747293
3316 2748563
3317 2750201
3318 2752271
3319 2753939
3320 2755499
3321 2757259
3322 2758871
3323 2760509
3324 2761987
3325 2763833
3326 2765519
3327 2767231
3328 2768639
3329 2770553
3330 2772199
3331 2773817
3332 2775551
3333 2777219
3334 2778863
3335 2780399
3336 2782187
3337 2783849
3338 2785511
3339 2787229
3340 2787299
3341 2790569
3342 2792191
3343 2793911
3344 2795567
3345 2797213
3346 2798927
3347 2800601
3348 2802211
3349 2803937
3350 2805263
3351 2807209
3352 2808959
3353 2810579
3354 2812319
3355 2813849
3356 2815427
3357 2817361
3358 2819039
3359 2820707
3360 2822299
3361 2824079
3362 2825759
3363 2827439
3364 2829107
3365 2830049
3366 2832127
3367 2834171
3368 2835851
3369 2837519
3370 2838863
3371 2840777
3372 2842591
3373 2844269
3374 2845967
3375 2847643
3376 2849339
3377 2851001
3378 2852711
3379 2854403
3380 2856083
3381 2857759
3382 2858951
3383 2861129
3384 2862859
3385 2864423
3386 2866247
3387 2867941
3388 2868959
3389 2871287
3390 2873023
3391 2874647
3392 2876411
3393 2878039
3394 2879759
3395 2881499
3396 2883187
3397 2884901
3398 2886239
3399 2888299
3400 2889599
3401 2891687
3402 2893399
3403 2895089
3404 2896799
3405 2898503
3406 2900207
3407 2901911
3408 2903419
3409 2905319
3410 2906999
3411 2908723
3412 2910419
3413 2912141
3414 2913727
3415 2915543
3416 2917259
3417 2918959
3418 2920391
3419 2922383
3420 2923903
3421 2925809
3422 2926559
3423 2929231
3424 2930843
3425 2932499
3426 2934343
3427 2936069
3428 2937791
3429 2939479
3430 2941223
3431 2942909
3432 2944619
3433 2946341
3434 2948087
3435 2949803
3436 2951423
3437 2953199
3438 2954599
3439 2956649
3440 2958383
3441 2960047
3442 2961839
3443 2963549
3444 2965247
3445 2966963
3446 2968367
3447 2970439
3448 2972171
3449 2973857
3450 2975543
3451 2977259
3452 2979059
3453 2980801
3454 2982527
3455 2984183
3456 2985979
3457 2986229
3458 2989391
3459 2991139
3460 2991743
3461 2994587
3462 2995999
3463 2998019
3464 2999819
3465 3001553
3466 3003167
3467 3004979
3468 3006719
3469 3008477
3470 3010199
3471 3011959
3472 3013691
3473 3012461
3474 3017167
3475 3017849
3476 3020579
3477 3022339
3478 3024071
3479 3025703
3480 3025999
3481 3029339
3482 3031079
3483 3032801
3484 3034463
3485 3035183
3486 3038039
3487 3039761
3488 3041531
3489 3043277
3490 3044663
3491 3046763
3492 3048511
3493 3050261
3494 3051047
3495 3053753
3496 3055487
3497 3057011
3498 3058999
3499 3060749
3500 3062483
3501 3064247
3502 3065999
3503 3067739
3504 3069499
3505 3070553
3506 3072983
3507 3074741
3508 3076511
3509 3078227
3510 3079903
3511 3081779
3512 3083519
3513 3084911
3514 3087023
3515 3088343
3516 3090463
3517 3092321
3518 3092711
3519 3095839
3520 3097499
3521 3099359
3522 3101039
3523 3102881
3524 3104627
3525 3106349
3526 3108047
3527 3109859
3528 3111679
3529 3113459
3530 3115103
3531 3116977
3532 3118691
3533 3120311
3534 3122279
3535 3124013
3536 3125819
3537 3127561
3538 3128399
3539 3131123
3540 3132799
3541 3134597
3542 3136319
3543 3138209
3544 3139979
3545 3141713
3546 3143447
3547 3145211
3548 3146879
3549 3148829
3550 3150263
3551 3152399
3552 3154031
3553 3155939
3554 3157703
3555 3159323
3556 3161183
3557 3162989
3558 3164719
3559 3166613
3560 3168203
3561 3170179
3562 3171671
3563 3173699
3564 3174947
3565 3177299
3566 3179087
3567 3180869
3568 3182591
3569 3184409
3570 3186223
3571 3187979
3572 3189779
3573 3191569
3574 3193319
3575 3195149
3576 3196939
3577 3198731
3578 3200159
3579 3202237
3580 3203999
3581 3205859
3582 3207151
3583 3209441
3584 3211163
3585 3212593
3586 3214559
3587 3216611
3588 3218431
3589 3220097
3590 3221063
3591 3223817
3592 3224591
3593 3227369
3594 3229207
3595 3230999
3596 3232799
3597 3234601
3598 3236231
3599 3238199
3600 3239983
3601 3241757
3602 3243239
3603 3245401
3604 3247199
3605 3248849
3606 3250799
3607 3252371
3608 3254219
3609 3256217
3610 3257663
3611 3259829
3612 3261631
3613 3263441
3614 3265247
3615 3266999
3616 3268847
3617 3270671
3618 3272431
3619 3274283
3620 3276083
3621 3277903
3622 3279431
3623 3281441
3624 3283339
3625 3285083
3626 3286799
3627 3288781
3628 3290579
3629 3292403
3630 3294143
3631 3296039
3632 3297071
3633 3299651
3634 3300959
3635 3303263
3636 3305119
3637 3306911
3638 3308759
3639 3310577
3640 3312383
3641 3314219
3642 3315679
3643 3317849
3644 3319619
3645 3321503
3646 3323207
3647 3325121
3648 3326971
3649 3328799
3650 3329999
3651 3332437
3652 3334271
3653 3336101
3654 3337927
3655 3339449
3656 3341579
3657 3343409
3658 3345191
3659 3346979
3660 3348223
3661 3350729
3662 3352511
3663 3354391
3664 3355739
3665 3357899
3666 3359527
3667 3361679
3668 3363491
3669 3365389
3670 3365543
3671 3369059
3672 3370831
3673 3372731
3674 3374543
3675 3376363
3676 3378047
3677 3379619
3678 3381919
3679 3383753
3680 3385583
3681 3387019
3682 3389279
3683 3391049
3684 3392959
3685 3394799
3686 3396023
3687 3398491
3688 3399659
3689 3402173
3690 3403999
3691 3405839
3692 3407039
3693 3409321
3694 3411047
3695 3413099
3696 3415099
3697 3416951
3698 3418799
3699 3420649
3700 3422483
3701 3424307
3702 3426119
3703 3428021
3704 3427967
3705 3431749
3706 3433583
3707 3435461
3708 3437299
3709 3439013
3710 3440663
3711 3442877
3712 3444059
3713 3446459
3714 3448439
3715 3450233
3716 3451967
3717 3454021
3718 3455591
3719 3457397
3720 3459563
3721 3461459
3722 3463319
3723 3465179
3724 3467039
3725 3468863
3726 3470743
3727 3472619
3728 3474479
3729 3476357
3730 3478199
3731 3480017
3732 3481759
3733 3483611
3734 3485687
3735 3487373
3736 3489023
3737 3491291
3738 3493151
3739 3495017
3740 3496799
3741 3498767
3742 3500111
3743 3502511
3744 3504239
3745 3506249
3746 3508079
3747 3509999
3748 3511679
3749 3513737
3750 3515623
3751 3517427
3752 3519311
3753 3521249
3754 3522767
3755 3524999
3756 3526867
3757 3528521
3758 3530591
3759 3532517
3760 3533723
3761 3536249
3762 3538151
3763 3540041
3764 3541919
3765 3543763
3766 3545567
3767 3547571
3768 3549419
3769 3551099
3770 3553223
3771 3555107
3772 3556991
3773 3558881
3774 3560759
3775 3562499
3776 3564479
3777 3566429
3778 3567959
3779 3570179
3780 3571999
3781 3573917
3782 3575519
3783 3577771
3784 3579647
3785 3581549
3786 3583159
3787 3585311
3788 3586559
3789 3589073
3790 3591023
3791 3592913
3792 3594559
3793 3596009
3794 3598607
3795 3600463
3796 3598307
3797 3604301
3798 3606151
3799 3608057
3800 3609803
3801 3611893
3802 3613271
3803 3615701
3804 3617599
3805 3619463
3806 3621287
3807 3623071
3808 3625211
3809 3626813
3810 3628663
3811 3630929
3812 3632831
3813 3634699
3814 3636527
3815 3638549
3816 3640447
3817 3642341
3818 3644279
3819 3646187
3820 3642323
3821 3649967
3822 3651919
3823 3653831
3824 3655739
3825 3657653
3826 3659567
3827 3661391
3828 3663199
3829 3665297
3830 3666599
3831 3669119
3832 3670991
3833 3672971
3834 3674863
3835 3676793
3836 3678659
3837 3680639
3838 3682439
3839 3684467
3840 3686383
3841 3688313
3842 3690191
3843 3692159
3844 3693983
3845 3695933
3846 3697927
3847 3699719
3848 3701759
3849 3703643
3850 3705623
3851 3707537
3852 3709331
3853 3711401
3854 3713279
3855 3715253
3856 3717083
3857 3718901
3858 3720511
3859 3722549
3860 3724883
3861 3726823
3862 3728759
3863 3730679
3864 3732587
3865 3734399
3866 3736367
3867 3738409
3868 3740339
3869 3742283
3870 3743863
3871 3746153
3872 3748079
3873 3750031
3874 3751919
3875 3753833
3876 3755779
3877 3757781
3878 3758879
3879 3761647
3880 3763343
3881 3765533
3882 3767471
3883 3769379
3884 3771347
3885 3773249
3886 3775199
3887 3777161
3888 3779131
3889 3781079
3890 3782063
3891 3784967
3892 3786899
3893 3788861
3894 3790807
3895 3792743
3896 3794507
3897 3796649
3898 3798239
3899 3800549
3900 3802483
3901 3804419
3902 3806111
3903 3808261
3904 3810299
3905 3812213
3906 3814207
3907 3816149
3908 3817859
3909 3820067
3910 3821903
3911 3823973
3912 3825931
3913 3827651
3914 3829823
3915 3831733
3916 3833747
3917 3835691
3918 3837511
3919 3839639
3920 3841499
3921 3843557
3922 3845351
3923 3847469
3924 3849379
3925 3851399
3926 3853247
3927 3855331
3928 3857039
3929 3859259
3930 3861223
3931 3863183
3932 3864671
3933 3867091
3934 3868463
3935 3871013
3936 3873007
3937 3874979
3938 3876959
3939 3878923
3940 3880223
3941 3882737
3942 3884831
3943 3886769
3944 3888719
3945 3890753
3946 3892607
3947 3894689
3948 3896351
3949 3898637
3950 3900623
3951 3902579
3952 3904379
3953 3906479
3954 3908503
3955 3910349
3956 3911807
3957 3914461
3958 3916439
3959 3918413
3960 3920383
3961 3922367
3962 3924311
3963 3926341
3964 3928319
3965 3930293
3966 3932239
3967 3933929
3968 3936239
3969 3938197
3970 3938999
3971 3942209
3972 3944131
3973 3946139
3974 3947807
3975 3950099
3976 3952127
3977 3954131
3978 3956119
3979 3958109
3980 3960083
3981 3962047
3982 3964031
3983 3966059
3984 3968047
3985 3970049
3986 3971879
3987 3974041
3988 3976031
3989 3977999
3990 3979999
3991 3981863
3992 3983999
3993 3986009
3994 3988007
3995 3989963
3996 3991807
3997 3993959
3998 3995639
3999 3997997
4000 3999803
4001 4001999
4002 4003999
4003 4006001
4004 4007999
4005 4009933
4006 4011719
4007 4014011
4008 4015819
4009 4017989
4010 4019663
4011 4022027
4012 4023359
4013 4025999
4014 4027927
4015 4029923
4016 4032059
4017 4034071
4018 4034399
4019 4037933
4020 4040083
4021 4042097
4022 4043999
4023 4046131
4024 4048043
4025 4050149
4026 4051727
4027 4054151
4028 4056179
4029 4058209
4030 4059599
4031 4062197
4032 4063931
4033 4066259
4034 4064807
4035 4070303
4036 4072259
4037 4074209
4038 4076351
4039 4078367
4040 4080143
4041 4082413
4042 4084439
4043 4086449
4044 4088467
4045 4090433
4046 4092503
4047 4094549
4048 4096319
4049 4098587
4050 4100543
4051 4102649
4052 4103999
4053 4106701
4054 4108439
4055 4110713
4056 4112299
4057 4114571
4058 4116479
4059 4118797
4060 4120223
4061 4122689
4062 4124959
4063 4126979
4064 4129007
4065 4130899
4066 4132967
4067 4135049
4068 4136579
4069 4139189
4070 4141223
4071 4143253
4072 4145291
4073 4147331
4074 4149367
4075 4151099
4076 4152959
4077 4155469
4078 4157471
4079 4159553
4080 4161499
4081 4163597
4082 4165631
4083 4167721
4084 4169747
4085 4171799
4086 4173847
4087 4175879
4088 4177931
4089 4179979
4090 4181183
4091 4184027
4092 4186079
4093 4188161
4094 4190183
4095 4192073
4096 4194287
4097 4195649
4098 4198319
4099 4200419
4100 4202483
4101 4204537
4102 4206551
4103 4208621
4104 4210667
4105 4212713
4106 4214807
4107 4216819
4108 4218899
4109 4220969
4110 4222399
4111 4225079
4112 4226939
4113 4229119
4114 4231247
4115 4233263
4116 4235327
4117 4236821
4118 4239479
4119 4241539
4120 4243199
4121 4245617
4122 4246199
4123 4249769
4124 4251647
4125 4253863
4126 4255679
4127 4258031
4128 4259951
4129 4262147
4130 4264199
4131 4266289
4132 4268339
4133 4270391
4134 4272263
4135 4274549
4136 4276607
4137 4278691
4138 4280399
4139 4282829
4140 4284223
4141 4286969
4142 4287359
4143 4291109
4144 4293167
4145 4295183
4146 4297327
4147 4299329
4148 4301411
4149 4303543
4150 4304999
4151 4307687
4152 4309519
4153 4311809
4154 4313927
4155 4316003
4156 4317827
4157 4320119
4158 4322119
4159 4324289
4160 4326383
4161 4328459
4162 4330559
4163 4332611
4164 4334719
4165 4336799
4166 4337519
4167 4340969
4168 4342991
4169 4345127
4170 4347103
4171 4349237
4172 4351331
4173 4353409
4174 4355567
4175 4357523
4176 4359739
4177 4361699
4178 4363631
4179 4366007
4180 4368083
4181 4370159
4182 4372279
4183 4374341
4184 4376447
4185 4378553
4186 4380647
4187 4382699
4188 4384799
4189 4386887
4190 4389023
4191 4391099
4192 4393019
4193 4395221
4194 4397399
4195 4399163
4196 4401347
4197 4403699
4198 4405679
4199 4407857
4200 4409803
4201 4412099
4202 4414199
4203 4416301
4204 4418303
4205 4420463
4206 4422599
4207 4424699
4208 4426139
4209 4428917
4210 4431023
4211 4433129
4212 4435091
4213 4437341
4214 4439447
4215 4441543
4216 4443599
4217 4445681
4218 4447879
4219 4449983
4220 4451999
4221 4454209
4222 4455959
4223 4458359
4224 4460479
4225 4462643
4226 4464767
4227 4466879
4228 4468979
4229 4471067
4230 4473143
4231 4475333
4232 4477439
4233 4479481
4234 4481567
4235 4483793
4236 4485907
4237 4487969
4238 4489799
4239 4492277
4240 4494383
4241 4496507
4242 4498199
4243 4500731
4244 4502879
4245 4505003
4246 4507079
4247 4509209
4248 4511359
4249 4513499
4250 4498463
4251 4517719
4252 4519871
4253 4521971
4254 4524007
4255 4526243
4256 4528367
4257 4530511
4258 4532639
4259 4534763
4260 4536703
4261 4538999
4262 4541039
4263 4543291
4264 4543823
4265 4547549
4266 4549687
4267 4551821
4268 4553951
4269 4556089
4270 4557599
4271 4560053
4272 4562351
4273 4564631
4274 4566767
4275 4568899
4276 4570847
4277 4573169
4278 4575271
4279 4577249
4280 4579343
4281 4581727
4282 4583039
4283 4585991
4284 4588159
4285 4589999
4286 4592327
4287 4594589
4288 4596731
4289 4598837
4290 4600399
4291 4603139
4292 4605311
4293 4607461
4294 4609247
4295 4611749
4296 4613803
4297 4616039
4298 4617839
4299 4620139
4300 4622399
4301 4624649
4302 4626799
4303 4628489
4304 4630907
4305 4633199
4306 4635383
4307 4637561
4308 4639651
4309 4641863
4310 4643663
4311 4646179
4312 4646891
4313 4650491
4314 4652623
4315 4654799
4316 4656947
4317 4659049
4318 4661231
4319 4663433
4320 4665499
4321 4667687
4322 4669799
4323 4672039
4324 4674239
4325 4676333
4326 4678567
4327 4680719
4328 4682411
4329 4685059
4330 4687103
4331 4689389
4332 4691539
4333 4693691
4334 4695863
4335 4698013
4336 4700219
4337 4702361
4338 4704551
4339 4706717
4340 4708703
4341 4711013
4342 4713239
4343 4715411
4344 4717547
4345 4719713
4346 4721879
4347 4724101
4348 4724831
4349 4728239
4350 4729663
4351 4732769
4352 4734911
4353 4737151
4354 4739327
4355 4741463
4356 4743283
4357 4745849
4358 4748039
4359 4750217
4360 4751723
4361 4754549
4362 4756751
4363 4758731
4364 4761059
4365 4763299
4366 4765487
4367 4767431
4368 4769711
4369 4771997
4370 4774199
4371 4776403
4372 4778399
4373 4780781
4374 4782607
4375 4785113
4376 4787339
4377 4789399
4378 4791431
4379 4793897
4380 4796083
4381 4798259
4382 4800431
4383 4802641
4384 4804799
4385 4806899
4386 4809023
4387 4811441
4388 4813439
4389 4815823
4390 4817663
4391 4820219
4392 4822351
4393 4824581
4394 4826447
4395 4828543
4396 4830719
4397 4833371
4398 4835071
4399 4837793
4400 4839899
4401 4842197
4402 4844039
4403 4846529
4404 4848787
4405 4850543
4406 4853183
4407 4855391
4408 4857551
4409 4859819
4410 4861999
4411 4864229
4412 4866371
4413 4868599
4414 4870799
4415 4873049
4416 4875259
4417 4877459
4418 4879631
4419 4881869
4420 4883999
4421 4886303
4422 4888519
4423 4890731
4424 4892687
4425 4895153
4426 4897199
4427 4899569
4428 4901539
4429 4903979
4430 4906103
4431 4908437
4432 4910651
4433 4912841
4434 4914799
4435 4917173
4436 4919507
4437 4921711
4438 4923839
4439 4926167
4440 4928383
4441 4930613
4442 4932671
4443 4935061
4444 4937267
4445 4939433
4446 4940503
4447 4943921
4448 4945019
4449 4948393
4450 4950623
4451 4952837
4452 4955059
4453 4957301
4454 4959527
4455 4961713
4456 4963967
4457 4966001
4458 4968319
4459 4970657
4460 4972223
4461 4975129
4462 4977239
4463 4979591
4464 4981807
4465 4984013
4466 4986167
4467 4988449
4468 4989599
4469 4992947
4470 4994599
4471 4997387
4472 4999439
4473 5001911
4474 5004143
4475 5006399
4476 5008607
4477 5010791
4478 5013119
4479 5015317
4480 5017583
4481 5019797
4482 5022079
4483 5024111
4484 5024963
4485 5028733
4486 5031023
4487 5033291
4488 5035339
4489 5037749
4490 5039999
4491 5042179
4492 5044511
4493 5046341
4494 5049007
4495 5051243
4496 5052059
4497 5055709
4498 5057879
4499 5060249
4500 5062483
4501 5064677
4502 5066951
4503 5069231
4504 5071103
4505 5073749
4506 5075999
4507 5078261
4508 5080451
4509 5082767
4510 5084999
4511 5087279
4512 5089519
4513 5091761
4514 5093519
4515 5096249
4516 5098559
4517 5100791
4518 5103071
4519 5105327
4520 5107499
4521 5109859
4522 5112119
4523 5114339
4524 5116627
4525 5118203
4526 5121143
4527 5123429
4528 5125019
4529 5127917
4530 5130143
4531 5132459
4532 5134751
4533 5137021
4534 5138663
4535 5141249
4536 5143807
4537 5146091
4538 5148359
4539 5150617
4540 5152643
4541 5155037
4542 5156911
4543 5159711
4544 5161967
4545 5164253
4546 5166527
4547 5168711
4548 5171071
4549 5173319
4550 5174999
4551 5177869
4552 5180171
4553 5182451
4554 5184727
4555 5186963
4556 5189027
4557 5191489
4558 5193719
4559 5196119
4560 5198363
4561 5200667
4562 5202671
4563 5205169
4564 5207519
4565 5208683
4566 5212087
4567 5214329
4568 5216591
4569 5218937
4570 5221199
4571 5223503
4572 5225791
4573 5228081
4574 5230367
4575 5232613
4576 5234927
4577 5236991
4578 5239511
4579 5241569
4580 5243699
4581 5246389
4582 5248559
4583 5250899
4584 5252939
4585 5255423
4586 5257727
4587 5260139
4588 5262371
4589 5264657
4590 5266903
4591 5269307
4592 5271599
4593 5273839
4594 5276207
4595 5278499
4596 5280799
4597 5283101
4598 5284439
4599 5287693
4600 5289743
4601 5292293
4602 5294591
4603 5296859
4604 5298719
4605 5301349
4606 5303807
4607 5306099
4608 5308379
4609 5310707
4610 5312999
4611 5315329
4612 5317619
4613 5319911
4614 5322199
4615 5324549
4616 5326847
4617 5329171
4618 5331479
4619 5333747
4620 5335843
4621 5338409
4622 5340359
4623 5343029
4624 5345243
4625 5347313
4626 5349919
4627 5352239
4628 5353811
4629 5356889
4630 5359223
4631 5361539
4632 5363711
4633 5366159
4634 5368439
4635 5370803
4636 5373119
4637 5375441
4638 5377711
4639 5380079
4640 5382383
4641 5384713
4642 5385671
4643 5389361
4644 5391679
4645 5393849
4646 5395967
4647 5398579
4648 5400299
4649 5403257
4650 5405599
4651 5407943
4652 5410259
4653 5412581
4654 5414879
4655 5417249
4656 5419567
4657 5421839
4658 5423399
4659 5426569
4660 5428883
4661 5431187
4662 5433511
4663 5435891
4664 5438219
4665 5440543
4666 5442527
4667 5445221
4668 5447231
4669 5449757
4670 5452199
4671 5454557
4672 5456879
4673 5459189
4674 5461567
4675 5463893
4676 5465987
4677 5468581
4678 5470799
4679 5473229
4680 5475563
4681 5477867
4682 5480231
4683 5482531
4684 5484767
4685 5487263
4686 5489639
4687 5491979
4688 5493179
4689 5496679
4690 5499023
4691 5501159
4692 5503571
4693 5506049
4694 5508383
4695 5510753
4696 5513003
4697 5515451
4698 5517751
4699 5520059
4700 5522303
4701 5524843
4702 5527079
4703 5529521
4704 5531887
4705 5533793
4706 5536319
4707 5538931
4708 5541311
4709 5543597
4710 5545999
4711 5548379
4712 5550719
4713 5553091
4714 5554919
4715 5557499
4716 5560127
4717 5562449
4718 5564879
4719 5567239
4720 5569583
4721 5571953
4722 5574311
4723 5576591
4724 5578943
4725 5581403
4726 5583407
4727 5586131
4728 5588491
4729 5590853
4730 5593199
4731 5595589
4732 5597939
4733 5600279
4734 5602679
4735 5605043
4736 5607323
4737 5609761
4738 5612111
4739 5614523
4740 5616883
4741 5618849
4742 5621471
4743 5623771
4744 5626367
4745 5628713
4746 5631007
4747 5633501
4748 5635871
4749 5638247
4750 5640623
4751 5642999
4752 5645119
4753 5647511
4754 5649599
4755 5652499
4756 5654819
4757 5657261
4758 5659559
4759 5661779
4760 5664203
4761 5666777
4762 5669159
4763 5671511
4764 5673907
4765 5675843
4766 5678327
4767 5681059
4768 5682779
4769 5685833
4770 5688143
4771 5690537
4772 5692319
4773 5695381
4774 5697743
4775 5699033
4776 5702539
4777 5704889
4778 5707319
4779 5709689
4780 5711903
4781 5714483
4782 5716871
4783 5719199
4784 5721659
4785 5724013
4786 5726447
4787 5728379
4788 5730559
4789 5733617
4790 5735903
4791 5738419
4792 5740799
4793 5743139
4794 5745599
4795 5747993
4796 5750399
4797 5752781
4798 5755151
4799 5757593
4800 5759599
4801 5761643
4802 5764799
4803 5767189
4804 5769587
4805 5771663
4806 5774287
4807 5776811
4808 5779199
4809 5781613
4810 5783903
4811 5786387
4812 5788771
4813 5791241
4814 5793527
4815 5796053
4816 5798459
4817 5800661
4818 5802751
4819 5805689
4820 5808083
4821 5810507
4822 5812559
4823 5815331
4824 5817167
4825 5820149
4826 5822567
4827 5824979
4828 5826911
4829 5829779
4830 5832143
4831 5834219
4832 5836799
4833 5839231
4834 5841263
4835 5844299
4836 5846579
4837 5849099
4838 5851511
4839 5853949
4840 5855723
4841 5858807
4842 5861239
4843 5863631
4844 5866067
4845 5867803
4846 5870927
4847 5873111
4848 5875631
4849 5878109
4850 5880503
4851 5883029
4852 5884691
4853 5887811
4854 5890303
4855 5892749
4856 5895179
4857 5897611
4858 5899991
4859 5902397
4860 5904863
4861 5907299
4862 5909759
4863 5912189
4864 5913179
4865 5917013
4866 5919367
4867 5921891
4868 5924351
4869 5926783
4870 5926199
4871 5931503
4872 5934091
4873 5936501
4874 5938847
4875 5941399
4876 5943167
4877 5946041
4878 5948711
4879 5951159
4880 5951663
4881 5956037
4882 5958431
4883 5960909
4884 5963263
4885 5965649
4886 5968199
4887 5970661
4888 5973131
4889 5975447
4890 5977943
4891 5980439
4892 5982239
4893 5985349
4894 5987759
4895 5990249
4896 5992667
4897 5995151
4898 5997599
4899 6000047
4900 6001343
4901 6004949
4902 6007231
4903 6009851
4904 6012239
4905 6014699
4906 6017183
4907 6019589
4908 6021091
4909 6024569
4910 6027023
4911 6029467
4912 6031931
4913 6031199
4914 6036559
4915 6039263
4916 6041759
4917 6044221
4918 6046511
4919 6049133
4920 6051583
4921 6054029
4922 6056399
4923 6058961
4924 6061439
4925 6063899
4926 6066199
4927 6068819
4928 6071231
4929 6073603
4930 6076223
4931 6078659
4932 6081139
4933 6083579
4934 6086063
4935 6088549
4936 6090923
4937 6093491
4938 6095959
4939 6098429
4940 6100799
4941 6103367
4942 6105719
4943 6108269
4944 6110747
4945 6113213
4946 6115679
4947 6118199
4948 6118559
4949 6123059
4950 6125599
4951 6128069
4952 6129899
4953 6133031
4954 6135359
4955 6137993
4956 6140467
4957 6142949
4958 6144911
4959 6147917
4960 6150299
4961 6152879
4962 6155351
4963 6157841
4964 6159539
4965 6162749
4966 6163607
4967 6167639
4968 6170251
4969 6172709
4970 6175223
4971 6177707
4972 6180179
4973 6182639
4974 6185159
4975 6187583
4976 6190127
4977 6192629
4978 6194831
4979 6197267
4980 6200063
4981 6202589
4982 6205079
4983 6207569
4984 6210059
4985 6212543
4986 6215039
4987 6216989
4988 6219971
4989 6222523
4990 6224063
4991 6227477
4992 6229819
4993 6232469
4994 6234959
4995 6237503
4996 6239603
4997 6242261
4998 6244951
4999 6247343
5000 6249899
5001 6252497
5002 6254639
5003 6257429
5004 6259807
5005 6262499
5006 6264983
5007 6267491
5008 6269951
5009 6272477
5010 6274799
5011 6277499
5012 6280031
5013 6282499
5014 6285047
5015 6287543
5016 6290047
5017 6292541
5018 6294791
5019 6297589
5020 6300083
5021 6302609
5022 6305119
5023 6307559
5024 6309887
5025 6312613
5026 6315167
5027 6317681
5028 6320159
5029 6322709
5030 6325223
5031 6327709
5032 6329231
5033 6332771
5034 6335239
5035 6337763
5036 6340127
5037 6342839
5038 6344399
5039 6347879
5040 6350143
5041 6352877
5042 6355079
5043 6357961
5044 6360083
5045 6362999
5046 6365479
5047 6367841
5048 6370571
5049 6373099
5050 6374783
5051 6378137
5052 6380659
5053 6383171
5054 6384359
5055 6388253
5056 6390719
5057 6393281
5058 6395839
5059 6398339
5060 6400799
5061 6403429
5062 6405911
5063 6408461
5064 6411019
5065 6413513
5066 6416087
5067 6418579
5068 6421139
5069 6423449
5070 6425999
5071 6428627
5072 6431039
5073 6433831
5074 6436007
5075 6438893
5076 6441439
5077 6443981
5078 6446351
5079 6448927
5080 6451499
5081 6454127
5082 6456679
5083 6459149
5084 6461759
5085 6464299
5086 6466847
5087 6469391
5088 6471919
5089 6474473
5090 6474623
5091 6479569
5092 6481439
5093 6484619
5094 6486919
5095 6489683
5096 6492287
5097 6494821
5098 6497399
5099 6499949
5100 6502099
5101 6505043
5102 6507239
5103 6510151
5104 6512699
5105 6515183
5106 6517799
5107 6520289
5108 6522911
5109 6525457
5110 6528023
5111 6530339
5112 6533071
5113 6535691
5114 6538127
5115 6540673
5116 6543359
5117 6545879
5118 6548359
5119 6550799
5120 6553343
5121 6556049
5122 6558599
5123 6561281
5124 6563779
5125 6566393
5126 6568967
5127 6571529
5128 6574079
5129 6576617
5130 6578863
5131 6581633
5132 6584339
5133 6586919
5134 6589463
5135 6592043
5136 6594619
5137 6597179
5138 6599759
5139 6602327
5140 6604883
5141 6607439
5142 6609679
5143 6612581
5144 6615179
5145 6617753
5146 6620039
5147 6622859
5148 6625459
5149 6628007
5150 6630599
5151 6633197
5152 6634619
5153 6638339
5154 6640927
5155 6643499
5156 6646019
5157 6648661
5158 6651119
5159 6653813
5160 6655723
5161 6658823
5162 6661511
5163 6664139
5164 6666719
5165 6669293
5166 6671879
5167 6674441
5168 6676991
5169 6679639
5170 6682223
5171 6684779
5172 6687391
5173 6689909
5174 6691943
5175 6695153
5176 6697727
5177 6699779
5178 6702919
5179 6705299
5180 6707999
5181 6710677
5182 6713279
5183 6715859
5184 6718447
5185 6720503
5186 6723623
5187 6726241
5188 6728639
5189 6731273
5190 6733663
5191 6736547
5192 6739199
5193 6741799
5194 6744407
5195 6746963
5196 6749279
5197 6752189
5198 6754799
5199 6757393
5200 6759983
5201 6762467
5202 6764671
5203 6767801
5204 6769379
5205 6773003
5206 6775607
5207 6777971
5208 6780619
5209 6783263
5210 6785183
5211 6788609
5212 6791231
5213 6793841
5214 6796087
5215 6799049
5216 6801467
5217 6804229
5218 6806831
5219 6809483
5220 6811843
5221 6814679
5222 6817319
5223 6819931
5224 6822143
5225 6824453
5226 6827759
5227 6830339
5228 6832979
5229 6835597
5230 6837863
5231 6840797
5232 6843451
5233 6846029
5234 6848063
5235 6851293
5236 6853823
5237 6856529
5238 6859159
5239 6861773
5240 6864383
5241 6867019
5242 6867239
5243 6872231
5244 6874687
5245 6877433
5246 6880127
5247 6882679
5248 6885371
5249 6887927
5250 6890503
5251 6893009
5252 6895871
5253 6898319
5254 6901007
5255 6903623
5256 6906283
5257 6909011
5258 6911591
5259 6914263
5260 6916883
5261 6919499
5262 6921319
5263 6924761
5264 6927407
5265 6929983
5266 6932327
5267 6935309
5268 6937951
5269 6940589
5270 6942263
5271 6945857
5272 6948479
5273 6951101
5274 6953767
5275 6956399
5276 6959027
5277 6961681
5278 6963479
5279 6966929
5280 6969563
5281 6972233
5282 6974711
5283 6977491
5284 6980159
5285 6982793
5286 6985439
5287 6988049
5288 6990251
5289 6993367
5290 6995999
5291 6998627
5292 7001311
5293 7003961
5294 7006607
5295 7009199
5296 7011887
5297 7014521
5298 7017151
5299 7019849
5300 7016099
5301 7025149
5302 7027679
5303 7030451
5304 7033067
5305 7035713
5306 7038407
5307 7041049
5308 7043459
5309 7046363
5310 7048799
5311 7051673
5312 7054319
5313 7056949
5314 7059623
5315 7062149
5316 7064947
5317 7067381
5318 7070111
5319 7072927
5320 7075199
5321 7077137
5322 7080839
5323 7083581
5324 7086239
5325 7088903
5326 7091543
5327 7094231
5328 7096891
5329 7099553
5330 7102223
5331 7104887
5332 7106531
5333 7110209
5334 7112887
5335 7115513
5336 7118219
5337 7120891
5338 7123511
5339 7126157
5340 7128799
5341 7131569
5342 7134119
5343 7136729
5344 7139567
5345 7141949
5346 7144903
5347 7147559
5348 7150259
5349 7152947
5350 7155503
5351 7158257
5352 7160971
5353 7163309
5354 7166279
5355 7168999
5356 7171667
5357 7174331
5358 7177039
5359 7179707
5360 7182299
5361 7185037
5362 7187759
5363 7190441
5364 7192979
5365 7194323
5366 7198199
5367 7201099
5368 7203851
5369 7206533
5370 7209199
5371 7211909
5372 7214399
5373 7217281
5374 7219343
5375 7222643
5376 7225327
5377 7226909
5378 7229039
5379 7233407
5380 7235843
5381 7238783
5382 7241471
5383 7244141
5384 7246763
5385 7249553
5386 7251887
5387 7254389
5388 7257571
5389 7260329
5390 7259999
5391 7265707
5392 7268411
5393 7271111
5394 7273759
5395 7276463
5396 7279199
5397 7281889
5398 7283231
5399 7286429
5400 7289599
5401 7292693
5402 7295399
5403 7298059
5404 7300127
5405 7303493
5406 7306207
5407 7308671
5408 7308251
5409 7314317
5410 7316663
5411 7319723
5412 7322179
5413 7325099
5414 7327847
5415 7330373
5416 7333247
5417 7335971
5418 7338511
5419 7341359
5420 7343423
5421 7346803
5422 7349471
5423 7352231
5424 7354939
5425 7357643
5426 7358999
5427 7363061
5428 7365791
5429 7368467
5430 7371223
5431 7373633
5432 7376651
5433 7379131
5434 7382087
5435 7384799
5436 7387459
5437 7390151
5438 7392839
5439 7395677
5440 7396463
5441 7401077
5442 7403839
5443 7406471
5444 7409267
5445 7411823
5446 7414439
5447 7417439
5448 7420111
5449 7422893
5450 7425623
5451 7428349
5452 7430051
5453 7433381
5454 7436479
5455 7439249
5456 7441883
5457 7444669
5458 7447439
5459 7450169
5460 7452499
5461 7455629
5462 7457999
5463 7461089
5464 7463723
5465 7466549
5466 7469279
5467 7471991
5468 7474559
5469 7477357
5470 7480223
5471 7482653
5472 7485691
5473 7488431
5474 7491167
5475 7493903
5476 7496639
5477 7499381
5478 7502119
5479 7504817
5480 7507403
5481 7510267
5482 7512119
5483 7515821
5484 7518499
5485 7521233
5486 7523927
5487 7526791
5488 7529519
5489 7532249
5490 7534799
5491 7537763
5492 7540499
5493 7543259
5494 7545647
5495 7548683
5496 7551499
5497 7554251
5498 7556999
5499 7559737
5500 7562483
5501 7565093
5502 7567991
5503 7570331
5504 7573403
5505 7576253
5506 7578959
5507 7581671
5508 7584259
5509 7587269
5510 7589999
5511 7592779
5512 7595519
5513 7598249
5514 7601039
5515 7603793
5516 7606559
5517 7609321
5518 7612079
5519 7614833
5520 7617583
5521 7620329
5522 7620911
5523 7625851
5524 7628627
5525 7630349
5526 7634119
5527 7636931
5528 7639439
5529 7642403
5530 7644599
5531 7647989
5532 7650739
5533 7653509
5534 7655759
5535 7659053
5536 7661723
5537 7664561
5538 7666999
5539 7670087
5540 7672883
5541 7675669
5542 7677911
5543 7681199
5544 7683967
5545 7686449
5546 7689527
5547 7692301
5548 7695011
5549 7697849
5550 7700599
5551 7703387
5552 7704731
5553 7708949
5554 7711703
5555 7714349
5556 7717247
5557 7720049
5558 7722839
5559 7725409
5560 7722623
5561 7731179
5562 7733951
5563 7736501
5564 7739519
5565 7742299
5566 7745039
5567 7747871
5568 7750459
5569 7753439
5570 7756223
5571 7759009
5572 7761731
5573 7764509
5574 7767343
5575 7770023
5576 7772879
5577 7775701
5578 7778471
5579 7781297
5580 7783843
5581 7786847
5582 7789559
5583 7792471
5584 7795247
5585 7797983
5586 7800839
5587 7803611
5588 7806431
5589 7809223
5590 7812023
5591 7814819
5592 7817599
5593 7820411
5594 7823183
5595 7825999
5596 7828607
5597 7831559
5598 7834279
5599 7837199
5600 7838063
5601 7842787
5602 7842119
5603 7847981
5604 7851007
5605 7853999
5606 7856759
5607 7859591
5608 7861391
5609 7865009
5610 7867999
5611 7870823
5612 7873631
5613 7876399
5614 7879247
5615 7882013
5616 7884827
5617 7887629
5618 7890479
5619 7893289
5620 7895999
5621 7898909
5622 7901671
5623 7904531
5624 7906859
5625 7910153
5626 7912343
5627 7915781
5628 7918531
5629 7921169
5630 7924199
5631 7927039
5632 7929371
5633 7932629
5634 7935463
5635 7938233
5636 7941119
5637 7943921
5638 7946711
5639 7949573
5640 7952363
5641 7955177
5642 7958039
5643 7960789
5644 7963199
5645 7966499
5646 7969279
5647 7972121
5648 7974779
5649 7977799
5650 7979663
5651 7983449
5652 7986259
5653 7989071
5654 7991759
5655 7994699
5656 7997579
5657 8000411
5658 8003231
5659 8006057
5660 8008799
5661 8011727
5662 8014271
5663 8017349
5664 8020027
5665 8023013
5666 8025527
5667 8028719
5668 8031299
5669 8034347
5670 8036999
5671 8040029
5672 8041739
5673 8045729
5674 8048567
5675 8051273
5676 8054239
5677 8056991
5678 8059391
5679 8062757
5680 8065583
5681 8068433
5682 8071199
5683 8073911
5684 8076707
5685 8079803
5686 8082527
5687 8085449
5688 8088331
5689 8091173
5690 8089799
5691 8096849
5692 8098931
5693 8102561
5694 8105399
5695 8107949
5696 8110847
5697 8113711
5698 8116799
5699 8119637
5700 8122099
5701 8125343
5702 8126519
5703 8131051
5704 8133707
5705 8136743
5706 8139487
5707 8142389
5708 8145299
5709 8148079
5710 8151023
5711 8153867
5712 8156699
5713 8159561
5714 8161607
5715 8165303
5716 8168099
5717 8170991
5718 8173871
5719 8176709
5720 8179403
5721 8182453
5722 8185031
5723 8188181
5724 8190979
5725 8193599
5726 8196719
5727 8199629
5728 8202479
5729 8205287
5730 8208199
5731 8210933
5732 8213951
5733 8216821
5734 8219327
5735 8222549
5736 8225407
5737 8228201
5738 8231159
5739 8233873
5740 8236883
5741 8239757
5742 8242639
5743 8245499
5744 8248379
5745 8251253
5746 8252903
5747 8256929
5748 8259871
5749 8262743
5750 8264999
5751 8268499
5752 8271371
5753 8274239
5754 8277119
5755 8279963
5756 8282627
5757 8285551
5758 8287679
5759 8291519
5760 8291483
5761 8297279
5762 8297351
5763 8303041
5764 8305859
5765 8308763
5766 8311687
5767 8313869
5768 8317259
5769 8320267
5770 8323103
5771 8326079
5772 8328979
5773 8331881
5774 8334719
5775 8337653
5776 8340443
5777 8343431
5778 8346319
5779 8349203
5780 8351699
5781 8354989
5782 8357831
5783 8360771
5784 8363627
5785 8366093
5786 8369399
5787 8372321
5788 8375039
5789 8378087
5790 8380903
5791 8383847
5792 8386331
5793 8389709
5794 8392607
5795 8395493
5796 8398387
5797 8401301
5798 8402831
5799 8407099
5800 8409899
5801 8412857
5802 8415439
5803 8418659
5804 8421587
5805 8424499
5806 8426567
5807 8430311
5808 8433211
5809 8436047
5810 8438663
5811 8441857
5812 8444831
5813 8447711
5814 8450623
5815 8453513
5816 8456207
5817 8459371
5818 8461991
5819 8465183
5820 8467999
5821 8470919
5822 8473919
5823 8476801
5824 8479547
5825 8481173
5826 8484727
5827 8488481
5828 8491391
5829 8494267
5830 8495999
5831 8500139
5832 8503039
5833 8505941
5834 8508767
5835 8511803
5836 8514707
5837 8517611
5838 8519471
5839 8523467
5840 8526143
5841 8529317
5842 8532191
5843 8535119
5844 8537983
5845 8540999
5846 8543903
5847 8546831
5848 8549711
5849 8552567
5850 8555623
5851 8558549
5852 8561471
5853 8564359
5854 8566799
5855 8570123
5856 8573167
5857 8576111
5858 8578991
5859 8581927
5860 8584883
5861 8587757
5862 8590759
5863 8593349
5864 8596619
5865 8599553
5866 8602487
5867 8605379
5868 8608291
5869 8611283
5870 8613863
5871 8617153
5872 8619071
5873 8623031
5874 8625959
5875 8628899
5876 8631743
5877 8634761
5878 8636759
5879 8640587
5880 8643563
5881 8646497
5882 8649479
5883 8652401
5884 8655263
5885 8658233
5886 8661239
5887 8663261
5888 8666939
5889 8670037
5890 8672063
5891 8675879
5892 8678899
5893 8681831
5894 8684783
5895 8687713
5896 8690639
5897 8693639
5898 8696431
5899 8699519
5900 8702483
5901 8705449
5902 8708039
5903 8711141
5904 8714287
5905 8717213
5906 8720087
5907 8723149
5908 8726051
5909 8729057
5910 8732023
5911 8734823
5912 8737871
5913 8740891
5914 8742887
5915 8746799
5916 8749439
5917 8752511
5918 8755559
5919 8758637
5920 8760923
5921 8764487
5922 8767511
5923 8770481
5924 8773439
5925 8776399
5926 8779319
5927 8782289
5928 8784719
5929 8788217
5930 8791103
5931 8794189
5932 8796479
5933 8800049
5934 8802359
5935 8806043
5936 8808623
5937 8811961
5938 8814671
5939 8817923
5940 8820499
5941 8823839
5942 8826551
5943 8829781
5944 8832779
5945 8835293
5946 8838727
5947 8841659
5948 8844659
5949 8847647
5950 8850263
5951 8853587
5952 8856559
5953 8859551
5954 8862527
5955 8865499
5956 8868479
5957 8871449
5958 8874079
5959 8877419
5960 8880143
5961 8883379
5962 8886239
5963 8889329
5964 8892223
5965 8894843
5966 8897327
5967 8901259
5968 8904239
5969 8906897
5970 8910199
5971 8913197
5972 8916191
5973 8919161
5974 8922047
5975 8925149
5976 8928107
5977 8931119
5978 8934071
5979 8937109
5980 8940083
5981 8943059
5982 8946031
5983 8949071
5984 8951867
5985 8955043
5986 8956823
5987 8961041
5988 8964031
5989 8966999
5990 8969663
5991 8973007
5992 8975951
5993 8979011
5994 8982007
5995 8983883
5996 8987939
5997 8991001
5998 8993951
5999 8996993
6000 8999899
6001 9002993
6002 9005879
6003 9008981
6004 9011987
6005 9014963
6006 9017839
6007 9020981
6008 9024011
6009 9026887
6010 9029903
6011 9033029
6012 9035839
6013 9038969
6014 9041759
6015 9045053
6016 9047999
6017 9051071
6018 9053959
6019 9057017
6020 9058163
6021 9063107
6022 9065591
6023 9069131
6024 9072127
6025 9074693
6026 9077807
6027 9081181
6028 9083939
6029 9087203
6030 9089863
6031 9093239
6032 9095579
6033 9099269
6034 9101999
6035 9103973
6036 9108067
6037 9111341
6038 9114311
6039 9117337
6040 9120203
6041 9123329
6042 9126151
6043 9129041
6044 9127583
6045 9135449
6046 9138527
6047 9141089
6048 9144511
6049 9147587
6050 9150263
6051 9153637
6052 9156611
6053 9159659
6054 9162679
6055 9165683
6056 9168767
6057 9171769
6058 9174839
6059 9177869
6060 9180883
6061 9183899
6062 9186599
6063 9189989
6064 9192959
6065 9196049
6066 9199087
6067 9202121
6068 9204959
6069 9208187
6070 9211199
6071 9214253
6072 9216719
6073 9220331
6074 9222527
6075 9226099
6076 9229439
6077 9232481
6078 9235519
6079 9238553
6080 9241403
6081 9244483
6082 9244199
6083 9250649
6084 9253187
6085 9256799
6086 9259847
6087 9262889
6088 9265679
6089 9268949
6090 9271903
6091 9275039
6092 9277859
6093 9281119
6094 9284207
6095 9287123
6096 9289979
6097 9293321
6098 9296351
6099 9299449
6100 9302483
6101 9305393
6102 9308591
6103 9311609
6104 9314699
6105 9317743
6106 9320807
6107 9323849
6108 9326851
6109 9329963
6110 9329303
6111 9336079
6112 9339119
6113 9342161
6114 9345079
6115 9348263
6116 9351347
6117 9354419
6118 9357431
6119 9360509
6120 9363499
6121 9366659
6122 9369551
6123 9372761
6124 9375827
6125 9378899
6126 9381919
6127 9384611
6128 9388091
6129 9391147
6130 9394199
6131 9397259
6132 9400351
6133 9403409
6134 9406127
6135 9409423
6136 9412523
6137 9415559
6138 9418711
6139 9421829
6140 9424643
6141 9427967
6142 9430919
6143 9433559
6144 9437179
6145 9440243
6146 9443327
6147 9446329
6148 9449471
6149 9452543
6150 9455623
6151 9458357
6152 9461519
6153 9464849
6154 9467903
6155 9470933
6156 9474019
6157 9477119
6158 9480239
6159 9483317
6160 9486203
6161 9489407
6162 9492559
6163 9495509
6164 9498719
6165 9501749
6166 9504863
6167 9507929
6168 9510911
6169 9513899
6170 9517223
6171 9520309
6172 9523139
6173 9526271
6174 9529519
6175 9532613
6176 9535679
6177 9538829
6178 9541919
6179 9545009
6180 9544963
6181 9551177
6182 9554159
6183 9557369
6184 9560399
6185 9563549
6186 9566647
6187 9569699
6188 9572579
6189 9575857
6190 9578999
6191 9582107
6192 9585151
6193 9588281
6194 9591119
6195 9594499
6196 9597587
6197 9600671
6198 9603791
6199 9606899
6200 9608843
6201 9613099
6202 9616199
6203 9619289
6204 9622387
6205 9625493
6206 9628607
6207 9631711
6208 9632879
6209 9637919
6210 9640663
6211 9644099
6212 9647171
6213 9650341
6214 9652919
6215 9656093
6216 9659647
6217 9662759
6218 9665519
6219 9668987
6220 9670499
6221 9675137
6222 9678271
6223 9681401
6224 9684527
6225 9687583
6226 9690743
6227 9693881
6228 9696979
6229 9700079
6230 9703223
6231 9706309
6232 9709391
6233 9712499
6234 9715663
6235 9718733
6236 9721919
6237 9725039
6238 9728039
6239 9731279
6240 9734299
6241 9737279
6242 9740639
6243 9743759
6244 9746483
6245 9749963
6246 9753119
6247 9756221
6248 9759371
6249 9762497
6250 9764663
6251 9768743
6252 9771731
6253 9774971
6254 9778127
6255 9781249
6256 9784283
6257 9787469
6258 9790639
6259 9793757
6260 9795299
6261 9800027
6262 9803159
6263 9806249
6264 9809419
6265 9812549
6266 9815159
6267 9818779
6268 9821939
6269 9824999
6270 9828223
6271 9831329
6272 9834491
6273 9837631
6274 9840647
6275 9843863
6276 9847027
6277 9849941
6278 9851951
6279 9856439
6280 9857663
6281 9862739
6282 9865879
6283 9868979
6284 9872099
6285 9875293
6286 9878399
6287 9881561
6288 9884671
6289 9887837
6290 9891023
6291 9894149
6292 9897059
6293 9900461
6294 9903559
6295 9906599
6296 9909707
6297 9913051
6298 9916199
6299 9919307
6300 9922483
6301 9925607
6302 9928679
6303 9931951
6304 9935099
6305 9938249
6306 9941383
6307 9944531
6308 9947039
6309 9950867
6310 9953903
6311 9957089
6312 9959659
6313 9963449
6314 9966623
6315 9969793
6316 9971807
6317 9976091
6318 9979271
6319 9982433
6320 9985499
6321 9988757
6322 9991559
6323 9995039
6324 9998239
6325 10001399
6326 10004543
6327 10007719
6328 10010699
6329 10013819
6330 10017223
6331 10020389
6332 10023539
6333 10026539
6334 10029839
6335 10032923
6336 10036079
6337 10038839
6338 10042199
6339 10045727
6340 10048499
6341 10052069
6342 10055119
6343 10058381
6344 10061567
6345 10064683
6346 10067807
6347 10071101
6348 10074271
6349 10077443
6350 10080503
6351 10083779
6352 10086911
6353 10090151
6354 10093319
6355 10096043
6356 10099007
6357 10102861
6358 10105919
6359 10109219
6360 10112299
6361 10115489
6362 10118711
6363 10121939
6364 10125023
6365 10127963
6366 10131479
6367 10134671
6368 10136831
6369 10141037
6370 10144103
6371 10147409
6372 10150559
6373 10153541
6374 10156943
6375 10159453
6376 10163339
6377 10166531
6378 10169639
6379 10172819
6380 10175423
6381 10179289
6382 10182311
6383 10185629
6384 10188847
6385 10192043
6386 10195247
6387 10198399
6388 10201571
6389 10204823
6390 10207999
6391 10211213
6392 10214411
6393 10217609
6394 10220807
6395 10223963
6396 10226719
6397 10230329
6398 10233239
6399 10236769
6400 10239599
6401 10243199
6402 10246319
6403 10249601
6404 10251779
6405 10255963
6406 10259087
6407 10262381
6408 10265039
6409 10268807
6410 10267799
6411 10275173
6412 10278431
6413 10281431
6414 10284823
6415 10287983
6416 10291199
6417 10294451
6418 10297319
6419 10300883
6420 10304083
6421 10307309
6422 10310519
6423 10313701
6424 10316879
6425 10320113
6426 10323143
6427 10326119
6428 10329731
6429 10332877
6430 10336103
6431 10339229
6432 10342399
6433 10345859
6434 10349063
6435 10352299
6436 10353587
6437 10358651
6438 10361599
6439 10365167
6440 10367243
6441 10371607
6442 10374839
6443 10378061
6444 10381279
6445 10384373
6446 10387703
6447 10390951
6448 10394171
6449 10396937
6450 10400399
6451 10403819
6452 10407011
6453 10409881
6454 10413479
6455 10416599
6456 10419979
6457 10423211
6458 10426391
6459 10429669
6460 10430963
6461 10436123
6462 10438271
6463 10442591
6464 10445819
6465 10449013
6466 10452287
6467 10455311
6468 10458751
6469 10461977
6470 10465223
6471 10468417
6472 10471499
6473 10474511
6474 10477807
6475 10481099
6476 10484387
6477 10487881
6478 10491119
6479 10494269
6480 10497583
6481 10500839
6482 10503959
6483 10507319
6484 10510559
6485 10513799
6486 10517047
6487 10520291
6488 10523531
6489 10526773
6490 10529903
6491 10533227
6492 10536479
6493 10539761
6494 10542479
6495 10546243
6496 10549499
6497 10552709
6498 10555879
6499 10559249
6500 10562303
6501 10565719
6502 10568471
6503 10572251
6504 10575359
6505 10578749
6506 10581959
6507 10585259
6508 10588511
6509 10591067
6510 10595023
6511 10598279
6512 10601531
6513 10604791
6514 10606367
6515 10611233
6516 10614547
6517 10617821
6518 10620959
6519 10624333
6520 10627583
6521 10630817
6522 10633999
6523 10637381
6524 10640639
6525 10643903
6526 10647047
6527 10650401
6528 10653691
6529 10656749
6530 10659599
6531 10663459
6532 10666559
6533 10670021
6534 10672999
6535 10676543
6536 10679807
6537 10682909
6538 10686359
6539 10689629
6540 10692883
6541 10696163
6542 10698911
6543 10702709
6544 10705967
6545 10709249
6546 10712087
6547 10715759
6548 10718399
6549 10722337
6550 10722143
6551 10728899
6552 10732171
6553 10735421
6554 10738703
6555 10742003
6556 10745219
6557 10748489
6558 10751759
6559 10755119
6560 10758383
6561 10761649
6562 10764119
6563 10768229
6564 10771487
6565 10774499
6566 10777919
6567 10781369
6568 10784651
6569 10787927
6570 10790599
6571 10793807
6572 10797011
6573 10801009
6574 10804247
6575 10807649
6576 10810907
6577 10814099
6578 10817519
6579 10820809
6580 10823999
6581 10827389
6582 10830679
6583 10833959
6584 10836863
6585 10840553
6586 10843823
6587 10847141
6588 10850431
6589 10853657
6590 10856399
6591 10860319
6592 10863599
6593 10866899
6594 10870199
6595 10872383
6596 10876739
6597 10880099
6598 10883399
6599 10886669
6600 10889743
6601 10893293
6602 10896551
6603 10899881
6604 10903199
6605 10906463
6606 10909807
6607 10913081
6608 10916219
6609 10919663
6610 10923023
6611 10926329
6612 10929599
6613 10931381
6614 10936223
6615 10939553
6616 10942187
6617 10946129
6618 10949431
6619 10952789
6620 10955423
6621 10959379
6622 10962431
6623 10966019
6624 10969243
6625 10972649
6626 10975967
6627 10979281
6628 10982591
6629 10985903
6630 10988863
6631 10992539
6632 10995599
6633 10999171
6634 11001647
6635 11005793
6636 11009087
6637 11012411
6638 11015399
6639 11019067
6640 11021723
6641 11025647
6642 11028751
6643 11032349
6644 11035679
6645 11038823
6646 11042303
6647 11045651
6648 11048831
6649 11052269
6650 11055599
6651 11058877
6652 11061251
6653 11065529
6654 11068919
6655 11072249
6656 11075567
6657 11078909
6658 11082119
6659 11085527
6660 11088499
6661 11092157
6662 11095559
6663 11098849
6664 11102219
6665 11105543
6666 11108879
6667 11112209
6668 11115539
6669 11118847
6670 11121863
6671 11125553
6672 11128891
6673 11132159
6674 11135567
6675 11138903
6676 11141759
6677 11145581
6678 11148751
6679 11152103
6680 11155583
6681 11158883
6682 11162279
6683 11165621
6684 11168947
6685 11172263
6686 11175119
6687 11178971
6688 11182331
6689 11185679
6690 11188399
6691 11192339
6692 11195651
6693 11199031
6694 11202287
6695 11205743
6696 11208959
6697 11212319
6698 11215679
6699 11219137
6700 11222303
6701 11225849
6702 11229191
6703 11232521
6704 11235899
6705 11239073
6706 11242079
6707 11245499
6708 11249059
6709 11252669
6710 11255399
6711 11259377
6712 11262731
6713 11266091
6714 11269367
6715 11272799
6716 11276147
6717 11279479
6718 11282879
6719 11285369
6720 11289199
6721 11292719
6722 11296031
6723 11299609
6724 11302979
6725 11306249
6726 11309759
6727 11313059
6728 11316491
6729 11319859
6730 11323223
6731 11326589
6732 11329951
6733 11333111
6734 11336687
6735 11340053
6736 11343359
6737 11346779
6738 11350111
6739 11353499
6740 11351999
6741 11360269
6742 11363591
6743 11366939
6744 11369983
6745 11373623
6746 11377127
6747 11380489
6748 11382851
6749 11387237
6750 11388943
6751 11393999
6752 11397371
6753 11400751
6754 11404007
6755 11407043
6756 11410559
6757 11414189
6758 11417519
6759 11421019
6760 11424383
6761 11427749
6762 11431151
6763 11434541
6764 11437523
6765 11441299
6766 11444687
6767 11448071
6768 11451311
6769 11454767
6770 11458199
6771 11461609
6772 11464979
6773 11468339
6774 11471743
6775 11474849
6776 11478443
6777 11481929
6778 11485151
6779 11488703
6780 11491999
6781 11495489
6782 11498831
6783 11502269
6784 11505563
6785 11509049
6786 11512399
6787 11515841
6788 11519231
6789 11522627
6790 11526023
6791 11529389
6792 11532811
6793 11536181
6794 11539439
6795 11542543
6796 11545727
6797 11549729
6798 11553119
6799 11556593
6800 11559803
6801 11563397
6802 11565959
6803 11570189
6804 11573567
6805 11573699
6806 11579783
6807 11583769
6808 11587151
6809 11590547
6810 11593943
6811 11597423
6812 11600819
6813 11604239
6814 11607623
6815 11611043
6816 11614399
6817 11617799
6818 11620991
6819 11624687
6820 11628083
6821 11631509
6822 11634911
6823 11638259
6824 11641727
6825 11645113
6826 11647607
6827 11651951
6828 11655199
6829 11658767
6830 11662223
6831 11665637
6832 11668859
6833 11672429
6834 11675887
6835 11679299
6836 11682707
6837 11686111
6838 11689439
6839 11692973
6840 11696383
6841 11699819
6842 11702279
6843 11706661
6844 11709983
6845 11712803
6846 11716879
6847 11719889
6848 11723519
6849 11727197
6850 11730623
6851 11734043
6852 11737471
6853 11740889
6854 11744303
6855 11747753
6856 11750699
6857 11754569
6858 11758039
6859 11761469
6860 11764223
6861 11768327
6862 11768039
6863 11775191
6864 11778619
6865 11781899
6866 11785463
6867 11788901
6868 11792351
6869 11795783
6870 11799223
6871 11802587
6872 11806079
6873 11809151
6874 11812919
6875 11815943
6876 11819839
6877 11823281
6878 11826719
6879 11829509
6880 11833583
6881 11837039
6882 11835151
6883 11843879
6884 11847347
6885 11850803
6886 11853719
6887 11857661
6888 11861131
6889 11864549
6890 11864543
6891 11871467
6892 11874911
6893 11878319
6894 11881799
6895 11885213
6896 11887919
6897 11892151
6898 11895551
6899 11899049
6900 11902463
6901 11905937
6902 11909399
6903 11912851
6904 11915903
6905 11919749
6906 11923207
6907 11926619
6908 11930111
6909 11933569
6910 11936063
6911 11940407
6912 11943871
6913 11947361
6914 11950007
6915 11954303
6916 11957747
6917 11961221
6918 11964679
6919 11968133
6920 11971499
6921 11975059
6922 11978231
6923 11981909
6924 11985427
6925 11988833
6926 11991839
6927 11995831
6928 11999291
6929 12002759
6930 12006223
6931 12009383
6932 12013091
6933 12016621
6934 12019559
6935 12023513
6936 12026923
6937 12030461
6938 12033839
6939 12037427
6940 12040703
6941 12044327
6942 12047551
6943 12051239
6944 12054527
6945 12058099
6946 12061727
6947 12064991
6948 12068659
6949 12072119
6950 12075599
6951 12079069
6952 12082319
6953 12086051
6954 12089527
6955 12092999
6956 12096083
6957 12099959
6958 12103271
6959 12106877
6960 12110383
6961 12113873
6962 12117359
6963 12120751
6964 12123647
6965 12127799
6966 12130999
6967 12134741
6968 12138251
6969 12141733
6970 12145103
6971 12148637
6972 12152051
6973 12155081
6974 12158999
6975 12162649
6976 12166139
6977 12169631
6978 12172759
6979 12176603
6980 12178163
6981 12183569
6982 12186719
6983 12190559
6984 12194059
6985 12197399
6986 12200927
6987 12204541
6988 12208019
6989 12211499
6990 12214999
6991 12218489
6992 12221819
6993 12225491
6994 12227783
6995 12232499
6996 12235967
6997 12239261
6998 12241319
6999 12246119
7000 12249983
7001 12253487
7002 12256831
7003 12260489
7004 12263903
7005 12267503
7006 12270959
7007 12274469
7008 12278011
7009 12281519
7010 12285023
7011 12288517
7012 12292019
7013 12295469
7014 12299047
7015 12302513
7016 12305039
7017 12309571
7018 12312959
7019 12316589
7020 12320083
7021 12323567
7022 12326759
7023 12330631
7024 12334079
7025 12337103
7026 12340879
7027 12344681
7028 12348131
7029 12351329
7030 12355223
7031 12358649
7032 12362059
7033 12365741
7034 12369263
7035 12372793
7036 12374723
7037 12379841
7038 12383279
7039 12386849
7040 12389723
7041 12393889
7042 12396479
7043 12400889
7044 12404467
7045 12407999
7046 12411527
7047 12415031
7048 12417791
7049 12422027
7050 12425503
7051 12429143
7052 12430739
7053 12436189
7054 12439727
7055 12443243
7056 12446747
7057 12450311
7058 12453671
7059 12457213
7060 12460703
7061 12464429
7062 12467951
7063 12471461
7064 12474827
7065 12478513
7066 12482039
7067 12485381
7068 12489151
7069 12492479
7070 12495599
7071 12499757
7072 12502811
7073 12506759
7074 12510359
7075 12513749
7076 12517187
7077 12520979
7078 12524399
7079 12527987
7080 12530303
7081 12535007
7082 12538679
7083 12542191
7084 12545759
7085 12549293
7086 12552487
7087 12556361
7088 12559739
7089 12563477
7090 12566903
7091 12570539
7092 12574099
7093 12577421
7094 12581183
7095 12584599
7096 12588287
7097 12591431
7098 12595399
7099 12598793
7100 12600563
7101 12606043
7102 12609551
7103 12613109
7104 12616687
7105 12620243
7106 12623759
7107 12627361
7108 12630851
7109 12634463
7110 12638023
7111 12641567
7112 12644459
7113 12648679
7114 12651887
7115 12655733
7116 12659327
7117 12662711
7118 12666431
7119 12670039
7120 12673403
7121 12676949
7122 12680719
7123 12684209
7124 12687359
7125 12691403
7126 12694439
7127 12698321
7128 12702059
7129 12705659
7130 12709199
7131 12712783
7132 12716351
7133 12719891
7134 12722959
7135 12726503
7136 12729947
7137 12734171
7138 12737759
7139 12741317
7140 12744799
7141 12748469
7142 12751919
7143 12755609
7144 12759179
7145 12762713
7146 12766319
7147 12769871
7148 12773471
7149 12777049
7150 12780263
7151 12784199
7152 12786751
7153 12791309
7154 12794927
7155 12798463
7156 12801983
7157 12805421
7158 12809191
7159 12812819
7160 12816143
7161 12819967
7162 12823511
7163 12826799
7164 12830707
7165 12834293
7166 12837719
7167 12841459
7168 12844859
7169 12848609
7170 12852143
7171 12855809
7172 12859331
7173 12862951
7174 12866279
7175 12869603
7176 12873599
7177 12877331
7178 12880919
7179 12884507
7180 12886499
7181 12891647
7182 12894991
7183 12898871
7184 12902399
7185 12906053
7186 12909623
7187 12913211
7188 12916831
7189 12920429
7190 12923903
7191 12927529
7192 12931199
7193 12934799
7194 12938327
7195 12941993
7196 12945587
7197 12949199
7198 12952799
7199 12956399
7200 12959963
7201 12963569
7202 12967151
7203 12970799
7204 12974387
7205 12977999
7206 12981599
7207 12985139
7208 12986879
7209 12992417
7210 12996023
7211 12999587
7212 13003231
7213 13006709
7214 13010447
7215 13014049
7216 13017659
7217 13021139
7218 13024871
7219 13028489
7220 13032083
7221 13035709
7222 13039151
7223 13042919
7224 13046347
7225 13050083
7226 13053239
7227 13057379
7228 13060979
7229 13064567
7230 13061663
7231 13071809
7232 13075199
7233 13079051
7234 13082687
7235 13086263
7236 13089667
7237 13093511
7238 13097111
7239 13100749
7240 13103999
7241 13108019
7242 13111639
7243 13115261
7244 13118207
7245 13122493
7246 13126079
7247 13129751
7248 13133371
7249 13136957
7250 13140599
7251 13144249
7252 13147859
7253 13151459
7254 13155047
7255 13158749
7256 13162379
7257 13166011
7258 13169591
7259 13173263
7260 13176323
7261 13180523
7262 13183319
7263 13187789
7264 13191419
7265 13194353
7266 13198663
7267 13200251
7268 13205891
7269 13209589
7270 13212863
7271 13216787
7272 13220351
7273 13224131
7274 13227719
7275 13231333
7276 13234847
7277 13238681
7278 13242199
7279 13245917
7280 13249583
7281 13253239
7282 13256879
7283 13260521
7284 13264159
7285 13267763
7286 13267223
7287 13275061
7288 13278719
7289 13282169
7290 13285999
7291 13289663
7292 13293311
7293 13296919
7294 13300607
7295 13304099
7296 13307887
7297 13311509
7298 13314911
7299 13318849
7300 13322483
7301 13326149
7302 13329359
7303 13333409
7304 13337039
7305 13340753
7306 13344407
7307 13348019
7308 13351391
7309 13355339
7310 13359023
7311 13362677
7312 13366319
7313 13369859
7314 13373639
7315 13377293
7316 13380863
7317 13384439
7318 13387991
7319 13391933
7320 13395583
7321 13399259
7322 13402871
7323 13406581
7324 13409843
7325 13413773
7326 13417543
7327 13421141
7328 13424699
7329 13428559
7330 13431863
7331 13435889
7332 13439411
7333 13443191
7334 13446863
7335 13450093
7336 13454159
7337 13457891
7338 13461559
7339 13465229
7340 13468883
7341 13472527
7342 13476119
7343 13479821
7344 13483387
7345 13487249
7346 13490879
7347 13494589
7348 13498271
7349 13501949
7350 13505263
7351 13509299
7352 13512911
7353 13516621
7354 13520303
7355 13523999
7356 13527583
7357 13531319
7358 13534679
7359 13538677
7360 13542143
7361 13546007
7362 13549751
7363 13553429
7364 13557119
7365 13560803
7366 13564127
7367 13568141
7368 13571851
7369 13575533
7370 13579199
7371 13582897
7372 13585151
7373 13590209
7374 13593959
7375 13597349
7376 13601339
7377 13605019
7378 13608719
7379 13612367
7380 13615999
7381 13619579
7382 13623431
7383 13626931
7384 13630187
7385 13634399
7386 13638239
7387 13641941
7388 13641539
7389 13649197
7390 13652399
7391 13656689
7392 13660399
7393 13664069
7394 13667639
7395 13671433
7396 13675187
7397 13678901
7398 13682551
7399 13686287
7400 13689983
7401 13693609
7402 13697399
7403 13701089
7404 13704799
7405 13708433
7406 13712087
7407 13715909
7408 13719611
7409 13723289
7410 13727023
7411 13730729
7412 13733411
7413 13738139
7414 13741727
7415 13745549
7416 13749259
7417 13752971
7418 13756679
7419 13760359
7420 13764083
7421 13767653
7422 13771519
7423 13775159
7424 13778927
7425 13782583
7426 13786079
7427 13790069
7428 13793651
7429 13797419
7430 13801199
7431 13804933
7432 13808651
7433 13811909
7434 13816079
7435 13819649
7436 13823039
7437 13827241
7438 13830599
7439 13834547
7440 13838299
7441 13841987
7442 13845791
7443 13849541
7444 13853219
7445 13856993
7446 13860727
7447 13864031
7448 13868171
7449 13871857
7450 13875599
7451 13879277
7452 13882879
7453 13886801
7454 13890407
7455 13894123
7456 13897883
7457 13901681
7458 13905431
7459 13909169
7460 13912643
7461 13916629
7462 13920239
7463 13924061
7464 13927819
7465 13931003
7466 13934759
7467 13938949
7468 13941731
7469 13946489
7470 13949863
7471 13953869
7472 13957679
7473 13961411
7474 13964807
7475 13968863
7476 13972579
7477 13976351
7478 13979951
7479 13983859
7480 13987403
7481 13991333
7482 13994119
7483 13998689
7484 14001539
7485 14006299
7486 14009999
7487 14013761
7488 14017499
7489 14021279
7490 14025023
7491 14028739
7492 14031491
7493 14036249
7494 14038919
7495 14043749
7496 14047499
7497 14051251
7498 14053631
7499 14058749
7500 14062483
7501 14066237
7502 14069639
7503 14073751
7504 14077439
7505 14081213
7506 14084927
7507 14088731
7508 14092511
7509 14096239
7510 14097623
7511 14103707
7512 14107339
7513 14111291
7514 14115047
7515 14118763
7516 14122499
7517 14126309
7518 14129911
7519 14133827
7520 14137499
7521 14141359
7522 14142719
7523 14148881
7524 14152543
7525 14156399
7526 14159879
7527 14163889
7528 14167691
7529 14171429
7530 14175223
7531 14178917
7532 14182739
7533 14186411
7534 14190263
7535 14194049
7536 14197759
7537 14201591
7538 14205239
7539 14209123
7540 14209763
7541 14216639
7542 14220439
7543 14224079
7544 14227727
7545 14231713
7546 14234903
7547 14239301
7548 14243011
7549 14246819
7550 14250503
7551 14254393
7552 14258159
7553 14261921
7554 14265607
7555 14269433
7556 14273279
7557 14277041
7558 14280551
7559 14284619
7560 14288383
7561 14292167
7562 14295959
7563 14299741
7564 14303327
7565 14306603
7566 14311039
7567 14314841
7568 14318399
7569 14322383
7570 14326199
7571 14330003
7572 14333791
7573 14337551
7574 14341367
7575 14345113
7576 14348879
7577 14352389
7578 14356471
7579 14360309
7580 14363423
7581 14367883
7582 14371319
7583 14375429
7584 14379247
7585 14383049
7586 14386727
7587 14390639
7588 14393651
7589 14398073
7590 14399999
7591 14404697
7592 14409611
7593 14413411
7594 14416247
7595 14420663
7596 14424659
7597 14428559
7598 14432399
7599 14436197
7600 14439599
7601 14443787
7602 14447159
7603 14451161
7604 14455187
7605 14458999
7606 14462807
7607 14466611
7608 14470271
7609 14474147
7610 14469743
7611 14481829
7612 14485571
7613 14489429
7614 14493247
7615 14496983
7616 14500799
7617 14504489
7618 14508479
7619 14512217
7620 14515999
7621 14519837
7622 14523671
7623 14527519
7624 14531327
7625 14535113
7626 14538959
7627 14542571
7628 14546591
7629 14550379
7630 14554223
7631 14557799
7632 14561851
7633 14565461
7634 14569463
7635 14573303
7636 14577107
7637 14580941
7638 14584679
7639 14588573
7640 14592299
7641 14596213
7642 14599511
7643 14603819
7644 14607583
7645 14611433
7646 14614967
7647 14618969
7648 14619611
7649 14626757
7650 14628223
7651 14634443
7652 14638259
7653 14642029
7654 14645759
7655 14649683
7656 14653547
7657 14657399
7658 14661071
7659 14665069
7660 14668883
7661 14672699
7662 14676511
7663 14680361
7664 14683547
7665 14688043
7666 14691863
7667 14695481
7668 14699539
7669 14703389
7670 14706863
7671 14711029
7672 14714699
7673 14718659
7674 14722399
7675 14725283
7676 14729987
7677 14734081
7678 14735711
7679 14741717
7680 14745403
7681 14749433
7682 14753279
7683 14757049
7684 14760899
7685 14764733
7686 14768623
7687 14772449
7688 14776331
7689 14780179
7690 14784023
7691 14787869
7692 14791571
7693 14795351
7694 14799287
7695 14803249
7696 14804987
7697 14810951
7698 14813959
7699 14818637
7700 14822099
7701 14826109
7702 14830199
7703 14833961
7704 14837899
7705 14841683
7706 14845487
7707 14849459
7708 14853119
7709 14857163
7710 14861023
7711 14864789
7712 14868731
7713 14871331
7714 14876447
7715 14880293
7716 14884159
7717 14888021
7718 14891519
7719 14895739
7720 14899583
7721 14903453
7722 14907271
7723 14911139
7724 14915039
7725 14918899
7726 14922767
7727 14926559
7728 14930491
7729 14934329
7730 14937599
7731 14942089
7732 14945471
7733 14949821
7734 14953639
7735 14957483
7736 14960747
7737 14965289
7738 14969039
7739 14972897
7740 14976799
7741 14980739
7742 14984351
7743 14986871
7744 14992379
7745 14996249
7746 15000127
7747 15004001
7748 15007859
7749 15011749
7750 15014999
7751 15019493
7752 15023339
7753 15027251
7754 15031103
7755 15035003
7756 15038867
7757 15042761
7758 15046639
7759 15050447
7760 15053243
7761 15058273
7762 15062039
7763 15065909
7764 15069779
7765 15073463
7766 15077519
7767 15081571
7768 15085451
7769 15089339
7770 15093223
7771 15097079
7772 15100931
7773 15104861
7774 15107087
7775 15112499
7776 15116527
7777 15120419
7778 15123959
7779 15128203
7780 15130943
7781 15135983
7782 15139871
7783 15143759
7784 15146639
7785 15151483
7786 15155423
7787 15159329
7788 15163199
7789 15167129
7790 15170663
7791 15174877
7792 15178811
7793 15182681
7794 15186607
7795 15190493
7796 15192467
7797 15198299
7798 15202151
7799 15206069
7800 15209963
7801 15213659
7802 15217751
7803 15221629
7804 15225407
7805 15229373
7806 15233399
7807 15237311
7808 15241199
7809 15245119
7810 15248903
7811 15252929
7812 15256799
7813 15260501
7814 15264287
7815 15268543
7816 15272399
7817 15276299
7818 15280159
7819 15284117
7820 15287423
7821 15292009
7822 15295919
7823 15299831
7824 15303599
7825 15307499
7826 15311447
7827 15315479
7828 15319391
7829 15323237
7830 15326999
7831 15331139
7832 15335051
7833 15338951
7834 15342527
7835 15346763
7836 15350707
7837 15354629
7838 15358391
7839 15362323
7840 15366203
7841 15370247
7842 15374231
7843 15378131
7844 15381599
7845 15385999
7846 15389903
7847 15393839
7848 15397451
7849 15401669
7850 15405623
7851 15409547
7852 15412451
7853 15417401
7854 15421327
7855 15425243
7856 15429179
7857 15433109
7858 15436079
7859 15440837
7860 15444703
7861 15448817
7862 15450551
7863 15456691
7864 15460559
7865 15464513
7866 15468463
7867 15472421
7868 15476339
7869 15480233
7870 15484223
7871 15488147
7872 15492031
7873 15496031
7874 15499943
7875 15503903
7876 15507839
7877 15511649
7878 15515359
7879 15519659
7880 15523199
7881 15527539
7882 15531311
7883 15535409
7884 15539347
7885 15543299
7886 15547247
7887 15551191
7888 15554459
7889 15559079
7890 15562999
7891 15566813
7892 15570911
7893 15574861
7894 15578807
7895 15582449
7896 15586699
7897 15590651
7898 15594311
7899 15598547
7900 15602399
7901 15606359
7902 15610351
7903 15614351
7904 15618299
7905 15620533
7906 15626159
7907 15630149
7908 15633971
7909 15637607
7910 15641663
7911 15645923
7912 15649679
7913 15653801
7914 15657839
7915 15661799
7916 15665759
7917 15669721
7918 15673391
7919 15677633
7920 15681499
7921 15685253
7922 15689159
7923 15693479
7924 15697427
7925 15701393
7926 15705143
7927 15709091
7928 15713279
7929 15717259
7930 15720863
7931 15725159
7932 15729151
7933 15733079
7934 15737039
7935 15741049
7936 15745007
7937 15748979
7938 15752951
7939 15756887
7940 15760883
7941 15764863
7942 15768839
7943 15772391
7944 15776779
7945 15780683
7946 15784679
7947 15788701
7948 15792479
7949 15796409
7950 15798943
7951 15804527
7952 15808511
7953 15812441
7954 15816503
7955 15820499
7956 15824339
7957 15828221
7958 15832391
7959 15836413
7960 15840299
7961 15844223
7962 15848279
7963 15852341
7964 15856319
7965 15860293
7966 15864263
7967 15868241
7968 15872191
7969 15876209
7970 15880199
7971 15884203
7972 15887519
7973 15892169
7974 15895879
7975 15900113
7976 15904079
7977 15908131
7978 15910439
7979 15916079
7980 15920083
7981 15924089
7982 15927911
7983 15932069
7984 15935999
7985 15940049
7986 15943999
7987 15948041
7988 15949919
7989 15955999
7990 15959663
7991 15963947
7992 15968011
7993 15971981
7994 15975887
7995 15979823
7996 15983987
7997 15988001
7998 15991639
7999 15995909
8000 15999983
8001 16003997
8002 16007879
8003 16011971
8004 16015999
8005 16019999
8006 16024007
8007 16028011
8008 16031999
8009 16035809
8010 16039399
8011 16044029
8012 16048031
8013 16052041
8014 16056023
8015 16060043
8016 16063807
8017 16067981
8018 16071911
8019 16076089
8020 16077599
8021 16084109
8022 16088071
8023 16092101
8024 16095467
8025 16100099
8026 16104167
8027 16108151
8028 16112191
8029 16116197
8030 16115999
8031 16124239
8032 16127999
8033 16132271
8034 16136207
8035 16138973
8036 16144259
8037 16148329
8038 16151999
8039 16156379
8040 16160143
8041 16164389
8042 16168319
8043 16172461
8044 16176227
8045 16180349
8046 16184359
8047 16188521
8048 16192559
8049 16196489
8050 16200599
8051 16204637
8052 16208671
8053 16212689
8054 16216703
8055 16220713
8056 16224779
8057 16228799
8058 16232551
8059 16236863
8060 16240883
8061 16244929
8062 16248431
8063 16252991
8064 16256987
8065 16260749
8066 16265063
8067 16269101
8068 16273151
8069 16277189
8070 16281143
8071 16285229
8072 16288511
8073 16293311
8074 16297367
8075 16301399
8076 16305427
8077 16309451
8078 16313519
8079 16317547
8080 16321199
8081 16325297
8082 16329239
8083 16333649
8084 16337507
8085 16341749
8086 16345727
8087 16349339
8088 16353899
8089 16357967
8090 16361063
8091 16366067
8092 16370051
8093 16374161
8094 16378039
8095 16381133
8096 16386299
8097 16390321
8098 16394351
8099 16398443
8100 16400383
8101 16406477
8102 16410599
8103 16414579
8104 16417547
8105 16422743
8106 16426799
8107 16430861
8108 16433759
8109 16438967
8110 16442663
8111 16447049
8112 16451119
8113 16455191
8114 16459199
8115 16463149
8116 16467359
8117 16471409
8118 16475359
8119 16479539
8120 16483403
8121 16487587
8122 16491719
8123 16495709
8124 16499839
8125 16503863
8126 16507943
8127 16511959
8128 16512959
8129 16520159
8130 16524223
8131 16528277
8132 16531679
8133 16536391
8134 16540367
8135 16543853
8136 16548619
8137 16552619
8138 16556231
8139 16560809
8140 16564883
8141 16568813
8142 16570639
8143 16577111
8144 16581119
8145 16585253
8146 16589303
8147 16592801
8148 16597459
8149 16601477
8150 16605599
8151 16609699
8152 16613711
8153 16617719
8154 16621567
8155 16625933
8156 16630067
8157 16634119
8158 16637879
8159 16642313
8160 16645823
8161 16650323
8162 16654559
8163 16658639
8164 16662719
8165 16666799
8166 16670879
8167 16674941
8168 16678271
8169 16683049
8170 16687199
8171 16691303
8172 16695379
8173 16699481
8174 16703567
8175 16707653
8176 16711727
8177 16715819
8178 16719839
8179 16724003
8180 16728083
8181 16732187
8182 16736231
8183 16740371
8184 16744459
8185 16748549
8186 16752647
8187 16756739
8188 16757471
8189 16764899
8190 16769023
8191 16772879
8192 16777199
8193 16781299
8194 16785407
8195 16788953
8196 16793459
8197 16797701
8198 16801751
8199 16805879
8200 16809323
8201 16814099
8202 16818079
8203 16822229
8204 16825619
8205 16830433
8206 16833983
8207 16838699
8208 16842751
8209 16846763
8210 16846799
8211 16855129
8212 16858979
8213 16863311
8214 16867447
8215 16871549
8216 16875647
8217 16879729
8218 16883591
8219 16887833
8220 16891423
8221 16896197
8222 16900199
8223 16904431
8224 16908443
8225 16912523
8226 16916743
8227 16920749
8228 16924211
8229 16929109
8230 16932263
8231 16937339
8232 16941439
8233 16945571
8234 16949327
8235 16953803
8236 16957439
8237 16961999
8238 16966151
8239 16970273
8240 16974203
8241 16978519
8242 16982639
8243 16986521
8244 16990783
8245 16994699
8246 16998599
8247 17003209
8248 17007371
8249 17011469
8250 17015543
8251 17019707
8252 17023859
8253 17027929
8254 17031167
8255 17036249
8256 17040319
8257 17044499
8258 17047271
8259 17052769
8260 17056883
8261 17061017
8262 17065151
8263 17069279
8264 17073323
8265 17076799
8266 17081639
8267 17085791
8268 17089951
8269 17094047
8270 17097863
8271 17102339
8272 17106431
8273 17110631
8274 17114743
8275 17117183
8276 17122979
8277 17127181
8278 17131271
8279 17135387
8280 17139403
8281 17143697
8282 17147831
8283 17151811
8284 17156159
8285 17160233
8286 17164423
8287 17168579
8288 17172671
8289 17176879
8290 17180399
8291 17185097
8292 17189299
8293 17193389
8294 17196383
8295 17201749
8296 17205803
8297 17210009
8298 17214199
8299 17218343
8300 17222483
8301 17226637
8302 17230799
8303 17234909
8304 17239067
8305 17243243
8306 17247407
8307 17251561
8308 17254271
8309 17259779
8310 17263943
8311 17267969
8312 17272331
8313 17276461
8314 17280479
8315 17284649
8316 17288819
8317 17293121
8318 17296919
8319 17301439
8320 17304923
8321 17309759
8322 17313911
8323 17317991
8324 17322047
8325 17326399
8326 17330567
8327 17334701
8328 17338879
8329 17343059
8330 17347199
8331 17351207
8332 17355551
8333 17359679
8334 17363887
8335 17367983
8336 17372219
8337 17376389
8338 17380439
8339 17384699
8340 17388703
8341 17392937
8342 17397119
8343 17401399
8344 17405567
8345 17409053
8346 17413927
8347 17417759
8348 17421251
8349 17426449
8350 17430599
8351 17434787
8352 17438299
8353 17443109
8354 17446367
8355 17451493
8356 17454659
8357 17459861
8358 17464039
8359 17468207
8360 17471723
8361 17476577
8362 17479919
8363 17484869
8364 17488547
8365 17493299
8366 17496527
8367 17501651
8368 17505791
8369 17509907
8370 17513863
8371 17518409
8372 17522339
8373 17526709
8374 17530943
8375 17535149
8376 17539243
8377 17543501
8378 17541791
8379 17551909
8380 17555903
8381 17559947
8382 17564399
8383 17568329
8384 17572847
8385 17576983
8386 17581199
8387 17585369
8388 17589491
8389 17593757
8390 17598023
8391 17602219
8392 17606411
8393 17610611
8394 17614759
8395 17618963
8396 17623139
8397 17627381
8398 17631479
8399 17635769
8400 17639803
8401 17644169
8402 17643359
8403 17652601
8404 17656787
8405 17660933
8406 17665183
8407 17669339
8408 17673611
8409 17677819
8410 17681663
8411 17686217
8412 17690111
8413 17693771
8414 17698487
8415 17703013
8416 17707199
8417 17711051
8418 17715679
8419 17719547
8420 17719199
8421 17728289
8422 17732399
8423 17736731
8424 17740907
8425 17744849
8426 17749367
8427 17753509
8428 17757791
8429 17761937
8430 17765999
8431 17770427
8432 17774591
8433 17778869
8434 17783063
8435 17786999
8436 17791519
8437 17795741
8438 17799959
8439 17804089
8440 17808143
8441 17812607
8442 17816839
8443 17820359
8444 17825219
8445 17829503
8446 17833679
8447 17837861
8448 17842171
8449 17846399
8450 17850263
8451 17854849
8452 17859071
8453 17863271
8454 17867167
8455 17871599
8456 17875307
8457 17880169
8458 17884439
8459 17888657
8460 17892883
8461 17897123
8462 17901311
8463 17905579
8464 17908799
8465 17914049
8466 17918239
8467 17922479
8468 17926751
8469 17930959
8470 17935223
8471 17939459
8472 17943439
8473 17945069
8474 17951807
8475 17956363
8476 17960639
8477 17964809
8478 17968999
8479 17973287
8480 17976923
8481 17981833
8482 17986079
8483 17990309
8484 17994547
8485 17998793
8486 18003023
8487 18007291
8488 18011471
8489 18015779
8490 18019943
8491 18024263
8492 18028499
8493 18032719
8494 18036959
8495 18041249
8496 18045439
8497 18049721
8498 18053999
8499 18058207
8500 18057023
8501 18066749
8502 18070999
8503 18075209
8504 18078719
8505 18083743
8506 18087887
8507 18092219
8508 18096031
8509 18100769
8510 18104183
8511 18109277
8512 18113519
8513 18117791
8514 18122023
8515 18126149
8516 18130559
8517 18134819
8518 18139031
8519 18143249
8520 18147583
8521 18151787
8522 18155759
8523 18160379
8524 18164639
8525 18168203
8526 18173167
8527 18177431
8528 18181679
8529 18185957
8530 18190223
8531 18194399
8532 18198611
8533 18202781
8534 18206999
8535 18211553
8536 18214799
8537 18220049
8538 18224359
8539 18228557
8540 18232883
8541 18237157
8542 18241439
8543 18245501
8544 18249947
8545 18254183
8546 18258479
8547 18262799
8548 18266399
8549 18271349
8550 18275263
8551 18279593
8552 18284171
8553 18288449
8554 18292607
8555 18296933
8556 18301279
8557 18305219
8558 18309671
8559 18314113
8560 18317723
8561 18322649
8562 18326911
8563 18331109
8564 18335519
8565 18339793
8566 18343463
8567 18348371
8568 18352079
8569 18356939
8570 18361223
8571 18365509
8572 18368639
8573 18374051
8574 18378079
8575 18382649
8576 18385919
8577 18390851
8578 18395159
8579 18399737
8580 18404083
8581 18408347
8582 18412679
8583 18416971
8584 18420863
8585 18425513
8586 18429839
8587 18434099
8588 18438179
8589 18442717
8590 18446399
8591 18451079
8592 18455579
8593 18459839
8594 18463919
8595 18468503
8596 18472787
8597 18477029
8598 18481391
8599 18485627
8600 18489743
8601 18494299
8602 18498479
8603 18502901
8604 18507187
8605 18511463
8606 18515807
8607 18520111
8608 18524351
8609 18528707
8610 18533023
8611 18537329
8612 18541631
8613 18545941
8614 18550127
8615 18554093
8616 18558607
8617 18563081
8618 18567431
8619 18571789
8620 18575423
8621 18580409
8622 18584719
8623 18589001
8624 18593339
8625 18597193
8626 18601967
8627 18606239
8628 18610399
8629 18614909
8630 18618863
8631 18623329
8632 18627659
8633 18632129
8634 18636439
8635 18640499
8636 18645059
8637 18649441
8638 18652919
8639 18657923
8640 18662383
8641 18666707
8642 18670079
8643 18675359
8644 18678239
8645 18683993
8646 18688303
8647 18692651
8648 18696299
8649 18701297
8650 18705263
8651 18709949
8652 18714211
8653 18718589
8654 18722903
8655 18727199
8656 18731579
8657 18735911
8658 18740231
8659 18744569
8660 18748643
8661 18753223
8662 18756719
8663 18761879
8664 18766159
8665 18770513
8666 18774863
8667 18779221
8668 18783491
8669 18787469
8670 18792199
8671 18796559
8672 18800879
8673 18805229
8674 18809519
8675 18813863
8676 18818207
8677 18822581
8678 18826631
8679 18831247
8680 18835499
8681 18839867
8682 18843919
8683 18848021
8684 18852947
8685 18857303
8686 18860687
8687 18865961
8688 18870331
8689 18874649
8690 18878999
8691 18883349
8692 18887699
8693 18891461
8694 18896399
8695 18900053
8696 18905087
8697 18909431
8698 18913799
8699 18918143
8700 18922483
8701 18926849
8702 18931079
8703 18935531
8704 18939803
8705 18943913
8706 18948383
8707 18952961
8708 18957311
8709 18961559
8710 18965663
8711 18970223
8712 18974731
8713 18978959
8714 18983423
8715 18987803
8716 18991139
8717 18996311
8718 19000591
8719 19005083
8720 19009583
8721 19013959
8722 19018271
8723 19022651
8724 19027039
8725 19031273
8726 19031543
8727 19040101
8728 19044491
8729 19048829
8730 19053103
8731 19057457
8732 19061759
8733 19066321
8734 19070663
8735 19074983
8736 19079023
8737 19083761
8738 19088039
8739 19092523
8740 19096643
8741 19101263
8742 19105199
8743 19110011
8744 19114367
8745 19118753
8746 19123127
8747 19127489
8748 19131859
8749 19136093
8750 19140599
8751 19144997
8752 19149371
8753 19153049
8754 19158079
8755 19162499
8756 19166879
8757 19171151
8758 19175279
8759 19180019
8760 19184383
8761 19188773
8762 19193039
8763 19197511
8764 19201907
8765 19206263
8766 19210687
8767 19215029
8768 19219451
8769 19223833
8770 19227599
8771 19232537
8772 19235059
8773 19241351
8774 19245719
8775 19250083
8776 19254479
8777 19258931
8778 19263271
8779 19267679
8780 19272083
8781 19276489
8782 19280519
8783 19284809
8784 19287899
8785 19294049
8786 19298159
8787 19302799
8788 19307039
8789 19311623
8790 19316023
8791 19320419
8792 19324751
8793 19329209
8794 19332767
8795 19337999
8796 19342387
8797 19346099
8798 19348391
8799 19355593
8800 19359323
8801 19364369
8802 19368751
8803 19373201
8804 19377203
8805 19381963
8806 19386119
8807 19390799
8808 19395071
8809 19399547
8810 19402343
8811 19408429
8812 19409471
8813 19416641
8814 19421527
8815 19426049
8816 19430399
8817 19434871
8818 19439159
8819 19443647
8820 19447699
8821 19452497
8822 19456631
8823 19461331
8824 19465739
8825 19470023
8826 19474127
8827 19478939
8828 19483391
8829 19487807
8830 19492199
8831 19496597
8832 19501039
8833 19505471
8834 19509839
8835 19514293
8836 19518659
8837 19523069
8838 19527199
8839 19531973
8840 19534799
8841 19540817
8842 19544879
8843 19549631
8844 19554079
8845 19558433
8846 19562927
8847 19567351
8848 19571771
8849 19576187
8850 19580599
8851 19585019
8852 19588691
8853 19593901
8854 19598039
8855 19602743
8856 19607179
8857 19611611
8858 19615991
8859 19620457
8860 19624799
8861 19629287
8862 19633591
8863 19638161
8864 19642619
8865 19646999
8866 19651367
8867 19655921
8868 19660339
8869 19664549
8870 19668599
8871 19673617
8872 19678079
8873 19681661
8874 19686967
8875 19691333
8876 19695827
8877 19700209
8878 19704719
8879 19709147
8880 19711663
8881 19718009
8882 19722359
8883 19726901
8884 19731359
8885 19735733
8886 19740239
8887 19744691
8888 19748879
8889 19753579
8890 19757183
8891 19762439
8892 19766911
8893 19771361
8894 19774583
8895 19780073
8896 19784507
8897 19789151
8898 19793519
8899 19798049
8900 19802483
8901 19806937
8902 19811399
8903 19815821
8904 19820299
8905 19824743
8906 19827839
8907 19833641
8908 19838051
8909 19842569
8910 19846903
8911 19851479
8912 19855679
8913 19860391
8914 19864799
8915 19869173
8916 19873727
8917 19878191
8918 19882631
8919 19887097
8920 19890443
8921 19896053
8922 19900471
8923 19904981
8924 19909187
8925 19913899
8926 19918343
8927 19922741
8928 19927279
8929 19931753
8930 19936199
8931 19940659
8932 19945151
8933 19949591
8934 19953919
8935 19958483
8936 19963019
8937 19967491
8938 19971599
8939 19976423
8940 19980643
8941 19985027
8942 19989839
8943 19994309
8944 19998779
8945 20002553
8946 20007719
8947 20012189
8948 20016611
8949 20021147
8950 20025503
8951 20030069
8952 20034251
8953 20038979
8954 20043407
8955 20047949
8956 20052479
8957 20056961
8958 20061439
8959 20065847
8960 20070383
8961 20074669
8962 20079239
8963 20083769
8964 20088259
8965 20092673
8966 20097263
8967 20101771
8968 20105999
8969 20110733
8970 20113999
8971 20119709
8972 20124191
8973 20128681
8974 20132999
8975 20137193
8976 20142079
8977 20146421
8978 20150591
8979 20155607
8980 20158163
8981 20164589
8982 20168639
8983 20172641
8984 20177999
8985 20182483
8986 20187023
8987 20191541
8988 20195971
8989 20200529
8990 20205023
8991 20209477
8992 20213819
8993 20218439
8994 20222887
8995 20227463
8996 20231987
8997 20236499
8998 20240639
8999 20245499
9000 20249963
9001 20254079
9002 20258831
9003 20263459
9004 20267987
9005 20272199
9006 20276719
9007 20281271
9008 20283899
9009 20290519
9010 20294063
9011 20299457
9012 20303551
9013 20308529
9014 20313047
9015 20317373
9016 20322047
9017 20326571
9018 20331079
9019 20335577
9020 20338943
9021 20344607
9022 20348759
9023 20353559
9024 20357999
9025 20362649
9026 20367143
9027 20371669
9028 20376131
9029 20380289
9030 20385223
9031 20389727
9032 20393579
9033 20398699
9034 20402927
9035 20407103
9036 20412319
9037 20416829
9038 20420999
9039 20425879
9040 20430143
9041 20434913
9042 20439439
9043 20443889
9044 20448287
9045 20452699
9046 20455847
9047 20461979
9048 20466319
9049 20471057
9050 20473223
9051 20480137
9052 20484671
9053 20488649
9054 20493719
9055 20498249
9056 20502719
9057 20507281
9058 20511839
9059 20516357
9060 20520883
9061 20525429
9062 20529959
9063 20534489
9064 20538923
9065 20543249
9066 20548079
9067 20552579
9068 20557091
9069 20561689
9070 20565863
9071 20570747
9072 20575259
9073 20579759
9074 20584367
9075 20588863
9076 20593427
9077 20597849
9078 20602511
9079 20607053
9080 20611583
9081 20616139
9082 20620679
9083 20625191
9084 20629747
9085 20634293
9086 20638559
9087 20643379
9088 20647919
9089 20652407
9090 20656799
9091 20661437
9092 20666111
9093 20670631
9094 20674919
9095 20679053
9096 20684267
9097 20688611
9098 20693039
9099 20697877
9100 20702483
9101 20707019
9102 20711599
9103 20716109
9104 20720027
9105 20725249
9106 20728847
9107 20734361
9108 20738239
9109 20743469
9110 20748023
9111 20752559
9112 20757071
9113 20761619
9114 20766127
9115 20770499
9116 20775299
9117 20779919
9118 20783951
9119 20789039
9120 20791999
9121 20798159
9122 20800319
9123 20807251
9124 20811827
9125 20816249
9126 20820967
9127 20821499
9128 20829899
9129 20834657
9130 20838863
9131 20843789
9132 20848291
9133 20852921
9134 20854007
9135 20861999
9136 20866523
9137 20871161
9138 20875759
9139 20880323
9140 20884499
9141 20889467
9142 20893919
9143 20898569
9144 20902507
9145 20907743
9146 20912303
9147 20916871
9148 20918771
9149 20926019
9150 20930183
9151 20935193
9152 20939771
9153 20944309
9154 20948927
9155 20953463
9156 20958079
9157 20962631
9158 20966951
9159 20971807
9160 20976203
9161 20980637
9162 20985551
9163 20990111
9164 20994527
9165 20999263
9166 21003887
9167 21008459
9168 21013019
9169 21017567
9170 21022223
9171 21026779
9172 21031391
9173 21035981
9174 21040559
9175 21045149
9176 21049727
9177 21054329
9178 21054431
9179 21063503
9180 21067843
9181 21072683
9182 21073799
9183 21081859
9184 21085979
9185 21090899
9186 21095423
9187 21099821
9188 21104819
9189 21109409
9190 21113999
9191 21118619
9192 21123211
9193 21127781
9194 21132383
9195 21136963
9196 21141539
9197 21146189
9198 21150719
9199 21155399
9200 21159899
9201 21164593
9202 21169151
9203 21173591
9204 21177379
9205 21182999
9206 21187319
9207 21192211
9208 21196811
9209 21201419
9210 21205999
9211 21210587
9212 21215231
9213 21219839
9214 21224447
9215 21229049
9216 21233647
9217 21238271
9218 21242759
9219 21247487
9220 21251903
9221 21256709
9222 21261239
9223 21265889
9224 21270539
9225 21275099
9226 21279407
9227 21284381
9228 21288991
9229 21293579
9230 21297863
9231 21302837
9232 21306431
9233 21312059
9234 21316663
9235 21321263
9236 21325919
9237 21330469
9238 21334631
9239 21339779
9240 21343723
9241 21349019
9242 21353639
9243 21358241
9244 21361727
9245 21367433
9246 21372103
9247 21376739
9248 21380591
9249 21385999
9250 21390503
9251 21395249
9252 21399839
9253 21404459
9254 21406919
9255 21413753
9256 21418379
9257 21422939
9258 21427639
9259 21432263
9260 21436799
9261 21441523
9262 21446039
9263 21450761
9264 21455279
9265 21459353
9266 21464687
9267 21469321
9268 21473471
9269 21478433
9270 21483103
9271 21487307
9272 21492479
9273 21497131
9274 21501647
9275 21506333
9276 21510943
9277 21515639
9278 21520271
9279 21524953
9280 21529499
9281 21534209
9282 21538871
9283 21543101
9284 21548159
9285 21552799
9286 21557447
9287 21561851
9288 21566719
9289 21571367
9290 21574799
9291 21580613
9292 21585059
9293 21589961
9294 21594527
9295 21599243
9296 21603899
9297 21608551
9298 21613199
9299 21617837
9300 21622099
9301 21627059
9302 21631439
9303 21636409
9304 21641099
9305 21645749
9306 21650399
9307 21655031
9308 21659711
9309 21664339
9310 21659999
9311 21673523
9312 21677311
9313 21682979
9314 21687623
9315 21692263
9316 21696707
9317 21701621
9318 21706199
9319 21710933
9320 21714443
9321 21720247
9322 21724751
9323 21729569
9324 21734099
9325 21738833
9326 21743207
9327 21748201
9328 21752831
9329 21757559
9330 21762199
9331 21766889
9332 21771539
9333 21776221
9334 21780887
9335 21785549
9336 21790159
9337 21794879
9338 21799439
9339 21804227
9340 21808883
9341 21813569
9342 21818119
9343 21822869
9344 21827579
9345 21832253
9346 21836879
9347 21841571
9348 21846271
9349 21850919
9350 21855623
9351 21860243
9352 21864959
9353 21869609
9354 21874327
9355 21878849
9356 21883679
9357 21888331
9358 21892679
9359 21897647
9360 21902299
9361 21907007
9362 21911399
9363 21916439
9364 21921059
9365 21925763
9366 21930463
9367 21935171
9368 21939839
9369 21944537
9370 21949223
9371 21953903
9372 21958591
9373 21963209
9374 21967919
9375 21972649
9376 21977339
9377 21982019
9378 21986711
9379 21991397
9380 21995903
9381 22000787
9382 22005359
9383 22010141
9384 22014859
9385 22019513
9386 22024199
9387 22028921
9388 22033619
9389 22038287
9390 22042903
9391 22047719
9392 22051739
9393 22057099
9394 22061639
9395 22065803
9396 22071187
9397 22075901
9398 22080599
9399 22085279
9400 22089983
9401 22094687
9402 22098031
9403 22103891
9404 22108127
9405 22113503
9406 22118087
9407 22122839
9408 22127579
9409 22131563
9410 22137023
9411 22141699
9412 22145759
9413 22150721
9414 22155839
9415 22160549
9416 22165163
9417 22169969
9418 22174391
9419 22179359
9420 22183423
9421 22188797
9422 22193519
9423 22197991
9424 22202927
9425 22207643
9426 22212343
9427 22217009
9428 22221599
9429 22226507
9430 22231199
9431 22235867
9432 22239979
9433 22245359
9434 22250087
9435 22254733
9436 22259123
9437 22264241
9438 22268959
9439 22273607
9440 22278383
9441 22283047
9442 22286879
9443 22292549
9444 22297087
9445 22301963
9446 22306727
9447 22311431
9448 22315919
9449 22320869
9450 22325623
9451 22330349
9452 22333139
9453 22339799
9454 22344479
9455 22349213
9456 22353659
9457 22358639
9458 22363391
9459 22368163
9460 22372703
9461 22377623
9462 22381831
9463 22387049
9464 22391807
9465 22396513
9466 22400759
9467 22405991
9468 22409971
9469 22415489
9470 22419863
9471 22424957
9472 22427579
9473 22434431
9474 22439119
9475 22443899
9476 22448579
9477 22453381
9478 22457951
9479 22462787
9480 22467563
9481 22472327
9482 22476719
9483 22481801
9484 22486547
9485 22490753
9486 22494959
9487 22500791
9488 22504751
9489 22510259
9490 22514903
9491 22519613
9492 22524511
9493 22529261
9494 22533983
9495 22538749
9496 22543307
9497 22548221
9498 22552991
9499 22557707
9500 22562483
9501 22567247
9502 22570631
9503 22576751
9504 22581499
9505 22584773
9506 22590983
9507 22595719
9508 22599839
9509 22605263
9510 22610023
9511 22614737
9512 22619279
9513 22624291
9514 22628999
9515 22633463
9516 22637663
9517 22643189
9518 22647551
9519 22652797
9520 22657499
9521 22662359
9522 22667111
9523 22671851
9524 22676639
9525 22681363
9526 22685879
9527 22690931
9528 22695551
9529 22700387
9530 22705223
9531 22709969
9532 22714751
9533 22719491
9534 22723999
9535 22729043
9536 22733807
9537 22738501
9538 22743311
9539 22748123
9540 22752799
9541 22757639
9542 22762391
9543 22767211
9544 22771979
9545 22776683
9546 22781519
9547 22786289
9548 22791011
9549 22795849
9550 22800263
9551 22805369
9552 22810171
9553 22814951
9554 22819103
9555 22824499
9556 22828499
9557 22833971
9558 22838831
9559 22843607
9560 22848383
9561 22853179
9562 22857119
9563 22862729
9564 22867487
9565 22872299
9566 22876967
9567 22881851
9568 22886639
9569 22891433
9570 22896199
9571 22901003
9572 22905791
9573 22910579
9574 22914527
9575 22920113
9576 22924927
9577 22929659
9578 22934399
9579 22939219
9580 22943699
9581 22948859
9582 22952719
9583 22958471
9584 22963007
9585 22967899
9586 22972847
9587 22977641
9588 22982111
9589 22987229
9590 22991999
9591 22996807
9592 23001551
9593 23006369
9594 23010679
9595 23015543
9596 23020787
9597 23025601
9598 23029031
9599 23035157
9600 23039963
9601 23044799
9602 23049479
9603 23054399
9604 23058803
9605 23063993
9606 23068783
9607 23073521
9608 23078219
9609 23083087
9610 23087663
9611 23092757
9612 23097631
9613 23102411
9614 23107247
9615 23112053
9616 23116859
9617 23121431
9618 23126479
9619 23131289
9620 23135699
9621 23140903
9622 23145359
9623 23150399
9624 23155147
9625 23160083
9626 23164847
9627 23169599
9628 23174531
9629 23179397
9630 23184103
9631 23189027
9632 23193839
9633 23198641
9634 23203319
9635 23208293
9636 23213087
9637 23217941
9638 23222471
9639 23227159
9640 23231723
9641 23237189
9642 23241991
9643 23246819
9644 23251199
9645 23256043
9646 23261207
9647 23266109
9648 23270831
9649 23275799
9650 23278943
9651 23285429
9652 23290271
9653 23295101
9654 23299919
9655 23304713
9656 23309387
9657 23314339
9658 23319239
9659 23324069
9660 23328863
9661 23333699
9662 23337191
9663 23343379
9664 23348027
9665 23353049
9666 23357839
9667 23362511
9668 23367551
9669 23372389
9670 23376599
9671 23382017
9672 23386879
9673 23391131
9674 23396567
9675 23401363
9676 23404643
9677 23411081
9678 23415911
9679 23420759
9680 23425343
9681 23430409
9682 23434991
9683 23439191
9684 23444767
9685 23448749
9686 23454647
9687 23459479
9688 23463551
9689 23469167
9690 23474023
9691 23478857
9692 23483651
9693 23488561
9694 23493047
9695 23498183
9696 23503087
9697 23507741
9698 23512439
9699 23517643
9700 23522483
9701 23527277
9702 23531359
9703 23537051
9704 23541839
9705 23546749
9706 23551607
9707 23556461
9708 23561299
9709 23566163
9710 23562743
9711 23575879
9712 23580671
9713 23585591
9714 23590439
9715 23595293
9716 23594687
9717 23605009
9718 23609711
9719 23614499
9720 23619199
9721 23624459
9722 23628959
9723 23634151
9724 23639039
9725 23643899
9726 23648767
9727 23653559
9728 23658491
9729 23663359
9730 23665823
9731 23672849
9732 23677919
9733 23682731
9734 23687687
9735 23692549
9736 23696399
9737 23702279
9738 23707039
9739 23712023
9740 23715299
9741 23721757
9742 23726471
9743 23731481
9744 23736367
9745 23741243
9746 23746103
9747 23750959
9748 23755859
9749 23760749
9750 23765543
9751 23770499
9752 23775359
9753 23780249
9754 23785103
9755 23789933
9756 23794307
9757 23799731
9758 23804591
9759 23809517
9760 23814143
9761 23819273
9762 23824111
9763 23829011
9764 23833247
9765 23838799
9766 23843159
9767 23848541
9768 23853259
9769 23858183
9770 23862863
9771 23868067
9772 23872991
9773 23877641
9774 23882543
9775 23887613
9776 23892287
9777 23897389
9778 23902031
9779 23907203
9780 23911903
9781 23916983
9782 23921831
9783 23926729
9784 23931407
9785 23936249
9786 23941447
9787 23946341
9788 23951231
9789 23956109
9790 23960999
9791 23965913
9792 23970671
9793 23975711
9794 23980487
9795 23985373
9796 23990399
9797 23995229
9798 23999839
9799 24005057
9800 24009983
9801 24014869
9802 24019631
9803 24024701
9804 24029587
9805 24034499
9806 24039383
9807 24044299
9808 24049199
9809 24053363
9810 24059023
9811 24063623
9812 24068351
9813 24073559
9814 24078623
9815 24083513
9816 24088459
9817 24093359
9818 24097439
9819 24103159
9820 24108083
9821 24113003
9822 24117391
9823 24122789
9824 24127679
9825 24132643
9826 24137567
9827 24142271
9828 24147379
9829 24152267
9830 24157223
9831 24162137
9832 24166991
9833 24171941
9834 24176599
9835 24181499
9836 24186707
9837 24191641
9838 24196439
9839 24201449
9840 24206383
9841 24211307
9842 24215879
9843 24221161
9844 24226019
9845 24229523
9846 24235847
9847 24240761
9848 24245579
9849 24250693
9850 24254999
9851 24260477
9852 24265411
9853 24270269
9854 24275159
9855 24280253
9856 24285119
9857 24290069
9858 24295031
9859 24299969
9860 24303743
9861 24309809
9862 24314399
9863 24318989
9864 24324523
9865 24329549
9866 24334439
9867 24339391
9868 24344351
9869 24349289
9870 24354223
9871 24359129
9872 24362939
9873 24369011
9874 24373607
9875 24378863
9876 24383839
9877 24388769
9878 24393671
9879 24398659
9880 24403583
9881 24408533
9882 24413471
9883 24418379
9884 24423299
9885 24428293
9886 24432887
9887 24438191
9888 24443131
9889 24447923
9890 24452999
9891 24457969
9892 24461891
9893 24467519
9894 24472687
9895 24477749
9896 24482303
9897 24487651
9898 24492599
9899 24497519
9900 24498899
9901 24507449
9902 24512399
9903 24517351
9904 24522287
9905 24526703
9906 24532199
9907 24537119
9908 24542099
9909 24547027
9910 24551903
9911 24556673
9912 24561919
9913 24566681
9914 24571847
9915 24576803
9916 24581747
9917 24586481
9918 24588199
9919 24596483
9920 24596123
9921 24606559
9922 24611471
9923 24616469
9924 24621439
9925 24626333
9926 24631319
9927 24635519
9928 24640271
9929 24646253
9930 24651223
9931 24656189
9932 24656531
9933 24666011
9934 24671039
9935 24675713
9936 24680959
9937 24685391
9938 24690791
9939 24695929
9940 24699743
9941 24705869
9942 24710831
9943 24715799
9944 24719759
9945 24725749
9946 24730367
9947 24735671
9948 24740099
9949 24745307
9950 24750263
9951 24755597
9952 24760559
9953 24765539
9954 24769999
9955 24775463
9956 24780383
9957 24785419
9958 24790391
9959 24795413
9960 24800383
9961 24805379
9962 24799751
9963 24814961
9964 24820223
9965 24825299
9966 24830063
9967 24835259
9968 24840251
9969 24845209
9970 24849863
9971 24855209
9972 24860191
9973 24864941
9974 24870143
9975 24875153
9976 24878699
9977 24885131
9978 24889951
9979 24895097
9980 24899999
9981 24904879
9982 24910079
9983 24915071
9984 24916699
9985 24925049
9986 24930047
9987 24934951
9988 24939251
9989 24945029
9990 24949943
9991 24954989
9992 24960011
9993 24965011
9994 24969983
9995 24974993
9996 24979939
9997 24983669
9998 24989879
9999 24994979
10000 24999983
